mirror,date,articles
czechia,2024-03-22,2
czechia,2024-03-23,13
czechia,2024-03-24,24
czechia,2024-03-25,23
czechia,2024-03-26,34
czechia,2024-03-27,46
czechia,2024-03-28,43
czechia,2024-03-29,34
czechia,2024-03-30,34
czechia,2024-03-31,29
czechia,2024-04-01,43
czechia,2024-04-02,49
czechia,2024-04-03,56
czechia,2024-04-04,113
czechia,2024-04-05,90
czechia,2024-04-06,108
czechia,2024-04-07,104
czechia,2024-04-08,98
czechia,2024-04-09,123
czechia,2024-04-10,102
czechia,2024-04-11,70
czechia,2024-04-12,91
czechia,2024-04-13,213
czechia,2024-04-14,390
czechia,2024-04-15,229
czechia,2024-04-16,212
czechia,2024-04-17,137
czechia,2024-04-18,107
czechia,2024-04-19,178
czechia,2024-04-20,138
czechia,2024-04-21,114
czechia,2024-04-22,105
czechia,2024-04-23,124
czechia,2024-04-24,100
czechia,2024-04-25,91
czechia,2024-04-26,96
czechia,2024-04-27,93
czechia,2024-04-28,75
czechia,2024-04-29,110
czechia,2024-04-30,115
czechia,2024-05-01,100
czechia,2024-05-02,199
czechia,2024-05-03,403
czechia,2024-05-04,322
czechia,2024-05-05,316
czechia,2024-05-06,388
czechia,2024-05-07,335
czechia,2024-05-08,469
czechia,2024-05-09,448
czechia,2024-05-10,206
czechia,2024-05-11,267
czechia,2024-05-15,168
czechia,2024-05-16,172
czechia,2024-05-17,157
czechia,2024-05-18,133
czechia,2024-05-19,139
czechia,2024-05-20,119
czechia,2024-05-21,144
czechia,2024-05-22,152
czechia,2024-05-23,146
czechia,2024-05-24,125
czechia,2024-05-25,111
czechia,2024-05-26,86
czechia,2024-05-27,99
czechia,2024-05-28,153
czechia,2024-05-29,167
czechia,2024-05-30,154
czechia,2024-05-31,353
czechia,2024-06-01,316
czechia,2024-06-02,173
czechia,2024-06-03,223
czechia,2024-06-04,232
czechia,2024-06-05,237
czechia,2024-06-06,223
czechia,2024-06-07,286
czechia,2024-06-08,176
czechia,2024-06-09,292
czechia,2024-06-10,262
czechia,2024-06-11,169
czechia,2024-06-12,150
czechia,2024-06-13,104
czechia,2024-06-14,148
czechia,2024-06-15,137
czechia,2024-06-16,135
czechia,2024-06-17,134
czechia,2024-06-18,116
czechia,2024-06-19,176
czechia,2024-06-20,159
czechia,2024-06-21,123
czechia,2024-06-22,84
czechia,2024-06-23,87
czechia,2024-06-24,102
czechia,2024-06-25,131
czechia,2024-06-26,125
czechia,2024-06-27,179
czechia,2024-06-28,93
czechia,2024-06-29,83
czechia,2024-06-30,131
czechia,2024-07-01,168
czechia,2024-07-02,92
czechia,2024-07-03,120
czechia,2024-07-04,113
czechia,2024-07-05,115
czechia,2024-07-06,142
czechia,2024-07-07,111
czechia,2024-07-08,111
czechia,2024-07-09,121
czechia,2024-07-10,106
czechia,2024-07-11,99
czechia,2024-07-12,77
czechia,2024-07-13,85
czechia,2024-07-14,72
czechia,2024-07-15,104
czechia,2024-07-16,155
czechia,2024-07-17,71
czechia,2024-07-18,79
czechia,2024-07-19,90
czechia,2024-07-20,82
czechia,2024-07-21,159
czechia,2024-07-22,161
czechia,2024-07-23,165
czechia,2024-07-24,138
czechia,2024-07-25,188
czechia,2024-07-26,143
czechia,2024-07-27,142
czechia,2024-07-28,145
czechia,2024-07-29,165
czechia,2024-07-30,159
czechia,2024-07-31,175
czechia,2024-08-01,188
czechia,2024-08-02,138
czechia,2024-08-03,126
czechia,2024-08-04,153
czechia,2024-08-05,173
czechia,2024-08-06,181
czechia,2024-08-07,179
czechia,2024-08-08,175
czechia,2024-08-09,195
czechia,2024-08-10,322
czechia,2024-08-11,284
czechia,2024-08-12,252
czechia,2024-08-13,173
czechia,2024-08-14,274
czechia,2024-08-15,314
czechia,2024-08-16,278
czechia,2024-08-17,244
czechia,2024-08-18,281
czechia,2024-08-19,338
czechia,2024-08-20,322
czechia,2024-08-21,506
czechia,2024-08-22,369
czechia,2024-08-23,348
czechia,2024-08-24,340
czechia,2024-08-25,414
czechia,2024-08-26,510
czechia,2024-08-27,341
czechia,2024-08-28,270
czechia,2024-08-29,418
czechia,2024-08-30,494
czechia,2024-08-31,349
czechia,2024-09-01,460
czechia,2024-09-02,337
czechia,2024-09-03,317
czechia,2024-09-04,375
czechia,2024-09-05,342
czechia,2024-09-06,247
czechia,2024-09-07,270
czechia,2024-09-08,314
czechia,2024-09-09,302
czechia,2024-09-10,292
czechia,2024-09-11,380
czechia,2024-09-12,363
czechia,2024-09-13,293
czechia,2024-09-14,362
czechia,2024-09-15,319
czechia,2024-09-16,332
czechia,2024-09-17,328
czechia,2024-09-18,354
czechia,2024-09-19,299
czechia,2024-09-20,353
czechia,2024-09-21,290
czechia,2024-09-22,240
czechia,2024-09-23,360
czechia,2024-09-24,341
czechia,2024-09-25,329
czechia,2024-09-26,312
czechia,2024-09-27,347
czechia,2024-09-28,284
czechia,2024-09-29,323
czechia,2024-09-30,264
czechia,2024-10-01,467
czechia,2024-10-02,322
czechia,2024-10-03,279
czechia,2024-10-04,323
czechia,2024-10-05,335
czechia,2024-10-06,276
czechia,2024-10-07,331
czechia,2024-10-08,299
czechia,2024-10-09,267
czechia,2024-10-10,361
czechia,2024-10-11,309
czechia,2024-10-12,188
czechia,2024-10-13,248
czechia,2024-10-14,320
czechia,2024-10-15,333
czechia,2024-10-16,308
czechia,2024-10-17,303
czechia,2024-10-18,288
czechia,2024-10-19,201
czechia,2024-10-20,261
czechia,2024-10-21,411
czechia,2024-10-22,412
czechia,2024-10-23,300
czechia,2024-10-24,295
czechia,2024-10-25,199
czechia,2024-10-26,273
czechia,2024-10-27,298
czechia,2024-10-28,281
czechia,2024-10-29,324
czechia,2024-10-30,319
czechia,2024-10-31,278
czechia,2024-11-01,336
czechia,2024-11-02,263
czechia,2024-11-03,251
czechia,2024-11-04,259
czechia,2024-11-05,293
czechia,2024-11-06,317
czechia,2024-11-07,308
czechia,2024-11-08,281
czechia,2024-11-09,215
czechia,2024-11-10,195
czechia,2024-11-11,267
czechia,2024-11-12,306
czechia,2024-11-13,256
czechia,2024-11-14,272
czechia,2024-11-15,220
czechia,2024-11-16,239
czechia,2024-11-17,227
czechia,2024-11-18,339
czechia,2024-11-19,383
czechia,2024-11-20,361
czechia,2024-11-21,436
czechia,2024-11-22,439
czechia,2024-11-23,346
czechia,2024-11-24,405
czechia,2024-11-25,415
czechia,2024-11-26,402
czechia,2024-11-27,262
czechia,2024-11-28,463
czechia,2024-11-29,308
czechia,2024-11-30,328
czechia,2024-12-01,307
czechia,2024-12-02,384
czechia,2024-12-03,365
czechia,2024-12-04,356
czechia,2024-12-05,359
czechia,2024-12-06,347
czechia,2024-12-07,292
czechia,2024-12-08,334
czechia,2024-12-09,253
czechia,2024-12-10,293
czechia,2024-12-11,305
czechia,2024-12-12,317
czechia,2024-12-13,255
czechia,2024-12-14,214
czechia,2024-12-15,195
czechia,2024-12-16,237
czechia,2024-12-17,294
czechia,2024-12-18,346
czechia,2024-12-19,150
czechia,2024-12-20,332
czechia,2024-12-21,264
czechia,2024-12-22,275
czechia,2024-12-23,260
czechia,2024-12-24,193
czechia,2024-12-25,294
czechia,2024-12-26,354
czechia,2024-12-27,201
czechia,2024-12-28,189
czechia,2024-12-29,222
czechia,2024-12-30,345
czechia,2024-12-31,254
czechia,2025-01-01,230
czechia,2025-01-02,281
czechia,2025-01-03,247
czechia,2025-01-04,311
czechia,2025-01-05,244
czechia,2025-01-06,324
czechia,2025-01-07,269
czechia,2025-01-08,268
czechia,2025-01-09,306
czechia,2025-01-10,259
czechia,2025-01-11,183
czechia,2025-01-12,276
czechia,2025-01-13,301
czechia,2025-01-14,323
czechia,2025-01-15,234
czechia,2025-01-16,262
czechia,2025-01-17,235
czechia,2025-01-18,184
czechia,2025-01-19,278
czechia,2025-01-20,301
czechia,2025-01-21,353
czechia,2025-01-22,199
czechia,2025-01-23,323
czechia,2025-01-24,212
czechia,2025-01-25,190
czechia,2025-01-26,236
czechia,2025-01-27,279
czechia,2025-01-28,220
czechia,2025-01-29,242
czechia,2025-01-30,317
czechia,2025-01-31,328
czechia,2025-02-01,139
czechia,2025-02-02,138
czechia,2025-02-03,313
czechia,2025-02-04,307
czechia,2025-02-05,337
czechia,2025-02-06,279
czechia,2025-02-07,258
czechia,2025-02-08,263
czechia,2025-02-09,257
czechia,2025-02-10,316
czechia,2025-02-11,350
czechia,2025-02-12,371
czechia,2025-02-13,341
czechia,2025-02-14,325
czechia,2025-02-15,327
czechia,2025-02-16,333
czechia,2025-02-17,335
czechia,2025-02-18,376
czechia,2025-02-19,437
czechia,2025-02-20,419
czechia,2025-02-21,392
czechia,2025-02-22,250
czechia,2025-02-23,210
czechia,2025-02-24,303
czechia,2025-02-25,412
czechia,2025-02-26,356
czechia,2025-02-27,334
czechia,2025-02-28,381
czechia,2025-03-01,380
czechia,2025-03-02,306
czechia,2025-03-03,301
czechia,2025-03-04,342
czechia,2025-03-05,392
czechia,2025-03-06,246
czechia,2025-03-07,384
czechia,2025-03-08,276
czechia,2025-03-09,326
czechia,2025-03-10,272
czechia,2025-03-11,348
czechia,2025-03-12,448
czechia,2025-03-13,670
czechia,2025-03-14,667
czechia,2025-03-15,624
czechia,2025-03-16,689
czechia,2025-03-17,686
czechia,2025-03-18,690
czechia,2025-03-19,566
czechia,2025-03-20,657
czechia,2025-03-21,604
czechia,2025-03-22,657
czechia,2025-03-23,571
czechia,2025-03-24,555
czechia,2025-03-25,575
czechia,2025-03-26,675
czechia,2025-03-27,599
czechia,2025-03-28,635
czechia,2025-03-29,575
czechia,2025-03-30,539
czechia,2025-03-31,576
czechia,2025-04-01,702
czechia,2025-04-02,642
czechia,2025-04-03,608
czechia,2025-04-04,659
czechia,2025-04-05,509
czechia,2025-04-06,600
czechia,2025-04-07,647
czechia,2025-04-08,660
czechia,2025-04-09,632
czechia,2025-04-10,632
czechia,2025-04-11,566
czechia,2025-04-12,520
czechia,2025-04-13,527
czechia,2025-04-14,367
czechia,2025-04-15,465
czechia,2025-04-16,354
czechia,2025-04-17,341
czechia,2025-04-18,430
czechia,2025-04-19,469
czechia,2025-04-20,479
czechia,2025-04-21,617
czechia,2025-04-22,600
czechia,2025-04-23,659
czechia,2025-04-24,690
czechia,2025-04-25,647
czechia,2025-04-26,595
czechia,2025-04-27,658
czechia,2025-04-28,702
czechia,2025-04-29,785
czechia,2025-04-30,572
czechia,2025-05-01,605
czechia,2025-05-02,556
czechia,2025-05-03,571
czechia,2025-05-04,630
czechia,2025-05-05,740
czechia,2025-05-06,653
czechia,2025-05-07,670
czechia,2025-05-08,666
czechia,2025-05-09,573
czechia,2025-05-10,554
czechia,2025-05-11,720
czechia,2025-05-12,601
czechia,2025-05-13,247
czechia,2025-05-14,416
czechia,2025-05-15,755
czechia,2025-05-16,717
czechia,2025-05-17,546
czechia,2025-05-18,541
czechia,2025-05-19,649
czechia,2025-05-20,740
czechia,2025-05-21,561
czechia,2025-05-22,467
czechia,2025-05-23,522
czechia,2025-05-24,412
czechia,2025-05-25,532
czechia,2025-05-26,624
czechia,2025-05-27,514
czechia,2025-05-28,550
czechia,2025-05-29,663
czechia,2025-05-30,531
czechia,2025-05-31,236
czechia,2025-06-01,454
czechia,2025-06-02,466
czechia,2025-06-03,475
czechia,2025-06-04,338
czechia,2025-06-05,484
czechia,2025-06-06,593
czechia,2025-06-07,593
czechia,2025-06-08,674
czechia,2025-06-09,605
czechia,2025-06-10,575
czechia,2025-06-11,548
czechia,2025-06-12,373
czechia,2025-06-13,351
czechia,2025-06-14,375
czechia,2025-06-15,343
czechia,2025-06-16,357
czechia,2025-06-17,400
czechia,2025-06-18,389
czechia,2025-06-19,370
czechia,2025-06-20,366
czechia,2025-06-21,285
czechia,2025-06-22,416
czechia,2025-06-23,349
czechia,2025-06-24,356
czechia,2025-06-25,370
czechia,2025-06-26,349
czechia,2025-06-27,346
czechia,2025-06-28,340
czechia,2025-06-29,362
czechia,2025-06-30,354
czechia,2025-07-01,368
czechia,2025-07-02,367
czechia,2025-07-03,360
czechia,2025-07-04,367
czechia,2025-07-05,335
czechia,2025-07-06,358
czechia,2025-07-07,345
czechia,2025-07-08,387
czechia,2025-07-09,381
czechia,2025-07-10,383
czechia,2025-07-11,373
czechia,2025-07-12,320
czechia,2025-07-13,362
czechia,2025-07-14,353
czechia,2025-07-15,352
czechia,2025-07-16,382
czechia,2025-07-17,350
czechia,2025-07-18,364
czechia,2025-07-19,310
czechia,2025-07-20,353
czechia,2025-07-21,344
czechia,2025-07-22,352
czechia,2025-07-23,370
czechia,2025-07-24,383
czechia,2025-07-25,355
czechia,2025-07-26,321
czechia,2025-07-27,352
czechia,2025-07-28,367
czechia,2025-07-29,361
czechia,2025-07-30,361
czechia,2025-07-31,366
czechia,2025-08-01,363
czechia,2025-08-02,359
czechia,2025-08-03,340
czechia,2025-08-04,360
czechia,2025-08-05,360
czechia,2025-08-06,350
czechia,2025-08-07,341
czechia,2025-08-08,340
czechia,2025-08-09,358
czechia,2025-08-10,366
czechia,2025-08-11,365
czechia,2025-08-12,362
czechia,2025-08-13,351
czechia,2025-08-14,351
czechia,2025-08-15,381
czechia,2025-08-16,378
czechia,2025-08-17,343
czechia,2025-08-18,341
czechia,2025-08-19,353
czechia,2025-08-20,373
czechia,2025-08-21,355
czechia,2025-08-22,345
czechia,2025-08-23,303
czechia,2025-08-24,352
czechia,2025-08-25,348
czechia,2025-08-26,360
czechia,2025-08-27,348
czechia,2025-08-28,394
czechia,2025-08-29,349
czechia,2025-08-30,352
czechia,2025-08-31,338
czechia,2025-09-01,385
czechia,2025-09-02,389
czechia,2025-09-03,282
czechia,2025-09-04,352
czechia,2025-09-05,366
czechia,2025-09-06,276
czechia,2025-09-07,333
czechia,2025-09-08,367
czechia,2025-09-09,355
czechia,2025-09-10,376
czechia,2025-09-11,382
czechia,2025-09-12,388
czechia,2025-09-13,340
czechia,2025-09-14,360
czechia,2025-09-15,340
czechia,2025-09-16,361
czechia,2025-09-17,393
czechia,2025-09-18,382
czechia,2025-09-19,368
czechia,2025-09-20,328
czechia,2025-09-21,345
czechia,2025-09-22,387
czechia,2025-09-23,369
czechia,2025-09-24,368
czechia,2025-09-25,370
czechia,2025-09-26,354
czechia,2025-09-27,363
czechia,2025-09-28,371
czechia,2025-09-29,388
czechia,2025-09-30,360
czechia,2025-10-01,388
czechia,2025-10-02,371
czechia,2025-10-03,346
czechia,2025-10-04,342
czechia,2025-10-05,352
czechia,2025-10-06,371
czechia,2025-10-07,351
czechia,2025-10-08,348
czechia,2025-10-09,391
czechia,2025-10-10,406
czechia,2025-10-11,321
czechia,2025-10-12,309
czechia,2025-10-13,374
czechia,2025-10-14,345
czechia,2025-10-15,366
czechia,2025-10-16,357
czechia,2025-10-17,374
czechia,2025-10-18,350
czechia,2025-10-19,352
czechia,2025-10-20,381
czechia,2025-10-21,371
czechia,2025-10-22,362
czechia,2025-10-23,403
czechia,2025-10-24,380
czechia,2025-10-25,309
czechia,2025-10-26,350
czechia,2025-10-27,346
czechia,2025-10-28,361
czechia,2025-10-29,374
czechia,2025-10-30,351
czechia,2025-10-31,324
czechia,2025-11-01,332
czechia,2025-11-02,332
czechia,2025-11-03,370
czechia,2025-11-04,337
czechia,2025-11-05,366
czechia,2025-11-06,357
czechia,2025-11-07,380
czechia,2025-11-08,342
czechia,2025-11-09,164
czechia,2025-11-10,223
czechia,2025-11-11,347
czechia,2025-11-12,369
czechia,2025-11-13,353
czechia,2025-11-14,372
czechia,2025-11-15,325
czechia,2025-11-16,323
czechia,2025-11-17,362
czechia,2025-11-18,334
czechia,2025-11-19,364
czechia,2025-11-20,368
czechia,2025-11-21,347
czechia,2025-11-22,350
czechia,2025-11-23,329
czechia,2025-11-24,377
czechia,2025-11-25,396
czechia,2025-11-26,367
czechia,2025-11-27,354
czechia,2025-11-28,371
czechia,2025-11-29,371
czechia,2025-11-30,358
czechia,2025-12-01,231
czechia,2025-12-02,308
czechia,2025-12-03,376
czechia,2025-12-04,380
czechia,2025-12-05,372
czechia,2025-12-06,338
czechia,2025-12-07,354
czechia,2025-12-08,337
czechia,2025-12-09,338
czechia,2025-12-10,358
czechia,2025-12-11,347
czechia,2025-12-12,373
czechia,2025-12-13,322
czechia,2025-12-14,353
czechia,2025-12-15,339
czechia,2025-12-16,371
czechia,2025-12-17,346
czechia,2025-12-18,363
czechia,2025-12-19,343
czechia,2025-12-20,329
czechia,2025-12-21,289
czechia,2025-12-22,338
czechia,2025-12-23,340
czechia,2025-12-24,303
czechia,2025-12-25,269
czechia,2025-12-26,280
czechia,2025-12-27,333
czechia,2025-12-28,318
czechia,2025-12-29,349
czechia,2025-12-30,343
czechia,2025-12-31,232
czechia,2026-01-01,155
czechia,2026-01-02,313
czechia,2026-01-03,340
czechia,2026-01-04,367
czechia,2026-01-05,366
czechia,2026-01-06,366
czechia,2026-01-07,388
czechia,2026-01-08,400
czechia,2026-01-09,421
czechia,2026-01-10,352
czechia,2026-01-11,329
czechia,2026-01-12,368
czechia,2026-01-13,394
czechia,2026-01-14,350
czechia,2026-01-15,402
czechia,2026-01-16,357
czechia,2026-01-17,351
czechia,2026-01-18,338
czechia,2026-01-19,357
czechia,2026-01-20,357
czechia,2026-01-21,350
czechia,2026-01-22,342
czechia,2026-01-23,356
czechia,2026-01-24,348
czechia,2026-01-25,330
czechia,2026-01-26,347
czechia,2026-01-27,348
czechia,2026-01-28,314
czechia,2026-01-29,371
czechia,2026-01-30,321
czechia,2026-01-31,336
czechia,2026-02-01,330
czechia,2026-02-02,319
czechia,2026-02-03,341
czechia,2026-02-04,323
czechia,2026-02-05,329
czechia,2026-02-06,342
czechia,2026-02-07,304
czechia,2026-02-08,299
czechia,2026-02-09,312
czechia,2026-02-10,314
czechia,2026-02-11,336
czechia,2026-02-12,303
czechia,2026-02-13,319
czechia,2026-02-14,291
czechia,2026-02-15,266
czechia,2026-02-16,300
czechia,2026-02-17,308
czechia,2026-02-18,112
czechia,2026-02-19,134
czechia,2026-02-20,261
czechia,2026-02-21,328
czechia,2026-02-22,353
czechia,2026-02-23,350
czechia,2026-02-24,363
czechia,2026-02-25,370
czechia,2026-02-26,376
czechia,2026-02-27,364
czechia,2026-02-28,311
czechia,2026-03-01,343
czechia,2026-03-02,361
czechia,2026-03-03,397
czechia,2026-03-04,339
czechia,2026-03-05,334
czechia,2026-03-06,369
czechia,2026-03-07,343
czechia,2026-03-08,323
czechia,2026-03-09,358
czechia,2026-03-10,372
czechia,2026-03-11,339
czechia,2026-03-12,345
czechia,2026-03-13,366
czechia,2026-03-14,390
czechia,2026-03-15,284
czechia,2026-03-16,343
czechia,2026-03-17,356
czechia,2026-03-18,313
czechia,2026-03-19,352
czechia,2026-03-20,249
czechia,2026-03-21,362
czechia,2026-03-22,349
czechia,2026-03-23,346
czechia,2026-03-24,367
czechia,2026-03-25,407
czechia,2026-03-26,384
czechia,2026-03-27,394
czechia,2026-03-28,346
czechia,2026-03-29,345
czechia,2026-03-30,371
czechia,2026-03-31,358
czechia,2026-04-01,357
czechia,2026-04-02,369
czechia,2026-04-03,374
czechia,2026-04-04,264
czechia,2026-04-05,319
czechia,2026-04-06,346
czechia,2026-04-07,358
czechia,2026-04-08,360
czechia,2026-04-09,335
czechia,2026-04-10,169
czechia,2026-04-11,330
czechia,2026-04-12,384
czechia,2026-04-13,351
czechia,2026-04-14,340
czechia,2026-04-15,370
czechia,2026-04-16,356
czechia,2026-04-17,334
czechia,2026-04-18,327
czechia,2026-04-19,318
czechia,2026-04-20,305
czechia,2026-04-21,249
czechia,2026-04-22,296
czechia,2026-04-23,322
czechia,2026-04-24,259
czechia,2026-04-25,76
czechia,2026-04-26,217
czechia,2026-04-27,241
czechia,2026-04-28,254
czechia,2026-04-29,246
czechia,2026-04-30,233
czechia,2026-05-01,206
czechia,2026-05-02,236
czechia,2026-05-03,321
czechia,2026-05-04,310
czechia,2026-05-05,203
czechia,2026-05-06,281
czechia,2026-05-07,275
czechia,2026-05-08,240
czechia,2026-05-09,177
czechia,2026-05-10,191
czechia,2026-05-11,263
czechia,2026-05-12,327
czechia,2026-05-13,264
czechia,2026-05-14,352
czechia,2026-05-15,323
czechia,2026-05-16,311
czechia,2026-05-17,294
czechia,2026-05-18,272
czechia,2026-05-19,270
czechia,2026-05-20,284
czechia,2026-05-21,274
czechia,2026-05-22,308
czechia,2026-05-23,261
czechia,2026-05-24,297
czechia,2026-05-25,329
czechia,2026-05-26,311
czechia,2026-05-27,280
czechia,2026-05-28,275
czechia,2026-05-29,301
czechia,2026-05-30,224
czechia,2026-05-31,265
czechia,2026-06-01,348
czechia,2026-06-02,339
czechia,2026-06-03,334
czechia,2026-06-04,303
czechia,2026-06-05,350
czechia,2026-06-06,335
czechia,2026-06-07,325
czechia,2026-06-08,326
czechia,2026-06-09,344
czechia,2026-06-10,325
czechia,2026-06-11,267
czechia,2026-06-12,248
czechia,2026-06-13,257
czechia,2026-06-14,302
czechia,2026-06-15,306
czechia,2026-06-16,292
czechia,2026-06-17,266
czechia,2026-06-18,322
czechia,2026-06-19,322
czechia,2026-06-20,259
czechia,2026-06-21,243
czechia,2026-06-22,271
czechia,2026-06-23,234
czechia,2026-06-24,250
czechia,2026-06-25,268
czechia,2026-06-26,216
czechia,2026-06-27,195
czechia,2026-06-28,147
czechia,2026-06-29,173
czechia,2026-06-30,181
czechia,2026-07-01,177
czechia,2026-07-02,268
czechia,2026-07-03,264
czechia,2026-07-04,194
czechia,2026-07-05,195
czechia,2026-07-06,210
czechia,2026-07-07,248
czechia,2026-07-08,227
czechia,2026-07-09,178
czechia,2026-07-10,231
czechia,2026-07-11,180
czechia,2026-07-12,223
czechia,2026-07-13,270
czechia,2026-07-14,266
czechia,2026-07-15,219
czechia,2026-07-16,214
czechia,2026-07-17,57
czechia,2026-07-18,237
czechia,2026-07-19,305
czechia,2026-07-20,326
czechia,2026-07-21,320
czechia,2026-07-22,361
czechia,2026-07-23,337
czechia,2026-07-24,290
czechia,2026-07-25,312
czechia,2026-07-26,304
czechia,2026-07-27,318
czechia,2026-07-28,294
czechia,2026-07-29,349
czechia,2026-07-30,332
czechia,2026-07-31,298
czechia,2026-08-01,275
czechia,2026-08-02,298
czechia,2026-08-03,298
czechia,2026-08-04,324
czechia,2026-08-05,305
czechia,2026-08-06,292
czechia,2026-08-07,266
czechia,2026-08-08,284
czechia,2026-08-09,309
czechia,2026-08-10,334
czechia,2026-08-11,315
czechia,2026-08-12,301
czechia,2026-08-13,288
deutsch,2023-06-23,60
deutsch,2023-06-24,1110
deutsch,2023-06-25,94
deutsch,2023-06-26,222
deutsch,2023-06-27,154
deutsch,2023-06-28,194
deutsch,2023-06-29,178
deutsch,2023-06-30,177
deutsch,2023-07-01,96
deutsch,2023-07-02,219
deutsch,2023-07-03,970
deutsch,2023-07-04,887
deutsch,2023-07-05,889
deutsch,2023-07-06,867
deutsch,2023-07-07,860
deutsch,2023-07-08,671
deutsch,2023-07-09,679
deutsch,2023-07-10,841
deutsch,2023-07-11,909
deutsch,2023-07-12,780
deutsch,2023-07-13,524
deutsch,2023-07-14,319
deutsch,2023-07-15,110
deutsch,2023-07-16,170
deutsch,2023-07-17,203
deutsch,2023-07-18,218
deutsch,2023-07-19,220
deutsch,2023-07-20,184
deutsch,2023-07-21,241
deutsch,2023-07-22,259
deutsch,2023-07-23,242
deutsch,2023-07-24,262
deutsch,2023-07-25,317
deutsch,2023-07-26,291
deutsch,2023-07-27,222
deutsch,2023-07-28,253
deutsch,2023-07-29,209
deutsch,2023-07-30,203
deutsch,2023-07-31,263
deutsch,2023-08-01,325
deutsch,2023-08-02,352
deutsch,2023-08-03,333
deutsch,2023-08-04,373
deutsch,2023-08-05,329
deutsch,2023-08-06,307
deutsch,2023-08-07,375
deutsch,2023-08-08,337
deutsch,2023-08-09,376
deutsch,2023-08-10,312
deutsch,2023-08-11,337
deutsch,2023-08-12,299
deutsch,2023-08-13,304
deutsch,2023-08-14,358
deutsch,2023-08-15,355
deutsch,2023-08-16,358
deutsch,2023-08-17,369
deutsch,2023-08-18,398
deutsch,2023-08-19,301
deutsch,2023-08-20,290
deutsch,2023-08-21,374
deutsch,2023-08-22,334
deutsch,2023-08-23,327
deutsch,2023-08-24,286
deutsch,2023-08-25,296
deutsch,2023-08-26,233
deutsch,2023-08-27,255
deutsch,2023-08-28,265
deutsch,2023-08-29,262
deutsch,2023-08-30,265
deutsch,2023-08-31,237
deutsch,2023-09-01,252
deutsch,2023-09-02,204
deutsch,2023-09-03,182
deutsch,2023-09-04,291
deutsch,2023-09-05,290
deutsch,2023-09-06,218
deutsch,2023-09-07,225
deutsch,2023-09-08,285
deutsch,2023-09-09,220
deutsch,2023-09-10,212
deutsch,2023-09-11,304
deutsch,2023-09-12,301
deutsch,2023-09-13,269
deutsch,2023-09-14,313
deutsch,2023-09-15,316
deutsch,2023-09-16,222
deutsch,2023-09-17,256
deutsch,2023-09-18,346
deutsch,2023-09-19,317
deutsch,2023-09-20,270
deutsch,2023-09-21,326
deutsch,2023-09-22,302
deutsch,2023-09-23,279
deutsch,2023-09-24,280
deutsch,2023-09-25,323
deutsch,2023-09-26,360
deutsch,2023-09-27,361
deutsch,2023-09-28,329
deutsch,2023-09-29,325
deutsch,2023-09-30,265
deutsch,2023-10-01,274
deutsch,2023-10-02,385
deutsch,2023-10-03,358
deutsch,2023-10-04,345
deutsch,2023-10-05,358
deutsch,2023-10-06,350
deutsch,2023-10-07,272
deutsch,2023-10-08,251
deutsch,2023-10-09,380
deutsch,2023-10-10,350
deutsch,2023-10-11,367
deutsch,2023-10-12,333
deutsch,2023-10-13,340
deutsch,2023-10-14,282
deutsch,2023-10-15,233
deutsch,2023-10-16,379
deutsch,2023-10-17,381
deutsch,2023-10-18,350
deutsch,2023-10-19,323
deutsch,2023-10-20,309
deutsch,2023-10-21,274
deutsch,2023-10-22,268
deutsch,2023-10-23,311
deutsch,2023-10-24,327
deutsch,2023-10-25,323
deutsch,2023-10-26,303
deutsch,2023-10-27,341
deutsch,2023-10-28,263
deutsch,2023-10-29,230
deutsch,2023-10-30,364
deutsch,2023-10-31,301
deutsch,2023-11-01,313
deutsch,2023-11-02,331
deutsch,2023-11-03,272
deutsch,2023-11-04,342
deutsch,2023-11-05,286
deutsch,2023-11-06,296
deutsch,2023-11-07,317
deutsch,2023-11-08,352
deutsch,2023-11-09,306
deutsch,2023-11-10,316
deutsch,2023-11-11,229
deutsch,2023-11-12,256
deutsch,2023-11-13,269
deutsch,2023-11-14,307
deutsch,2023-11-15,263
deutsch,2023-11-16,311
deutsch,2023-11-17,321
deutsch,2023-11-18,202
deutsch,2023-11-19,216
deutsch,2023-11-20,248
deutsch,2023-11-21,290
deutsch,2023-11-22,315
deutsch,2023-11-23,282
deutsch,2023-11-24,238
deutsch,2023-11-25,239
deutsch,2023-11-26,229
deutsch,2023-11-27,237
deutsch,2023-11-28,294
deutsch,2023-11-29,315
deutsch,2023-11-30,300
deutsch,2023-12-01,336
deutsch,2023-12-02,235
deutsch,2023-12-03,241
deutsch,2023-12-04,280
deutsch,2023-12-05,349
deutsch,2023-12-06,346
deutsch,2023-12-07,301
deutsch,2023-12-08,300
deutsch,2023-12-09,245
deutsch,2023-12-10,252
deutsch,2023-12-11,296
deutsch,2023-12-12,267
deutsch,2023-12-13,308
deutsch,2023-12-14,303
deutsch,2023-12-15,315
deutsch,2023-12-16,211
deutsch,2023-12-17,221
deutsch,2023-12-18,268
deutsch,2023-12-19,301
deutsch,2023-12-20,356
deutsch,2023-12-21,349
deutsch,2023-12-22,332
deutsch,2023-12-23,249
deutsch,2023-12-24,210
deutsch,2023-12-25,206
deutsch,2023-12-26,272
deutsch,2023-12-27,283
deutsch,2023-12-28,275
deutsch,2023-12-29,305
deutsch,2023-12-30,218
deutsch,2023-12-31,186
deutsch,2024-01-01,156
deutsch,2024-01-02,227
deutsch,2024-01-03,208
deutsch,2024-01-04,246
deutsch,2024-01-05,227
deutsch,2024-01-06,233
deutsch,2024-01-07,242
deutsch,2024-01-08,68
deutsch,2024-01-09,138
deutsch,2024-01-10,414
deutsch,2024-01-11,365
deutsch,2024-01-12,372
deutsch,2024-01-13,299
deutsch,2024-01-14,374
deutsch,2024-01-15,634
deutsch,2024-01-16,223
deutsch,2024-01-18,389
deutsch,2024-01-19,451
deutsch,2024-01-20,385
deutsch,2024-01-21,302
deutsch,2024-01-22,419
deutsch,2024-01-23,487
deutsch,2024-01-24,289
deutsch,2024-01-25,359
deutsch,2024-01-26,464
deutsch,2024-01-27,480
deutsch,2024-01-28,327
deutsch,2024-01-29,414
deutsch,2024-01-30,477
deutsch,2024-01-31,465
deutsch,2024-02-01,471
deutsch,2024-02-02,468
deutsch,2024-02-03,344
deutsch,2024-02-04,318
deutsch,2024-02-05,399
deutsch,2024-02-06,483
deutsch,2024-02-07,529
deutsch,2024-02-08,501
deutsch,2024-02-09,550
deutsch,2024-02-10,369
deutsch,2024-02-11,317
deutsch,2024-02-12,421
deutsch,2024-02-13,410
deutsch,2024-02-14,466
deutsch,2024-02-15,407
deutsch,2024-02-16,557
deutsch,2024-02-17,598
deutsch,2024-02-18,547
deutsch,2024-02-19,581
deutsch,2024-02-20,554
deutsch,2024-02-21,465
deutsch,2024-02-22,517
deutsch,2024-02-23,406
deutsch,2024-02-24,434
deutsch,2024-02-25,386
deutsch,2024-02-26,480
deutsch,2024-02-27,500
deutsch,2024-02-28,480
deutsch,2024-02-29,476
deutsch,2024-03-01,745
deutsch,2024-03-02,581
deutsch,2024-03-03,541
deutsch,2024-03-04,743
deutsch,2024-03-05,611
deutsch,2024-03-06,350
deutsch,2024-03-07,375
deutsch,2024-03-08,332
deutsch,2024-03-09,359
deutsch,2024-03-10,354
deutsch,2024-03-11,479
deutsch,2024-03-12,511
deutsch,2024-03-13,477
deutsch,2024-03-14,432
deutsch,2024-03-15,443
deutsch,2024-03-16,348
deutsch,2024-03-17,378
deutsch,2024-03-18,470
deutsch,2024-03-19,479
deutsch,2024-03-20,397
deutsch,2024-03-21,434
deutsch,2024-03-22,435
deutsch,2024-03-23,319
deutsch,2024-03-24,320
deutsch,2024-03-25,346
deutsch,2024-03-26,391
deutsch,2024-03-27,467
deutsch,2024-03-28,603
deutsch,2024-03-29,485
deutsch,2024-03-30,344
deutsch,2024-03-31,284
deutsch,2024-04-01,485
deutsch,2024-04-02,500
deutsch,2024-04-03,523
deutsch,2024-04-04,649
deutsch,2024-04-05,654
deutsch,2024-04-06,529
deutsch,2024-04-07,511
deutsch,2024-04-08,692
deutsch,2024-04-09,767
deutsch,2024-04-10,785
deutsch,2024-04-11,945
deutsch,2024-04-12,1154
deutsch,2024-04-13,808
deutsch,2024-04-14,849
deutsch,2024-04-15,808
deutsch,2024-04-16,859
deutsch,2024-04-17,804
deutsch,2024-04-18,967
deutsch,2024-04-19,869
deutsch,2024-04-20,592
deutsch,2024-04-21,738
deutsch,2024-04-22,935
deutsch,2024-04-23,885
deutsch,2024-04-24,814
deutsch,2024-04-25,706
deutsch,2024-04-26,601
deutsch,2024-04-27,536
deutsch,2024-04-28,603
deutsch,2024-04-29,755
deutsch,2024-04-30,737
deutsch,2024-05-01,719
deutsch,2024-05-02,782
deutsch,2024-05-03,982
deutsch,2024-05-04,679
deutsch,2024-05-05,735
deutsch,2024-05-06,1080
deutsch,2024-05-07,923
deutsch,2024-05-08,1066
deutsch,2024-05-09,1151
deutsch,2024-05-10,716
deutsch,2024-05-11,524
deutsch,2024-05-15,423
deutsch,2024-05-16,614
deutsch,2024-05-17,632
deutsch,2024-05-18,619
deutsch,2024-05-19,497
deutsch,2024-05-20,642
deutsch,2024-05-21,767
deutsch,2024-05-22,690
deutsch,2024-05-23,717
deutsch,2024-05-24,757
deutsch,2024-05-25,583
deutsch,2024-05-26,637
deutsch,2024-05-27,735
deutsch,2024-05-28,754
deutsch,2024-05-29,777
deutsch,2024-05-30,715
deutsch,2024-05-31,825
deutsch,2024-06-01,750
deutsch,2024-06-02,777
deutsch,2024-06-03,975
deutsch,2024-06-04,1131
deutsch,2024-06-05,1182
deutsch,2024-06-06,1179
deutsch,2024-06-07,1236
deutsch,2024-06-08,833
deutsch,2024-06-09,813
deutsch,2024-06-10,1120
deutsch,2024-06-11,908
deutsch,2024-06-12,772
deutsch,2024-06-13,744
deutsch,2024-06-14,857
deutsch,2024-06-15,877
deutsch,2024-06-16,1034
deutsch,2024-06-17,1088
deutsch,2024-06-18,817
deutsch,2024-06-19,716
deutsch,2024-06-20,711
deutsch,2024-06-21,761
deutsch,2024-06-22,719
deutsch,2024-06-23,556
deutsch,2024-06-24,639
deutsch,2024-06-25,643
deutsch,2024-06-26,692
deutsch,2024-06-27,666
deutsch,2024-06-28,595
deutsch,2024-06-29,470
deutsch,2024-06-30,554
deutsch,2024-07-01,599
deutsch,2024-07-02,699
deutsch,2024-07-03,712
deutsch,2024-07-04,581
deutsch,2024-07-05,598
deutsch,2024-07-06,562
deutsch,2024-07-07,513
deutsch,2024-07-08,633
deutsch,2024-07-09,663
deutsch,2024-07-10,751
deutsch,2024-07-11,793
deutsch,2024-07-12,687
deutsch,2024-07-13,521
deutsch,2024-07-14,630
deutsch,2024-07-15,648
deutsch,2024-07-16,712
deutsch,2024-07-17,696
deutsch,2024-07-18,659
deutsch,2024-07-19,625
deutsch,2024-07-20,511
deutsch,2024-07-21,504
deutsch,2024-07-22,703
deutsch,2024-07-23,629
deutsch,2024-07-24,656
deutsch,2024-07-25,647
deutsch,2024-07-26,580
deutsch,2024-07-27,473
deutsch,2024-07-28,517
deutsch,2024-07-29,606
deutsch,2024-07-30,645
deutsch,2024-07-31,626
deutsch,2024-08-01,816
deutsch,2024-08-02,630
deutsch,2024-08-03,528
deutsch,2024-08-04,513
deutsch,2024-08-05,582
deutsch,2024-08-06,563
deutsch,2024-08-07,615
deutsch,2024-08-08,699
deutsch,2024-08-09,674
deutsch,2024-08-10,542
deutsch,2024-08-11,501
deutsch,2024-08-12,632
deutsch,2024-08-13,551
deutsch,2024-08-14,628
deutsch,2024-08-15,780
deutsch,2024-08-16,765
deutsch,2024-08-17,574
deutsch,2024-08-18,602
deutsch,2024-08-19,686
deutsch,2024-08-20,660
deutsch,2024-08-21,652
deutsch,2024-08-22,631
deutsch,2024-08-23,712
deutsch,2024-08-24,596
deutsch,2024-08-25,538
deutsch,2024-08-26,609
deutsch,2024-08-27,599
deutsch,2024-08-28,636
deutsch,2024-08-29,659
deutsch,2024-08-30,637
deutsch,2024-08-31,506
deutsch,2024-09-01,649
deutsch,2024-09-02,713
deutsch,2024-09-03,661
deutsch,2024-09-04,613
deutsch,2024-09-05,376
deutsch,2024-09-06,328
deutsch,2024-09-07,395
deutsch,2024-09-08,389
deutsch,2024-09-09,473
deutsch,2024-09-10,463
deutsch,2024-09-11,466
deutsch,2024-09-12,456
deutsch,2024-09-13,465
deutsch,2024-09-14,385
deutsch,2024-09-15,416
deutsch,2024-09-16,423
deutsch,2024-09-17,428
deutsch,2024-09-18,454
deutsch,2024-09-19,443
deutsch,2024-09-20,426
deutsch,2024-09-21,400
deutsch,2024-09-22,384
deutsch,2024-09-23,435
deutsch,2024-09-24,427
deutsch,2024-09-25,407
deutsch,2024-09-26,418
deutsch,2024-09-27,438
deutsch,2024-09-28,377
deutsch,2024-09-29,394
deutsch,2024-09-30,389
deutsch,2024-10-01,500
deutsch,2024-10-02,424
deutsch,2024-10-03,434
deutsch,2024-10-04,406
deutsch,2024-10-05,369
deutsch,2024-10-06,362
deutsch,2024-10-07,435
deutsch,2024-10-08,409
deutsch,2024-10-09,405
deutsch,2024-10-10,405
deutsch,2024-10-11,426
deutsch,2024-10-12,371
deutsch,2024-10-13,365
deutsch,2024-10-14,393
deutsch,2024-10-15,374
deutsch,2024-10-16,375
deutsch,2024-10-17,397
deutsch,2024-10-18,379
deutsch,2024-10-19,343
deutsch,2024-10-20,346
deutsch,2024-10-21,383
deutsch,2024-10-22,434
deutsch,2024-10-23,439
deutsch,2024-10-24,395
deutsch,2024-10-25,251
deutsch,2024-10-26,393
deutsch,2024-10-27,378
deutsch,2024-10-28,432
deutsch,2024-10-29,419
deutsch,2024-10-30,420
deutsch,2024-10-31,395
deutsch,2024-11-01,390
deutsch,2024-11-02,345
deutsch,2024-11-03,343
deutsch,2024-11-04,377
deutsch,2024-11-05,443
deutsch,2024-11-06,471
deutsch,2024-11-07,435
deutsch,2024-11-08,435
deutsch,2024-11-09,464
deutsch,2024-11-10,464
deutsch,2024-11-11,686
deutsch,2024-11-12,693
deutsch,2024-11-13,626
deutsch,2024-11-14,456
deutsch,2024-11-15,786
deutsch,2024-11-16,648
deutsch,2024-11-17,674
deutsch,2024-11-18,815
deutsch,2024-11-19,751
deutsch,2024-11-20,763
deutsch,2024-11-21,698
deutsch,2024-11-22,727
deutsch,2024-11-23,632
deutsch,2024-11-24,532
deutsch,2024-11-25,704
deutsch,2024-11-26,608
deutsch,2024-11-27,344
deutsch,2024-11-28,395
deutsch,2024-11-29,648
deutsch,2024-11-30,551
deutsch,2024-12-01,516
deutsch,2024-12-02,816
deutsch,2024-12-03,742
deutsch,2024-12-04,753
deutsch,2024-12-05,599
deutsch,2024-12-06,611
deutsch,2024-12-07,493
deutsch,2024-12-08,485
deutsch,2024-12-09,639
deutsch,2024-12-10,607
deutsch,2024-12-11,549
deutsch,2024-12-12,608
deutsch,2024-12-13,527
deutsch,2024-12-14,435
deutsch,2024-12-15,515
deutsch,2024-12-16,672
deutsch,2024-12-17,624
deutsch,2024-12-18,618
deutsch,2024-12-19,237
deutsch,2024-12-20,783
deutsch,2024-12-21,755
deutsch,2024-12-22,539
deutsch,2024-12-23,622
deutsch,2024-12-24,582
deutsch,2024-12-25,486
deutsch,2024-12-26,474
deutsch,2024-12-27,424
deutsch,2024-12-28,431
deutsch,2024-12-29,399
deutsch,2024-12-30,465
deutsch,2024-12-31,474
deutsch,2025-01-01,364
deutsch,2025-01-02,426
deutsch,2025-01-03,556
deutsch,2025-01-04,529
deutsch,2025-01-05,544
deutsch,2025-01-06,567
deutsch,2025-01-07,553
deutsch,2025-01-08,529
deutsch,2025-01-09,668
deutsch,2025-01-10,652
deutsch,2025-01-11,511
deutsch,2025-01-12,610
deutsch,2025-01-13,649
deutsch,2025-01-14,689
deutsch,2025-01-15,645
deutsch,2025-01-16,586
deutsch,2025-01-17,599
deutsch,2025-01-18,632
deutsch,2025-01-19,471
deutsch,2025-01-20,526
deutsch,2025-01-21,507
deutsch,2025-01-22,586
deutsch,2025-01-23,603
deutsch,2025-01-24,533
deutsch,2025-01-25,453
deutsch,2025-01-26,538
deutsch,2025-01-27,702
deutsch,2025-01-28,533
deutsch,2025-01-29,575
deutsch,2025-01-30,618
deutsch,2025-01-31,496
deutsch,2025-02-01,326
deutsch,2025-02-02,270
deutsch,2025-02-03,542
deutsch,2025-02-04,697
deutsch,2025-02-05,612
deutsch,2025-02-06,619
deutsch,2025-02-07,549
deutsch,2025-02-08,571
deutsch,2025-02-09,486
deutsch,2025-02-10,647
deutsch,2025-02-11,636
deutsch,2025-02-12,788
deutsch,2025-02-13,925
deutsch,2025-02-14,1337
deutsch,2025-02-15,1061
deutsch,2025-02-16,862
deutsch,2025-02-17,1025
deutsch,2025-02-18,885
deutsch,2025-02-19,715
deutsch,2025-02-20,708
deutsch,2025-02-21,740
deutsch,2025-02-22,629
deutsch,2025-02-23,742
deutsch,2025-02-24,850
deutsch,2025-02-25,715
deutsch,2025-02-26,655
deutsch,2025-02-27,631
deutsch,2025-02-28,684
deutsch,2025-03-01,593
deutsch,2025-03-02,540
deutsch,2025-03-03,679
deutsch,2025-03-04,584
deutsch,2025-03-05,639
deutsch,2025-03-06,630
deutsch,2025-03-07,581
deutsch,2025-03-08,484
deutsch,2025-03-09,549
deutsch,2025-03-10,612
deutsch,2025-03-11,647
deutsch,2025-03-12,698
deutsch,2025-03-13,736
deutsch,2025-03-14,720
deutsch,2025-03-15,695
deutsch,2025-03-16,602
deutsch,2025-03-17,875
deutsch,2025-03-18,847
deutsch,2025-03-19,749
deutsch,2025-03-20,828
deutsch,2025-03-21,822
deutsch,2025-03-22,621
deutsch,2025-03-23,599
deutsch,2025-03-24,822
deutsch,2025-03-25,767
deutsch,2025-03-26,731
deutsch,2025-03-27,847
deutsch,2025-03-28,735
deutsch,2025-03-29,566
deutsch,2025-03-30,674
deutsch,2025-03-31,851
deutsch,2025-04-01,889
deutsch,2025-04-02,782
deutsch,2025-04-03,881
deutsch,2025-04-04,701
deutsch,2025-04-05,702
deutsch,2025-04-06,612
deutsch,2025-04-07,936
deutsch,2025-04-08,817
deutsch,2025-04-09,951
deutsch,2025-04-10,832
deutsch,2025-04-11,888
deutsch,2025-04-12,636
deutsch,2025-04-13,607
deutsch,2025-04-14,929
deutsch,2025-04-15,665
deutsch,2025-04-16,781
deutsch,2025-04-17,710
deutsch,2025-04-18,658
deutsch,2025-04-19,670
deutsch,2025-04-20,597
deutsch,2025-04-21,794
deutsch,2025-04-22,874
deutsch,2025-04-23,1075
deutsch,2025-04-24,938
deutsch,2025-04-25,899
deutsch,2025-04-26,660
deutsch,2025-04-27,635
deutsch,2025-04-28,868
deutsch,2025-04-29,963
deutsch,2025-04-30,808
deutsch,2025-05-01,708
deutsch,2025-05-02,937
deutsch,2025-05-03,768
deutsch,2025-05-04,702
deutsch,2025-05-05,943
deutsch,2025-05-06,1282
deutsch,2025-05-07,1045
deutsch,2025-05-08,1113
deutsch,2025-05-09,1058
deutsch,2025-05-10,1001
deutsch,2025-05-11,807
deutsch,2025-05-12,997
deutsch,2025-05-13,440
deutsch,2025-05-14,622
deutsch,2025-05-15,811
deutsch,2025-05-16,869
deutsch,2025-05-17,650
deutsch,2025-05-18,698
deutsch,2025-05-19,894
deutsch,2025-05-20,831
deutsch,2025-05-21,627
deutsch,2025-05-22,606
deutsch,2025-05-23,677
deutsch,2025-05-24,485
deutsch,2025-05-25,467
deutsch,2025-05-26,751
deutsch,2025-05-27,846
deutsch,2025-05-28,967
deutsch,2025-05-29,729
deutsch,2025-05-30,578
deutsch,2025-05-31,374
deutsch,2025-06-01,462
deutsch,2025-06-02,551
deutsch,2025-06-03,632
deutsch,2025-06-04,532
deutsch,2025-06-05,659
deutsch,2025-06-06,685
deutsch,2025-06-07,480
deutsch,2025-06-08,479
deutsch,2025-06-09,585
deutsch,2025-06-10,757
deutsch,2025-06-11,684
deutsch,2025-06-12,367
deutsch,2025-06-13,401
deutsch,2025-06-14,375
deutsch,2025-06-15,349
deutsch,2025-06-16,386
deutsch,2025-06-17,400
deutsch,2025-06-18,381
deutsch,2025-06-19,350
deutsch,2025-06-20,384
deutsch,2025-06-21,274
deutsch,2025-06-22,428
deutsch,2025-06-23,389
deutsch,2025-06-24,390
deutsch,2025-06-25,382
deutsch,2025-06-26,355
deutsch,2025-06-27,356
deutsch,2025-06-28,351
deutsch,2025-06-29,343
deutsch,2025-06-30,378
deutsch,2025-07-01,364
deutsch,2025-07-02,395
deutsch,2025-07-03,370
deutsch,2025-07-04,382
deutsch,2025-07-05,359
deutsch,2025-07-06,348
deutsch,2025-07-07,370
deutsch,2025-07-08,371
deutsch,2025-07-09,368
deutsch,2025-07-10,380
deutsch,2025-07-11,381
deutsch,2025-07-12,357
deutsch,2025-07-13,368
deutsch,2025-07-14,397
deutsch,2025-07-15,379
deutsch,2025-07-16,383
deutsch,2025-07-17,380
deutsch,2025-07-18,376
deutsch,2025-07-19,361
deutsch,2025-07-20,370
deutsch,2025-07-21,376
deutsch,2025-07-22,376
deutsch,2025-07-23,379
deutsch,2025-07-24,374
deutsch,2025-07-25,380
deutsch,2025-07-26,362
deutsch,2025-07-27,360
deutsch,2025-07-28,373
deutsch,2025-07-29,373
deutsch,2025-07-30,363
deutsch,2025-07-31,352
deutsch,2025-08-01,370
deutsch,2025-08-02,343
deutsch,2025-08-03,343
deutsch,2025-08-04,364
deutsch,2025-08-05,366
deutsch,2025-08-06,384
deutsch,2025-08-07,367
deutsch,2025-08-08,388
deutsch,2025-08-09,351
deutsch,2025-08-10,354
deutsch,2025-08-11,379
deutsch,2025-08-12,375
deutsch,2025-08-13,365
deutsch,2025-08-14,377
deutsch,2025-08-15,402
deutsch,2025-08-16,367
deutsch,2025-08-17,353
deutsch,2025-08-18,390
deutsch,2025-08-19,372
deutsch,2025-08-20,361
deutsch,2025-08-21,375
deutsch,2025-08-22,376
deutsch,2025-08-23,372
deutsch,2025-08-24,357
deutsch,2025-08-25,368
deutsch,2025-08-26,368
deutsch,2025-08-27,380
deutsch,2025-08-28,382
deutsch,2025-08-29,391
deutsch,2025-08-30,376
deutsch,2025-08-31,371
deutsch,2025-09-01,380
deutsch,2025-09-02,389
deutsch,2025-09-03,315
deutsch,2025-09-04,374
deutsch,2025-09-05,328
deutsch,2025-09-06,302
deutsch,2025-09-07,346
deutsch,2025-09-08,357
deutsch,2025-09-09,384
deutsch,2025-09-10,381
deutsch,2025-09-11,370
deutsch,2025-09-12,384
deutsch,2025-09-13,382
deutsch,2025-09-14,352
deutsch,2025-09-15,386
deutsch,2025-09-16,357
deutsch,2025-09-17,363
deutsch,2025-09-18,363
deutsch,2025-09-19,359
deutsch,2025-09-20,379
deutsch,2025-09-21,360
deutsch,2025-09-22,369
deutsch,2025-09-23,382
deutsch,2025-09-24,383
deutsch,2025-09-25,377
deutsch,2025-09-26,376
deutsch,2025-09-27,363
deutsch,2025-09-28,351
deutsch,2025-09-29,376
deutsch,2025-09-30,378
deutsch,2025-10-01,370
deutsch,2025-10-02,360
deutsch,2025-10-03,377
deutsch,2025-10-04,364
deutsch,2025-10-05,363
deutsch,2025-10-06,383
deutsch,2025-10-07,381
deutsch,2025-10-08,390
deutsch,2025-10-09,400
deutsch,2025-10-10,388
deutsch,2025-10-11,344
deutsch,2025-10-12,356
deutsch,2025-10-13,371
deutsch,2025-10-14,377
deutsch,2025-10-15,378
deutsch,2025-10-16,365
deutsch,2025-10-17,371
deutsch,2025-10-18,348
deutsch,2025-10-19,365
deutsch,2025-10-20,370
deutsch,2025-10-21,379
deutsch,2025-10-22,402
deutsch,2025-10-23,391
deutsch,2025-10-24,375
deutsch,2025-10-25,362
deutsch,2025-10-26,359
deutsch,2025-10-27,376
deutsch,2025-10-28,381
deutsch,2025-10-29,355
deutsch,2025-10-30,343
deutsch,2025-10-31,356
deutsch,2025-11-01,361
deutsch,2025-11-02,347
deutsch,2025-11-03,359
deutsch,2025-11-04,369
deutsch,2025-11-05,358
deutsch,2025-11-06,367
deutsch,2025-11-07,370
deutsch,2025-11-08,361
deutsch,2025-11-09,197
deutsch,2025-11-10,282
deutsch,2025-11-11,391
deutsch,2025-11-12,397
deutsch,2025-11-13,369
deutsch,2025-11-14,370
deutsch,2025-11-15,354
deutsch,2025-11-16,354
deutsch,2025-11-17,374
deutsch,2025-11-18,334
deutsch,2025-11-19,385
deutsch,2025-11-20,416
deutsch,2025-11-21,400
deutsch,2025-11-22,412
deutsch,2025-11-23,404
deutsch,2025-11-24,408
deutsch,2025-11-25,397
deutsch,2025-11-26,415
deutsch,2025-11-27,390
deutsch,2025-11-28,404
deutsch,2025-11-29,401
deutsch,2025-11-30,370
deutsch,2025-12-01,220
deutsch,2025-12-02,338
deutsch,2025-12-03,416
deutsch,2025-12-04,412
deutsch,2025-12-05,409
deutsch,2025-12-06,383
deutsch,2025-12-07,404
deutsch,2025-12-08,404
deutsch,2025-12-09,383
deutsch,2025-12-10,387
deutsch,2025-12-11,385
deutsch,2025-12-12,396
deutsch,2025-12-13,376
deutsch,2025-12-14,375
deutsch,2025-12-15,395
deutsch,2025-12-16,404
deutsch,2025-12-17,386
deutsch,2025-12-18,396
deutsch,2025-12-19,371
deutsch,2025-12-20,389
deutsch,2025-12-21,364
deutsch,2025-12-22,368
deutsch,2025-12-23,378
deutsch,2025-12-24,355
deutsch,2025-12-25,363
deutsch,2025-12-26,342
deutsch,2025-12-27,344
deutsch,2025-12-28,356
deutsch,2025-12-29,376
deutsch,2025-12-30,365
deutsch,2025-12-31,308
deutsch,2026-01-01,240
deutsch,2026-01-02,364
deutsch,2026-01-03,376
deutsch,2026-01-04,364
deutsch,2026-01-05,390
deutsch,2026-01-06,370
deutsch,2026-01-07,398
deutsch,2026-01-08,394
deutsch,2026-01-09,410
deutsch,2026-01-10,382
deutsch,2026-01-11,359
deutsch,2026-01-12,381
deutsch,2026-01-13,392
deutsch,2026-01-14,384
deutsch,2026-01-15,377
deutsch,2026-01-16,389
deutsch,2026-01-17,375
deutsch,2026-01-18,382
deutsch,2026-01-19,377
deutsch,2026-01-20,384
deutsch,2026-01-21,406
deutsch,2026-01-22,374
deutsch,2026-01-23,405
deutsch,2026-01-24,359
deutsch,2026-01-25,392
deutsch,2026-01-26,390
deutsch,2026-01-27,380
deutsch,2026-01-28,376
deutsch,2026-01-29,374
deutsch,2026-01-30,347
deutsch,2026-01-31,349
deutsch,2026-02-01,361
deutsch,2026-02-02,386
deutsch,2026-02-03,389
deutsch,2026-02-04,379
deutsch,2026-02-05,368
deutsch,2026-02-06,367
deutsch,2026-02-07,358
deutsch,2026-02-08,362
deutsch,2026-02-09,378
deutsch,2026-02-10,381
deutsch,2026-02-11,353
deutsch,2026-02-12,372
deutsch,2026-02-13,379
deutsch,2026-02-14,366
deutsch,2026-02-15,350
deutsch,2026-02-16,365
deutsch,2026-02-17,325
deutsch,2026-02-18,271
deutsch,2026-02-19,252
deutsch,2026-02-20,332
deutsch,2026-02-21,379
deutsch,2026-02-22,384
deutsch,2026-02-23,397
deutsch,2026-02-24,387
deutsch,2026-02-25,398
deutsch,2026-02-26,377
deutsch,2026-02-27,385
deutsch,2026-02-28,395
deutsch,2026-03-01,422
deutsch,2026-03-02,385
deutsch,2026-03-03,395
deutsch,2026-03-04,378
deutsch,2026-03-05,369
deutsch,2026-03-06,369
deutsch,2026-03-07,367
deutsch,2026-03-08,361
deutsch,2026-03-09,373
deutsch,2026-03-10,363
deutsch,2026-03-11,381
deutsch,2026-03-12,362
deutsch,2026-03-13,380
deutsch,2026-03-14,372
deutsch,2026-03-15,335
deutsch,2026-03-16,366
deutsch,2026-03-17,375
deutsch,2026-03-18,380
deutsch,2026-03-19,372
deutsch,2026-03-20,280
deutsch,2026-03-21,385
deutsch,2026-03-22,352
deutsch,2026-03-23,360
deutsch,2026-03-24,383
deutsch,2026-03-25,385
deutsch,2026-03-26,381
deutsch,2026-03-27,383
deutsch,2026-03-28,365
deutsch,2026-03-29,380
deutsch,2026-03-30,384
deutsch,2026-03-31,390
deutsch,2026-04-01,384
deutsch,2026-04-02,397
deutsch,2026-04-03,381
deutsch,2026-04-04,368
deutsch,2026-04-05,367
deutsch,2026-04-06,389
deutsch,2026-04-07,415
deutsch,2026-04-08,393
deutsch,2026-04-09,373
deutsch,2026-04-10,222
deutsch,2026-04-11,345
deutsch,2026-04-12,383
deutsch,2026-04-13,380
deutsch,2026-04-14,373
deutsch,2026-04-15,382
deutsch,2026-04-16,395
deutsch,2026-04-17,378
deutsch,2026-04-18,367
deutsch,2026-04-19,371
deutsch,2026-04-20,365
deutsch,2026-04-21,353
deutsch,2026-04-22,324
deutsch,2026-04-23,368
deutsch,2026-04-24,359
deutsch,2026-04-25,252
deutsch,2026-04-26,306
deutsch,2026-04-27,303
deutsch,2026-04-28,311
deutsch,2026-04-29,384
deutsch,2026-04-30,375
deutsch,2026-05-01,388
deutsch,2026-05-02,367
deutsch,2026-05-03,380
deutsch,2026-05-04,363
deutsch,2026-05-05,375
deutsch,2026-05-06,382
deutsch,2026-05-07,367
deutsch,2026-05-08,353
deutsch,2026-05-09,347
deutsch,2026-05-10,365
deutsch,2026-05-11,383
deutsch,2026-05-12,409
deutsch,2026-05-13,325
deutsch,2026-05-14,377
deutsch,2026-05-15,371
deutsch,2026-05-16,374
deutsch,2026-05-17,368
deutsch,2026-05-18,384
deutsch,2026-05-19,375
deutsch,2026-05-20,372
deutsch,2026-05-21,369
deutsch,2026-05-22,390
deutsch,2026-05-23,366
deutsch,2026-05-24,371
deutsch,2026-05-25,357
deutsch,2026-05-26,371
deutsch,2026-05-27,375
deutsch,2026-05-28,370
deutsch,2026-05-29,377
deutsch,2026-05-30,366
deutsch,2026-05-31,373
deutsch,2026-06-01,381
deutsch,2026-06-02,381
deutsch,2026-06-03,376
deutsch,2026-06-04,403
deutsch,2026-06-05,383
deutsch,2026-06-06,379
deutsch,2026-06-07,366
deutsch,2026-06-08,373
deutsch,2026-06-09,367
deutsch,2026-06-10,391
deutsch,2026-06-11,364
deutsch,2026-06-12,364
deutsch,2026-06-13,362
deutsch,2026-06-14,399
deutsch,2026-06-15,406
deutsch,2026-06-16,347
deutsch,2026-06-17,368
deutsch,2026-06-18,378
deutsch,2026-06-19,400
deutsch,2026-06-20,381
deutsch,2026-06-21,390
deutsch,2026-06-22,411
deutsch,2026-06-23,385
deutsch,2026-06-24,389
deutsch,2026-06-25,378
deutsch,2026-06-26,372
deutsch,2026-06-27,367
deutsch,2026-06-28,278
deutsch,2026-06-29,401
deutsch,2026-06-30,389
deutsch,2026-07-01,386
deutsch,2026-07-02,398
deutsch,2026-07-03,408
deutsch,2026-07-04,362
deutsch,2026-07-05,340
deutsch,2026-07-06,362
deutsch,2026-07-07,394
deutsch,2026-07-08,343
deutsch,2026-07-09,272
deutsch,2026-07-10,379
deutsch,2026-07-11,403
deutsch,2026-07-12,366
deutsch,2026-07-13,380
deutsch,2026-07-14,371
deutsch,2026-07-15,384
deutsch,2026-07-16,370
deutsch,2026-07-17,348
deutsch,2026-07-18,351
deutsch,2026-07-19,381
deutsch,2026-07-20,367
deutsch,2026-07-21,394
deutsch,2026-07-22,383
deutsch,2026-07-23,378
deutsch,2026-07-24,383
deutsch,2026-07-25,389
deutsch,2026-07-26,375
deutsch,2026-07-27,383
deutsch,2026-07-28,406
deutsch,2026-07-29,376
deutsch,2026-07-30,378
deutsch,2026-07-31,397
deutsch,2026-08-01,375
deutsch,2026-08-02,362
deutsch,2026-08-03,383
deutsch,2026-08-04,392
deutsch,2026-08-05,380
deutsch,2026-08-06,393
deutsch,2026-08-07,380
deutsch,2026-08-08,386
deutsch,2026-08-09,377
deutsch,2026-08-10,384
deutsch,2026-08-11,387
deutsch,2026-08-12,349
deutsch,2026-08-13,316
hungary,2024-03-22,1
hungary,2024-03-23,12
hungary,2024-03-24,25
hungary,2024-03-25,40
hungary,2024-03-26,21
hungary,2024-03-27,39
hungary,2024-03-28,27
hungary,2024-03-29,46
hungary,2024-03-30,11
hungary,2024-03-31,27
hungary,2024-04-01,34
hungary,2024-04-02,76
hungary,2024-04-03,48
hungary,2024-04-04,68
hungary,2024-04-05,62
hungary,2024-04-06,25
hungary,2024-04-07,38
hungary,2024-04-08,46
hungary,2024-04-09,35
hungary,2024-04-10,57
hungary,2024-04-11,48
hungary,2024-04-12,43
hungary,2024-04-13,70
hungary,2024-04-14,254
hungary,2024-04-15,133
hungary,2024-04-16,73
hungary,2024-04-17,70
hungary,2024-04-18,39
hungary,2024-04-19,59
hungary,2024-04-20,23
hungary,2024-04-21,29
hungary,2024-04-22,50
hungary,2024-04-23,54
hungary,2024-04-24,47
hungary,2024-04-25,46
hungary,2024-04-26,39
hungary,2024-04-27,20
hungary,2024-04-28,11
hungary,2024-04-29,44
hungary,2024-04-30,43
hungary,2024-05-01,40
hungary,2024-05-02,55
hungary,2024-05-03,76
hungary,2024-05-04,33
hungary,2024-05-05,35
hungary,2024-05-06,68
hungary,2024-05-07,63
hungary,2024-05-08,75
hungary,2024-05-09,90
hungary,2024-05-10,56
hungary,2024-05-11,30
hungary,2024-05-15,60
hungary,2024-05-16,52
hungary,2024-05-17,75
hungary,2024-05-18,16
hungary,2024-05-19,14
hungary,2024-05-20,58
hungary,2024-05-21,59
hungary,2024-05-22,60
hungary,2024-05-23,69
hungary,2024-05-24,112
hungary,2024-05-25,76
hungary,2024-05-26,38
hungary,2024-05-27,111
hungary,2024-05-28,69
hungary,2024-05-29,87
hungary,2024-05-30,89
hungary,2024-05-31,269
hungary,2024-06-01,248
hungary,2024-06-02,86
hungary,2024-06-03,138
hungary,2024-06-04,168
hungary,2024-06-05,165
hungary,2024-06-06,229
hungary,2024-06-07,202
hungary,2024-06-08,91
hungary,2024-06-09,218
hungary,2024-06-10,218
hungary,2024-06-11,60
hungary,2024-06-12,60
hungary,2024-06-13,84
hungary,2024-06-14,56
hungary,2024-06-15,51
hungary,2024-06-16,38
hungary,2024-06-17,40
hungary,2024-06-18,88
hungary,2024-06-19,46
hungary,2024-06-20,32
hungary,2024-06-21,102
hungary,2024-06-22,36
hungary,2024-06-23,39
hungary,2024-06-24,130
hungary,2024-06-25,68
hungary,2024-06-26,54
hungary,2024-06-27,76
hungary,2024-06-28,43
hungary,2024-06-29,31
hungary,2024-06-30,61
hungary,2024-07-01,71
hungary,2024-07-02,257
hungary,2024-07-03,132
hungary,2024-07-04,78
hungary,2024-07-05,712
hungary,2024-07-06,219
hungary,2024-07-07,117
hungary,2024-07-08,325
hungary,2024-07-09,162
hungary,2024-07-10,150
hungary,2024-07-11,193
hungary,2024-07-12,138
hungary,2024-07-13,51
hungary,2024-07-14,51
hungary,2024-07-15,162
hungary,2024-07-16,193
hungary,2024-07-17,160
hungary,2024-07-18,180
hungary,2024-07-19,106
hungary,2024-07-20,47
hungary,2024-07-21,78
hungary,2024-07-22,140
hungary,2024-07-23,104
hungary,2024-07-24,75
hungary,2024-07-25,87
hungary,2024-07-26,94
hungary,2024-07-27,109
hungary,2024-07-28,53
hungary,2024-07-29,92
hungary,2024-07-30,111
hungary,2024-07-31,82
hungary,2024-08-01,75
hungary,2024-08-02,70
hungary,2024-08-03,53
hungary,2024-08-04,42
hungary,2024-08-05,90
hungary,2024-08-06,49
hungary,2024-08-07,45
hungary,2024-08-08,38
hungary,2024-08-09,47
hungary,2024-08-10,38
hungary,2024-08-11,22
hungary,2024-08-12,31
hungary,2024-08-13,40
hungary,2024-08-14,35
hungary,2024-08-15,30
hungary,2024-08-16,39
hungary,2024-08-17,12
hungary,2024-08-18,26
hungary,2024-08-19,36
hungary,2024-08-20,50
hungary,2024-08-21,51
hungary,2024-08-22,63
hungary,2024-08-23,65
hungary,2024-08-24,68
hungary,2024-08-25,20
hungary,2024-08-26,40
hungary,2024-08-27,42
hungary,2024-08-28,42
hungary,2024-08-29,85
hungary,2024-08-30,92
hungary,2024-08-31,25
hungary,2024-09-01,18
hungary,2024-09-02,53
hungary,2024-09-03,54
hungary,2024-09-04,37
hungary,2024-09-05,33
hungary,2024-09-06,63
hungary,2024-09-07,34
hungary,2024-09-08,24
hungary,2024-09-09,56
hungary,2024-09-10,75
hungary,2024-09-11,47
hungary,2024-09-12,38
hungary,2024-09-13,46
hungary,2024-09-14,34
hungary,2024-09-15,33
hungary,2024-09-16,39
hungary,2024-09-17,50
hungary,2024-09-18,69
hungary,2024-09-19,94
hungary,2024-09-20,78
hungary,2024-09-21,46
hungary,2024-09-22,34
hungary,2024-09-23,40
hungary,2024-09-24,59
hungary,2024-09-25,93
hungary,2024-09-26,88
hungary,2024-09-27,75
hungary,2024-09-28,35
hungary,2024-09-29,18
hungary,2024-09-30,78
hungary,2024-10-01,53
hungary,2024-10-02,50
hungary,2024-10-03,60
hungary,2024-10-04,57
hungary,2024-10-05,22
hungary,2024-10-06,22
hungary,2024-10-07,45
hungary,2024-10-08,90
hungary,2024-10-09,113
hungary,2024-10-10,95
hungary,2024-10-11,74
hungary,2024-10-12,56
hungary,2024-10-13,36
hungary,2024-10-14,68
hungary,2024-10-15,77
hungary,2024-10-16,56
hungary,2024-10-17,87
hungary,2024-10-18,83
hungary,2024-10-19,38
hungary,2024-10-20,29
hungary,2024-10-21,49
hungary,2024-10-22,62
hungary,2024-10-23,71
hungary,2024-10-24,63
hungary,2024-10-25,52
hungary,2024-10-26,47
hungary,2024-10-27,49
hungary,2024-10-28,95
hungary,2024-10-29,129
hungary,2024-10-30,96
hungary,2024-10-31,142
hungary,2024-11-01,69
hungary,2024-11-02,31
hungary,2024-11-03,41
hungary,2024-11-04,52
hungary,2024-11-05,57
hungary,2024-11-06,91
hungary,2024-11-07,163
hungary,2024-11-08,211
hungary,2024-11-09,72
hungary,2024-11-10,55
hungary,2024-11-11,56
hungary,2024-11-12,38
hungary,2024-11-13,43
hungary,2024-11-14,62
hungary,2024-11-15,61
hungary,2024-11-16,27
hungary,2024-11-17,30
hungary,2024-11-18,66
hungary,2024-11-19,55
hungary,2024-11-20,45
hungary,2024-11-21,82
hungary,2024-11-22,96
hungary,2024-11-23,42
hungary,2024-11-24,23
hungary,2024-11-25,45
hungary,2024-11-26,56
hungary,2024-11-27,39
hungary,2024-11-28,50
hungary,2024-11-29,70
hungary,2024-11-30,35
hungary,2024-12-01,19
hungary,2024-12-02,93
hungary,2024-12-03,86
hungary,2024-12-04,72
hungary,2024-12-05,93
hungary,2024-12-06,88
hungary,2024-12-07,52
hungary,2024-12-08,29
hungary,2024-12-09,45
hungary,2024-12-10,103
hungary,2024-12-11,226
hungary,2024-12-12,180
hungary,2024-12-13,109
hungary,2024-12-14,88
hungary,2024-12-15,112
hungary,2024-12-16,200
hungary,2024-12-17,140
hungary,2024-12-18,121
hungary,2024-12-19,51
hungary,2024-12-20,166
hungary,2024-12-21,120
hungary,2024-12-22,84
hungary,2024-12-23,138
hungary,2024-12-24,146
hungary,2024-12-25,47
hungary,2024-12-26,53
hungary,2024-12-27,40
hungary,2024-12-28,27
hungary,2024-12-29,37
hungary,2024-12-30,59
hungary,2024-12-31,37
hungary,2025-01-01,33
hungary,2025-01-02,57
hungary,2025-01-03,55
hungary,2025-01-04,25
hungary,2025-01-05,22
hungary,2025-01-06,46
hungary,2025-01-07,68
hungary,2025-01-08,77
hungary,2025-01-09,63
hungary,2025-01-10,59
hungary,2025-01-11,33
hungary,2025-01-12,41
hungary,2025-01-13,90
hungary,2025-01-14,59
hungary,2025-01-15,58
hungary,2025-01-16,60
hungary,2025-01-17,126
hungary,2025-01-18,64
hungary,2025-01-19,37
hungary,2025-01-20,67
hungary,2025-01-21,66
hungary,2025-01-22,88
hungary,2025-01-23,74
hungary,2025-01-24,91
hungary,2025-01-25,81
hungary,2025-01-26,60
hungary,2025-01-27,143
hungary,2025-01-28,70
hungary,2025-01-29,67
hungary,2025-01-30,85
hungary,2025-01-31,84
hungary,2025-02-01,20
hungary,2025-02-02,15
hungary,2025-02-03,70
hungary,2025-02-04,100
hungary,2025-02-05,51
hungary,2025-02-06,39
hungary,2025-02-07,68
hungary,2025-02-08,46
hungary,2025-02-09,68
hungary,2025-02-10,203
hungary,2025-02-11,189
hungary,2025-02-12,257
hungary,2025-02-13,274
hungary,2025-02-14,191
hungary,2025-02-15,162
hungary,2025-02-16,116
hungary,2025-02-17,216
hungary,2025-02-18,209
hungary,2025-02-19,265
hungary,2025-02-20,247
hungary,2025-02-21,231
hungary,2025-02-22,158
hungary,2025-02-23,124
hungary,2025-02-24,229
hungary,2025-02-25,163
hungary,2025-02-26,152
hungary,2025-02-27,222
hungary,2025-02-28,188
hungary,2025-03-01,226
hungary,2025-03-02,176
hungary,2025-03-03,175
hungary,2025-03-04,238
hungary,2025-03-05,218
hungary,2025-03-06,284
hungary,2025-03-07,255
hungary,2025-03-08,145
hungary,2025-03-09,157
hungary,2025-03-10,197
hungary,2025-03-11,243
hungary,2025-03-12,197
hungary,2025-03-13,187
hungary,2025-03-14,241
hungary,2025-03-15,188
hungary,2025-03-16,203
hungary,2025-03-17,276
hungary,2025-03-18,292
hungary,2025-03-19,285
hungary,2025-03-20,277
hungary,2025-03-21,306
hungary,2025-03-22,246
hungary,2025-03-23,195
hungary,2025-03-24,244
hungary,2025-03-25,248
hungary,2025-03-26,307
hungary,2025-03-27,244
hungary,2025-03-28,240
hungary,2025-03-29,198
hungary,2025-03-30,214
hungary,2025-03-31,234
hungary,2025-04-01,250
hungary,2025-04-02,308
hungary,2025-04-03,386
hungary,2025-04-04,291
hungary,2025-04-05,254
hungary,2025-04-06,208
hungary,2025-04-07,257
hungary,2025-04-08,247
hungary,2025-04-09,271
hungary,2025-04-10,252
hungary,2025-04-11,244
hungary,2025-04-12,183
hungary,2025-04-13,146
hungary,2025-04-14,182
hungary,2025-04-15,200
hungary,2025-04-16,181
hungary,2025-04-17,139
hungary,2025-04-18,153
hungary,2025-04-19,202
hungary,2025-04-20,171
hungary,2025-04-21,199
hungary,2025-04-22,256
hungary,2025-04-23,244
hungary,2025-04-24,218
hungary,2025-04-25,184
hungary,2025-04-26,148
hungary,2025-04-27,212
hungary,2025-04-28,213
hungary,2025-04-29,214
hungary,2025-04-30,230
hungary,2025-05-01,195
hungary,2025-05-02,207
hungary,2025-05-03,226
hungary,2025-05-04,199
hungary,2025-05-05,230
hungary,2025-05-06,324
hungary,2025-05-07,293
hungary,2025-05-08,314
hungary,2025-05-09,240
hungary,2025-05-10,209
hungary,2025-05-11,244
hungary,2025-05-12,207
hungary,2025-05-13,115
hungary,2025-05-14,219
hungary,2025-05-15,343
hungary,2025-05-16,257
hungary,2025-05-17,153
hungary,2025-05-18,262
hungary,2025-05-19,228
hungary,2025-05-20,296
hungary,2025-05-21,225
hungary,2025-05-22,234
hungary,2025-05-23,257
hungary,2025-05-24,179
hungary,2025-05-25,173
hungary,2025-05-26,191
hungary,2025-05-27,227
hungary,2025-05-28,207
hungary,2025-05-29,184
hungary,2025-05-30,180
hungary,2025-05-31,72
hungary,2025-06-01,129
hungary,2025-06-02,173
hungary,2025-06-03,213
hungary,2025-06-04,147
hungary,2025-06-05,190
hungary,2025-06-06,172
hungary,2025-06-07,149
hungary,2025-06-08,165
hungary,2025-06-09,200
hungary,2025-06-10,262
hungary,2025-06-11,253
hungary,2025-06-12,190
hungary,2025-06-13,258
hungary,2025-06-14,249
hungary,2025-06-15,261
hungary,2025-06-16,301
hungary,2025-06-17,305
hungary,2025-06-18,270
hungary,2025-06-19,244
hungary,2025-06-20,200
hungary,2025-06-21,171
hungary,2025-06-22,289
hungary,2025-06-23,266
hungary,2025-06-24,301
hungary,2025-06-25,253
hungary,2025-06-26,267
hungary,2025-06-27,250
hungary,2025-06-28,218
hungary,2025-06-29,231
hungary,2025-06-30,249
hungary,2025-07-01,243
hungary,2025-07-02,243
hungary,2025-07-03,271
hungary,2025-07-04,250
hungary,2025-07-05,180
hungary,2025-07-06,225
hungary,2025-07-07,235
hungary,2025-07-08,227
hungary,2025-07-09,267
hungary,2025-07-10,270
hungary,2025-07-11,243
hungary,2025-07-12,220
hungary,2025-07-13,226
hungary,2025-07-14,230
hungary,2025-07-15,275
hungary,2025-07-16,286
hungary,2025-07-17,274
hungary,2025-07-18,273
hungary,2025-07-19,261
hungary,2025-07-20,213
hungary,2025-07-21,264
hungary,2025-07-22,218
hungary,2025-07-23,224
hungary,2025-07-24,262
hungary,2025-07-25,208
hungary,2025-07-26,219
hungary,2025-07-27,199
hungary,2025-07-28,254
hungary,2025-07-29,243
hungary,2025-07-30,273
hungary,2025-07-31,241
hungary,2025-08-01,224
hungary,2025-08-02,237
hungary,2025-08-03,200
hungary,2025-08-04,231
hungary,2025-08-05,197
hungary,2025-08-06,228
hungary,2025-08-07,225
hungary,2025-08-08,234
hungary,2025-08-09,184
hungary,2025-08-10,191
hungary,2025-08-11,211
hungary,2025-08-12,251
hungary,2025-08-13,273
hungary,2025-08-14,265
hungary,2025-08-15,243
hungary,2025-08-16,256
hungary,2025-08-17,191
hungary,2025-08-18,286
hungary,2025-08-19,268
hungary,2025-08-20,246
hungary,2025-08-21,273
hungary,2025-08-22,297
hungary,2025-08-23,216
hungary,2025-08-24,256
hungary,2025-08-25,291
hungary,2025-08-26,289
hungary,2025-08-27,245
hungary,2025-08-28,314
hungary,2025-08-29,276
hungary,2025-08-30,260
hungary,2025-08-31,197
hungary,2025-09-01,249
hungary,2025-09-02,244
hungary,2025-09-03,254
hungary,2025-09-04,265
hungary,2025-09-05,235
hungary,2025-09-06,193
hungary,2025-09-07,243
hungary,2025-09-08,289
hungary,2025-09-09,261
hungary,2025-09-10,296
hungary,2025-09-11,271
hungary,2025-09-12,255
hungary,2025-09-13,244
hungary,2025-09-14,256
hungary,2025-09-15,275
hungary,2025-09-16,278
hungary,2025-09-17,260
hungary,2025-09-18,241
hungary,2025-09-19,224
hungary,2025-09-20,213
hungary,2025-09-21,219
hungary,2025-09-22,267
hungary,2025-09-23,256
hungary,2025-09-24,272
hungary,2025-09-25,252
hungary,2025-09-26,269
hungary,2025-09-27,237
hungary,2025-09-28,239
hungary,2025-09-29,252
hungary,2025-09-30,294
hungary,2025-10-01,290
hungary,2025-10-02,255
hungary,2025-10-03,247
hungary,2025-10-04,226
hungary,2025-10-05,265
hungary,2025-10-06,277
hungary,2025-10-07,251
hungary,2025-10-08,234
hungary,2025-10-09,296
hungary,2025-10-10,251
hungary,2025-10-11,230
hungary,2025-10-12,204
hungary,2025-10-13,252
hungary,2025-10-14,234
hungary,2025-10-15,281
hungary,2025-10-16,276
hungary,2025-10-17,326
hungary,2025-10-18,265
hungary,2025-10-19,263
hungary,2025-10-20,311
hungary,2025-10-21,331
hungary,2025-10-22,321
hungary,2025-10-23,323
hungary,2025-10-24,271
hungary,2025-10-25,234
hungary,2025-10-26,251
hungary,2025-10-27,245
hungary,2025-10-28,259
hungary,2025-10-29,232
hungary,2025-10-30,227
hungary,2025-10-31,277
hungary,2025-11-01,241
hungary,2025-11-02,205
hungary,2025-11-03,269
hungary,2025-11-04,282
hungary,2025-11-05,259
hungary,2025-11-06,290
hungary,2025-11-07,256
hungary,2025-11-08,251
hungary,2025-11-09,89
hungary,2025-11-10,105
hungary,2025-11-11,245
hungary,2025-11-12,234
hungary,2025-11-13,313
hungary,2025-11-14,240
hungary,2025-11-15,243
hungary,2025-11-16,237
hungary,2025-11-17,260
hungary,2025-11-18,241
hungary,2025-11-19,282
hungary,2025-11-20,261
hungary,2025-11-21,236
hungary,2025-11-22,197
hungary,2025-11-23,216
hungary,2025-11-24,236
hungary,2025-11-25,230
hungary,2025-11-26,246
hungary,2025-11-27,243
hungary,2025-11-28,314
hungary,2025-11-29,225
hungary,2025-11-30,232
hungary,2025-12-01,130
hungary,2025-12-02,166
hungary,2025-12-03,262
hungary,2025-12-04,244
hungary,2025-12-05,259
hungary,2025-12-06,235
hungary,2025-12-07,254
hungary,2025-12-08,201
hungary,2025-12-09,217
hungary,2025-12-10,243
hungary,2025-12-11,217
hungary,2025-12-12,231
hungary,2025-12-13,180
hungary,2025-12-14,192
hungary,2025-12-15,267
hungary,2025-12-16,237
hungary,2025-12-17,255
hungary,2025-12-18,249
hungary,2025-12-19,239
hungary,2025-12-20,232
hungary,2025-12-21,192
hungary,2025-12-22,241
hungary,2025-12-23,217
hungary,2025-12-24,175
hungary,2025-12-25,178
hungary,2025-12-26,206
hungary,2025-12-27,222
hungary,2025-12-28,235
hungary,2025-12-29,233
hungary,2025-12-30,238
hungary,2025-12-31,160
hungary,2026-01-01,112
hungary,2026-01-02,213
hungary,2026-01-03,214
hungary,2026-01-04,214
hungary,2026-01-05,202
hungary,2026-01-06,211
hungary,2026-01-07,281
hungary,2026-01-08,274
hungary,2026-01-09,228
hungary,2026-01-10,248
hungary,2026-01-11,215
hungary,2026-01-12,229
hungary,2026-01-13,232
hungary,2026-01-14,248
hungary,2026-01-15,214
hungary,2026-01-16,237
hungary,2026-01-17,215
hungary,2026-01-18,238
hungary,2026-01-19,265
hungary,2026-01-20,288
hungary,2026-01-21,283
hungary,2026-01-22,276
hungary,2026-01-23,270
hungary,2026-01-24,231
hungary,2026-01-25,219
hungary,2026-01-26,265
hungary,2026-01-27,244
hungary,2026-01-28,264
hungary,2026-01-29,247
hungary,2026-01-30,198
hungary,2026-01-31,195
hungary,2026-02-01,195
hungary,2026-02-02,223
hungary,2026-02-03,267
hungary,2026-02-04,236
hungary,2026-02-05,250
hungary,2026-02-06,228
hungary,2026-02-07,197
hungary,2026-02-08,187
hungary,2026-02-09,255
hungary,2026-02-10,260
hungary,2026-02-11,194
hungary,2026-02-12,170
hungary,2026-02-13,195
hungary,2026-02-14,177
hungary,2026-02-15,138
hungary,2026-02-16,201
hungary,2026-02-17,206
hungary,2026-02-18,69
hungary,2026-02-19,53
hungary,2026-02-20,192
hungary,2026-02-21,263
hungary,2026-02-22,289
hungary,2026-02-23,254
hungary,2026-02-24,285
hungary,2026-02-25,296
hungary,2026-02-26,281
hungary,2026-02-27,255
hungary,2026-02-28,273
hungary,2026-03-01,262
hungary,2026-03-02,304
hungary,2026-03-03,312
hungary,2026-03-04,302
hungary,2026-03-05,325
hungary,2026-03-06,343
hungary,2026-03-07,211
hungary,2026-03-08,227
hungary,2026-03-09,272
hungary,2026-03-10,295
hungary,2026-03-11,281
hungary,2026-03-12,279
hungary,2026-03-13,258
hungary,2026-03-14,298
hungary,2026-03-15,232
hungary,2026-03-16,261
hungary,2026-03-17,267
hungary,2026-03-18,249
hungary,2026-03-19,290
hungary,2026-03-20,203
hungary,2026-03-21,260
hungary,2026-03-22,244
hungary,2026-03-23,271
hungary,2026-03-24,302
hungary,2026-03-25,300
hungary,2026-03-26,278
hungary,2026-03-27,260
hungary,2026-03-28,192
hungary,2026-03-29,231
hungary,2026-03-30,276
hungary,2026-03-31,274
hungary,2026-04-01,272
hungary,2026-04-02,304
hungary,2026-04-03,264
hungary,2026-04-04,226
hungary,2026-04-05,263
hungary,2026-04-06,234
hungary,2026-04-07,281
hungary,2026-04-08,276
hungary,2026-04-09,220
hungary,2026-04-10,74
hungary,2026-04-11,170
hungary,2026-04-12,297
hungary,2026-04-13,356
hungary,2026-04-14,273
hungary,2026-04-15,236
hungary,2026-04-16,213
hungary,2026-04-17,223
hungary,2026-04-18,163
hungary,2026-04-19,206
hungary,2026-04-20,256
hungary,2026-04-21,158
hungary,2026-04-22,223
hungary,2026-04-23,229
hungary,2026-04-24,140
hungary,2026-04-25,28
hungary,2026-04-26,140
hungary,2026-04-27,80
hungary,2026-04-28,62
hungary,2026-04-29,78
hungary,2026-04-30,82
hungary,2026-05-01,78
hungary,2026-05-02,69
hungary,2026-05-03,69
hungary,2026-05-04,86
hungary,2026-05-05,68
hungary,2026-05-06,100
hungary,2026-05-07,90
hungary,2026-05-08,72
hungary,2026-05-09,98
hungary,2026-05-10,60
hungary,2026-05-11,113
hungary,2026-05-12,103
hungary,2026-05-13,98
hungary,2026-05-14,99
hungary,2026-05-15,84
hungary,2026-05-16,74
hungary,2026-05-17,73
hungary,2026-05-18,85
hungary,2026-05-19,72
hungary,2026-05-20,82
hungary,2026-05-21,90
hungary,2026-05-22,125
hungary,2026-05-23,85
hungary,2026-05-24,76
hungary,2026-05-25,119
hungary,2026-05-26,68
hungary,2026-05-27,104
hungary,2026-05-28,92
hungary,2026-05-29,103
hungary,2026-05-30,74
hungary,2026-05-31,63
hungary,2026-06-01,91
hungary,2026-06-02,108
hungary,2026-06-03,119
hungary,2026-06-04,120
hungary,2026-06-05,110
hungary,2026-06-06,70
hungary,2026-06-07,83
hungary,2026-06-08,95
hungary,2026-06-09,96
hungary,2026-06-10,95
hungary,2026-06-11,69
hungary,2026-06-12,84
hungary,2026-06-13,82
hungary,2026-06-14,86
hungary,2026-06-15,115
hungary,2026-06-16,83
hungary,2026-06-17,87
hungary,2026-06-18,108
hungary,2026-06-19,120
hungary,2026-06-20,97
hungary,2026-06-21,68
hungary,2026-06-22,98
hungary,2026-06-23,93
hungary,2026-06-24,104
hungary,2026-06-25,89
hungary,2026-06-26,72
hungary,2026-06-27,66
hungary,2026-06-28,66
hungary,2026-06-29,88
hungary,2026-06-30,63
hungary,2026-07-01,77
hungary,2026-07-02,93
hungary,2026-07-03,91
hungary,2026-07-04,79
hungary,2026-07-05,62
hungary,2026-07-06,77
hungary,2026-07-07,81
hungary,2026-07-08,84
hungary,2026-07-09,65
hungary,2026-07-10,70
hungary,2026-07-11,63
hungary,2026-07-12,57
hungary,2026-07-13,88
hungary,2026-07-14,103
hungary,2026-07-15,103
hungary,2026-07-16,75
hungary,2026-07-17,143
hungary,2026-07-18,177
hungary,2026-07-19,186
hungary,2026-07-20,228
hungary,2026-07-21,205
hungary,2026-07-22,225
hungary,2026-07-23,226
hungary,2026-07-24,200
hungary,2026-07-25,189
hungary,2026-07-26,196
hungary,2026-07-27,218
hungary,2026-07-28,232
hungary,2026-07-29,261
hungary,2026-07-30,248
hungary,2026-07-31,198
hungary,2026-08-01,245
hungary,2026-08-02,238
hungary,2026-08-03,233
hungary,2026-08-04,187
hungary,2026-08-05,182
hungary,2026-08-06,179
hungary,2026-08-07,155
hungary,2026-08-08,174
hungary,2026-08-09,241
hungary,2026-08-10,198
hungary,2026-08-11,199
hungary,2026-08-12,185
hungary,2026-08-13,128
moldova,2024-03-22,3
moldova,2024-03-23,21
moldova,2024-03-24,38
moldova,2024-03-25,88
moldova,2024-03-26,98
moldova,2024-03-27,132
moldova,2024-03-28,130
moldova,2024-03-29,224
moldova,2024-03-30,70
moldova,2024-03-31,60
moldova,2024-04-01,100
moldova,2024-04-02,106
moldova,2024-04-03,97
moldova,2024-04-04,134
moldova,2024-04-05,442
moldova,2024-04-06,252
moldova,2024-04-07,222
moldova,2024-04-08,332
moldova,2024-04-09,439
moldova,2024-04-10,589
moldova,2024-04-11,383
moldova,2024-04-12,396
moldova,2024-04-13,253
moldova,2024-04-14,431
moldova,2024-04-15,313
moldova,2024-04-16,367
moldova,2024-04-17,394
moldova,2024-04-18,339
moldova,2024-04-19,358
moldova,2024-04-20,227
moldova,2024-04-21,438
moldova,2024-04-22,507
moldova,2024-04-23,509
moldova,2024-04-24,449
moldova,2024-04-25,338
moldova,2024-04-26,314
moldova,2024-04-27,223
moldova,2024-04-28,212
moldova,2024-04-29,401
moldova,2024-04-30,407
moldova,2024-05-01,271
moldova,2024-05-02,395
moldova,2024-05-03,344
moldova,2024-05-04,248
moldova,2024-05-05,250
moldova,2024-05-06,295
moldova,2024-05-07,385
moldova,2024-05-08,400
moldova,2024-05-09,620
moldova,2024-05-10,301
moldova,2024-05-11,212
moldova,2024-05-15,216
moldova,2024-05-16,487
moldova,2024-05-17,383
moldova,2024-05-18,285
moldova,2024-05-19,243
moldova,2024-05-20,369
moldova,2024-05-21,460
moldova,2024-05-22,455
moldova,2024-05-23,430
moldova,2024-05-24,423
moldova,2024-05-25,291
moldova,2024-05-26,234
moldova,2024-05-27,405
moldova,2024-05-28,442
moldova,2024-05-29,627
moldova,2024-05-30,462
moldova,2024-05-31,318
moldova,2024-06-01,275
moldova,2024-06-02,229
moldova,2024-06-03,410
moldova,2024-06-04,315
moldova,2024-06-05,428
moldova,2024-06-06,454
moldova,2024-06-07,445
moldova,2024-06-08,255
moldova,2024-06-09,387
moldova,2024-06-10,363
moldova,2024-06-11,424
moldova,2024-06-12,424
moldova,2024-06-13,402
moldova,2024-06-14,573
moldova,2024-06-15,255
moldova,2024-06-16,274
moldova,2024-06-17,401
moldova,2024-06-18,408
moldova,2024-06-19,427
moldova,2024-06-20,351
moldova,2024-06-21,433
moldova,2024-06-22,234
moldova,2024-06-23,242
moldova,2024-06-24,351
moldova,2024-06-25,402
moldova,2024-06-26,402
moldova,2024-06-27,361
moldova,2024-06-28,377
moldova,2024-06-29,204
moldova,2024-06-30,197
moldova,2024-07-01,347
moldova,2024-07-02,342
moldova,2024-07-03,374
moldova,2024-07-04,392
moldova,2024-07-05,358
moldova,2024-07-06,213
moldova,2024-07-07,189
moldova,2024-07-08,397
moldova,2024-07-09,341
moldova,2024-07-10,425
moldova,2024-07-11,412
moldova,2024-07-12,320
moldova,2024-07-13,186
moldova,2024-07-14,276
moldova,2024-07-15,376
moldova,2024-07-16,349
moldova,2024-07-17,341
moldova,2024-07-18,394
moldova,2024-07-19,355
moldova,2024-07-20,228
moldova,2024-07-21,220
moldova,2024-07-22,310
moldova,2024-07-23,350
moldova,2024-07-24,362
moldova,2024-07-25,349
moldova,2024-07-26,320
moldova,2024-07-27,262
moldova,2024-07-28,261
moldova,2024-07-29,390
moldova,2024-07-30,359
moldova,2024-07-31,383
moldova,2024-08-01,383
moldova,2024-08-02,363
moldova,2024-08-03,233
moldova,2024-08-04,268
moldova,2024-08-05,356
moldova,2024-08-06,359
moldova,2024-08-07,338
moldova,2024-08-08,319
moldova,2024-08-09,352
moldova,2024-08-10,227
moldova,2024-08-11,226
moldova,2024-08-12,331
moldova,2024-08-13,338
moldova,2024-08-14,311
moldova,2024-08-15,414
moldova,2024-08-16,442
moldova,2024-08-17,262
moldova,2024-08-18,287
moldova,2024-08-19,370
moldova,2024-08-20,401
moldova,2024-08-21,426
moldova,2024-08-22,439
moldova,2024-08-23,369
moldova,2024-08-24,345
moldova,2024-08-25,259
moldova,2024-08-26,407
moldova,2024-08-27,401
moldova,2024-08-28,400
moldova,2024-08-29,459
moldova,2024-08-30,411
moldova,2024-08-31,299
moldova,2024-09-01,254
moldova,2024-09-02,442
moldova,2024-09-03,404
moldova,2024-09-04,438
moldova,2024-09-05,342
moldova,2024-09-06,278
moldova,2024-09-07,304
moldova,2024-09-08,256
moldova,2024-09-09,370
moldova,2024-09-10,448
moldova,2024-09-11,432
moldova,2024-09-12,423
moldova,2024-09-13,409
moldova,2024-09-14,376
moldova,2024-09-15,291
moldova,2024-09-16,399
moldova,2024-09-17,405
moldova,2024-09-18,428
moldova,2024-09-19,457
moldova,2024-09-20,418
moldova,2024-09-21,239
moldova,2024-09-22,266
moldova,2024-09-23,411
moldova,2024-09-24,361
moldova,2024-09-25,362
moldova,2024-09-26,364
moldova,2024-09-27,421
moldova,2024-09-28,317
moldova,2024-09-29,302
moldova,2024-09-30,372
moldova,2024-10-01,422
moldova,2024-10-02,361
moldova,2024-10-03,389
moldova,2024-10-04,393
moldova,2024-10-05,263
moldova,2024-10-06,247
moldova,2024-10-07,404
moldova,2024-10-08,408
moldova,2024-10-09,444
moldova,2024-10-10,486
moldova,2024-10-11,426
moldova,2024-10-12,288
moldova,2024-10-13,276
moldova,2024-10-14,363
moldova,2024-10-15,439
moldova,2024-10-16,434
moldova,2024-10-17,429
moldova,2024-10-18,421
moldova,2024-10-19,244
moldova,2024-10-20,992
moldova,2024-10-21,1089
moldova,2024-10-22,482
moldova,2024-10-23,521
moldova,2024-10-24,436
moldova,2024-10-25,318
moldova,2024-10-26,304
moldova,2024-10-27,403
moldova,2024-10-28,437
moldova,2024-10-29,385
moldova,2024-10-30,405
moldova,2024-10-31,482
moldova,2024-11-01,430
moldova,2024-11-02,273
moldova,2024-11-03,1361
moldova,2024-11-04,718
moldova,2024-11-05,411
moldova,2024-11-06,444
moldova,2024-11-07,342
moldova,2024-11-08,389
moldova,2024-11-09,256
moldova,2024-11-10,234
moldova,2024-11-11,486
moldova,2024-11-12,384
moldova,2024-11-13,370
moldova,2024-11-14,292
moldova,2024-11-15,372
moldova,2024-11-16,224
moldova,2024-11-17,243
moldova,2024-11-18,388
moldova,2024-11-19,377
moldova,2024-11-20,372
moldova,2024-11-21,411
moldova,2024-11-22,379
moldova,2024-11-23,253
moldova,2024-11-24,259
moldova,2024-11-25,389
moldova,2024-11-26,392
moldova,2024-11-27,387
moldova,2024-11-28,405
moldova,2024-11-29,383
moldova,2024-11-30,246
moldova,2024-12-01,244
moldova,2024-12-02,369
moldova,2024-12-03,350
moldova,2024-12-04,413
moldova,2024-12-05,443
moldova,2024-12-06,373
moldova,2024-12-07,239
moldova,2024-12-08,242
moldova,2024-12-09,352
moldova,2024-12-10,405
moldova,2024-12-11,399
moldova,2024-12-12,408
moldova,2024-12-13,400
moldova,2024-12-14,255
moldova,2024-12-15,216
moldova,2024-12-16,372
moldova,2024-12-17,402
moldova,2024-12-18,417
moldova,2024-12-19,226
moldova,2024-12-20,352
moldova,2024-12-21,257
moldova,2024-12-22,227
moldova,2024-12-23,508
moldova,2024-12-24,462
moldova,2024-12-25,423
moldova,2024-12-26,350
moldova,2024-12-27,265
moldova,2024-12-28,266
moldova,2024-12-29,214
moldova,2024-12-30,320
moldova,2024-12-31,276
moldova,2025-01-01,304
moldova,2025-01-02,359
moldova,2025-01-03,328
moldova,2025-01-04,286
moldova,2025-01-05,282
moldova,2025-01-06,385
moldova,2025-01-07,271
moldova,2025-01-08,416
moldova,2025-01-09,447
moldova,2025-01-10,413
moldova,2025-01-11,236
moldova,2025-01-12,228
moldova,2025-01-13,376
moldova,2025-01-14,399
moldova,2025-01-15,464
moldova,2025-01-16,444
moldova,2025-01-17,481
moldova,2025-01-18,263
moldova,2025-01-19,261
moldova,2025-01-20,466
moldova,2025-01-21,372
moldova,2025-01-22,392
moldova,2025-01-23,392
moldova,2025-01-24,425
moldova,2025-01-25,311
moldova,2025-01-26,278
moldova,2025-01-27,473
moldova,2025-01-28,368
moldova,2025-01-29,440
moldova,2025-01-30,453
moldova,2025-01-31,367
moldova,2025-02-01,155
moldova,2025-02-02,127
moldova,2025-02-03,360
moldova,2025-02-04,368
moldova,2025-02-05,401
moldova,2025-02-06,418
moldova,2025-02-07,390
moldova,2025-02-08,267
moldova,2025-02-09,244
moldova,2025-02-10,384
moldova,2025-02-11,387
moldova,2025-02-12,433
moldova,2025-02-13,511
moldova,2025-02-14,442
moldova,2025-02-15,322
moldova,2025-02-16,233
moldova,2025-02-17,394
moldova,2025-02-18,382
moldova,2025-02-19,428
moldova,2025-02-20,449
moldova,2025-02-21,370
moldova,2025-02-22,308
moldova,2025-02-23,258
moldova,2025-02-24,362
moldova,2025-02-25,347
moldova,2025-02-26,398
moldova,2025-02-27,384
moldova,2025-02-28,426
moldova,2025-03-01,315
moldova,2025-03-02,273
moldova,2025-03-03,372
moldova,2025-03-04,360
moldova,2025-03-05,430
moldova,2025-03-06,381
moldova,2025-03-07,352
moldova,2025-03-08,243
moldova,2025-03-09,198
moldova,2025-03-10,330
moldova,2025-03-11,369
moldova,2025-03-12,346
moldova,2025-03-13,374
moldova,2025-03-14,336
moldova,2025-03-15,265
moldova,2025-03-16,220
moldova,2025-03-17,334
moldova,2025-03-18,328
moldova,2025-03-19,452
moldova,2025-03-20,280
moldova,2025-03-21,279
moldova,2025-03-22,173
moldova,2025-03-23,167
moldova,2025-03-24,275
moldova,2025-03-25,346
moldova,2025-03-26,528
moldova,2025-03-27,483
moldova,2025-03-28,449
moldova,2025-03-29,250
moldova,2025-03-30,231
moldova,2025-03-31,445
moldova,2025-04-01,349
moldova,2025-04-02,418
moldova,2025-04-03,301
moldova,2025-04-04,310
moldova,2025-04-05,180
moldova,2025-04-06,167
moldova,2025-04-07,310
moldova,2025-04-08,278
moldova,2025-04-09,349
moldova,2025-04-10,250
moldova,2025-04-11,303
moldova,2025-04-12,205
moldova,2025-04-13,158
moldova,2025-04-14,340
moldova,2025-04-15,203
moldova,2025-04-16,228
moldova,2025-04-17,221
moldova,2025-04-18,395
moldova,2025-04-19,256
moldova,2025-04-20,167
moldova,2025-04-21,145
moldova,2025-04-22,218
moldova,2025-04-23,349
moldova,2025-04-24,299
moldova,2025-04-25,284
moldova,2025-04-26,145
moldova,2025-04-27,148
moldova,2025-04-28,178
moldova,2025-04-29,242
moldova,2025-04-30,129
moldova,2025-05-01,198
moldova,2025-05-02,207
moldova,2025-05-03,161
moldova,2025-05-04,145
moldova,2025-05-05,239
moldova,2025-05-06,226
moldova,2025-05-07,252
moldova,2025-05-08,325
moldova,2025-05-09,273
moldova,2025-05-10,141
moldova,2025-05-11,130
moldova,2025-05-12,289
moldova,2025-05-13,141
moldova,2025-05-14,174
moldova,2025-05-15,222
moldova,2025-05-16,245
moldova,2025-05-17,204
moldova,2025-05-18,177
moldova,2025-05-19,278
moldova,2025-05-20,298
moldova,2025-05-21,310
moldova,2025-05-22,223
moldova,2025-05-23,280
moldova,2025-05-24,179
moldova,2025-05-25,171
moldova,2025-05-26,250
moldova,2025-05-27,255
moldova,2025-05-28,261
moldova,2025-05-29,266
moldova,2025-05-30,248
moldova,2025-05-31,97
moldova,2025-06-01,140
moldova,2025-06-02,194
moldova,2025-06-03,248
moldova,2025-06-04,156
moldova,2025-06-05,229
moldova,2025-06-06,298
moldova,2025-06-07,161
moldova,2025-06-08,161
moldova,2025-06-09,233
moldova,2025-06-10,231
moldova,2025-06-11,294
moldova,2025-06-12,186
moldova,2025-06-13,207
moldova,2025-06-14,134
moldova,2025-06-15,220
moldova,2025-06-16,216
moldova,2025-06-17,219
moldova,2025-06-18,242
moldova,2025-06-19,241
moldova,2025-06-20,200
moldova,2025-06-21,141
moldova,2025-06-22,174
moldova,2025-06-23,259
moldova,2025-06-24,234
moldova,2025-06-25,247
moldova,2025-06-26,241
moldova,2025-06-27,240
moldova,2025-06-28,177
moldova,2025-06-29,126
moldova,2025-06-30,208
moldova,2025-07-01,245
moldova,2025-07-02,245
moldova,2025-07-03,237
moldova,2025-07-04,174
moldova,2025-07-05,123
moldova,2025-07-06,136
moldova,2025-07-07,145
moldova,2025-07-08,150
moldova,2025-07-09,181
moldova,2025-07-10,195
moldova,2025-07-11,154
moldova,2025-07-12,115
moldova,2025-07-13,117
moldova,2025-07-14,169
moldova,2025-07-15,177
moldova,2025-07-16,190
moldova,2025-07-17,192
moldova,2025-07-18,183
moldova,2025-07-19,143
moldova,2025-07-20,125
moldova,2025-07-21,200
moldova,2025-07-22,196
moldova,2025-07-23,183
moldova,2025-07-24,178
moldova,2025-07-25,136
moldova,2025-07-26,149
moldova,2025-07-27,119
moldova,2025-07-28,189
moldova,2025-07-29,185
moldova,2025-07-30,221
moldova,2025-07-31,167
moldova,2025-08-01,159
moldova,2025-08-02,115
moldova,2025-08-03,154
moldova,2025-08-04,189
moldova,2025-08-05,253
moldova,2025-08-06,217
moldova,2025-08-07,221
moldova,2025-08-08,207
moldova,2025-08-09,136
moldova,2025-08-10,149
moldova,2025-08-11,215
moldova,2025-08-12,187
moldova,2025-08-13,183
moldova,2025-08-14,169
moldova,2025-08-15,222
moldova,2025-08-16,184
moldova,2025-08-17,143
moldova,2025-08-18,176
moldova,2025-08-19,195
moldova,2025-08-20,158
moldova,2025-08-21,165
moldova,2025-08-22,175
moldova,2025-08-23,199
moldova,2025-08-24,200
moldova,2025-08-25,195
moldova,2025-08-26,201
moldova,2025-08-27,280
moldova,2025-08-28,204
moldova,2025-08-29,194
moldova,2025-08-30,108
moldova,2025-08-31,112
moldova,2025-09-01,156
moldova,2025-09-02,181
moldova,2025-09-03,202
moldova,2025-09-04,190
moldova,2025-09-05,182
moldova,2025-09-06,106
moldova,2025-09-07,117
moldova,2025-09-08,193
moldova,2025-09-09,204
moldova,2025-09-10,159
moldova,2025-09-11,170
moldova,2025-09-12,195
moldova,2025-09-13,121
moldova,2025-09-14,141
moldova,2025-09-15,180
moldova,2025-09-16,194
moldova,2025-09-17,233
moldova,2025-09-18,198
moldova,2025-09-19,167
moldova,2025-09-20,114
moldova,2025-09-21,138
moldova,2025-09-22,256
moldova,2025-09-23,254
moldova,2025-09-24,265
moldova,2025-09-25,260
moldova,2025-09-26,284
moldova,2025-09-27,202
moldova,2025-09-28,329
moldova,2025-09-29,307
moldova,2025-09-30,253
moldova,2025-10-01,218
moldova,2025-10-02,203
moldova,2025-10-03,147
moldova,2025-10-04,108
moldova,2025-10-05,121
moldova,2025-10-06,160
moldova,2025-10-07,174
moldova,2025-10-08,205
moldova,2025-10-09,192
moldova,2025-10-10,162
moldova,2025-10-11,95
moldova,2025-10-12,120
moldova,2025-10-13,147
moldova,2025-10-14,140
moldova,2025-10-15,176
moldova,2025-10-16,162
moldova,2025-10-17,175
moldova,2025-10-18,101
moldova,2025-10-19,84
moldova,2025-10-20,195
moldova,2025-10-21,161
moldova,2025-10-22,169
moldova,2025-10-23,183
moldova,2025-10-24,169
moldova,2025-10-25,133
moldova,2025-10-26,101
moldova,2025-10-27,151
moldova,2025-10-28,151
moldova,2025-10-29,174
moldova,2025-10-30,165
moldova,2025-10-31,164
moldova,2025-11-01,102
moldova,2025-11-02,94
moldova,2025-11-03,150
moldova,2025-11-04,190
moldova,2025-11-05,190
moldova,2025-11-06,175
moldova,2025-11-07,194
moldova,2025-11-08,89
moldova,2025-11-09,58
moldova,2025-11-10,100
moldova,2025-11-11,169
moldova,2025-11-12,207
moldova,2025-11-13,188
moldova,2025-11-14,160
moldova,2025-11-15,99
moldova,2025-11-16,75
moldova,2025-11-17,131
moldova,2025-11-18,143
moldova,2025-11-19,152
moldova,2025-11-20,161
moldova,2025-11-21,135
moldova,2025-11-22,97
moldova,2025-11-23,56
moldova,2025-11-24,142
moldova,2025-11-25,176
moldova,2025-11-26,165
moldova,2025-11-27,163
moldova,2025-11-28,141
moldova,2025-11-29,102
moldova,2025-11-30,81
moldova,2025-12-01,88
moldova,2025-12-02,150
moldova,2025-12-03,159
moldova,2025-12-04,152
moldova,2025-12-05,118
moldova,2025-12-06,95
moldova,2025-12-07,78
moldova,2025-12-08,147
moldova,2025-12-09,134
moldova,2025-12-10,119
moldova,2025-12-11,109
moldova,2025-12-12,146
moldova,2025-12-13,81
moldova,2025-12-14,75
moldova,2025-12-15,137
moldova,2025-12-16,136
moldova,2025-12-17,133
moldova,2025-12-18,145
moldova,2025-12-19,126
moldova,2025-12-20,80
moldova,2025-12-21,72
moldova,2025-12-22,131
moldova,2025-12-23,153
moldova,2025-12-24,114
moldova,2025-12-25,80
moldova,2025-12-26,110
moldova,2025-12-27,80
moldova,2025-12-28,86
moldova,2025-12-29,109
moldova,2025-12-30,105
moldova,2025-12-31,80
moldova,2026-01-01,26
moldova,2026-01-02,82
moldova,2026-01-03,97
moldova,2026-01-04,74
moldova,2026-01-05,123
moldova,2026-01-06,134
moldova,2026-01-07,90
moldova,2026-01-08,108
moldova,2026-01-09,122
moldova,2026-01-10,101
moldova,2026-01-11,91
moldova,2026-01-12,137
moldova,2026-01-13,161
moldova,2026-01-14,143
moldova,2026-01-15,107
moldova,2026-01-16,136
moldova,2026-01-17,77
moldova,2026-01-18,104
moldova,2026-01-19,155
moldova,2026-01-20,194
moldova,2026-01-21,167
moldova,2026-01-22,177
moldova,2026-01-23,158
moldova,2026-01-24,100
moldova,2026-01-25,103
moldova,2026-01-26,166
moldova,2026-01-27,203
moldova,2026-01-28,151
moldova,2026-01-29,156
moldova,2026-01-30,128
moldova,2026-01-31,152
moldova,2026-02-01,92
moldova,2026-02-02,133
moldova,2026-02-03,148
moldova,2026-02-04,132
moldova,2026-02-05,114
moldova,2026-02-06,178
moldova,2026-02-07,106
moldova,2026-02-08,79
moldova,2026-02-09,154
moldova,2026-02-10,181
moldova,2026-02-11,178
moldova,2026-02-12,132
moldova,2026-02-13,147
moldova,2026-02-14,92
moldova,2026-02-15,90
moldova,2026-02-16,137
moldova,2026-02-17,128
moldova,2026-02-18,53
moldova,2026-02-19,89
moldova,2026-02-20,101
moldova,2026-02-21,85
moldova,2026-02-22,77
moldova,2026-02-23,142
moldova,2026-02-24,139
moldova,2026-02-25,166
moldova,2026-02-26,196
moldova,2026-02-27,172
moldova,2026-02-28,172
moldova,2026-03-01,122
moldova,2026-03-02,171
moldova,2026-03-03,192
moldova,2026-03-04,179
moldova,2026-03-05,189
moldova,2026-03-06,152
moldova,2026-03-07,123
moldova,2026-03-08,71
moldova,2026-03-09,142
moldova,2026-03-10,189
moldova,2026-03-11,205
moldova,2026-03-12,178
moldova,2026-03-13,182
moldova,2026-03-14,126
moldova,2026-03-15,77
moldova,2026-03-16,182
moldova,2026-03-17,166
moldova,2026-03-18,147
moldova,2026-03-19,165
moldova,2026-03-20,111
moldova,2026-03-21,115
moldova,2026-03-22,80
moldova,2026-03-23,178
moldova,2026-03-24,213
moldova,2026-03-25,164
moldova,2026-03-26,198
moldova,2026-03-27,177
moldova,2026-03-28,95
moldova,2026-03-29,100
moldova,2026-03-30,186
moldova,2026-03-31,172
moldova,2026-04-01,175
moldova,2026-04-02,208
moldova,2026-04-03,185
moldova,2026-04-04,102
moldova,2026-04-05,76
moldova,2026-04-06,166
moldova,2026-04-07,213
moldova,2026-04-08,203
moldova,2026-04-09,199
moldova,2026-04-10,60
moldova,2026-04-11,129
moldova,2026-04-12,118
moldova,2026-04-13,141
moldova,2026-04-14,224
moldova,2026-04-15,212
moldova,2026-04-16,208
moldova,2026-04-17,194
moldova,2026-04-18,123
moldova,2026-04-19,95
moldova,2026-04-20,144
moldova,2026-04-21,145
moldova,2026-04-22,161
moldova,2026-04-23,171
moldova,2026-04-24,151
moldova,2026-04-25,29
moldova,2026-04-26,86
moldova,2026-04-27,144
moldova,2026-04-28,197
moldova,2026-04-29,173
moldova,2026-04-30,153
moldova,2026-05-01,122
moldova,2026-05-02,86
moldova,2026-05-03,95
moldova,2026-05-04,169
moldova,2026-05-05,141
moldova,2026-05-06,159
moldova,2026-05-07,153
moldova,2026-05-08,133
moldova,2026-05-09,167
moldova,2026-05-10,81
moldova,2026-05-11,153
moldova,2026-05-12,184
moldova,2026-05-13,125
moldova,2026-05-14,168
moldova,2026-05-15,178
moldova,2026-05-16,146
moldova,2026-05-17,104
moldova,2026-05-18,183
moldova,2026-05-19,143
moldova,2026-05-20,150
moldova,2026-05-21,185
moldova,2026-05-22,146
moldova,2026-05-23,104
moldova,2026-05-24,77
moldova,2026-05-25,144
moldova,2026-05-26,162
moldova,2026-05-27,157
moldova,2026-05-28,178
moldova,2026-05-29,183
moldova,2026-05-30,116
moldova,2026-05-31,67
moldova,2026-06-01,151
moldova,2026-06-02,193
moldova,2026-06-03,199
moldova,2026-06-04,180
moldova,2026-06-05,173
moldova,2026-06-06,95
moldova,2026-06-07,128
moldova,2026-06-08,232
moldova,2026-06-09,154
moldova,2026-06-10,134
moldova,2026-06-11,105
moldova,2026-06-12,138
moldova,2026-06-13,122
moldova,2026-06-14,135
moldova,2026-06-15,165
moldova,2026-06-16,155
moldova,2026-06-17,160
moldova,2026-06-18,162
moldova,2026-06-19,152
moldova,2026-06-20,127
moldova,2026-06-21,98
moldova,2026-06-22,146
moldova,2026-06-23,138
moldova,2026-06-24,168
moldova,2026-06-25,157
moldova,2026-06-26,160
moldova,2026-06-27,103
moldova,2026-06-28,90
moldova,2026-06-29,171
moldova,2026-06-30,161
moldova,2026-07-01,136
moldova,2026-07-02,144
moldova,2026-07-03,164
moldova,2026-07-04,138
moldova,2026-07-05,80
moldova,2026-07-06,135
moldova,2026-07-07,153
moldova,2026-07-08,129
moldova,2026-07-09,95
moldova,2026-07-10,142
moldova,2026-07-11,116
moldova,2026-07-12,72
moldova,2026-07-13,162
moldova,2026-07-14,205
moldova,2026-07-15,194
moldova,2026-07-16,143
moldova,2026-07-17,60
moldova,2026-07-18,111
moldova,2026-07-19,101
moldova,2026-07-20,165
moldova,2026-07-21,190
moldova,2026-07-22,204
moldova,2026-07-23,158
moldova,2026-07-24,164
moldova,2026-07-25,103
moldova,2026-07-26,105
moldova,2026-07-27,162
moldova,2026-07-28,171
moldova,2026-07-29,175
moldova,2026-07-30,173
moldova,2026-07-31,180
moldova,2026-08-01,104
moldova,2026-08-02,107
moldova,2026-08-03,187
moldova,2026-08-04,186
moldova,2026-08-05,168
moldova,2026-08-06,148
moldova,2026-08-07,142
moldova,2026-08-08,94
moldova,2026-08-09,109
moldova,2026-08-10,199
moldova,2026-08-11,181
moldova,2026-08-12,183
moldova,2026-08-13,168
poland,2023-07-05,27
poland,2023-07-06,226
poland,2023-07-07,167
poland,2023-07-08,44
poland,2023-07-09,107
poland,2023-07-10,135
poland,2023-07-11,164
poland,2023-07-12,174
poland,2023-07-13,93
poland,2023-07-14,142
poland,2023-07-15,67
poland,2023-07-16,66
poland,2023-07-17,113
poland,2023-07-18,116
poland,2023-07-19,142
poland,2023-07-20,131
poland,2023-07-21,218
poland,2023-07-22,214
poland,2023-07-23,244
poland,2023-07-24,133
poland,2023-07-25,133
poland,2023-07-26,120
poland,2023-07-27,104
poland,2023-07-28,99
poland,2023-07-29,130
poland,2023-07-30,74
poland,2023-07-31,113
poland,2023-08-01,204
poland,2023-08-02,228
poland,2023-08-03,175
poland,2023-08-04,173
poland,2023-08-05,111
poland,2023-08-06,125
poland,2023-08-07,130
poland,2023-08-08,163
poland,2023-08-09,180
poland,2023-08-10,138
poland,2023-08-11,171
poland,2023-08-12,99
poland,2023-08-13,112
poland,2023-08-14,147
poland,2023-08-15,120
poland,2023-08-16,121
poland,2023-08-17,119
poland,2023-08-18,125
poland,2023-08-19,91
poland,2023-08-20,88
poland,2023-08-21,82
poland,2023-08-22,94
poland,2023-08-23,82
poland,2023-08-24,69
poland,2023-08-25,82
poland,2023-08-26,92
poland,2023-08-27,69
poland,2023-08-28,94
poland,2023-08-29,89
poland,2023-08-30,73
poland,2023-08-31,112
poland,2023-09-01,113
poland,2023-09-02,56
poland,2023-09-03,65
poland,2023-09-04,112
poland,2023-09-05,69
poland,2023-09-06,70
poland,2023-09-07,100
poland,2023-09-08,75
poland,2023-09-09,33
poland,2023-09-10,44
poland,2023-09-11,71
poland,2023-09-12,74
poland,2023-09-13,59
poland,2023-09-14,87
poland,2023-09-15,83
poland,2023-09-16,80
poland,2023-09-17,35
poland,2023-09-18,155
poland,2023-09-19,155
poland,2023-09-20,207
poland,2023-09-21,156
poland,2023-09-22,167
poland,2023-09-23,43
poland,2023-09-24,101
poland,2023-09-25,134
poland,2023-09-26,142
poland,2023-09-27,144
poland,2023-09-28,142
poland,2023-09-29,90
poland,2023-09-30,51
poland,2023-10-01,84
poland,2023-10-02,103
poland,2023-10-03,117
poland,2023-10-04,108
poland,2023-10-05,92
poland,2023-10-06,95
poland,2023-10-07,47
poland,2023-10-08,50
poland,2023-10-09,56
poland,2023-10-10,72
poland,2023-10-11,123
poland,2023-10-12,80
poland,2023-10-13,61
poland,2023-10-14,98
poland,2023-10-15,96
poland,2023-10-16,100
poland,2023-10-17,86
poland,2023-10-18,61
poland,2023-10-19,62
poland,2023-10-20,60
poland,2023-10-21,41
poland,2023-10-22,29
poland,2023-10-23,57
poland,2023-10-24,73
poland,2023-10-25,74
poland,2023-10-26,77
poland,2023-10-27,81
poland,2023-10-28,43
poland,2023-10-29,26
poland,2023-10-30,78
poland,2023-10-31,69
poland,2023-11-01,58
poland,2023-11-02,104
poland,2023-11-03,79
poland,2023-11-04,69
poland,2023-11-05,58
poland,2023-11-06,71
poland,2023-11-07,64
poland,2023-11-08,89
poland,2023-11-09,82
poland,2023-11-10,64
poland,2023-11-11,50
poland,2023-11-12,63
poland,2023-11-13,90
poland,2023-11-14,72
poland,2023-11-15,96
poland,2023-11-16,70
poland,2023-11-17,71
poland,2023-11-18,41
poland,2023-11-19,49
poland,2023-11-20,76
poland,2023-11-21,81
poland,2023-11-22,66
poland,2023-11-23,115
poland,2023-11-24,76
poland,2023-11-25,46
poland,2023-11-26,72
poland,2023-11-27,63
poland,2023-11-28,80
poland,2023-11-29,88
poland,2023-11-30,68
poland,2023-12-01,113
poland,2023-12-02,55
poland,2023-12-03,52
poland,2023-12-04,56
poland,2023-12-05,79
poland,2023-12-06,78
poland,2023-12-07,85
poland,2023-12-08,55
poland,2023-12-09,37
poland,2023-12-10,67
poland,2023-12-11,129
poland,2023-12-12,96
poland,2023-12-13,114
poland,2023-12-14,70
poland,2023-12-15,117
poland,2023-12-16,65
poland,2023-12-17,49
poland,2023-12-18,79
poland,2023-12-19,106
poland,2023-12-20,64
poland,2023-12-21,72
poland,2023-12-22,73
poland,2023-12-23,59
poland,2023-12-24,67
poland,2023-12-25,47
poland,2023-12-26,73
poland,2023-12-27,69
poland,2023-12-28,75
poland,2023-12-29,123
poland,2023-12-30,61
poland,2023-12-31,30
poland,2024-01-01,34
poland,2024-01-02,37
poland,2024-01-03,82
poland,2024-01-04,61
poland,2024-01-05,55
poland,2024-01-06,34
poland,2024-01-07,26
poland,2024-01-08,15
poland,2024-01-10,99
poland,2024-01-11,146
poland,2024-01-12,126
poland,2024-01-13,93
poland,2024-01-14,76
poland,2024-01-15,157
poland,2024-01-16,74
poland,2024-01-18,86
poland,2024-01-19,97
poland,2024-01-20,64
poland,2024-01-21,58
poland,2024-01-22,169
poland,2024-01-23,153
poland,2024-01-24,89
poland,2024-01-25,88
poland,2024-01-26,80
poland,2024-01-27,76
poland,2024-01-28,80
poland,2024-01-29,109
poland,2024-01-30,103
poland,2024-01-31,132
poland,2024-02-01,113
poland,2024-02-02,138
poland,2024-02-03,119
poland,2024-02-04,126
poland,2024-02-05,163
poland,2024-02-06,133
poland,2024-02-07,145
poland,2024-02-08,104
poland,2024-02-09,237
poland,2024-02-10,80
poland,2024-02-11,83
poland,2024-02-12,192
poland,2024-02-13,137
poland,2024-02-14,136
poland,2024-02-15,168
poland,2024-02-16,115
poland,2024-02-17,111
poland,2024-02-18,100
poland,2024-02-19,175
poland,2024-02-20,260
poland,2024-02-21,207
poland,2024-02-22,141
poland,2024-02-23,165
poland,2024-02-24,120
poland,2024-02-25,134
poland,2024-02-26,176
poland,2024-02-27,230
poland,2024-02-28,204
poland,2024-02-29,145
poland,2024-03-01,154
poland,2024-03-02,106
poland,2024-03-03,104
poland,2024-03-04,155
poland,2024-03-05,128
poland,2024-03-06,182
poland,2024-03-07,132
poland,2024-03-08,113
poland,2024-03-09,160
poland,2024-03-10,170
poland,2024-03-11,157
poland,2024-03-12,152
poland,2024-03-13,178
poland,2024-03-14,139
poland,2024-03-15,141
poland,2024-03-16,86
poland,2024-03-17,56
poland,2024-03-18,98
poland,2024-03-19,183
poland,2024-03-20,218
poland,2024-03-21,112
poland,2024-03-22,161
poland,2024-03-23,50
poland,2024-03-24,92
poland,2024-03-25,129
poland,2024-03-26,120
poland,2024-03-27,191
poland,2024-03-28,205
poland,2024-03-29,214
poland,2024-03-30,115
poland,2024-03-31,67
poland,2024-04-01,83
poland,2024-04-02,161
poland,2024-04-03,143
poland,2024-04-04,162
poland,2024-04-05,121
poland,2024-04-06,81
poland,2024-04-07,66
poland,2024-04-08,129
poland,2024-04-09,158
poland,2024-04-10,115
poland,2024-04-11,199
poland,2024-04-12,299
poland,2024-04-13,252
poland,2024-04-14,285
poland,2024-04-15,231
poland,2024-04-16,149
poland,2024-04-17,146
poland,2024-04-18,213
poland,2024-04-19,234
poland,2024-04-20,92
poland,2024-04-21,79
poland,2024-04-22,263
poland,2024-04-23,264
poland,2024-04-24,188
poland,2024-04-25,263
poland,2024-04-26,174
poland,2024-04-27,148
poland,2024-04-28,100
poland,2024-04-29,97
poland,2024-04-30,126
poland,2024-05-01,141
poland,2024-05-02,128
poland,2024-05-03,118
poland,2024-05-04,72
poland,2024-05-05,115
poland,2024-05-06,220
poland,2024-05-07,182
poland,2024-05-08,178
poland,2024-05-09,159
poland,2024-05-10,171
poland,2024-05-11,125
poland,2024-05-15,109
poland,2024-05-16,190
poland,2024-05-17,222
poland,2024-05-18,153
poland,2024-05-19,138
poland,2024-05-20,174
poland,2024-05-21,225
poland,2024-05-22,175
poland,2024-05-23,180
poland,2024-05-24,172
poland,2024-05-25,139
poland,2024-05-26,227
poland,2024-05-27,193
poland,2024-05-28,227
poland,2024-05-29,257
poland,2024-05-30,178
poland,2024-05-31,307
poland,2024-06-01,277
poland,2024-06-02,168
poland,2024-06-03,264
poland,2024-06-04,300
poland,2024-06-05,252
poland,2024-06-06,266
poland,2024-06-07,269
poland,2024-06-08,153
poland,2024-06-09,258
poland,2024-06-10,369
poland,2024-06-11,175
poland,2024-06-12,104
poland,2024-06-13,189
poland,2024-06-14,154
poland,2024-06-15,119
poland,2024-06-16,122
poland,2024-06-17,152
poland,2024-06-18,146
poland,2024-06-19,172
poland,2024-06-20,137
poland,2024-06-21,189
poland,2024-06-22,163
poland,2024-06-23,114
poland,2024-06-24,159
poland,2024-06-25,127
poland,2024-06-26,166
poland,2024-06-27,231
poland,2024-06-28,163
poland,2024-06-29,136
poland,2024-06-30,107
poland,2024-07-01,160
poland,2024-07-02,167
poland,2024-07-03,111
poland,2024-07-04,111
poland,2024-07-05,172
poland,2024-07-06,80
poland,2024-07-07,72
poland,2024-07-08,237
poland,2024-07-09,168
poland,2024-07-10,206
poland,2024-07-11,207
poland,2024-07-12,192
poland,2024-07-13,109
poland,2024-07-14,115
poland,2024-07-15,148
poland,2024-07-16,127
poland,2024-07-17,193
poland,2024-07-18,200
poland,2024-07-19,146
poland,2024-07-20,103
poland,2024-07-21,178
poland,2024-07-22,160
poland,2024-07-23,181
poland,2024-07-24,177
poland,2024-07-25,171
poland,2024-07-26,144
poland,2024-07-27,123
poland,2024-07-28,107
poland,2024-07-29,182
poland,2024-07-30,148
poland,2024-07-31,154
poland,2024-08-01,196
poland,2024-08-02,101
poland,2024-08-03,125
poland,2024-08-04,138
poland,2024-08-05,171
poland,2024-08-06,129
poland,2024-08-07,155
poland,2024-08-08,139
poland,2024-08-09,167
poland,2024-08-10,155
poland,2024-08-11,148
poland,2024-08-12,265
poland,2024-08-13,175
poland,2024-08-14,219
poland,2024-08-15,191
poland,2024-08-16,192
poland,2024-08-17,164
poland,2024-08-18,207
poland,2024-08-19,199
poland,2024-08-20,237
poland,2024-08-21,251
poland,2024-08-22,249
poland,2024-08-23,196
poland,2024-08-24,195
poland,2024-08-25,158
poland,2024-08-26,197
poland,2024-08-27,243
poland,2024-08-28,255
poland,2024-08-29,226
poland,2024-08-30,241
poland,2024-08-31,148
poland,2024-09-01,165
poland,2024-09-02,223
poland,2024-09-03,183
poland,2024-09-04,228
poland,2024-09-05,142
poland,2024-09-06,144
poland,2024-09-07,152
poland,2024-09-08,103
poland,2024-09-09,235
poland,2024-09-10,190
poland,2024-09-11,174
poland,2024-09-12,240
poland,2024-09-13,201
poland,2024-09-14,132
poland,2024-09-15,201
poland,2024-09-16,175
poland,2024-09-17,253
poland,2024-09-18,206
poland,2024-09-19,244
poland,2024-09-20,218
poland,2024-09-21,160
poland,2024-09-22,144
poland,2024-09-23,203
poland,2024-09-24,198
poland,2024-09-25,191
poland,2024-09-26,157
poland,2024-09-27,156
poland,2024-09-28,177
poland,2024-09-29,137
poland,2024-09-30,147
poland,2024-10-01,178
poland,2024-10-02,221
poland,2024-10-03,215
poland,2024-10-04,237
poland,2024-10-05,175
poland,2024-10-06,182
poland,2024-10-07,189
poland,2024-10-08,216
poland,2024-10-09,168
poland,2024-10-10,210
poland,2024-10-11,214
poland,2024-10-12,174
poland,2024-10-13,214
poland,2024-10-14,174
poland,2024-10-15,259
poland,2024-10-16,207
poland,2024-10-17,173
poland,2024-10-18,229
poland,2024-10-19,117
poland,2024-10-20,153
poland,2024-10-21,210
poland,2024-10-22,242
poland,2024-10-23,229
poland,2024-10-24,217
poland,2024-10-25,134
poland,2024-10-26,112
poland,2024-10-27,120
poland,2024-10-28,252
poland,2024-10-29,247
poland,2024-10-30,162
poland,2024-10-31,201
poland,2024-11-01,202
poland,2024-11-02,232
poland,2024-11-03,126
poland,2024-11-04,271
poland,2024-11-05,254
poland,2024-11-06,170
poland,2024-11-07,225
poland,2024-11-08,228
poland,2024-11-09,144
poland,2024-11-10,124
poland,2024-11-11,202
poland,2024-11-12,200
poland,2024-11-13,211
poland,2024-11-14,210
poland,2024-11-15,183
poland,2024-11-16,116
poland,2024-11-17,180
poland,2024-11-18,240
poland,2024-11-19,192
poland,2024-11-20,261
poland,2024-11-21,227
poland,2024-11-22,246
poland,2024-11-23,173
poland,2024-11-24,139
poland,2024-11-25,197
poland,2024-11-26,261
poland,2024-11-27,202
poland,2024-11-28,219
poland,2024-11-29,217
poland,2024-11-30,208
poland,2024-12-01,145
poland,2024-12-02,185
poland,2024-12-03,174
poland,2024-12-04,203
poland,2024-12-05,234
poland,2024-12-06,219
poland,2024-12-07,118
poland,2024-12-08,125
poland,2024-12-09,135
poland,2024-12-10,203
poland,2024-12-11,253
poland,2024-12-12,236
poland,2024-12-13,231
poland,2024-12-14,82
poland,2024-12-15,97
poland,2024-12-16,173
poland,2024-12-17,185
poland,2024-12-18,209
poland,2024-12-19,85
poland,2024-12-20,197
poland,2024-12-21,153
poland,2024-12-22,135
poland,2024-12-23,154
poland,2024-12-24,170
poland,2024-12-25,124
poland,2024-12-26,205
poland,2024-12-27,92
poland,2024-12-28,88
poland,2024-12-29,99
poland,2024-12-30,139
poland,2024-12-31,98
poland,2025-01-01,124
poland,2025-01-02,138
poland,2025-01-03,183
poland,2025-01-04,120
poland,2025-01-05,84
poland,2025-01-06,114
poland,2025-01-07,75
poland,2025-01-08,129
poland,2025-01-09,209
poland,2025-01-10,204
poland,2025-01-11,124
poland,2025-01-12,226
poland,2025-01-13,182
poland,2025-01-14,214
poland,2025-01-15,245
poland,2025-01-16,342
poland,2025-01-17,203
poland,2025-01-18,150
poland,2025-01-19,120
poland,2025-01-20,183
poland,2025-01-21,152
poland,2025-01-22,163
poland,2025-01-23,193
poland,2025-01-24,144
poland,2025-01-25,153
poland,2025-01-26,175
poland,2025-01-27,303
poland,2025-01-28,184
poland,2025-01-29,151
poland,2025-01-30,176
poland,2025-01-31,145
poland,2025-02-01,104
poland,2025-02-02,74
poland,2025-02-03,144
poland,2025-02-04,222
poland,2025-02-05,172
poland,2025-02-06,234
poland,2025-02-07,185
poland,2025-02-08,134
poland,2025-02-09,122
poland,2025-02-10,139
poland,2025-02-11,194
poland,2025-02-12,171
poland,2025-02-13,235
poland,2025-02-14,186
poland,2025-02-15,133
poland,2025-02-16,226
poland,2025-02-17,254
poland,2025-02-18,243
poland,2025-02-19,265
poland,2025-02-20,235
poland,2025-02-21,219
poland,2025-02-22,154
poland,2025-02-23,150
poland,2025-02-24,174
poland,2025-02-25,224
poland,2025-02-26,215
poland,2025-02-27,156
poland,2025-02-28,171
poland,2025-03-01,133
poland,2025-03-02,180
poland,2025-03-03,198
poland,2025-03-04,272
poland,2025-03-05,157
poland,2025-03-06,246
poland,2025-03-07,233
poland,2025-03-08,125
poland,2025-03-09,176
poland,2025-03-10,146
poland,2025-03-11,197
poland,2025-03-12,240
poland,2025-03-13,222
poland,2025-03-14,191
poland,2025-03-15,128
poland,2025-03-16,123
poland,2025-03-17,159
poland,2025-03-18,212
poland,2025-03-19,199
poland,2025-03-20,219
poland,2025-03-21,195
poland,2025-03-22,55
poland,2025-03-23,69
poland,2025-03-24,102
poland,2025-03-25,98
poland,2025-03-26,134
poland,2025-03-27,121
poland,2025-03-28,135
poland,2025-03-29,76
poland,2025-03-30,93
poland,2025-03-31,188
poland,2025-04-01,173
poland,2025-04-02,258
poland,2025-04-03,241
poland,2025-04-04,241
poland,2025-04-05,162
poland,2025-04-06,184
poland,2025-04-07,246
poland,2025-04-08,265
poland,2025-04-09,214
poland,2025-04-10,248
poland,2025-04-11,228
poland,2025-04-12,163
poland,2025-04-13,135
poland,2025-04-14,246
poland,2025-04-15,220
poland,2025-04-16,226
poland,2025-04-17,197
poland,2025-04-18,220
poland,2025-04-19,158
poland,2025-04-20,138
poland,2025-04-21,265
poland,2025-04-22,255
poland,2025-04-23,278
poland,2025-04-24,306
poland,2025-04-25,287
poland,2025-04-26,216
poland,2025-04-27,167
poland,2025-04-28,290
poland,2025-04-29,302
poland,2025-04-30,257
poland,2025-05-01,223
poland,2025-05-02,268
poland,2025-05-03,213
poland,2025-05-04,179
poland,2025-05-05,284
poland,2025-05-06,364
poland,2025-05-07,296
poland,2025-05-08,303
poland,2025-05-09,342
poland,2025-05-10,475
poland,2025-05-11,362
poland,2025-05-12,621
poland,2025-05-13,233
poland,2025-05-14,429
poland,2025-05-15,433
poland,2025-05-16,541
poland,2025-05-17,389
poland,2025-05-18,339
poland,2025-05-19,442
poland,2025-05-20,476
poland,2025-05-21,462
poland,2025-05-22,378
poland,2025-05-23,364
poland,2025-05-24,339
poland,2025-05-25,275
poland,2025-05-26,411
poland,2025-05-27,408
poland,2025-05-28,403
poland,2025-05-29,419
poland,2025-05-30,359
poland,2025-05-31,172
poland,2025-06-01,294
poland,2025-06-02,482
poland,2025-06-03,412
poland,2025-06-04,238
poland,2025-06-05,340
poland,2025-06-06,383
poland,2025-06-07,316
poland,2025-06-08,288
poland,2025-06-09,376
poland,2025-06-10,397
poland,2025-06-11,422
poland,2025-06-12,301
poland,2025-06-13,351
poland,2025-06-14,313
poland,2025-06-15,284
poland,2025-06-16,347
poland,2025-06-17,320
poland,2025-06-18,253
poland,2025-06-19,278
poland,2025-06-20,313
poland,2025-06-21,248
poland,2025-06-22,359
poland,2025-06-23,318
poland,2025-06-24,345
poland,2025-06-25,325
poland,2025-06-26,301
poland,2025-06-27,297
poland,2025-06-28,301
poland,2025-06-29,305
poland,2025-06-30,316
poland,2025-07-01,321
poland,2025-07-02,323
poland,2025-07-03,330
poland,2025-07-04,314
poland,2025-07-05,312
poland,2025-07-06,304
poland,2025-07-07,331
poland,2025-07-08,324
poland,2025-07-09,325
poland,2025-07-10,325
poland,2025-07-11,299
poland,2025-07-12,299
poland,2025-07-13,278
poland,2025-07-14,305
poland,2025-07-15,330
poland,2025-07-16,322
poland,2025-07-17,310
poland,2025-07-18,299
poland,2025-07-19,262
poland,2025-07-20,298
poland,2025-07-21,330
poland,2025-07-22,318
poland,2025-07-23,307
poland,2025-07-24,321
poland,2025-07-25,334
poland,2025-07-26,299
poland,2025-07-27,292
poland,2025-07-28,307
poland,2025-07-29,307
poland,2025-07-30,293
poland,2025-07-31,327
poland,2025-08-01,326
poland,2025-08-02,307
poland,2025-08-03,266
poland,2025-08-04,323
poland,2025-08-05,315
poland,2025-08-06,325
poland,2025-08-07,305
poland,2025-08-08,332
poland,2025-08-09,312
poland,2025-08-10,309
poland,2025-08-11,321
poland,2025-08-12,330
poland,2025-08-13,337
poland,2025-08-14,356
poland,2025-08-15,326
poland,2025-08-16,324
poland,2025-08-17,299
poland,2025-08-18,303
poland,2025-08-19,323
poland,2025-08-20,338
poland,2025-08-21,335
poland,2025-08-22,314
poland,2025-08-23,294
poland,2025-08-24,274
poland,2025-08-25,323
poland,2025-08-26,334
poland,2025-08-27,340
poland,2025-08-28,327
poland,2025-08-29,324
poland,2025-08-30,317
poland,2025-08-31,317
poland,2025-09-01,327
poland,2025-09-02,325
poland,2025-09-03,264
poland,2025-09-04,316
poland,2025-09-05,291
poland,2025-09-06,275
poland,2025-09-07,287
poland,2025-09-08,316
poland,2025-09-09,341
poland,2025-09-10,359
poland,2025-09-11,328
poland,2025-09-12,375
poland,2025-09-13,360
poland,2025-09-14,337
poland,2025-09-15,353
poland,2025-09-16,321
poland,2025-09-17,347
poland,2025-09-18,340
poland,2025-09-19,331
poland,2025-09-20,324
poland,2025-09-21,293
poland,2025-09-22,353
poland,2025-09-23,315
poland,2025-09-24,350
poland,2025-09-25,308
poland,2025-09-26,345
poland,2025-09-27,308
poland,2025-09-28,275
poland,2025-09-29,343
poland,2025-09-30,337
poland,2025-10-01,317
poland,2025-10-02,321
poland,2025-10-03,325
poland,2025-10-04,299
poland,2025-10-05,285
poland,2025-10-06,307
poland,2025-10-07,323
poland,2025-10-08,342
poland,2025-10-09,337
poland,2025-10-10,333
poland,2025-10-11,298
poland,2025-10-12,263
poland,2025-10-13,329
poland,2025-10-14,341
poland,2025-10-15,321
poland,2025-10-16,315
poland,2025-10-17,324
poland,2025-10-18,280
poland,2025-10-19,285
poland,2025-10-20,323
poland,2025-10-21,322
poland,2025-10-22,340
poland,2025-10-23,323
poland,2025-10-24,316
poland,2025-10-25,285
poland,2025-10-26,299
poland,2025-10-27,326
poland,2025-10-28,337
poland,2025-10-29,330
poland,2025-10-30,305
poland,2025-10-31,326
poland,2025-11-01,284
poland,2025-11-02,275
poland,2025-11-03,309
poland,2025-11-04,346
poland,2025-11-05,340
poland,2025-11-06,336
poland,2025-11-07,324
poland,2025-11-08,272
poland,2025-11-09,151
poland,2025-11-10,216
poland,2025-11-11,315
poland,2025-11-12,274
poland,2025-11-13,353
poland,2025-11-14,325
poland,2025-11-15,276
poland,2025-11-16,235
poland,2025-11-17,338
poland,2025-11-18,272
poland,2025-11-19,319
poland,2025-11-20,330
poland,2025-11-21,324
poland,2025-11-22,297
poland,2025-11-23,249
poland,2025-11-24,327
poland,2025-11-25,313
poland,2025-11-26,303
poland,2025-11-27,303
poland,2025-11-28,313
poland,2025-11-29,290
poland,2025-11-30,278
poland,2025-12-01,175
poland,2025-12-02,272
poland,2025-12-03,310
poland,2025-12-04,308
poland,2025-12-05,312
poland,2025-12-06,266
poland,2025-12-07,272
poland,2025-12-08,299
poland,2025-12-09,318
poland,2025-12-10,319
poland,2025-12-11,326
poland,2025-12-12,328
poland,2025-12-13,260
poland,2025-12-14,230
poland,2025-12-15,321
poland,2025-12-16,308
poland,2025-12-17,325
poland,2025-12-18,332
poland,2025-12-19,289
poland,2025-12-20,228
poland,2025-12-21,219
poland,2025-12-22,298
poland,2025-12-23,320
poland,2025-12-24,264
poland,2025-12-25,264
poland,2025-12-26,265
poland,2025-12-27,224
poland,2025-12-28,243
poland,2025-12-29,290
poland,2025-12-30,260
poland,2025-12-31,163
poland,2026-01-01,137
poland,2026-01-02,226
poland,2026-01-03,270
poland,2026-01-04,240
poland,2026-01-05,303
poland,2026-01-06,306
poland,2026-01-07,323
poland,2026-01-08,337
poland,2026-01-09,348
poland,2026-01-10,270
poland,2026-01-11,296
poland,2026-01-12,322
poland,2026-01-13,333
poland,2026-01-14,335
poland,2026-01-15,320
poland,2026-01-16,312
poland,2026-01-17,260
poland,2026-01-18,245
poland,2026-01-19,308
poland,2026-01-20,324
poland,2026-01-21,316
poland,2026-01-22,275
poland,2026-01-23,288
poland,2026-01-24,235
poland,2026-01-25,262
poland,2026-01-26,285
poland,2026-01-27,305
poland,2026-01-28,298
poland,2026-01-29,238
poland,2026-01-30,243
poland,2026-01-31,279
poland,2026-02-01,236
poland,2026-02-02,221
poland,2026-02-03,254
poland,2026-02-04,292
poland,2026-02-05,274
poland,2026-02-06,275
poland,2026-02-07,231
poland,2026-02-08,209
poland,2026-02-09,284
poland,2026-02-10,268
poland,2026-02-11,257
poland,2026-02-12,270
poland,2026-02-13,253
poland,2026-02-14,218
poland,2026-02-15,193
poland,2026-02-16,243
poland,2026-02-17,243
poland,2026-02-18,129
poland,2026-02-19,162
poland,2026-02-20,237
poland,2026-02-21,257
poland,2026-02-22,263
poland,2026-02-23,273
poland,2026-02-24,279
poland,2026-02-25,310
poland,2026-02-26,310
poland,2026-02-27,332
poland,2026-02-28,274
poland,2026-03-01,267
poland,2026-03-02,297
poland,2026-03-03,294
poland,2026-03-04,290
poland,2026-03-05,303
poland,2026-03-06,295
poland,2026-03-07,285
poland,2026-03-08,234
poland,2026-03-09,259
poland,2026-03-10,272
poland,2026-03-11,269
poland,2026-03-12,229
poland,2026-03-13,279
poland,2026-03-14,215
poland,2026-03-15,173
poland,2026-03-16,239
poland,2026-03-17,266
poland,2026-03-18,276
poland,2026-03-19,251
poland,2026-03-20,218
poland,2026-03-21,285
poland,2026-03-22,272
poland,2026-03-23,297
poland,2026-03-24,286
poland,2026-03-25,301
poland,2026-03-26,304
poland,2026-03-27,299
poland,2026-03-28,238
poland,2026-03-29,262
poland,2026-03-30,287
poland,2026-03-31,280
poland,2026-04-01,291
poland,2026-04-02,302
poland,2026-04-03,304
poland,2026-04-04,236
poland,2026-04-05,217
poland,2026-04-06,258
poland,2026-04-07,334
poland,2026-04-08,301
poland,2026-04-09,282
poland,2026-04-10,104
poland,2026-04-11,214
poland,2026-04-12,272
poland,2026-04-13,311
poland,2026-04-14,293
poland,2026-04-15,305
poland,2026-04-16,300
poland,2026-04-17,326
poland,2026-04-18,266
poland,2026-04-19,260
poland,2026-04-20,286
poland,2026-04-21,229
poland,2026-04-22,282
poland,2026-04-23,306
poland,2026-04-24,243
poland,2026-04-25,102
poland,2026-04-26,180
poland,2026-04-27,251
poland,2026-04-28,260
poland,2026-04-29,250
poland,2026-04-30,276
poland,2026-05-01,229
poland,2026-05-02,224
poland,2026-05-03,260
poland,2026-05-04,281
poland,2026-05-05,250
poland,2026-05-06,280
poland,2026-05-07,303
poland,2026-05-08,268
poland,2026-05-09,216
poland,2026-05-10,186
poland,2026-05-11,262
poland,2026-05-12,328
poland,2026-05-13,256
poland,2026-05-14,319
poland,2026-05-15,317
poland,2026-05-16,310
poland,2026-05-17,263
poland,2026-05-18,303
poland,2026-05-19,281
poland,2026-05-20,311
poland,2026-05-21,316
poland,2026-05-22,329
poland,2026-05-23,266
poland,2026-05-24,283
poland,2026-05-25,307
poland,2026-05-26,324
poland,2026-05-27,300
poland,2026-05-28,315
poland,2026-05-29,346
poland,2026-05-30,269
poland,2026-05-31,255
poland,2026-06-01,339
poland,2026-06-02,352
poland,2026-06-03,328
poland,2026-06-04,340
poland,2026-06-05,340
poland,2026-06-06,315
poland,2026-06-07,321
poland,2026-06-08,321
poland,2026-06-09,332
poland,2026-06-10,334
poland,2026-06-11,287
poland,2026-06-12,288
poland,2026-06-13,337
poland,2026-06-14,276
poland,2026-06-15,331
poland,2026-06-16,324
poland,2026-06-17,283
poland,2026-06-18,325
poland,2026-06-19,340
poland,2026-06-20,334
poland,2026-06-21,346
poland,2026-06-22,331
poland,2026-06-23,328
poland,2026-06-24,271
poland,2026-06-25,295
poland,2026-06-26,316
poland,2026-06-27,280
poland,2026-06-28,211
poland,2026-06-29,271
poland,2026-06-30,300
poland,2026-07-01,306
poland,2026-07-02,321
poland,2026-07-03,341
poland,2026-07-04,277
poland,2026-07-05,277
poland,2026-07-06,284
poland,2026-07-07,307
poland,2026-07-08,289
poland,2026-07-09,210
poland,2026-07-10,274
poland,2026-07-11,303
poland,2026-07-12,250
poland,2026-07-13,284
poland,2026-07-14,336
poland,2026-07-15,259
poland,2026-07-16,207
poland,2026-07-17,166
poland,2026-07-18,241
poland,2026-07-19,256
poland,2026-07-20,319
poland,2026-07-21,280
poland,2026-07-22,307
poland,2026-07-23,278
poland,2026-07-24,318
poland,2026-07-25,265
poland,2026-07-26,249
poland,2026-07-27,317
poland,2026-07-28,292
poland,2026-07-29,328
poland,2026-07-30,329
poland,2026-07-31,321
poland,2026-08-01,264
poland,2026-08-02,225
poland,2026-08-03,278
poland,2026-08-04,309
poland,2026-08-05,304
poland,2026-08-06,284
poland,2026-08-07,304
poland,2026-08-08,244
poland,2026-08-09,283
poland,2026-08-10,314
poland,2026-08-11,319
poland,2026-08-12,325
poland,2026-08-13,263
romania,2024-03-23,7
romania,2024-03-24,22
romania,2024-03-25,17
romania,2024-03-26,21
romania,2024-03-27,24
romania,2024-03-28,62
romania,2024-03-29,60
romania,2024-03-30,47
romania,2024-03-31,25
romania,2024-04-01,42
romania,2024-04-02,83
romania,2024-04-03,59
romania,2024-04-04,45
romania,2024-04-05,87
romania,2024-04-06,58
romania,2024-04-07,48
romania,2024-04-08,68
romania,2024-04-09,65
romania,2024-04-10,82
romania,2024-04-11,79
romania,2024-04-12,59
romania,2024-04-13,76
romania,2024-04-14,309
romania,2024-04-15,150
romania,2024-04-16,108
romania,2024-04-17,58
romania,2024-04-18,55
romania,2024-04-19,45
romania,2024-04-20,26
romania,2024-04-21,36
romania,2024-04-22,88
romania,2024-04-23,42
romania,2024-04-24,42
romania,2024-04-25,40
romania,2024-04-26,33
romania,2024-04-27,45
romania,2024-04-28,40
romania,2024-04-29,52
romania,2024-04-30,51
romania,2024-05-01,38
romania,2024-05-02,63
romania,2024-05-03,86
romania,2024-05-04,77
romania,2024-05-05,86
romania,2024-05-06,93
romania,2024-05-07,101
romania,2024-05-08,124
romania,2024-05-09,106
romania,2024-05-10,87
romania,2024-05-11,56
romania,2024-05-15,66
romania,2024-05-16,145
romania,2024-05-17,84
romania,2024-05-18,74
romania,2024-05-19,77
romania,2024-05-20,122
romania,2024-05-21,110
romania,2024-05-22,108
romania,2024-05-23,117
romania,2024-05-24,108
romania,2024-05-25,91
romania,2024-05-26,61
romania,2024-05-27,99
romania,2024-05-28,106
romania,2024-05-29,120
romania,2024-05-30,126
romania,2024-05-31,274
romania,2024-06-01,263
romania,2024-06-02,94
romania,2024-06-03,153
romania,2024-06-04,237
romania,2024-06-05,243
romania,2024-06-06,209
romania,2024-06-07,219
romania,2024-06-08,125
romania,2024-06-09,238
romania,2024-06-10,269
romania,2024-06-11,129
romania,2024-06-12,114
romania,2024-06-13,126
romania,2024-06-14,131
romania,2024-06-15,104
romania,2024-06-16,67
romania,2024-06-17,186
romania,2024-06-18,112
romania,2024-06-19,123
romania,2024-06-20,146
romania,2024-06-21,123
romania,2024-06-22,88
romania,2024-06-23,101
romania,2024-06-24,110
romania,2024-06-25,106
romania,2024-06-26,113
romania,2024-06-27,120
romania,2024-06-28,119
romania,2024-06-29,82
romania,2024-06-30,109
romania,2024-07-01,93
romania,2024-07-02,93
romania,2024-07-03,126
romania,2024-07-04,99
romania,2024-07-05,89
romania,2024-07-06,63
romania,2024-07-07,77
romania,2024-07-08,130
romania,2024-07-09,109
romania,2024-07-10,147
romania,2024-07-11,138
romania,2024-07-12,101
romania,2024-07-13,59
romania,2024-07-14,106
romania,2024-07-15,87
romania,2024-07-16,96
romania,2024-07-17,102
romania,2024-07-18,115
romania,2024-07-19,96
romania,2024-07-20,72
romania,2024-07-21,105
romania,2024-07-22,91
romania,2024-07-23,97
romania,2024-07-24,125
romania,2024-07-25,147
romania,2024-07-26,98
romania,2024-07-27,147
romania,2024-07-28,79
romania,2024-07-29,104
romania,2024-07-30,75
romania,2024-07-31,87
romania,2024-08-01,107
romania,2024-08-02,109
romania,2024-08-03,66
romania,2024-08-04,90
romania,2024-08-05,102
romania,2024-08-06,123
romania,2024-08-07,96
romania,2024-08-08,119
romania,2024-08-09,114
romania,2024-08-10,51
romania,2024-08-11,67
romania,2024-08-12,102
romania,2024-08-13,92
romania,2024-08-14,89
romania,2024-08-15,97
romania,2024-08-16,110
romania,2024-08-17,83
romania,2024-08-18,55
romania,2024-08-19,95
romania,2024-08-20,118
romania,2024-08-21,112
romania,2024-08-22,97
romania,2024-08-23,80
romania,2024-08-24,86
romania,2024-08-25,91
romania,2024-08-26,94
romania,2024-08-27,97
romania,2024-08-28,104
romania,2024-08-29,103
romania,2024-08-30,88
romania,2024-08-31,65
romania,2024-09-01,82
romania,2024-09-02,124
romania,2024-09-03,104
romania,2024-09-04,103
romania,2024-09-05,78
romania,2024-09-06,66
romania,2024-09-07,97
romania,2024-09-08,66
romania,2024-09-09,108
romania,2024-09-10,106
romania,2024-09-11,105
romania,2024-09-12,95
romania,2024-09-13,118
romania,2024-09-14,112
romania,2024-09-15,83
romania,2024-09-16,137
romania,2024-09-17,138
romania,2024-09-18,131
romania,2024-09-19,134
romania,2024-09-20,106
romania,2024-09-21,82
romania,2024-09-22,95
romania,2024-09-23,111
romania,2024-09-24,95
romania,2024-09-25,116
romania,2024-09-26,103
romania,2024-09-27,130
romania,2024-09-28,71
romania,2024-09-29,70
romania,2024-09-30,105
romania,2024-10-01,121
romania,2024-10-02,111
romania,2024-10-03,134
romania,2024-10-04,108
romania,2024-10-05,80
romania,2024-10-06,78
romania,2024-10-07,91
romania,2024-10-08,135
romania,2024-10-09,119
romania,2024-10-10,102
romania,2024-10-11,87
romania,2024-10-12,80
romania,2024-10-13,49
romania,2024-10-14,85
romania,2024-10-15,99
romania,2024-10-16,102
romania,2024-10-17,90
romania,2024-10-18,78
romania,2024-10-19,71
romania,2024-10-20,169
romania,2024-10-21,171
romania,2024-10-22,90
romania,2024-10-23,103
romania,2024-10-24,127
romania,2024-10-25,74
romania,2024-10-26,103
romania,2024-10-27,104
romania,2024-10-28,112
romania,2024-10-29,107
romania,2024-10-30,93
romania,2024-10-31,119
romania,2024-11-01,86
romania,2024-11-02,72
romania,2024-11-03,161
romania,2024-11-04,118
romania,2024-11-05,115
romania,2024-11-06,94
romania,2024-11-07,108
romania,2024-11-08,84
romania,2024-11-09,85
romania,2024-11-10,52
romania,2024-11-11,106
romania,2024-11-12,95
romania,2024-11-13,89
romania,2024-11-14,64
romania,2024-11-15,93
romania,2024-11-16,68
romania,2024-11-17,77
romania,2024-11-18,109
romania,2024-11-19,102
romania,2024-11-20,106
romania,2024-11-21,97
romania,2024-11-22,75
romania,2024-11-23,72
romania,2024-11-24,109
romania,2024-11-25,200
romania,2024-11-26,116
romania,2024-11-27,112
romania,2024-11-28,129
romania,2024-11-29,176
romania,2024-11-30,131
romania,2024-12-01,110
romania,2024-12-02,123
romania,2024-12-03,151
romania,2024-12-04,139
romania,2024-12-05,177
romania,2024-12-06,192
romania,2024-12-07,171
romania,2024-12-08,134
romania,2024-12-09,106
romania,2024-12-10,95
romania,2024-12-11,97
romania,2024-12-12,128
romania,2024-12-13,112
romania,2024-12-14,53
romania,2024-12-15,59
romania,2024-12-16,97
romania,2024-12-17,97
romania,2024-12-18,91
romania,2024-12-19,54
romania,2024-12-20,105
romania,2024-12-21,76
romania,2024-12-22,86
romania,2024-12-23,153
romania,2024-12-24,130
romania,2024-12-25,87
romania,2024-12-26,96
romania,2024-12-27,65
romania,2024-12-28,63
romania,2024-12-29,45
romania,2024-12-30,68
romania,2024-12-31,72
romania,2025-01-01,65
romania,2025-01-02,110
romania,2025-01-03,70
romania,2025-01-04,70
romania,2025-01-05,53
romania,2025-01-06,70
romania,2025-01-07,63
romania,2025-01-08,93
romania,2025-01-09,104
romania,2025-01-10,97
romania,2025-01-11,63
romania,2025-01-12,81
romania,2025-01-13,94
romania,2025-01-14,106
romania,2025-01-15,85
romania,2025-01-16,110
romania,2025-01-17,116
romania,2025-01-18,63
romania,2025-01-19,60
romania,2025-01-20,113
romania,2025-01-21,98
romania,2025-01-22,77
romania,2025-01-23,112
romania,2025-01-24,76
romania,2025-01-25,90
romania,2025-01-26,67
romania,2025-01-27,120
romania,2025-01-28,98
romania,2025-01-29,106
romania,2025-01-30,155
romania,2025-01-31,94
romania,2025-02-01,49
romania,2025-02-02,42
romania,2025-02-03,85
romania,2025-02-04,98
romania,2025-02-05,95
romania,2025-02-06,110
romania,2025-02-07,103
romania,2025-02-08,91
romania,2025-02-09,59
romania,2025-02-10,119
romania,2025-02-11,102
romania,2025-02-12,106
romania,2025-02-13,139
romania,2025-02-14,149
romania,2025-02-15,80
romania,2025-02-16,73
romania,2025-02-17,107
romania,2025-02-18,143
romania,2025-02-19,111
romania,2025-02-20,120
romania,2025-02-21,112
romania,2025-02-22,80
romania,2025-02-23,59
romania,2025-02-24,115
romania,2025-02-25,85
romania,2025-02-26,229
romania,2025-02-27,150
romania,2025-02-28,147
romania,2025-03-01,102
romania,2025-03-02,118
romania,2025-03-03,103
romania,2025-03-04,127
romania,2025-03-05,108
romania,2025-03-06,125
romania,2025-03-07,118
romania,2025-03-08,101
romania,2025-03-09,152
romania,2025-03-10,149
romania,2025-03-11,118
romania,2025-03-12,121
romania,2025-03-13,117
romania,2025-03-14,96
romania,2025-03-15,116
romania,2025-03-16,80
romania,2025-03-17,103
romania,2025-03-18,99
romania,2025-03-19,74
romania,2025-03-20,91
romania,2025-03-21,78
romania,2025-03-22,69
romania,2025-03-23,56
romania,2025-03-24,85
romania,2025-03-25,74
romania,2025-03-26,120
romania,2025-03-27,80
romania,2025-03-28,73
romania,2025-03-29,42
romania,2025-03-30,54
romania,2025-03-31,127
romania,2025-04-01,90
romania,2025-04-02,132
romania,2025-04-03,85
romania,2025-04-04,62
romania,2025-04-05,62
romania,2025-04-06,56
romania,2025-04-07,83
romania,2025-04-08,86
romania,2025-04-09,121
romania,2025-04-10,100
romania,2025-04-11,114
romania,2025-04-12,67
romania,2025-04-13,48
romania,2025-04-14,191
romania,2025-04-15,78
romania,2025-04-16,65
romania,2025-04-17,151
romania,2025-04-18,108
romania,2025-04-19,103
romania,2025-04-20,69
romania,2025-04-21,109
romania,2025-04-22,114
romania,2025-04-23,139
romania,2025-04-24,137
romania,2025-04-25,165
romania,2025-04-26,87
romania,2025-04-27,72
romania,2025-04-28,133
romania,2025-04-29,138
romania,2025-04-30,111
romania,2025-05-01,134
romania,2025-05-02,132
romania,2025-05-03,116
romania,2025-05-04,162
romania,2025-05-05,339
romania,2025-05-06,163
romania,2025-05-07,161
romania,2025-05-08,160
romania,2025-05-09,134
romania,2025-05-10,92
romania,2025-05-11,76
romania,2025-05-12,129
romania,2025-05-13,78
romania,2025-05-14,106
romania,2025-05-15,139
romania,2025-05-16,155
romania,2025-05-17,116
romania,2025-05-18,350
romania,2025-05-19,347
romania,2025-05-20,228
romania,2025-05-21,188
romania,2025-05-22,162
romania,2025-05-23,139
romania,2025-05-24,132
romania,2025-05-25,99
romania,2025-05-26,140
romania,2025-05-27,136
romania,2025-05-28,142
romania,2025-05-29,123
romania,2025-05-30,103
romania,2025-05-31,87
romania,2025-06-01,78
romania,2025-06-02,109
romania,2025-06-03,122
romania,2025-06-04,111
romania,2025-06-05,125
romania,2025-06-06,131
romania,2025-06-07,88
romania,2025-06-08,78
romania,2025-06-09,128
romania,2025-06-10,150
romania,2025-06-11,156
romania,2025-06-12,114
romania,2025-06-13,159
romania,2025-06-14,91
romania,2025-06-15,101
romania,2025-06-16,127
romania,2025-06-17,121
romania,2025-06-18,79
romania,2025-06-19,139
romania,2025-06-20,124
romania,2025-06-21,89
romania,2025-06-22,102
romania,2025-06-23,144
romania,2025-06-24,151
romania,2025-06-25,138
romania,2025-06-26,124
romania,2025-06-27,96
romania,2025-06-28,100
romania,2025-06-29,75
romania,2025-06-30,119
romania,2025-07-01,130
romania,2025-07-02,150
romania,2025-07-03,129
romania,2025-07-04,124
romania,2025-07-05,107
romania,2025-07-06,84
romania,2025-07-07,138
romania,2025-07-08,108
romania,2025-07-09,133
romania,2025-07-10,119
romania,2025-07-11,93
romania,2025-07-12,96
romania,2025-07-13,71
romania,2025-07-14,110
romania,2025-07-15,120
romania,2025-07-16,151
romania,2025-07-17,164
romania,2025-07-18,152
romania,2025-07-19,92
romania,2025-07-20,88
romania,2025-07-21,146
romania,2025-07-22,156
romania,2025-07-23,130
romania,2025-07-24,134
romania,2025-07-25,120
romania,2025-07-26,88
romania,2025-07-27,81
romania,2025-07-28,124
romania,2025-07-29,129
romania,2025-07-30,122
romania,2025-07-31,114
romania,2025-08-01,109
romania,2025-08-02,83
romania,2025-08-03,64
romania,2025-08-04,132
romania,2025-08-05,151
romania,2025-08-06,149
romania,2025-08-07,107
romania,2025-08-08,125
romania,2025-08-09,96
romania,2025-08-10,68
romania,2025-08-11,104
romania,2025-08-12,108
romania,2025-08-13,108
romania,2025-08-14,88
romania,2025-08-15,121
romania,2025-08-16,96
romania,2025-08-17,67
romania,2025-08-18,143
romania,2025-08-19,120
romania,2025-08-20,117
romania,2025-08-21,109
romania,2025-08-22,128
romania,2025-08-23,94
romania,2025-08-24,99
romania,2025-08-25,84
romania,2025-08-26,115
romania,2025-08-27,119
romania,2025-08-28,110
romania,2025-08-29,106
romania,2025-08-30,97
romania,2025-08-31,73
romania,2025-09-01,105
romania,2025-09-02,117
romania,2025-09-03,127
romania,2025-09-04,132
romania,2025-09-05,117
romania,2025-09-06,68
romania,2025-09-07,77
romania,2025-09-08,104
romania,2025-09-09,132
romania,2025-09-10,137
romania,2025-09-11,149
romania,2025-09-12,127
romania,2025-09-13,114
romania,2025-09-14,103
romania,2025-09-15,150
romania,2025-09-16,135
romania,2025-09-17,154
romania,2025-09-18,108
romania,2025-09-19,141
romania,2025-09-20,97
romania,2025-09-21,89
romania,2025-09-22,140
romania,2025-09-23,152
romania,2025-09-24,137
romania,2025-09-25,130
romania,2025-09-26,169
romania,2025-09-27,128
romania,2025-09-28,190
romania,2025-09-29,129
romania,2025-09-30,171
romania,2025-10-01,157
romania,2025-10-02,159
romania,2025-10-03,128
romania,2025-10-04,118
romania,2025-10-05,99
romania,2025-10-06,110
romania,2025-10-07,98
romania,2025-10-08,107
romania,2025-10-09,138
romania,2025-10-10,135
romania,2025-10-11,93
romania,2025-10-12,82
romania,2025-10-13,106
romania,2025-10-14,83
romania,2025-10-15,120
romania,2025-10-16,123
romania,2025-10-17,144
romania,2025-10-18,110
romania,2025-10-19,75
romania,2025-10-20,113
romania,2025-10-21,126
romania,2025-10-22,171
romania,2025-10-23,136
romania,2025-10-24,135
romania,2025-10-25,118
romania,2025-10-26,75
romania,2025-10-27,117
romania,2025-10-28,134
romania,2025-10-29,175
romania,2025-10-30,121
romania,2025-10-31,137
romania,2025-11-01,118
romania,2025-11-02,91
romania,2025-11-03,118
romania,2025-11-04,139
romania,2025-11-05,145
romania,2025-11-06,147
romania,2025-11-07,147
romania,2025-11-08,85
romania,2025-11-09,55
romania,2025-11-10,98
romania,2025-11-11,193
romania,2025-11-12,136
romania,2025-11-13,146
romania,2025-11-14,113
romania,2025-11-15,87
romania,2025-11-16,75
romania,2025-11-17,127
romania,2025-11-18,140
romania,2025-11-19,129
romania,2025-11-20,134
romania,2025-11-21,141
romania,2025-11-22,132
romania,2025-11-23,71
romania,2025-11-24,118
romania,2025-11-25,153
romania,2025-11-26,137
romania,2025-11-27,121
romania,2025-11-28,128
romania,2025-11-29,122
romania,2025-11-30,102
romania,2025-12-01,90
romania,2025-12-02,123
romania,2025-12-03,155
romania,2025-12-04,145
romania,2025-12-05,116
romania,2025-12-06,110
romania,2025-12-07,80
romania,2025-12-08,141
romania,2025-12-09,118
romania,2025-12-10,122
romania,2025-12-11,120
romania,2025-12-12,163
romania,2025-12-13,96
romania,2025-12-14,70
romania,2025-12-15,152
romania,2025-12-16,127
romania,2025-12-17,122
romania,2025-12-18,115
romania,2025-12-19,148
romania,2025-12-20,98
romania,2025-12-21,69
romania,2025-12-22,128
romania,2025-12-23,139
romania,2025-12-24,130
romania,2025-12-25,85
romania,2025-12-26,88
romania,2025-12-27,104
romania,2025-12-28,92
romania,2025-12-29,105
romania,2025-12-30,99
romania,2025-12-31,79
romania,2026-01-01,35
romania,2026-01-02,69
romania,2026-01-03,146
romania,2026-01-04,86
romania,2026-01-05,109
romania,2026-01-06,113
romania,2026-01-07,91
romania,2026-01-08,96
romania,2026-01-09,114
romania,2026-01-10,101
romania,2026-01-11,89
romania,2026-01-12,113
romania,2026-01-13,134
romania,2026-01-14,134
romania,2026-01-15,98
romania,2026-01-16,104
romania,2026-01-17,94
romania,2026-01-18,96
romania,2026-01-19,113
romania,2026-01-20,161
romania,2026-01-21,144
romania,2026-01-22,126
romania,2026-01-23,117
romania,2026-01-24,123
romania,2026-01-25,107
romania,2026-01-26,115
romania,2026-01-27,121
romania,2026-01-28,125
romania,2026-01-29,123
romania,2026-01-30,114
romania,2026-01-31,121
romania,2026-02-01,78
romania,2026-02-02,108
romania,2026-02-03,93
romania,2026-02-04,129
romania,2026-02-05,110
romania,2026-02-06,137
romania,2026-02-07,98
romania,2026-02-08,76
romania,2026-02-09,120
romania,2026-02-10,149
romania,2026-02-11,115
romania,2026-02-12,106
romania,2026-02-13,129
romania,2026-02-14,79
romania,2026-02-15,80
romania,2026-02-16,86
romania,2026-02-17,117
romania,2026-02-18,87
romania,2026-02-19,58
romania,2026-02-20,121
romania,2026-02-21,88
romania,2026-02-22,76
romania,2026-02-23,95
romania,2026-02-24,101
romania,2026-02-25,119
romania,2026-02-26,132
romania,2026-02-27,133
romania,2026-02-28,172
romania,2026-03-01,118
romania,2026-03-02,146
romania,2026-03-03,153
romania,2026-03-04,151
romania,2026-03-05,149
romania,2026-03-06,131
romania,2026-03-07,98
romania,2026-03-08,85
romania,2026-03-09,132
romania,2026-03-10,139
romania,2026-03-11,191
romania,2026-03-12,151
romania,2026-03-13,150
romania,2026-03-14,128
romania,2026-03-15,81
romania,2026-03-16,123
romania,2026-03-17,128
romania,2026-03-18,126
romania,2026-03-19,132
romania,2026-03-20,108
romania,2026-03-21,134
romania,2026-03-22,86
romania,2026-03-23,108
romania,2026-03-24,139
romania,2026-03-25,128
romania,2026-03-26,161
romania,2026-03-27,134
romania,2026-03-28,86
romania,2026-03-29,97
romania,2026-03-30,145
romania,2026-03-31,130
romania,2026-04-01,135
romania,2026-04-02,137
romania,2026-04-03,112
romania,2026-04-04,104
romania,2026-04-05,91
romania,2026-04-06,129
romania,2026-04-07,185
romania,2026-04-08,157
romania,2026-04-09,143
romania,2026-04-10,76
romania,2026-04-11,117
romania,2026-04-12,109
romania,2026-04-13,135
romania,2026-04-14,137
romania,2026-04-15,164
romania,2026-04-16,164
romania,2026-04-17,143
romania,2026-04-18,101
romania,2026-04-19,86
romania,2026-04-20,105
romania,2026-04-21,104
romania,2026-04-22,133
romania,2026-04-23,148
romania,2026-04-24,113
romania,2026-04-25,71
romania,2026-04-26,103
romania,2026-04-27,141
romania,2026-04-28,122
romania,2026-04-29,116
romania,2026-04-30,104
romania,2026-05-01,90
romania,2026-05-02,57
romania,2026-05-03,75
romania,2026-05-04,126
romania,2026-05-05,98
romania,2026-05-06,129
romania,2026-05-07,118
romania,2026-05-08,101
romania,2026-05-09,130
romania,2026-05-10,86
romania,2026-05-11,87
romania,2026-05-12,168
romania,2026-05-13,150
romania,2026-05-14,157
romania,2026-05-15,145
romania,2026-05-16,130
romania,2026-05-17,102
romania,2026-05-18,136
romania,2026-05-19,138
romania,2026-05-20,146
romania,2026-05-21,128
romania,2026-05-22,134
romania,2026-05-23,102
romania,2026-05-24,102
romania,2026-05-25,123
romania,2026-05-26,120
romania,2026-05-27,123
romania,2026-05-28,130
romania,2026-05-29,294
romania,2026-05-30,164
romania,2026-05-31,102
romania,2026-06-01,171
romania,2026-06-02,200
romania,2026-06-03,165
romania,2026-06-04,137
romania,2026-06-05,206
romania,2026-06-06,136
romania,2026-06-07,95
romania,2026-06-08,130
romania,2026-06-09,145
romania,2026-06-10,126
romania,2026-06-11,115
romania,2026-06-12,117
romania,2026-06-13,120
romania,2026-06-14,121
romania,2026-06-15,131
romania,2026-06-16,125
romania,2026-06-17,131
romania,2026-06-18,132
romania,2026-06-19,130
romania,2026-06-20,103
romania,2026-06-21,101
romania,2026-06-22,120
romania,2026-06-23,116
romania,2026-06-24,143
romania,2026-06-25,146
romania,2026-06-26,153
romania,2026-06-27,82
romania,2026-06-28,73
romania,2026-06-29,137
romania,2026-06-30,122
romania,2026-07-01,123
romania,2026-07-02,115
romania,2026-07-03,120
romania,2026-07-04,95
romania,2026-07-05,72
romania,2026-07-06,106
romania,2026-07-07,121
romania,2026-07-08,145
romania,2026-07-09,88
romania,2026-07-10,74
romania,2026-07-11,125
romania,2026-07-12,76
romania,2026-07-13,125
romania,2026-07-14,164
romania,2026-07-15,166
romania,2026-07-16,149
romania,2026-07-17,70
romania,2026-07-18,68
romania,2026-07-19,93
romania,2026-07-20,111
romania,2026-07-21,102
romania,2026-07-22,158
romania,2026-07-23,142
romania,2026-07-24,136
romania,2026-07-25,106
romania,2026-07-26,104
romania,2026-07-27,147
romania,2026-07-28,130
romania,2026-07-29,156
romania,2026-07-30,112
romania,2026-07-31,126
romania,2026-08-01,97
romania,2026-08-02,114
romania,2026-08-03,152
romania,2026-08-04,139
romania,2026-08-05,111
romania,2026-08-06,125
romania,2026-08-07,128
romania,2026-08-08,128
romania,2026-08-09,112
romania,2026-08-10,131
romania,2026-08-11,148
romania,2026-08-12,157
romania,2026-08-13,162
slovakia,2024-03-22,3
slovakia,2024-03-23,9
slovakia,2024-03-24,16
slovakia,2024-03-25,10
slovakia,2024-03-26,9
slovakia,2024-03-27,12
slovakia,2024-03-28,10
slovakia,2024-03-29,24
slovakia,2024-03-30,7
slovakia,2024-03-31,7
slovakia,2024-04-01,6
slovakia,2024-04-02,64
slovakia,2024-04-03,21
slovakia,2024-04-04,45
slovakia,2024-04-05,34
slovakia,2024-04-06,44
slovakia,2024-04-07,134
slovakia,2024-04-08,59
slovakia,2024-04-09,35
slovakia,2024-04-10,33
slovakia,2024-04-11,47
slovakia,2024-04-12,23
slovakia,2024-04-13,75
slovakia,2024-04-14,255
slovakia,2024-04-15,148
slovakia,2024-04-16,69
slovakia,2024-04-17,40
slovakia,2024-04-18,21
slovakia,2024-04-19,18
slovakia,2024-04-20,19
slovakia,2024-04-21,16
slovakia,2024-04-22,37
slovakia,2024-04-23,27
slovakia,2024-04-24,32
slovakia,2024-04-25,22
slovakia,2024-04-26,24
slovakia,2024-04-27,27
slovakia,2024-04-28,9
slovakia,2024-04-29,24
slovakia,2024-04-30,27
slovakia,2024-05-01,28
slovakia,2024-05-02,34
slovakia,2024-05-03,147
slovakia,2024-05-04,91
slovakia,2024-05-05,74
slovakia,2024-05-06,141
slovakia,2024-05-07,175
slovakia,2024-05-08,116
slovakia,2024-05-09,162
slovakia,2024-05-10,137
slovakia,2024-05-11,99
slovakia,2024-05-15,797
slovakia,2024-05-16,572
slovakia,2024-05-17,306
slovakia,2024-05-18,172
slovakia,2024-05-19,198
slovakia,2024-05-20,241
slovakia,2024-05-21,186
slovakia,2024-05-22,254
slovakia,2024-05-23,252
slovakia,2024-05-24,224
slovakia,2024-05-25,108
slovakia,2024-05-26,126
slovakia,2024-05-27,175
slovakia,2024-05-28,171
slovakia,2024-05-29,140
slovakia,2024-05-30,137
slovakia,2024-05-31,317
slovakia,2024-06-01,336
slovakia,2024-06-02,150
slovakia,2024-06-03,274
slovakia,2024-06-04,255
slovakia,2024-06-05,363
slovakia,2024-06-06,250
slovakia,2024-06-07,274
slovakia,2024-06-08,165
slovakia,2024-06-09,265
slovakia,2024-06-10,297
slovakia,2024-06-11,187
slovakia,2024-06-12,161
slovakia,2024-06-13,138
slovakia,2024-06-14,157
slovakia,2024-06-15,102
slovakia,2024-06-16,105
slovakia,2024-06-17,159
slovakia,2024-06-18,128
slovakia,2024-06-19,128
slovakia,2024-06-20,119
slovakia,2024-06-21,205
slovakia,2024-06-22,142
slovakia,2024-06-23,117
slovakia,2024-06-24,154
slovakia,2024-06-25,158
slovakia,2024-06-26,166
slovakia,2024-06-27,141
slovakia,2024-06-28,135
slovakia,2024-06-29,86
slovakia,2024-06-30,72
slovakia,2024-07-01,180
slovakia,2024-07-02,139
slovakia,2024-07-03,141
slovakia,2024-07-04,138
slovakia,2024-07-05,141
slovakia,2024-07-06,123
slovakia,2024-07-07,96
slovakia,2024-07-08,167
slovakia,2024-07-09,187
slovakia,2024-07-10,154
slovakia,2024-07-11,155
slovakia,2024-07-12,164
slovakia,2024-07-13,70
slovakia,2024-07-14,142
slovakia,2024-07-15,135
slovakia,2024-07-16,143
slovakia,2024-07-17,167
slovakia,2024-07-18,169
slovakia,2024-07-19,167
slovakia,2024-07-20,97
slovakia,2024-07-21,118
slovakia,2024-07-22,192
slovakia,2024-07-23,185
slovakia,2024-07-24,197
slovakia,2024-07-25,169
slovakia,2024-07-26,178
slovakia,2024-07-27,88
slovakia,2024-07-28,112
slovakia,2024-07-29,148
slovakia,2024-07-30,155
slovakia,2024-07-31,175
slovakia,2024-08-01,142
slovakia,2024-08-02,155
slovakia,2024-08-03,110
slovakia,2024-08-04,98
slovakia,2024-08-05,120
slovakia,2024-08-06,151
slovakia,2024-08-07,157
slovakia,2024-08-08,159
slovakia,2024-08-09,164
slovakia,2024-08-10,242
slovakia,2024-08-11,192
slovakia,2024-08-12,323
slovakia,2024-08-13,246
slovakia,2024-08-14,283
slovakia,2024-08-15,275
slovakia,2024-08-16,243
slovakia,2024-08-17,184
slovakia,2024-08-18,175
slovakia,2024-08-19,256
slovakia,2024-08-20,302
slovakia,2024-08-21,294
slovakia,2024-08-22,270
slovakia,2024-08-23,192
slovakia,2024-08-24,140
slovakia,2024-08-25,128
slovakia,2024-08-26,190
slovakia,2024-08-27,185
slovakia,2024-08-28,199
slovakia,2024-08-29,199
slovakia,2024-08-30,260
slovakia,2024-08-31,141
slovakia,2024-09-01,132
slovakia,2024-09-02,211
slovakia,2024-09-03,246
slovakia,2024-09-04,205
slovakia,2024-09-05,185
slovakia,2024-09-06,127
slovakia,2024-09-07,113
slovakia,2024-09-08,119
slovakia,2024-09-09,229
slovakia,2024-09-10,201
slovakia,2024-09-11,196
slovakia,2024-09-12,237
slovakia,2024-09-13,253
slovakia,2024-09-14,127
slovakia,2024-09-15,167
slovakia,2024-09-16,197
slovakia,2024-09-17,238
slovakia,2024-09-18,232
slovakia,2024-09-19,196
slovakia,2024-09-20,204
slovakia,2024-09-21,117
slovakia,2024-09-22,100
slovakia,2024-09-23,209
slovakia,2024-09-24,223
slovakia,2024-09-25,235
slovakia,2024-09-26,225
slovakia,2024-09-27,174
slovakia,2024-09-28,128
slovakia,2024-09-29,117
slovakia,2024-09-30,196
slovakia,2024-10-01,247
slovakia,2024-10-02,206
slovakia,2024-10-03,221
slovakia,2024-10-04,231
slovakia,2024-10-05,163
slovakia,2024-10-06,185
slovakia,2024-10-07,247
slovakia,2024-10-08,238
slovakia,2024-10-09,239
slovakia,2024-10-10,214
slovakia,2024-10-11,190
slovakia,2024-10-12,106
slovakia,2024-10-13,155
slovakia,2024-10-14,205
slovakia,2024-10-15,207
slovakia,2024-10-16,185
slovakia,2024-10-17,218
slovakia,2024-10-18,211
slovakia,2024-10-19,125
slovakia,2024-10-20,138
slovakia,2024-10-21,179
slovakia,2024-10-22,181
slovakia,2024-10-23,226
slovakia,2024-10-24,239
slovakia,2024-10-25,145
slovakia,2024-10-26,112
slovakia,2024-10-27,147
slovakia,2024-10-28,238
slovakia,2024-10-29,177
slovakia,2024-10-30,246
slovakia,2024-10-31,213
slovakia,2024-11-01,172
slovakia,2024-11-02,139
slovakia,2024-11-03,137
slovakia,2024-11-04,210
slovakia,2024-11-05,192
slovakia,2024-11-06,208
slovakia,2024-11-07,223
slovakia,2024-11-08,177
slovakia,2024-11-09,160
slovakia,2024-11-10,126
slovakia,2024-11-11,188
slovakia,2024-11-12,191
slovakia,2024-11-13,172
slovakia,2024-11-14,160
slovakia,2024-11-15,184
slovakia,2024-11-16,159
slovakia,2024-11-17,199
slovakia,2024-11-18,225
slovakia,2024-11-19,220
slovakia,2024-11-20,213
slovakia,2024-11-21,271
slovakia,2024-11-22,224
slovakia,2024-11-23,98
slovakia,2024-11-24,125
slovakia,2024-11-25,175
slovakia,2024-11-26,219
slovakia,2024-11-27,221
slovakia,2024-11-28,194
slovakia,2024-11-29,218
slovakia,2024-11-30,141
slovakia,2024-12-01,152
slovakia,2024-12-02,229
slovakia,2024-12-03,200
slovakia,2024-12-04,182
slovakia,2024-12-05,188
slovakia,2024-12-06,173
slovakia,2024-12-07,150
slovakia,2024-12-08,135
slovakia,2024-12-09,191
slovakia,2024-12-10,163
slovakia,2024-12-11,188
slovakia,2024-12-12,214
slovakia,2024-12-13,192
slovakia,2024-12-14,122
slovakia,2024-12-15,139
slovakia,2024-12-16,219
slovakia,2024-12-17,196
slovakia,2024-12-18,212
slovakia,2024-12-19,99
slovakia,2024-12-20,267
slovakia,2024-12-21,183
slovakia,2024-12-22,256
slovakia,2024-12-23,376
slovakia,2024-12-24,223
slovakia,2024-12-25,153
slovakia,2024-12-26,148
slovakia,2024-12-27,174
slovakia,2024-12-28,204
slovakia,2024-12-29,157
slovakia,2024-12-30,212
slovakia,2024-12-31,173
slovakia,2025-01-01,172
slovakia,2025-01-02,195
slovakia,2025-01-03,179
slovakia,2025-01-04,121
slovakia,2025-01-05,111
slovakia,2025-01-06,159
slovakia,2025-01-07,177
slovakia,2025-01-08,187
slovakia,2025-01-09,238
slovakia,2025-01-10,246
slovakia,2025-01-11,162
slovakia,2025-01-12,207
slovakia,2025-01-13,290
slovakia,2025-01-14,292
slovakia,2025-01-15,239
slovakia,2025-01-16,289
slovakia,2025-01-17,265
slovakia,2025-01-18,181
slovakia,2025-01-19,200
slovakia,2025-01-20,233
slovakia,2025-01-21,261
slovakia,2025-01-22,243
slovakia,2025-01-23,232
slovakia,2025-01-24,228
slovakia,2025-01-25,257
slovakia,2025-01-26,138
slovakia,2025-01-27,210
slovakia,2025-01-28,194
slovakia,2025-01-29,245
slovakia,2025-01-30,240
slovakia,2025-01-31,231
slovakia,2025-02-01,107
slovakia,2025-02-02,71
slovakia,2025-02-03,138
slovakia,2025-02-04,163
slovakia,2025-02-05,186
slovakia,2025-02-06,198
slovakia,2025-02-07,222
slovakia,2025-02-08,126
slovakia,2025-02-09,111
slovakia,2025-02-10,198
slovakia,2025-02-11,262
slovakia,2025-02-12,181
slovakia,2025-02-13,207
slovakia,2025-02-14,196
slovakia,2025-02-15,116
slovakia,2025-02-16,101
slovakia,2025-02-17,205
slovakia,2025-02-18,224
slovakia,2025-02-19,222
slovakia,2025-02-20,210
slovakia,2025-02-21,200
slovakia,2025-02-22,127
slovakia,2025-02-23,104
slovakia,2025-02-24,191
slovakia,2025-02-25,248
slovakia,2025-02-26,127
slovakia,2025-02-27,130
slovakia,2025-02-28,210
slovakia,2025-03-01,154
slovakia,2025-03-02,143
slovakia,2025-03-03,207
slovakia,2025-03-04,177
slovakia,2025-03-05,182
slovakia,2025-03-06,275
slovakia,2025-03-07,180
slovakia,2025-03-08,153
slovakia,2025-03-09,154
slovakia,2025-03-10,156
slovakia,2025-03-11,212
slovakia,2025-03-12,211
slovakia,2025-03-13,396
slovakia,2025-03-14,373
slovakia,2025-03-15,327
slovakia,2025-03-16,324
slovakia,2025-03-17,396
slovakia,2025-03-18,409
slovakia,2025-03-19,370
slovakia,2025-03-20,381
slovakia,2025-03-21,408
slovakia,2025-03-22,343
slovakia,2025-03-23,299
slovakia,2025-03-24,390
slovakia,2025-03-25,383
slovakia,2025-03-26,336
slovakia,2025-03-27,456
slovakia,2025-03-28,457
slovakia,2025-03-29,448
slovakia,2025-03-30,395
slovakia,2025-03-31,553
slovakia,2025-04-01,537
slovakia,2025-04-02,594
slovakia,2025-04-03,533
slovakia,2025-04-04,592
slovakia,2025-04-05,421
slovakia,2025-04-06,420
slovakia,2025-04-07,499
slovakia,2025-04-08,507
slovakia,2025-04-09,534
slovakia,2025-04-10,557
slovakia,2025-04-11,520
slovakia,2025-04-12,418
slovakia,2025-04-13,318
slovakia,2025-04-14,350
slovakia,2025-04-15,346
slovakia,2025-04-16,429
slovakia,2025-04-17,321
slovakia,2025-04-18,343
slovakia,2025-04-19,448
slovakia,2025-04-20,424
slovakia,2025-04-21,534
slovakia,2025-04-22,564
slovakia,2025-04-23,627
slovakia,2025-04-24,651
slovakia,2025-04-25,676
slovakia,2025-04-26,504
slovakia,2025-04-27,518
slovakia,2025-04-28,668
slovakia,2025-04-29,628
slovakia,2025-04-30,480
slovakia,2025-05-01,458
slovakia,2025-05-02,534
slovakia,2025-05-03,521
slovakia,2025-05-04,538
slovakia,2025-05-05,643
slovakia,2025-05-06,736
slovakia,2025-05-07,721
slovakia,2025-05-08,683
slovakia,2025-05-09,727
slovakia,2025-05-10,651
slovakia,2025-05-11,581
slovakia,2025-05-12,567
slovakia,2025-05-13,226
slovakia,2025-05-14,478
slovakia,2025-05-15,618
slovakia,2025-05-16,629
slovakia,2025-05-17,581
slovakia,2025-05-18,477
slovakia,2025-05-19,552
slovakia,2025-05-20,669
slovakia,2025-05-21,561
slovakia,2025-05-22,478
slovakia,2025-05-23,484
slovakia,2025-05-24,439
slovakia,2025-05-25,416
slovakia,2025-05-26,510
slovakia,2025-05-27,471
slovakia,2025-05-28,500
slovakia,2025-05-29,495
slovakia,2025-05-30,450
slovakia,2025-05-31,191
slovakia,2025-06-01,464
slovakia,2025-06-02,339
slovakia,2025-06-03,481
slovakia,2025-06-04,375
slovakia,2025-06-05,491
slovakia,2025-06-06,445
slovakia,2025-06-07,417
slovakia,2025-06-08,480
slovakia,2025-06-09,467
slovakia,2025-06-10,508
slovakia,2025-06-11,474
slovakia,2025-06-12,377
slovakia,2025-06-13,390
slovakia,2025-06-14,376
slovakia,2025-06-15,318
slovakia,2025-06-16,382
slovakia,2025-06-17,352
slovakia,2025-06-18,351
slovakia,2025-06-19,349
slovakia,2025-06-20,342
slovakia,2025-06-21,269
slovakia,2025-06-22,395
slovakia,2025-06-23,368
slovakia,2025-06-24,351
slovakia,2025-06-25,344
slovakia,2025-06-26,347
slovakia,2025-06-27,335
slovakia,2025-06-28,327
slovakia,2025-06-29,338
slovakia,2025-06-30,363
slovakia,2025-07-01,354
slovakia,2025-07-02,350
slovakia,2025-07-03,342
slovakia,2025-07-04,357
slovakia,2025-07-05,323
slovakia,2025-07-06,338
slovakia,2025-07-07,342
slovakia,2025-07-08,336
slovakia,2025-07-09,339
slovakia,2025-07-10,350
slovakia,2025-07-11,327
slovakia,2025-07-12,352
slovakia,2025-07-13,334
slovakia,2025-07-14,363
slovakia,2025-07-15,343
slovakia,2025-07-16,357
slovakia,2025-07-17,347
slovakia,2025-07-18,351
slovakia,2025-07-19,334
slovakia,2025-07-20,333
slovakia,2025-07-21,366
slovakia,2025-07-22,362
slovakia,2025-07-23,360
slovakia,2025-07-24,351
slovakia,2025-07-25,323
slovakia,2025-07-26,356
slovakia,2025-07-27,333
slovakia,2025-07-28,362
slovakia,2025-07-29,334
slovakia,2025-07-30,337
slovakia,2025-07-31,343
slovakia,2025-08-01,334
slovakia,2025-08-02,317
slovakia,2025-08-03,332
slovakia,2025-08-04,346
slovakia,2025-08-05,355
slovakia,2025-08-06,336
slovakia,2025-08-07,357
slovakia,2025-08-08,346
slovakia,2025-08-09,349
slovakia,2025-08-10,348
slovakia,2025-08-11,338
slovakia,2025-08-12,345
slovakia,2025-08-13,350
slovakia,2025-08-14,345
slovakia,2025-08-15,370
slovakia,2025-08-16,375
slovakia,2025-08-17,339
slovakia,2025-08-18,334
slovakia,2025-08-19,336
slovakia,2025-08-20,343
slovakia,2025-08-21,333
slovakia,2025-08-22,349
slovakia,2025-08-23,321
slovakia,2025-08-24,311
slovakia,2025-08-25,326
slovakia,2025-08-26,326
slovakia,2025-08-27,328
slovakia,2025-08-28,337
slovakia,2025-08-29,338
slovakia,2025-08-30,343
slovakia,2025-08-31,309
slovakia,2025-09-01,343
slovakia,2025-09-02,341
slovakia,2025-09-03,283
slovakia,2025-09-04,334
slovakia,2025-09-05,318
slovakia,2025-09-06,282
slovakia,2025-09-07,331
slovakia,2025-09-08,355
slovakia,2025-09-09,323
slovakia,2025-09-10,367
slovakia,2025-09-11,328
slovakia,2025-09-12,328
slovakia,2025-09-13,334
slovakia,2025-09-14,323
slovakia,2025-09-15,315
slovakia,2025-09-16,321
slovakia,2025-09-17,369
slovakia,2025-09-18,326
slovakia,2025-09-19,336
slovakia,2025-09-20,311
slovakia,2025-09-21,316
slovakia,2025-09-22,358
slovakia,2025-09-23,340
slovakia,2025-09-24,346
slovakia,2025-09-25,354
slovakia,2025-09-26,332
slovakia,2025-09-27,313
slovakia,2025-09-28,319
slovakia,2025-09-29,345
slovakia,2025-09-30,328
slovakia,2025-10-01,351
slovakia,2025-10-02,340
slovakia,2025-10-03,344
slovakia,2025-10-04,294
slovakia,2025-10-05,319
slovakia,2025-10-06,334
slovakia,2025-10-07,354
slovakia,2025-10-08,349
slovakia,2025-10-09,341
slovakia,2025-10-10,358
slovakia,2025-10-11,327
slovakia,2025-10-12,310
slovakia,2025-10-13,333
slovakia,2025-10-14,354
slovakia,2025-10-15,342
slovakia,2025-10-16,337
slovakia,2025-10-17,340
slovakia,2025-10-18,335
slovakia,2025-10-19,309
slovakia,2025-10-20,341
slovakia,2025-10-21,395
slovakia,2025-10-22,376
slovakia,2025-10-23,355
slovakia,2025-10-24,327
slovakia,2025-10-25,344
slovakia,2025-10-26,311
slovakia,2025-10-27,349
slovakia,2025-10-28,347
slovakia,2025-10-29,331
slovakia,2025-10-30,332
slovakia,2025-10-31,348
slovakia,2025-11-01,318
slovakia,2025-11-02,304
slovakia,2025-11-03,373
slovakia,2025-11-04,353
slovakia,2025-11-05,339
slovakia,2025-11-06,350
slovakia,2025-11-07,351
slovakia,2025-11-08,314
slovakia,2025-11-09,190
slovakia,2025-11-10,240
slovakia,2025-11-11,344
slovakia,2025-11-12,332
slovakia,2025-11-13,363
slovakia,2025-11-14,355
slovakia,2025-11-15,322
slovakia,2025-11-16,306
slovakia,2025-11-17,347
slovakia,2025-11-18,329
slovakia,2025-11-19,336
slovakia,2025-11-20,355
slovakia,2025-11-21,344
slovakia,2025-11-22,339
slovakia,2025-11-23,308
slovakia,2025-11-24,338
slovakia,2025-11-25,365
slovakia,2025-11-26,339
slovakia,2025-11-27,349
slovakia,2025-11-28,332
slovakia,2025-11-29,339
slovakia,2025-11-30,310
slovakia,2025-12-01,133
slovakia,2025-12-02,279
slovakia,2025-12-03,367
slovakia,2025-12-04,357
slovakia,2025-12-05,353
slovakia,2025-12-06,322
slovakia,2025-12-07,318
slovakia,2025-12-08,314
slovakia,2025-12-09,327
slovakia,2025-12-10,332
slovakia,2025-12-11,350
slovakia,2025-12-12,363
slovakia,2025-12-13,316
slovakia,2025-12-14,311
slovakia,2025-12-15,323
slovakia,2025-12-16,355
slovakia,2025-12-17,348
slovakia,2025-12-18,345
slovakia,2025-12-19,302
slovakia,2025-12-20,272
slovakia,2025-12-21,282
slovakia,2025-12-22,320
slovakia,2025-12-23,334
slovakia,2025-12-24,243
slovakia,2025-12-25,272
slovakia,2025-12-26,265
slovakia,2025-12-27,292
slovakia,2025-12-28,313
slovakia,2025-12-29,308
slovakia,2025-12-30,296
slovakia,2025-12-31,206
slovakia,2026-01-01,147
slovakia,2026-01-02,299
slovakia,2026-01-03,287
slovakia,2026-01-04,315
slovakia,2026-01-05,362
slovakia,2026-01-06,350
slovakia,2026-01-07,336
slovakia,2026-01-08,394
slovakia,2026-01-09,362
slovakia,2026-01-10,313
slovakia,2026-01-11,322
slovakia,2026-01-12,346
slovakia,2026-01-13,334
slovakia,2026-01-14,356
slovakia,2026-01-15,362
slovakia,2026-01-16,334
slovakia,2026-01-17,310
slovakia,2026-01-18,327
slovakia,2026-01-19,339
slovakia,2026-01-20,351
slovakia,2026-01-21,362
slovakia,2026-01-22,347
slovakia,2026-01-23,365
slovakia,2026-01-24,330
slovakia,2026-01-25,344
slovakia,2026-01-26,346
slovakia,2026-01-27,353
slovakia,2026-01-28,317
slovakia,2026-01-29,323
slovakia,2026-01-30,290
slovakia,2026-01-31,319
slovakia,2026-02-01,324
slovakia,2026-02-02,337
slovakia,2026-02-03,364
slovakia,2026-02-04,340
slovakia,2026-02-05,329
slovakia,2026-02-06,296
slovakia,2026-02-07,264
slovakia,2026-02-08,282
slovakia,2026-02-09,297
slovakia,2026-02-10,313
slovakia,2026-02-11,311
slovakia,2026-02-12,296
slovakia,2026-02-13,312
slovakia,2026-02-14,243
slovakia,2026-02-15,286
slovakia,2026-02-16,314
slovakia,2026-02-17,261
slovakia,2026-02-18,148
slovakia,2026-02-19,156
slovakia,2026-02-20,210
slovakia,2026-02-21,340
slovakia,2026-02-22,342
slovakia,2026-02-23,329
slovakia,2026-02-24,358
slovakia,2026-02-25,362
slovakia,2026-02-26,347
slovakia,2026-02-27,342
slovakia,2026-02-28,322
slovakia,2026-03-01,347
slovakia,2026-03-02,355
slovakia,2026-03-03,348
slovakia,2026-03-04,334
slovakia,2026-03-05,329
slovakia,2026-03-06,358
slovakia,2026-03-07,346
slovakia,2026-03-08,329
slovakia,2026-03-09,338
slovakia,2026-03-10,369
slovakia,2026-03-11,337
slovakia,2026-03-12,360
slovakia,2026-03-13,356
slovakia,2026-03-14,356
slovakia,2026-03-15,280
slovakia,2026-03-16,333
slovakia,2026-03-17,339
slovakia,2026-03-18,376
slovakia,2026-03-19,331
slovakia,2026-03-20,259
slovakia,2026-03-21,334
slovakia,2026-03-22,323
slovakia,2026-03-23,357
slovakia,2026-03-24,351
slovakia,2026-03-25,377
slovakia,2026-03-26,354
slovakia,2026-03-27,351
slovakia,2026-03-28,316
slovakia,2026-03-29,324
slovakia,2026-03-30,348
slovakia,2026-03-31,335
slovakia,2026-04-01,345
slovakia,2026-04-02,340
slovakia,2026-04-03,374
slovakia,2026-04-04,333
slovakia,2026-04-05,342
slovakia,2026-04-06,379
slovakia,2026-04-07,367
slovakia,2026-04-08,372
slovakia,2026-04-09,373
slovakia,2026-04-10,201
slovakia,2026-04-11,307
slovakia,2026-04-12,371
slovakia,2026-04-13,346
slovakia,2026-04-14,328
slovakia,2026-04-15,347
slovakia,2026-04-16,354
slovakia,2026-04-17,365
slovakia,2026-04-18,335
slovakia,2026-04-19,318
slovakia,2026-04-20,343
slovakia,2026-04-21,268
slovakia,2026-04-22,290
slovakia,2026-04-23,329
slovakia,2026-04-24,305
slovakia,2026-04-25,65
slovakia,2026-04-26,246
slovakia,2026-04-27,247
slovakia,2026-04-28,290
slovakia,2026-04-29,278
slovakia,2026-04-30,315
slovakia,2026-05-01,282
slovakia,2026-05-02,261
slovakia,2026-05-03,302
slovakia,2026-05-04,329
slovakia,2026-05-05,297
slovakia,2026-05-06,336
slovakia,2026-05-07,350
slovakia,2026-05-08,288
slovakia,2026-05-09,281
slovakia,2026-05-10,292
slovakia,2026-05-11,323
slovakia,2026-05-12,360
slovakia,2026-05-13,259
slovakia,2026-05-14,352
slovakia,2026-05-15,358
slovakia,2026-05-16,366
slovakia,2026-05-17,295
slovakia,2026-05-18,323
slovakia,2026-05-19,321
slovakia,2026-05-20,332
slovakia,2026-05-21,328
slovakia,2026-05-22,325
slovakia,2026-05-23,297
slovakia,2026-05-24,301
slovakia,2026-05-25,345
slovakia,2026-05-26,335
slovakia,2026-05-27,317
slovakia,2026-05-28,317
slovakia,2026-05-29,333
slovakia,2026-05-30,268
slovakia,2026-05-31,276
slovakia,2026-06-01,344
slovakia,2026-06-02,354
slovakia,2026-06-03,365
slovakia,2026-06-04,358
slovakia,2026-06-05,362
slovakia,2026-06-06,345
slovakia,2026-06-07,335
slovakia,2026-06-08,361
slovakia,2026-06-09,351
slovakia,2026-06-10,370
slovakia,2026-06-11,311
slovakia,2026-06-12,324
slovakia,2026-06-13,298
slovakia,2026-06-14,291
slovakia,2026-06-15,315
slovakia,2026-06-16,335
slovakia,2026-06-17,355
slovakia,2026-06-18,358
slovakia,2026-06-19,340
slovakia,2026-06-20,277
slovakia,2026-06-21,261
slovakia,2026-06-22,292
slovakia,2026-06-23,294
slovakia,2026-06-24,284
slovakia,2026-06-25,305
slovakia,2026-06-26,287
slovakia,2026-06-27,268
slovakia,2026-06-28,196
slovakia,2026-06-29,259
slovakia,2026-06-30,256
slovakia,2026-07-01,287
slovakia,2026-07-02,305
slovakia,2026-07-03,309
slovakia,2026-07-04,289
slovakia,2026-07-05,260
slovakia,2026-07-06,282
slovakia,2026-07-07,309
slovakia,2026-07-08,294
slovakia,2026-07-09,164
slovakia,2026-07-10,285
slovakia,2026-07-11,259
slovakia,2026-07-12,294
slovakia,2026-07-13,314
slovakia,2026-07-14,340
slovakia,2026-07-15,294
slovakia,2026-07-16,247
slovakia,2026-07-17,112
slovakia,2026-07-18,253
slovakia,2026-07-19,291
slovakia,2026-07-20,340
slovakia,2026-07-21,331
slovakia,2026-07-22,347
slovakia,2026-07-23,336
slovakia,2026-07-24,344
slovakia,2026-07-25,290
slovakia,2026-07-26,284
slovakia,2026-07-27,319
slovakia,2026-07-28,299
slovakia,2026-07-29,358
slovakia,2026-07-30,328
slovakia,2026-07-31,328
slovakia,2026-08-01,300
slovakia,2026-08-02,275
slovakia,2026-08-03,334
slovakia,2026-08-04,350
slovakia,2026-08-05,308
slovakia,2026-08-06,305
slovakia,2026-08-07,302
slovakia,2026-08-08,241
slovakia,2026-08-09,297
slovakia,2026-08-10,329
slovakia,2026-08-11,335
slovakia,2026-08-12,331
slovakia,2026-08-13,287
