source,handle,source_type,total_credits,mirrors_fed,exclusivity,exclusive_to,first_seen_daily,last_seen_daily,mirrors_with_daily_series,mirrors_preview,relationship
Telegram: MGzpravy,MGzpravy,telegram,41286,1,exclusive,czechia,2024-06-12,2026-08-13,1,czechia,credited-by-mirror
Telegram: Olej_w_Glowie,Olej_w_Glowie,telegram,39183,1,exclusive,poland,2024-11-16,2026-08-14,1,poland,credited-by-mirror
Telegram: oroszokazigazsagoldalan,oroszokazigazsagoldalan,telegram,38054,1,exclusive,hungary,2024-04-19,2026-08-13,1,hungary,credited-by-mirror
Telegram: selskyrozum,selskyrozum,telegram,35433,2,shared,,2024-05-20,2026-08-14,1,czechia|slovakia,credited-by-mirror
Telegram: rusputnikmd,rusputnikmd,telegram,35050,3,shared,,2024-04-04,2026-08-14,1,hungary|moldova|romania,credited-by-mirror
Telegram: zemavek,zemavek,telegram,34918,2,shared,,2024-05-22,2026-08-13,1,czechia|slovakia,credited-by-mirror
Telegram: puchoviny,puchoviny,telegram,34283,2,shared,,2025-03-12,2026-08-14,1,czechia|slovakia,credited-by-mirror
tass.ru,tass.ru,domain,33328,7,network-wide,,2023-06-23,2025-07-03,4,czechia|deutsch|hungary|moldova|poland|romania|slovakia,credited-by-mirror
Telegram: slovanskenoviny,slovanskenoviny,telegram,31890,2,shared,,2024-05-02,2026-08-14,1,czechia|slovakia,credited-by-mirror
Telegram: Libertas_info_cz,Libertas_info_cz,telegram,29336,1,exclusive,czechia,2024-04-04,2026-08-13,1,czechia,credited-by-mirror
Telegram: uk100a,uk100a,telegram,29150,2,shared,,2024-08-20,2026-08-14,1,czechia|slovakia,credited-by-mirror
ria.ru,ria.ru,domain,27004,7,network-wide,,2023-06-23,2025-07-03,4,czechia|deutsch|hungary|moldova|poland|romania|slovakia,credited-by-mirror
Telegram: triunghiulbasarabean,triunghiulbasarabean,telegram,24011,2,shared,,2024-05-03,2026-08-13,1,moldova|romania,credited-by-mirror
Telegram: rt_de,rt_de,telegram,23367,1,exclusive,deutsch,2023-07-04,2026-08-13,1,deutsch,credited-by-mirror
Telegram: casusbellilive,casusbellilive,telegram,22400,2,shared,,2024-05-22,2026-08-13,1,czechia|slovakia,credited-by-mirror
de.rt.com,de.rt.com,domain,21876,1,exclusive,deutsch,2024-04-03,2026-08-14,1,deutsch,credited-by-mirror
Telegram: mdsputnikmd,mdsputnikmd,telegram,21385,2,shared,,2024-03-24,2026-08-13,1,moldova|romania,credited-by-mirror
ro.topwar.ru,ro.topwar.ru,domain,20900,2,shared,,2025-04-13,2026-08-14,1,moldova|romania,credited-by-mirror
Telegram: neCT24,neCT24,telegram,20738,2,shared,,2024-04-04,2026-08-13,1,czechia|slovakia,credited-by-mirror
Telegram: RuAS_Org,RuAS_Org,telegram,20556,1,exclusive,deutsch,2023-08-28,2026-08-14,1,deutsch,credited-by-mirror
Telegram: satellit_de,satellit_de,telegram,20131,1,exclusive,deutsch,2023-07-15,2026-08-13,1,deutsch,credited-by-mirror
Telegram: sputnecenzurat,sputnecenzurat,telegram,18621,2,shared,,2024-05-02,2026-08-13,1,moldova|romania,credited-by-mirror
pl.topwar.ru,pl.topwar.ru,domain,18438,1,exclusive,poland,2025-04-13,2026-08-14,1,poland,credited-by-mirror
Telegram: DruschbaFM,DruschbaFM,telegram,18050,1,exclusive,deutsch,2023-09-06,2026-08-13,1,deutsch,credited-by-mirror
Telegram: BN4JeyTQ6RVkMTNk,BN4JeyTQ6RVkMTNk,telegram,17387,2,shared,,2024-08-18,2026-08-13,1,czechia|slovakia,credited-by-mirror
Telegram: greatawakeningmagyarok,greatawakeningmagyarok,telegram,16835,1,exclusive,hungary,2024-06-23,2026-08-13,1,hungary,credited-by-mirror
Telegram: ebredes2017,ebredes2017,telegram,15393,1,exclusive,hungary,2025-06-10,2026-08-13,1,hungary,credited-by-mirror
lenta.ru,lenta.ru,domain,15200,7,network-wide,,,,0,czechia|deutsch|hungary|moldova|poland|romania|slovakia,credited-by-mirror
Telegram: RussiaDailyDE,RussiaDailyDE,telegram,14177,1,exclusive,deutsch,2024-11-08,2026-08-14,1,deutsch,credited-by-mirror
kp.ru,kp.ru,domain,13581,7,network-wide,,,,0,czechia|deutsch|hungary|moldova|poland|romania|slovakia,credited-by-mirror
russian.rt.com,russian.rt.com,domain,12769,7,network-wide,,,,0,czechia|deutsch|hungary|moldova|poland|romania|slovakia,credited-by-mirror
Telegram: craZybear2022,craZybear2022,telegram,12285,1,exclusive,deutsch,2023-07-22,2026-08-13,1,deutsch,credited-by-mirror
Telegram: romania_ru,romania_ru,telegram,12129,2,shared,,2024-04-05,2025-07-03,2,moldova|romania,credited-by-mirror
Telegram: ostashkonews,ostashkonews,telegram,11921,7,network-wide,,,,0,czechia|deutsch|hungary|moldova|poland|romania|slovakia,credited-by-mirror
de.topwar.ru,de.topwar.ru,domain,11835,1,exclusive,deutsch,2025-04-13,2026-08-14,1,deutsch,credited-by-mirror
Telegram: jarek53,jarek53,telegram,11399,2,shared,,2024-08-13,2026-08-14,1,czechia|slovakia,credited-by-mirror
Telegram: node_of_time_DE,node_of_time_DE,telegram,11338,1,exclusive,deutsch,,,0,deutsch,credited-by-mirror
Telegram: to_je_nas_svet,to_je_nas_svet,telegram,11303,2,shared,,2024-05-31,2026-08-13,1,czechia|slovakia,credited-by-mirror
Telegram: spravy_slovakia,spravy_slovakia,telegram,11297,2,shared,,2024-05-09,2026-08-13,1,czechia|slovakia,credited-by-mirror
Telegram: RuskiStatek,RuskiStatek,telegram,11291,1,exclusive,poland,2024-05-10,2026-08-09,1,poland,credited-by-mirror
Telegram: news_22_faraon,news_22_faraon,telegram,11261,1,exclusive,czechia,2024-09-27,2026-08-13,1,czechia,credited-by-mirror
Telegram: newsfactory_pl,newsfactory_pl,telegram,10883,1,exclusive,poland,2023-08-24,2026-08-13,1,poland,credited-by-mirror
Telegram: InfodefenseCZE,InfodefenseCZE,telegram,10767,1,exclusive,czechia,2024-03-24,2026-08-13,1,czechia,credited-by-mirror
ren.tv,ren.tv,domain,10469,7,network-wide,,,,0,czechia|deutsch|hungary|moldova|poland|romania|slovakia,credited-by-mirror
tsargrad.tv,tsargrad.tv,domain,10330,7,network-wide,,,,0,czechia|deutsch|hungary|moldova|poland|romania|slovakia,credited-by-mirror
Telegram: lomovkaa,lomovkaa,telegram,10133,7,network-wide,,,,0,czechia|deutsch|hungary|moldova|poland|romania|slovakia,credited-by-mirror
Telegram: EditaFeferonka,EditaFeferonka,telegram,10128,1,exclusive,czechia,,,0,czechia,credited-by-mirror
Telegram: ukr_leaks_pl,ukr_leaks_pl,telegram,9908,1,exclusive,poland,2023-07-16,2026-08-13,1,poland,credited-by-mirror
Telegram: Politnavigator,Politnavigator,telegram,9749,7,network-wide,,,,0,czechia|deutsch|hungary|moldova|poland|romania|slovakia,credited-by-mirror
Telegram: BifFidU,BifFidU,telegram,9696,1,exclusive,deutsch,,,0,deutsch,credited-by-mirror
Telegram: ukr_2025_ru,ukr_2025_ru,telegram,9414,7,network-wide,,,,0,czechia|deutsch|hungary|moldova|poland|romania|slovakia,credited-by-mirror
Telegram: KpMoldova,KpMoldova,telegram,9362,1,exclusive,moldova,2024-04-04,2025-07-03,1,moldova,credited-by-mirror
Telegram: russlandsdeutsche,russlandsdeutsche,telegram,9207,1,exclusive,deutsch,,,0,deutsch,credited-by-mirror
Telegram: ostnews_faktencheck,ostnews_faktencheck,telegram,9101,1,exclusive,deutsch,,,0,deutsch,credited-by-mirror
Telegram: ndp_pl,ndp_pl,telegram,8800,1,exclusive,poland,2023-08-08,2026-08-13,1,poland,credited-by-mirror
Telegram: infodefGERMANY,infodefGERMANY,telegram,8690,1,exclusive,deutsch,,,0,deutsch,credited-by-mirror
Telegram: Ubersicht_Ukraine_Kanal,Ubersicht_Ukraine_Kanal,telegram,8653,1,exclusive,deutsch,,,0,deutsch,credited-by-mirror
Telegram: ultimaoramd,ultimaoramd,telegram,8451,2,shared,,2024-08-09,2026-08-13,1,moldova|romania,credited-by-mirror
Telegram: smebratia,smebratia,telegram,8359,1,exclusive,slovakia,2025-03-28,2026-08-13,1,slovakia,credited-by-mirror
news-front.su,news-front.su,domain,8103,7,network-wide,,,,0,czechia|deutsch|hungary|moldova|poland|romania|slovakia,credited-by-mirror
sk.news-front.su,sk.news-front.su,domain,8086,1,exclusive,slovakia,2024-04-03,2026-08-13,1,slovakia,credited-by-mirror
Telegram: spravydomozaiky,spravydomozaiky,telegram,8057,2,shared,,2025-04-08,2026-08-13,1,czechia|slovakia,credited-by-mirror
de.news-front.su,de.news-front.su,domain,7739,1,exclusive,deutsch,,,0,deutsch,credited-by-mirror
Telegram: NachrichtenWelt,NachrichtenWelt,telegram,7692,1,exclusive,deutsch,,,0,deutsch,credited-by-mirror
Telegram: uncut_news,uncut_news,telegram,7563,1,exclusive,deutsch,,,0,deutsch,credited-by-mirror
Telegram: infokju,infokju,telegram,7415,1,exclusive,poland,2024-11-08,2026-08-13,1,poland,credited-by-mirror
Telegram: puma_osint,puma_osint,telegram,7401,2,shared,,,,0,czechia|slovakia,credited-by-mirror
Telegram: salutmd,salutmd,telegram,7185,1,exclusive,moldova,2024-04-04,2025-07-03,1,moldova,credited-by-mirror
Telegram: oroszspecialiskatonaihadmuvelet,oroszspecialiskatonaihadmuvelet,telegram,7131,1,exclusive,hungary,2025-02-09,2026-08-13,1,hungary,credited-by-mirror
hu.news-front.su,hu.news-front.su,domain,7057,1,exclusive,hungary,2024-04-03,2026-08-13,1,hungary,credited-by-mirror
Telegram: rt_russian,rt_russian,telegram,6957,7,network-wide,,,,0,czechia|deutsch|hungary|moldova|poland|romania|slovakia,credited-by-mirror
Telegram: russischdeutschenachrichten,russischdeutschenachrichten,telegram,6700,1,exclusive,deutsch,,,0,deutsch,credited-by-mirror
Telegram: ukr_leaks_de,ukr_leaks_de,telegram,6688,1,exclusive,deutsch,,,0,deutsch,credited-by-mirror
Telegram: InfoDefMagyarok,InfoDefMagyarok,telegram,6683,1,exclusive,hungary,2024-03-24,2026-08-13,1,hungary,credited-by-mirror
Telegram: SolovievLive,SolovievLive,telegram,6615,7,network-wide,,,,0,czechia|deutsch|hungary|moldova|poland|romania|slovakia,credited-by-mirror
Telegram: DeFreundschaftRu,DeFreundschaftRu,telegram,6526,1,exclusive,deutsch,,,0,deutsch,credited-by-mirror
Telegram: slovenskymedved,slovenskymedved,telegram,6502,2,shared,,2025-02-07,2026-08-13,1,czechia|slovakia,credited-by-mirror
Telegram: vsetkyspravy,vsetkyspravy,telegram,6451,2,shared,,2025-03-27,2026-02-27,1,czechia|slovakia,credited-by-mirror
Telegram: md_krot,md_krot,telegram,6399,1,exclusive,moldova,2024-04-04,2026-08-13,1,moldova,credited-by-mirror
ukraina.ru,ukraina.ru,domain,6292,7,network-wide,,,,0,czechia|deutsch|hungary|moldova|poland|romania|slovakia,credited-by-mirror
Telegram: coNemateVedet,coNemateVedet,telegram,6141,2,shared,,,,0,czechia|slovakia,credited-by-mirror
Telegram: GermanyHeute,GermanyHeute,telegram,6046,1,exclusive,deutsch,,,0,deutsch,credited-by-mirror
Telegram: marsalMalinovskij,marsalMalinovskij,telegram,5907,2,shared,,,,0,czechia|slovakia,credited-by-mirror
Telegram: trech_kich,trech_kich,telegram,5904,1,exclusive,moldova,2024-04-08,2026-08-13,1,moldova,credited-by-mirror
Telegram: RVvoenkor,RVvoenkor,telegram,5893,7,network-wide,,,,0,czechia|deutsch|hungary|moldova|poland|romania|slovakia,credited-by-mirror
Telegram: izvestia,izvestia,telegram,5877,7,network-wide,,,,0,czechia|deutsch|hungary|moldova|poland|romania|slovakia,credited-by-mirror
md.sputniknews.com,md.sputniknews.com,domain,5488,1,exclusive,moldova,2024-11-11,2026-08-14,1,moldova,credited-by-mirror
Telegram: depese_ze_Zeme,depese_ze_Zeme,telegram,5479,2,shared,,,,0,czechia|slovakia,credited-by-mirror
Telegram: bialywywiad,bialywywiad,telegram,5148,1,exclusive,poland,2024-08-09,2026-08-14,1,poland,credited-by-mirror
Telegram: infantmilitario,infantmilitario,telegram,5144,7,network-wide,,,,0,czechia|deutsch|hungary|moldova|poland|romania|slovakia,credited-by-mirror
Telegram: miroslavkamensky,miroslavkamensky,telegram,4930,2,shared,,,,0,czechia|slovakia,credited-by-mirror
Telegram: sputniklive,sputniklive,telegram,4916,7,network-wide,,,,0,czechia|deutsch|hungary|moldova|poland|romania|slovakia,credited-by-mirror
Telegram: moldovaexpress,moldovaexpress,telegram,4769,1,exclusive,moldova,2024-04-04,2026-02-13,1,moldova,credited-by-mirror
Telegram: dimsmirnov175,dimsmirnov175,telegram,4536,7,network-wide,,,,0,czechia|deutsch|hungary|moldova|poland|romania|slovakia,credited-by-mirror
Telegram: InfoDefenseRUM,InfoDefenseRUM,telegram,4470,2,shared,,2024-03-24,2026-08-13,1,moldova|romania,credited-by-mirror
Telegram: pravdavzdyvitazi,pravdavzdyvitazi,telegram,4419,2,shared,,,,0,czechia|slovakia,credited-by-mirror
Telegram: radiobialorus,radiobialorus,telegram,4395,1,exclusive,poland,,,0,poland,credited-by-mirror
iz.ru,iz.ru,domain,4314,2,shared,,,,0,deutsch|poland,credited-by-mirror
Telegram: rian_ru,rian_ru,telegram,4248,7,network-wide,,,,0,czechia|deutsch|hungary|moldova|poland|romania|slovakia,credited-by-mirror
Telegram: tsargradtv,tsargradtv,telegram,4175,7,network-wide,,,,0,czechia|deutsch|hungary|moldova|poland|romania|slovakia,credited-by-mirror
Telegram: LussiList,LussiList,telegram,4170,2,shared,,,,0,czechia|slovakia,credited-by-mirror
Telegram: olegtsarov,olegtsarov,telegram,4139,7,network-wide,,,,0,czechia|deutsch|hungary|moldova|poland|romania|slovakia,credited-by-mirror
Telegram: piotrpanasiuk,piotrpanasiuk,telegram,4105,1,exclusive,poland,,,0,poland,credited-by-mirror
Telegram: newsmd24,newsmd24,telegram,4076,1,exclusive,moldova,,,0,moldova,credited-by-mirror
Telegram: svkpole,svkpole,telegram,3991,2,shared,,,,0,czechia|slovakia,credited-by-mirror
kp.md,kp.md,domain,3946,7,network-wide,,,,0,czechia|deutsch|hungary|moldova|poland|romania|slovakia,credited-by-mirror
Telegram: rybar,rybar,telegram,3938,7,network-wide,,,,0,czechia|deutsch|hungary|moldova|poland|romania|slovakia,credited-by-mirror
Telegram: tajm_sk,tajm_sk,telegram,3914,2,shared,,,,0,poland|slovakia,credited-by-mirror
Telegram: dennikstandard,dennikstandard,telegram,3905,1,exclusive,slovakia,,,0,slovakia,credited-by-mirror
Telegram: tass_agency,tass_agency,telegram,3866,7,network-wide,,,,0,czechia|deutsch|hungary|moldova|poland|romania|slovakia,credited-by-mirror
Telegram: casusbellimaps,casusbellimaps,telegram,3809,1,exclusive,slovakia,,,0,slovakia,credited-by-mirror
Telegram: Medienrundschau,Medienrundschau,telegram,3773,1,exclusive,deutsch,,,0,deutsch,credited-by-mirror
Telegram: warhistoryalconafter,warhistoryalconafter,telegram,3647,7,network-wide,,,,0,czechia|deutsch|hungary|moldova|poland|romania|slovakia,credited-by-mirror
Telegram: MoldovaPolitics,MoldovaPolitics,telegram,3556,1,exclusive,moldova,,,0,moldova,credited-by-mirror
Telegram: aifmd,aifmd,telegram,3533,1,exclusive,moldova,,,0,moldova,credited-by-mirror
Telegram: infodefPOLAND,infodefPOLAND,telegram,3480,1,exclusive,poland,,,0,poland,credited-by-mirror
Telegram: Rybar_HU,Rybar_HU,telegram,3478,1,exclusive,hungary,2025-02-09,2026-08-13,1,hungary,credited-by-mirror
Telegram: LatajacyHolender,LatajacyHolender,telegram,3387,1,exclusive,poland,,,0,poland,credited-by-mirror
Telegram: grajdaninmoldovi,grajdaninmoldovi,telegram,3294,1,exclusive,moldova,,,0,moldova,credited-by-mirror
Telegram: pridnestrovec,pridnestrovec,telegram,3253,1,exclusive,moldova,,,0,moldova,credited-by-mirror
md.kp.media,md.kp.media,domain,3200,7,network-wide,,,,0,czechia|deutsch|hungary|moldova|poland|romania|slovakia,credited-by-mirror
Telegram: VilagHelyzeteBlog,VilagHelyzeteBlog,telegram,3135,1,exclusive,hungary,2024-06-24,2026-08-13,1,hungary,credited-by-mirror
Telegram: baltnews,baltnews,telegram,3120,7,network-wide,,,,0,czechia|deutsch|hungary|moldova|poland|romania|slovakia,credited-by-mirror
Telegram: dva_majors,dva_majors,telegram,3064,7,network-wide,,,,0,czechia|deutsch|hungary|moldova|poland|romania|slovakia,credited-by-mirror
Telegram: denazi_UA,denazi_UA,telegram,3057,7,network-wide,,,,0,czechia|deutsch|hungary|moldova|poland|romania|slovakia,credited-by-mirror
pl.news-front.su,pl.news-front.su,domain,3034,1,exclusive,poland,,,0,poland,credited-by-mirror
Telegram: vestiru24,vestiru24,telegram,3027,7,network-wide,,,,0,czechia|deutsch|hungary|moldova|poland|romania|slovakia,credited-by-mirror
Telegram: tass_world,tass_world,telegram,3009,7,network-wide,,,,0,czechia|deutsch|hungary|moldova|poland|romania|slovakia,credited-by-mirror
Telegram: InfodefSpectrum,InfodefSpectrum,telegram,3001,7,network-wide,,,,0,czechia|deutsch|hungary|moldova|poland|romania|slovakia,credited-by-mirror
Telegram: neuigkeiten_de,neuigkeiten_de,telegram,2977,1,exclusive,deutsch,,,0,deutsch,credited-by-mirror
Telegram: boris_rozhin,boris_rozhin,telegram,2930,7,network-wide,,,,0,czechia|deutsch|hungary|moldova|poland|romania|slovakia,credited-by-mirror
Telegram: Mikle1On,Mikle1On,telegram,2927,7,network-wide,,,,0,czechia|deutsch|hungary|moldova|poland|romania|slovakia,credited-by-mirror
vesti.ru,vesti.ru,domain,2917,7,network-wide,,,,0,czechia|deutsch|hungary|moldova|poland|romania|slovakia,credited-by-mirror
Telegram: moldavskii_piston,moldavskii_piston,telegram,2888,1,exclusive,moldova,,,0,moldova,credited-by-mirror
Telegram: analytik_news,analytik_news,telegram,2805,1,exclusive,deutsch,,,0,deutsch,credited-by-mirror
Telegram: inosmichannel,inosmichannel,telegram,2758,7,network-wide,,,,0,czechia|deutsch|hungary|moldova|poland|romania|slovakia,credited-by-mirror
tvzvezda.ru,tvzvezda.ru,domain,2743,7,network-wide,,,,0,czechia|deutsch|hungary|moldova|poland|romania|slovakia,credited-by-mirror
Telegram: vityzeva,vityzeva,telegram,2742,7,network-wide,,,,0,czechia|deutsch|hungary|moldova|poland|romania|slovakia,credited-by-mirror
Telegram: kanzlerdaddyDE,kanzlerdaddyDE,telegram,2689,1,exclusive,deutsch,,,0,deutsch,credited-by-mirror
Telegram: Miro_Del,Miro_Del,telegram,2665,2,shared,,,,0,czechia|slovakia,credited-by-mirror
Telegram: Bielsk_Podlaski,Bielsk_Podlaski,telegram,2597,1,exclusive,poland,,,0,poland,credited-by-mirror
Telegram: ukraina_ru,ukraina_ru,telegram,2594,7,network-wide,,,,0,czechia|deutsch|hungary|moldova|poland|romania|slovakia,credited-by-mirror
Telegram: dbkrieg,dbkrieg,telegram,2505,1,exclusive,deutsch,,,0,deutsch,credited-by-mirror
Telegram: wtfmoldova,wtfmoldova,telegram,2464,1,exclusive,moldova,,,0,moldova,credited-by-mirror
Telegram: lipca11,lipca11,telegram,2418,1,exclusive,poland,,,0,poland,credited-by-mirror
Telegram: TASS_europe,TASS_europe,telegram,2417,7,network-wide,,,,0,czechia|deutsch|hungary|moldova|poland|romania|slovakia,credited-by-mirror
Telegram: new_militarycolumnist,new_militarycolumnist,telegram,2410,7,network-wide,,,,0,czechia|deutsch|hungary|moldova|poland|romania|slovakia,credited-by-mirror
Telegram: ino_tv,ino_tv,telegram,2298,7,network-wide,,,,0,czechia|deutsch|hungary|moldova|poland|romania|slovakia,credited-by-mirror
Telegram: bbbreaking,bbbreaking,telegram,2245,7,network-wide,,,,0,czechia|deutsch|hungary|moldova|poland|romania|slovakia,credited-by-mirror
Telegram: historiaprawdziwymioczami,historiaprawdziwymioczami,telegram,2244,1,exclusive,poland,,,0,poland,credited-by-mirror
Telegram: ucrainaruseasca,ucrainaruseasca,telegram,2161,2,shared,,2024-06-17,2026-08-13,1,moldova|romania,credited-by-mirror
Telegram: RusBotschaft,RusBotschaft,telegram,2133,1,exclusive,deutsch,,,0,deutsch,credited-by-mirror
anna-news.info,anna-news.info,domain,2100,7,network-wide,,,,0,czechia|deutsch|hungary|moldova|poland|romania|slovakia,credited-by-mirror
Telegram: pozorovat,pozorovat,telegram,2088,2,shared,,,,0,czechia|slovakia,credited-by-mirror
Telegram: auf1tv,auf1tv,telegram,2080,1,exclusive,deutsch,,,0,deutsch,credited-by-mirror
Telegram: skabeeva,skabeeva,telegram,2039,7,network-wide,,,,0,czechia|deutsch|hungary|moldova|poland|romania|slovakia,credited-by-mirror
Telegram: neuesausrussland,neuesausrussland,telegram,2022,1,exclusive,deutsch,,,0,deutsch,credited-by-mirror
Telegram: radio_sputnik,radio_sputnik,telegram,2018,7,network-wide,,,,0,czechia|deutsch|hungary|moldova|poland|romania|slovakia,credited-by-mirror
Telegram: sashakots,sashakots,telegram,1974,7,network-wide,,,,0,czechia|deutsch|hungary|moldova|poland|romania|slovakia,credited-by-mirror
Telegram: pl_syrenka,pl_syrenka,telegram,1966,6,network-wide,,,,0,czechia|deutsch|hungary|poland|romania|slovakia,credited-by-mirror
Telegram: anna_news,anna_news,telegram,1959,7,network-wide,,,,0,czechia|deutsch|hungary|moldova|poland|romania|slovakia,credited-by-mirror
Telegram: tokanamd,tokanamd,telegram,1959,1,exclusive,moldova,,,0,moldova,credited-by-mirror
ura.news,ura.news,domain,1940,7,network-wide,,,,0,czechia|deutsch|hungary|moldova|poland|romania|slovakia,credited-by-mirror
Telegram: kornilov1968,kornilov1968,telegram,1939,7,network-wide,,,,0,czechia|deutsch|hungary|moldova|poland|romania|slovakia,credited-by-mirror
Telegram: ksbspravy,ksbspravy,telegram,1939,2,shared,,,,0,czechia|slovakia,credited-by-mirror
Telegram: MID_Russia,MID_Russia,telegram,1927,7,network-wide,,,,0,czechia|deutsch|hungary|moldova|poland|romania|slovakia,credited-by-mirror
Telegram: s4illimati,s4illimati,telegram,1914,2,shared,,,,0,czechia|slovakia,credited-by-mirror
Telegram: barantchik,barantchik,telegram,1911,7,network-wide,,,,0,czechia|deutsch|hungary|moldova|poland|romania|slovakia,credited-by-mirror
Telegram: rentv_news,rentv_news,telegram,1901,7,network-wide,,,,0,czechia|deutsch|hungary|moldova|poland|romania|slovakia,credited-by-mirror
Telegram: MeineDNEWS,MeineDNEWS,telegram,1878,1,exclusive,deutsch,,,0,deutsch,credited-by-mirror
Telegram: Lubos_D,Lubos_D,telegram,1862,2,shared,,,,0,czechia|slovakia,credited-by-mirror
Telegram: readovkanews,readovkanews,telegram,1854,7,network-wide,,,,0,czechia|deutsch|hungary|moldova|poland|romania|slovakia,credited-by-mirror
Telegram: wiedziecwiecej,wiedziecwiecej,telegram,1825,1,exclusive,poland,,,0,poland,credited-by-mirror
Telegram: Bieg_mysli,Bieg_mysli,telegram,1797,1,exclusive,poland,,,0,poland,credited-by-mirror
Telegram: neoficialniybezsonov,neoficialniybezsonov,telegram,1787,7,network-wide,,,,0,czechia|deutsch|hungary|moldova|poland|romania|slovakia,credited-by-mirror
Telegram: nstarikovru,nstarikovru,telegram,1783,7,network-wide,,,,0,czechia|deutsch|hungary|moldova|poland|romania|slovakia,credited-by-mirror
Telegram: nemdnews,nemdnews,telegram,1765,1,exclusive,moldova,,,0,moldova,credited-by-mirror
Telegram: zvezdanews,zvezdanews,telegram,1763,7,network-wide,,,,0,czechia|deutsch|hungary|moldova|poland|romania|slovakia,credited-by-mirror
Telegram: Lahme_Ente,Lahme_Ente,telegram,1762,1,exclusive,deutsch,,,0,deutsch,credited-by-mirror
Telegram: mardanaka,mardanaka,telegram,1742,7,network-wide,,,,0,czechia|deutsch|hungary|moldova|poland|romania|slovakia,credited-by-mirror
Telegram: ukr_leaks_sk,ukr_leaks_sk,telegram,1706,1,exclusive,slovakia,,,0,slovakia,credited-by-mirror
Telegram: yurasumy,yurasumy,telegram,1682,7,network-wide,,,,0,czechia|deutsch|hungary|moldova|poland|romania|slovakia,credited-by-mirror
Telegram: ntvnews,ntvnews,telegram,1676,7,network-wide,,,,0,czechia|deutsch|hungary|moldova|poland|romania|slovakia,credited-by-mirror
Telegram: putin_fanclub,putin_fanclub,telegram,1656,1,exclusive,deutsch,,,0,deutsch,credited-by-mirror
Telegram: primulinmd,primulinmd,telegram,1635,1,exclusive,moldova,,,0,moldova,credited-by-mirror
crimea.ria.ru,crimea.ria.ru,domain,1615,7,network-wide,,,,0,czechia|deutsch|hungary|moldova|poland|romania|slovakia,credited-by-mirror
Telegram: insider_md,insider_md,telegram,1605,1,exclusive,moldova,,,0,moldova,credited-by-mirror
Telegram: milinfolive,milinfolive,telegram,1533,7,network-wide,,,,0,czechia|deutsch|hungary|moldova|poland|romania|slovakia,credited-by-mirror
Telegram: Fluieras,Fluieras,telegram,1521,1,exclusive,moldova,,,0,moldova,credited-by-mirror
Telegram: ruptlyalert,ruptlyalert,telegram,1477,7,network-wide,,,,0,czechia|deutsch|hungary|moldova|poland|romania|slovakia,credited-by-mirror
ntv.ru,ntv.ru,domain,1394,7,network-wide,,,,0,czechia|deutsch|hungary|moldova|poland|romania|slovakia,credited-by-mirror
Telegram: smotri_media,smotri_media,telegram,1392,7,network-wide,,,,0,czechia|deutsch|hungary|moldova|poland|romania|slovakia,credited-by-mirror
Telegram: mod_russia,mod_russia,telegram,1390,7,network-wide,,,,0,czechia|deutsch|hungary|moldova|poland|romania|slovakia,credited-by-mirror
Telegram: ukr_leaks_hu,ukr_leaks_hu,telegram,1357,1,exclusive,hungary,,,0,hungary,credited-by-mirror
Telegram: dr_alex_sosnowski,dr_alex_sosnowski,telegram,1352,7,network-wide,,,,0,czechia|deutsch|hungary|moldova|poland|romania|slovakia,credited-by-mirror
Telegram: tv6moldovanews,tv6moldovanews,telegram,1335,1,exclusive,moldova,,,0,moldova,credited-by-mirror
Telegram: CMS_DD,CMS_DD,telegram,1328,1,exclusive,deutsch,,,0,deutsch,credited-by-mirror
Telegram: kurier_news,kurier_news,telegram,1293,1,exclusive,poland,,,0,poland,credited-by-mirror
Telegram: MoldovaAdevarata,MoldovaAdevarata,telegram,1292,1,exclusive,moldova,,,0,moldova,credited-by-mirror
Telegram: newsfrontnotes,newsfrontnotes,telegram,1290,7,network-wide,,,,0,czechia|deutsch|hungary|moldova|poland|romania|slovakia,credited-by-mirror
Telegram: wojNaWUARus,wojNaWUARus,telegram,1288,1,exclusive,poland,,,0,poland,credited-by-mirror
MAX ukr_2025_ru,MAX ukr_2025_ru,max,1256,7,network-wide,,,,0,czechia|deutsch|hungary|moldova|poland|romania|slovakia,credited-by-mirror
1tv.ru,1tv.ru,domain,1231,7,network-wide,,,,0,czechia|deutsch|hungary|moldova|poland|romania|slovakia,credited-by-mirror
Telegram: taxeles,taxeles,telegram,1231,1,exclusive,deutsch,,,0,deutsch,credited-by-mirror
Telegram: otryadkovpaka,otryadkovpaka,telegram,1212,7,network-wide,,,,0,czechia|deutsch|hungary|moldova|poland|romania|slovakia,credited-by-mirror
Telegram: ruskitroll,ruskitroll,telegram,1205,1,exclusive,poland,,,0,poland,credited-by-mirror
Telegram: onciu,onciu,telegram,1200,2,shared,,2024-08-20,2026-08-13,1,moldova|romania,credited-by-mirror
Telegram: warfakes,warfakes,telegram,1197,7,network-wide,,,,0,czechia|deutsch|hungary|moldova|poland|romania|slovakia,credited-by-mirror
Telegram: GeheimesWissenDerEliten,GeheimesWissenDerEliten,telegram,1195,1,exclusive,deutsch,,,0,deutsch,credited-by-mirror
MAX politnavigator,MAX politnavigator,max,1189,7,network-wide,,,,0,czechia|deutsch|hungary|moldova|poland|romania|slovakia,credited-by-mirror
Telegram: Folgedemplan,Folgedemplan,telegram,1159,1,exclusive,deutsch,,,0,deutsch,credited-by-mirror
Telegram: WarDonbass,WarDonbass,telegram,1130,7,network-wide,,,,0,czechia|deutsch|hungary|moldova|poland|romania|slovakia,credited-by-mirror
Telegram: tvotv_sk,tvotv_sk,telegram,1127,2,shared,,,,0,czechia|slovakia,credited-by-mirror
Telegram: news_1tv,news_1tv,telegram,1124,7,network-wide,,,,0,czechia|deutsch|hungary|moldova|poland|romania|slovakia,credited-by-mirror
Telegram: belarusian_silovik,belarusian_silovik,telegram,1095,7,network-wide,,,,0,czechia|deutsch|hungary|moldova|poland|romania|slovakia,credited-by-mirror
Telegram: ProRU_BY,ProRU_BY,telegram,1094,1,exclusive,moldova,,,0,moldova,credited-by-mirror
Telegram: nachhallvonhelgoland,nachhallvonhelgoland,telegram,1080,1,exclusive,deutsch,,,0,deutsch,credited-by-mirror
Telegram: Berlin247nachrichten,Berlin247nachrichten,telegram,1080,1,exclusive,deutsch,,,0,deutsch,credited-by-mirror
Telegram: FlorianGeyer2024,FlorianGeyer2024,telegram,1070,1,exclusive,deutsch,,,0,deutsch,credited-by-mirror
Telegram: DeputatZhuravlev,DeputatZhuravlev,telegram,1057,7,network-wide,,,,0,czechia|deutsch|hungary|moldova|poland|romania|slovakia,credited-by-mirror
Telegram: rusich_army,rusich_army,telegram,1040,7,network-wide,,,,0,czechia|deutsch|hungary|moldova|poland|romania|slovakia,credited-by-mirror
Telegram: karavana33,karavana33,telegram,1038,1,exclusive,slovakia,,,0,slovakia,credited-by-mirror
Telegram: MilThemeZ,MilThemeZ,telegram,1019,7,network-wide,,,,0,czechia|deutsch|hungary|moldova|poland|romania|slovakia,credited-by-mirror
baltnews.com,baltnews.com,domain,1006,7,network-wide,,,,0,czechia|deutsch|hungary|moldova|poland|romania|slovakia,credited-by-mirror
Telegram: naspravdiinfo,naspravdiinfo,telegram,1000,7,network-wide,,,,0,czechia|deutsch|hungary|moldova|poland|romania|slovakia,credited-by-mirror
Telegram: GardeZ66,GardeZ66,telegram,997,7,network-wide,,,,0,czechia|deutsch|hungary|moldova|poland|romania|slovakia,credited-by-mirror
Telegram: Erich_Weise,Erich_Weise,telegram,990,1,exclusive,deutsch,,,0,deutsch,credited-by-mirror
Telegram: portalmarker,portalmarker,telegram,980,1,exclusive,slovakia,,,0,slovakia,credited-by-mirror
Telegram: Haintz,Haintz,telegram,962,1,exclusive,deutsch,,,0,deutsch,credited-by-mirror
Telegram: Slovensko_slovakom,Slovensko_slovakom,telegram,956,2,shared,,,,0,czechia|slovakia,credited-by-mirror
Telegram: SergeyKolyasnikov,SergeyKolyasnikov,telegram,942,7,network-wide,,,,0,czechia|deutsch|hungary|moldova|poland|romania|slovakia,credited-by-mirror
Telegram: logikamarkova,logikamarkova,telegram,926,7,network-wide,,,,0,czechia|deutsch|hungary|moldova|poland|romania|slovakia,credited-by-mirror
MAX sputnikmd,MAX sputnikmd,max,924,1,exclusive,moldova,,,0,moldova,credited-by-mirror
Telegram: mv6566,mv6566,telegram,919,3,shared,,,,0,moldova|romania|slovakia,credited-by-mirror
Telegram: jasnowidzsiostryjasnowidzki,jasnowidzsiostryjasnowidzki,telegram,917,1,exclusive,poland,,,0,poland,credited-by-mirror
Telegram: ceskytesin_chranme_nase_deti,ceskytesin_chranme_nase_deti,telegram,905,2,shared,,,,0,czechia|slovakia,credited-by-mirror
Telegram: michalapetr,michalapetr,telegram,903,1,exclusive,czechia,,,0,czechia,credited-by-mirror
Telegram: SMERSD,SMERSD,telegram,903,2,shared,,,,0,czechia|slovakia,credited-by-mirror
Telegram: tv360,tv360,telegram,879,7,network-wide,,,,0,czechia|deutsch|hungary|moldova|poland|romania|slovakia,credited-by-mirror
Telegram: SlobodaPrejavu,SlobodaPrejavu,telegram,865,2,shared,,,,0,czechia|slovakia,credited-by-mirror
Telegram: slovanskyvybor,slovanskyvybor,telegram,848,2,shared,,,,0,czechia|slovakia,credited-by-mirror
Telegram: btr80,btr80,telegram,832,7,network-wide,,,,0,czechia|deutsch|hungary|moldova|poland|romania|slovakia,credited-by-mirror
Telegram: alexey_pushkov,alexey_pushkov,telegram,827,7,network-wide,,,,0,czechia|deutsch|hungary|moldova|poland|romania|slovakia,credited-by-mirror
Telegram: aklintsevich,aklintsevich,telegram,779,7,network-wide,,,,0,czechia|deutsch|hungary|moldova|poland|romania|slovakia,credited-by-mirror
Telegram: voelkerderwelt,voelkerderwelt,telegram,776,1,exclusive,deutsch,,,0,deutsch,credited-by-mirror
Telegram: NasonovLive,NasonovLive,telegram,774,7,network-wide,,,,0,czechia|deutsch|hungary|moldova|poland|romania|slovakia,credited-by-mirror
Telegram: voenkorKotenok,voenkorKotenok,telegram,773,7,network-wide,,,,0,czechia|deutsch|hungary|moldova|poland|romania|slovakia,credited-by-mirror
Telegram: gerilla_franciaorszag,gerilla_franciaorszag,telegram,769,1,exclusive,hungary,,,0,hungary,credited-by-mirror
Telegram: wargonzo,wargonzo,telegram,768,7,network-wide,,,,0,czechia|deutsch|hungary|moldova|poland|romania|slovakia,credited-by-mirror
Telegram: narodnyodboj,narodnyodboj,telegram,764,2,shared,,,,0,czechia|slovakia,credited-by-mirror
Telegram: kanzlerdaddy,kanzlerdaddy,telegram,763,7,network-wide,,,,0,czechia|deutsch|hungary|moldova|poland|romania|slovakia,credited-by-mirror
Telegram: zhivoff,zhivoff,telegram,741,7,network-wide,,,,0,czechia|deutsch|hungary|moldova|poland|romania|slovakia,credited-by-mirror
MAX lomovka,MAX lomovka,max,740,7,network-wide,,,,0,czechia|deutsch|hungary|moldova|poland|romania|slovakia,credited-by-mirror
Telegram: rbc_news,rbc_news,telegram,739,7,network-wide,,,,0,czechia|deutsch|hungary|moldova|poland|romania|slovakia,credited-by-mirror
Telegram: uranews,uranews,telegram,735,7,network-wide,,,,0,czechia|deutsch|hungary|moldova|poland|romania|slovakia,credited-by-mirror
Telegram: ambasadarusiei,ambasadarusiei,telegram,731,1,exclusive,romania,2024-03-23,2026-08-11,1,romania,credited-by-mirror
Telegram: kommersant,kommersant,telegram,721,7,network-wide,,,,0,czechia|deutsch|hungary|moldova|poland|romania|slovakia,credited-by-mirror
Telegram: ramzayiegokomanda,ramzayiegokomanda,telegram,719,7,network-wide,,,,0,czechia|deutsch|hungary|moldova|poland|romania|slovakia,credited-by-mirror
Telegram: fruehwaldinformiert,fruehwaldinformiert,telegram,717,1,exclusive,deutsch,,,0,deutsch,credited-by-mirror
Telegram: rusputnikmd_2,rusputnikmd_2,telegram,717,2,shared,,,,0,moldova|romania,credited-by-mirror
Telegram: trenduripoliticeactuale,trenduripoliticeactuale,telegram,715,2,shared,,,,0,moldova|romania,credited-by-mirror
Telegram: sskarnaukhov,sskarnaukhov,telegram,698,7,network-wide,,,,0,czechia|deutsch|hungary|moldova|poland|romania|slovakia,credited-by-mirror
Telegram: EvPanina,EvPanina,telegram,688,7,network-wide,,,,0,czechia|deutsch|hungary|moldova|poland|romania|slovakia,credited-by-mirror
Telegram: zvezda_analytics,zvezda_analytics,telegram,680,7,network-wide,,,,0,czechia|deutsch|hungary|moldova|poland|romania|slovakia,credited-by-mirror
Telegram: izvestia_ru,izvestia_ru,telegram,674,7,network-wide,,,,0,czechia|deutsch|hungary|moldova|poland|romania|slovakia,credited-by-mirror
Telegram: glavpolit,glavpolit,telegram,672,7,network-wide,,,,0,czechia|deutsch|hungary|moldova|poland|romania|slovakia,credited-by-mirror
Telegram: tirdea,tirdea,telegram,666,2,shared,,,,0,moldova|romania,credited-by-mirror
Telegram: truekpru,truekpru,telegram,665,7,network-wide,,,,0,czechia|deutsch|hungary|moldova|poland|romania|slovakia,credited-by-mirror
Telegram: mimisramova,mimisramova,telegram,663,2,shared,,,,0,czechia|slovakia,credited-by-mirror
Telegram: node_of_time_RUS,node_of_time_RUS,telegram,661,7,network-wide,,,,0,czechia|deutsch|hungary|moldova|poland|romania|slovakia,credited-by-mirror
Telegram: MariaVladimirovnaZakharova,MariaVladimirovnaZakharova,telegram,661,7,network-wide,,,,0,czechia|deutsch|hungary|moldova|poland|romania|slovakia,credited-by-mirror
Telegram: rian_crimea,rian_crimea,telegram,657,7,network-wide,,,,0,czechia|deutsch|hungary|moldova|poland|romania|slovakia,credited-by-mirror
Telegram: Kartenaufdeckung,Kartenaufdeckung,telegram,650,1,exclusive,deutsch,,,0,deutsch,credited-by-mirror
Telegram: velvyslanectvoruska,velvyslanectvoruska,telegram,648,6,network-wide,,,,0,czechia|deutsch|hungary|poland|romania|slovakia,credited-by-mirror
MAX rbc,MAX rbc,max,645,7,network-wide,,,,0,czechia|deutsch|hungary|moldova|poland|romania|slovakia,credited-by-mirror
Telegram: RusEmbHungary,RusEmbHungary,telegram,645,1,exclusive,hungary,,,0,hungary,credited-by-mirror
Telegram: MaksLifeOff,MaksLifeOff,telegram,643,7,network-wide,,,,0,czechia|deutsch|hungary|moldova|poland|romania|slovakia,credited-by-mirror
Telegram: moldovaelections,moldovaelections,telegram,643,1,exclusive,moldova,,,0,moldova,credited-by-mirror
Telegram: tarik_news,tarik_news,telegram,634,1,exclusive,moldova,,,0,moldova,credited-by-mirror
Telegram: malekdudakov,malekdudakov,telegram,632,7,network-wide,,,,0,czechia|deutsch|hungary|moldova|poland|romania|slovakia,credited-by-mirror
Telegram: voin_dv,voin_dv,telegram,632,7,network-wide,,,,0,czechia|deutsch|hungary|moldova|poland|romania|slovakia,credited-by-mirror
Telegram: evgeniy_lisitsyn,evgeniy_lisitsyn,telegram,628,7,network-wide,,,,0,czechia|deutsch|hungary|moldova|poland|romania|slovakia,credited-by-mirror
Telegram: ASGasparyan,ASGasparyan,telegram,627,7,network-wide,,,,0,czechia|deutsch|hungary|moldova|poland|romania|slovakia,credited-by-mirror
Telegram: GHZFriedrichMaik,GHZFriedrichMaik,telegram,615,2,shared,,,,0,czechia|deutsch,credited-by-mirror
Telegram: rbc_sport,rbc_sport,telegram,613,7,network-wide,,,,0,czechia|deutsch|hungary|moldova|poland|romania|slovakia,credited-by-mirror
Telegram: wjatscheslawseewald,wjatscheslawseewald,telegram,613,1,exclusive,deutsch,,,0,deutsch,credited-by-mirror
MAX OstashkoNews,MAX OstashkoNews,max,608,7,network-wide,,,,0,czechia|deutsch|hungary|moldova|poland|romania|slovakia,credited-by-mirror
Telegram: breakingmash,breakingmash,telegram,604,7,network-wide,,,,0,czechia|deutsch|hungary|moldova|poland|romania|slovakia,credited-by-mirror
Telegram: DonbassINFO,DonbassINFO,telegram,603,1,exclusive,deutsch,,,0,deutsch,credited-by-mirror
Telegram: sheyhtamir1974,sheyhtamir1974,telegram,599,4,shared,,,,0,hungary|moldova|poland|slovakia,credited-by-mirror
Telegram: epoddubny,epoddubny,telegram,598,7,network-wide,,,,0,czechia|deutsch|hungary|moldova|poland|romania|slovakia,credited-by-mirror
Telegram: vasespravy,vasespravy,telegram,596,1,exclusive,slovakia,,,0,slovakia,credited-by-mirror
MAX aif,MAX aif,max,589,7,network-wide,,,,0,czechia|deutsch|hungary|moldova|poland|romania|slovakia,credited-by-mirror
Telegram: evropar,evropar,telegram,587,7,network-wide,,,,0,czechia|deutsch|hungary|moldova|poland|romania|slovakia,credited-by-mirror
Telegram: RtrDonetsk,RtrDonetsk,telegram,566,7,network-wide,,,,0,czechia|deutsch|hungary|moldova|poland|romania|slovakia,credited-by-mirror
Telegram: politjoystic,politjoystic,telegram,566,7,network-wide,,,,0,czechia|deutsch|hungary|moldova|poland|romania|slovakia,credited-by-mirror
Telegram: dennis_riehle_news,dennis_riehle_news,telegram,554,1,exclusive,deutsch,,,0,deutsch,credited-by-mirror
Telegram: mdprotest,mdprotest,telegram,548,2,shared,,,,0,moldova|romania,credited-by-mirror
MAX tass_agency,MAX tass_agency,max,539,7,network-wide,,,,0,czechia|deutsch|hungary|moldova|poland|romania|slovakia,credited-by-mirror
Telegram: PomyslyCiekawostkiFantazje,PomyslyCiekawostkiFantazje,telegram,526,1,exclusive,poland,,,0,poland,credited-by-mirror
Telegram: marochkolive,marochkolive,telegram,523,7,network-wide,,,,0,czechia|deutsch|hungary|moldova|poland|romania|slovakia,credited-by-mirror
Telegram: utopiaAnti,utopiaAnti,telegram,522,1,exclusive,slovakia,,,0,slovakia,credited-by-mirror
Telegram: mirgagauzia,mirgagauzia,telegram,514,1,exclusive,moldova,,,0,moldova,credited-by-mirror
Telegram: RusBotWien_DE,RusBotWien_DE,telegram,512,1,exclusive,deutsch,,,0,deutsch,credited-by-mirror
Telegram: HersonVestnik,HersonVestnik,telegram,508,7,network-wide,,,,0,czechia|deutsch|hungary|moldova|poland|romania|slovakia,credited-by-mirror
Telegram: alexandr_malkevich,alexandr_malkevich,telegram,501,7,network-wide,,,,0,czechia|deutsch|hungary|moldova|poland|romania|slovakia,credited-by-mirror
Telegram: pdmnews,pdmnews,telegram,500,7,network-wide,,,,0,czechia|deutsch|hungary|moldova|poland|romania|slovakia,credited-by-mirror
Telegram: politik_fuer_blondinen,politik_fuer_blondinen,telegram,491,1,exclusive,deutsch,,,0,deutsch,credited-by-mirror
Telegram: svarschiki,svarschiki,telegram,487,7,network-wide,,,,0,czechia|deutsch|hungary|moldova|poland|romania|slovakia,credited-by-mirror
Telegram: milankrajcacz,milankrajcacz,telegram,485,1,exclusive,czechia,,,0,czechia,credited-by-mirror
Telegram: shot_shot,shot_shot,telegram,481,7,network-wide,,,,0,czechia|deutsch|hungary|moldova|poland|romania|slovakia,credited-by-mirror
Telegram: balkanar,balkanar,telegram,481,7,network-wide,,,,0,czechia|deutsch|hungary|moldova|poland|romania|slovakia,credited-by-mirror
Telegram: mig41,mig41,telegram,480,7,network-wide,,,,0,czechia|deutsch|hungary|moldova|poland|romania|slovakia,credited-by-mirror
Telegram: RussianCanadianNews,RussianCanadianNews,telegram,479,1,exclusive,moldova,,,0,moldova,credited-by-mirror
Telegram: canal5ru,canal5ru,telegram,472,1,exclusive,moldova,,,0,moldova,credited-by-mirror
Telegram: global_affairs_byelena,global_affairs_byelena,telegram,470,1,exclusive,deutsch,,,0,deutsch,credited-by-mirror
Telegram: oplotdvizh,oplotdvizh,telegram,467,7,network-wide,,,,0,czechia|deutsch|hungary|moldova|poland|romania|slovakia,credited-by-mirror
Telegram: aeronetnews,aeronetnews,telegram,463,1,exclusive,czechia,,,0,czechia,credited-by-mirror
Telegram: aufbruchfrieden,aufbruchfrieden,telegram,462,1,exclusive,deutsch,,,0,deutsch,credited-by-mirror
Telegram: enewsmd,enewsmd,telegram,458,2,shared,,,,0,moldova|romania,credited-by-mirror
Telegram: PoDrugiejStronie,PoDrugiejStronie,telegram,453,1,exclusive,poland,,,0,poland,credited-by-mirror
Telegram: Republic_Of_GaGauzia,Republic_Of_GaGauzia,telegram,451,2,shared,,,,0,moldova|romania,credited-by-mirror
MAX ria,MAX ria,max,445,7,network-wide,,,,0,czechia|deutsch|hungary|moldova|poland|romania|slovakia,credited-by-mirror
MAX kommersant,MAX kommersant,max,444,7,network-wide,,,,0,czechia|deutsch|hungary|moldova|poland|romania|slovakia,credited-by-mirror
Telegram: rusvesnasu,rusvesnasu,telegram,437,7,network-wide,,,,0,czechia|deutsch|hungary|moldova|poland|romania|slovakia,credited-by-mirror
Telegram: gagauznewsmd,gagauznewsmd,telegram,431,3,shared,,,,0,hungary|moldova|romania,credited-by-mirror
Telegram: SMIcrimea,SMIcrimea,telegram,429,7,network-wide,,,,0,czechia|deutsch|hungary|moldova|poland|romania|slovakia,credited-by-mirror
Telegram: rusaccent,rusaccent,telegram,423,7,network-wide,,,,0,czechia|deutsch|hungary|moldova|poland|romania|slovakia,credited-by-mirror
Telegram: notes_veterans,notes_veterans,telegram,422,7,network-wide,,,,0,czechia|deutsch|hungary|moldova|poland|romania|slovakia,credited-by-mirror
Telegram: PolitischeBilder,PolitischeBilder,telegram,419,1,exclusive,deutsch,,,0,deutsch,credited-by-mirror
Telegram: bullenundbaeren,bullenundbaeren,telegram,419,1,exclusive,deutsch,,,0,deutsch,credited-by-mirror
mil.ru,mil.ru,domain,417,7,network-wide,,,,0,czechia|deutsch|hungary|moldova|poland|romania|slovakia,credited-by-mirror
MAX SolovievLive,MAX SolovievLive,max,415,7,network-wide,,,,0,czechia|deutsch|hungary|moldova|poland|romania|slovakia,credited-by-mirror
Telegram: GrafinyaNegoduet,GrafinyaNegoduet,telegram,410,7,network-wide,,,,0,czechia|deutsch|hungary|moldova|poland|romania|slovakia,credited-by-mirror
MAX makslifeoff,MAX makslifeoff,max,410,7,network-wide,,,,0,czechia|deutsch|hungary|moldova|poland|romania|slovakia,credited-by-mirror
Telegram: Belarus_VPO,Belarus_VPO,telegram,410,7,network-wide,,,,0,czechia|deutsch|hungary|moldova|poland|romania|slovakia,credited-by-mirror
Telegram: vrogov,vrogov,telegram,408,7,network-wide,,,,0,czechia|deutsch|hungary|moldova|poland|romania|slovakia,credited-by-mirror
Telegram: Pozyteczne_Smiglo,Pozyteczne_Smiglo,telegram,406,1,exclusive,poland,,,0,poland,credited-by-mirror
gazetacrimea.ru,gazetacrimea.ru,domain,402,7,network-wide,,,,0,czechia|deutsch|hungary|moldova|poland|romania|slovakia,credited-by-mirror
Telegram: krujka_md,krujka_md,telegram,401,1,exclusive,moldova,,,0,moldova,credited-by-mirror
Telegram: multipolar_news,multipolar_news,telegram,393,1,exclusive,deutsch,,,0,deutsch,credited-by-mirror
Telegram: zvezdalive,zvezdalive,telegram,390,7,network-wide,,,,0,czechia|deutsch|hungary|moldova|poland|romania|slovakia,credited-by-mirror
Telegram: cz24news,cz24news,telegram,380,2,shared,,,,0,czechia|slovakia,credited-by-mirror
MAX mir_tass,MAX mir_tass,max,380,7,network-wide,,,,0,czechia|deutsch|hungary|moldova|poland|romania|slovakia,credited-by-mirror
Telegram: vladfilat1,vladfilat1,telegram,375,2,shared,,,,0,moldova|romania,credited-by-mirror
MAX lv_sputniknews_ru,MAX lv_sputniknews_ru,max,372,7,network-wide,,,,0,czechia|deutsch|hungary|moldova|poland|romania|slovakia,credited-by-mirror
rubaltic.ru,rubaltic.ru,domain,372,7,network-wide,,,,0,czechia|deutsch|hungary|moldova|poland|romania|slovakia,credited-by-mirror
Telegram: opersvodki,opersvodki,telegram,370,7,network-wide,,,,0,czechia|deutsch|hungary|moldova|poland|romania|slovakia,credited-by-mirror
Telegram: voenacher,voenacher,telegram,369,7,network-wide,,,,0,czechia|deutsch|hungary|moldova|poland|romania|slovakia,credited-by-mirror
geopolitika.ru,geopolitika.ru,domain,368,6,network-wide,,,,0,czechia|deutsch|hungary|poland|romania|slovakia,credited-by-mirror
Telegram: RealDonaldoTrumpo,RealDonaldoTrumpo,telegram,365,1,exclusive,czechia,,,0,czechia,credited-by-mirror
Telegram: the_other_Ukraine,the_other_Ukraine,telegram,364,3,shared,,,,0,deutsch|moldova|poland,credited-by-mirror
MAX izvestia,MAX izvestia,max,363,7,network-wide,,,,0,czechia|deutsch|hungary|moldova|poland|romania|slovakia,credited-by-mirror
Telegram: Sladkov_plus,Sladkov_plus,telegram,361,7,network-wide,,,,0,czechia|deutsch|hungary|moldova|poland|romania|slovakia,credited-by-mirror
Telegram: special_authors,special_authors,telegram,359,7,network-wide,,,,0,czechia|deutsch|hungary|moldova|poland|romania|slovakia,credited-by-mirror
Telegram: Republlic_Of_GaGauZia,Republlic_Of_GaGauZia,telegram,355,1,exclusive,moldova,,,0,moldova,credited-by-mirror
Telegram: latebuimistru,latebuimistru,telegram,353,1,exclusive,moldova,,,0,moldova,credited-by-mirror
Telegram: gagauzreal,gagauzreal,telegram,353,1,exclusive,moldova,,,0,moldova,credited-by-mirror
Telegram: tlamiczka_public,tlamiczka_public,telegram,347,1,exclusive,czechia,,,0,czechia,credited-by-mirror
Telegram: Geopolitika_de,Geopolitika_de,telegram,344,1,exclusive,deutsch,,,0,deutsch,credited-by-mirror
Telegram: readovkaru,readovkaru,telegram,343,7,network-wide,,,,0,czechia|deutsch|hungary|moldova|poland|romania|slovakia,credited-by-mirror
Telegram: prime1,prime1,telegram,343,7,network-wide,,,,0,czechia|deutsch|hungary|moldova|poland|romania|slovakia,credited-by-mirror
MAX RT,MAX RT,max,331,7,network-wide,,,,0,czechia|deutsch|hungary|moldova|poland|romania|slovakia,credited-by-mirror
Telegram: FriedensstifterLIVE,FriedensstifterLIVE,telegram,331,1,exclusive,deutsch,,,0,deutsch,credited-by-mirror
Telegram: slavaded1337,slavaded1337,telegram,330,7,network-wide,,,,0,czechia|deutsch|hungary|moldova|poland|romania|slovakia,credited-by-mirror
Telegram: OvertonMagazin,OvertonMagazin,telegram,330,1,exclusive,deutsch,,,0,deutsch,credited-by-mirror
Telegram: Tom_Texas,Tom_Texas,telegram,330,1,exclusive,deutsch,,,0,deutsch,credited-by-mirror
Telegram: slutsky_l,slutsky_l,telegram,328,7,network-wide,,,,0,czechia|deutsch|hungary|moldova|poland|romania|slovakia,credited-by-mirror
Telegram: Moldav_svyaz,Moldav_svyaz,telegram,324,1,exclusive,moldova,,,0,moldova,credited-by-mirror
Telegram: gagauztv,gagauztv,telegram,321,1,exclusive,moldova,,,0,moldova,credited-by-mirror
Telegram: Rogandar,Rogandar,telegram,321,1,exclusive,moldova,,,0,moldova,credited-by-mirror
Telegram: annakubalainfo,annakubalainfo,telegram,320,1,exclusive,poland,,,0,poland,credited-by-mirror
Telegram: HolistischeGesundheitHeilung,HolistischeGesundheitHeilung,telegram,318,1,exclusive,deutsch,,,0,deutsch,credited-by-mirror
Telegram: youlistenedmayak,youlistenedmayak,telegram,315,7,network-wide,,,,0,czechia|deutsch|hungary|moldova|poland|romania|slovakia,credited-by-mirror
Telegram: tvcrimea24,tvcrimea24,telegram,312,6,network-wide,,,,0,czechia|deutsch|hungary|moldova|poland|romania,credited-by-mirror
Telegram: aktaxcz,aktaxcz,telegram,311,1,exclusive,czechia,,,0,czechia,credited-by-mirror
MAX RVvoenkor,MAX RVvoenkor,max,311,7,network-wide,,,,0,czechia|deutsch|hungary|moldova|poland|romania|slovakia,credited-by-mirror
crimea24tv.ru,crimea24tv.ru,domain,309,7,network-wide,,,,0,czechia|deutsch|hungary|moldova|poland|romania|slovakia,credited-by-mirror
Telegram: RussiaGeneva,RussiaGeneva,telegram,309,7,network-wide,,,,0,czechia|deutsch|hungary|moldova|poland|romania|slovakia,credited-by-mirror
radiosputnik.ru,radiosputnik.ru,domain,307,7,network-wide,,,,0,czechia|deutsch|hungary|moldova|poland|romania|slovakia,credited-by-mirror
Telegram: tvc_ru,tvc_ru,telegram,306,7,network-wide,,,,0,czechia|deutsch|hungary|moldova|poland|romania|slovakia,credited-by-mirror
Telegram: alexbobrowski,alexbobrowski,telegram,302,7,network-wide,,,,0,czechia|deutsch|hungary|moldova|poland|romania|slovakia,credited-by-mirror
Telegram: zakharprilepin,zakharprilepin,telegram,302,7,network-wide,,,,0,czechia|deutsch|hungary|moldova|poland|romania|slovakia,credited-by-mirror
Telegram: chubashenko,chubashenko,telegram,302,2,shared,,,,0,moldova|romania,credited-by-mirror
Telegram: mk_ru,mk_ru,telegram,297,7,network-wide,,,,0,czechia|deutsch|hungary|moldova|poland|romania|slovakia,credited-by-mirror
Telegram: lajdak_oficjalny,lajdak_oficjalny,telegram,297,1,exclusive,poland,,,0,poland,credited-by-mirror
Telegram: senatorDzhabarov,senatorDzhabarov,telegram,295,7,network-wide,,,,0,czechia|deutsch|hungary|moldova|poland|romania|slovakia,credited-by-mirror
Telegram: Kampf_fuer_unsere_Zukunft,Kampf_fuer_unsere_Zukunft,telegram,295,1,exclusive,deutsch,,,0,deutsch,credited-by-mirror
Telegram: investigativnyblogSK,investigativnyblogSK,telegram,291,2,shared,,,,0,czechia|slovakia,credited-by-mirror
Telegram: michalzoldy,michalzoldy,telegram,291,1,exclusive,slovakia,,,0,slovakia,credited-by-mirror
Telegram: BRATzaBRATA_PRAVDA,BRATzaBRATA_PRAVDA,telegram,291,1,exclusive,slovakia,,,0,slovakia,credited-by-mirror
Telegram: kommunist,kommunist,telegram,289,7,network-wide,,,,0,czechia|deutsch|hungary|moldova|poland|romania|slovakia,credited-by-mirror
Telegram: Berlinspeaks,Berlinspeaks,telegram,287,1,exclusive,deutsch,,,0,deutsch,credited-by-mirror
Telegram: suvorovdnestr,suvorovdnestr,telegram,287,1,exclusive,moldova,,,0,moldova,credited-by-mirror
Telegram: zimovskyAL,zimovskyAL,telegram,285,7,network-wide,,,,0,czechia|deutsch|hungary|moldova|poland|romania|slovakia,credited-by-mirror
Telegram: kozakrichala,kozakrichala,telegram,283,5,network-wide,,,,0,deutsch|hungary|moldova|poland|romania,credited-by-mirror
MAX Mikle1On,MAX Mikle1On,max,281,7,network-wide,,,,0,czechia|deutsch|hungary|moldova|poland|romania|slovakia,credited-by-mirror
MAX sputniklive,MAX sputniklive,max,281,7,network-wide,,,,0,czechia|deutsch|hungary|moldova|poland|romania|slovakia,credited-by-mirror
Telegram: MAYDNR,MAYDNR,telegram,278,7,network-wide,,,,0,czechia|deutsch|hungary|moldova|poland|romania|slovakia,credited-by-mirror
Telegram: mezyukho,mezyukho,telegram,277,7,network-wide,,,,0,czechia|deutsch|hungary|moldova|poland|romania|slovakia,credited-by-mirror
Telegram: vysokygovorit,vysokygovorit,telegram,275,7,network-wide,,,,0,czechia|deutsch|hungary|moldova|poland|romania|slovakia,credited-by-mirror
Telegram: a_kuzichev,a_kuzichev,telegram,273,7,network-wide,,,,0,czechia|deutsch|hungary|moldova|poland|romania|slovakia,credited-by-mirror
Telegram: sledcom_press,sledcom_press,telegram,272,7,network-wide,,,,0,czechia|deutsch|hungary|moldova|poland|romania|slovakia,credited-by-mirror
Telegram: EisernerVorhang,EisernerVorhang,telegram,271,1,exclusive,deutsch,,,0,deutsch,credited-by-mirror
Telegram: stranaSNS,stranaSNS,telegram,268,1,exclusive,slovakia,,,0,slovakia,credited-by-mirror
Telegram: bazabazon,bazabazon,telegram,263,7,network-wide,,,,0,czechia|deutsch|hungary|moldova|poland|romania|slovakia,credited-by-mirror
Telegram: russianews12,russianews12,telegram,263,1,exclusive,slovakia,,,0,slovakia,credited-by-mirror
Telegram: maximgrigoryev,maximgrigoryev,telegram,262,7,network-wide,,,,0,czechia|deutsch|hungary|moldova|poland|romania|slovakia,credited-by-mirror
Telegram: rusengineer,rusengineer,telegram,262,7,network-wide,,,,0,czechia|deutsch|hungary|moldova|poland|romania|slovakia,credited-by-mirror
MAX tsargrad,MAX tsargrad,max,262,7,network-wide,,,,0,czechia|deutsch|hungary|moldova|poland|romania|slovakia,credited-by-mirror
Telegram: golosmordora,golosmordora,telegram,261,7,network-wide,,,,0,czechia|deutsch|hungary|moldova|poland|romania|slovakia,credited-by-mirror
focus.de,focus.de,domain,261,1,exclusive,deutsch,,,0,deutsch,credited-by-mirror
Telegram: FrMaWa,FrMaWa,telegram,258,1,exclusive,deutsch,,,0,deutsch,credited-by-mirror
Telegram: DmitriySteshin,DmitriySteshin,telegram,256,7,network-wide,,,,0,czechia|deutsch|hungary|moldova|poland|romania|slovakia,credited-by-mirror
Telegram: antiilluminaten,antiilluminaten,telegram,254,1,exclusive,deutsch,,,0,deutsch,credited-by-mirror
Telegram: pukasz444,pukasz444,telegram,248,1,exclusive,poland,,,0,poland,credited-by-mirror
Telegram: marianduris,marianduris,telegram,248,1,exclusive,slovakia,,,0,slovakia,credited-by-mirror
Telegram: infrarotsichtinsdunkel,infrarotsichtinsdunkel,telegram,246,1,exclusive,deutsch,,,0,deutsch,credited-by-mirror
Telegram: condottieros,condottieros,telegram,244,6,network-wide,,,,0,czechia|deutsch|hungary|moldova|poland|romania,credited-by-mirror
Telegram: zapravduzp,zapravduzp,telegram,243,7,network-wide,,,,0,czechia|deutsch|hungary|moldova|poland|romania|slovakia,credited-by-mirror
Telegram: gagauziarun,gagauziarun,telegram,243,1,exclusive,moldova,,,0,moldova,credited-by-mirror
MAX baltnews,MAX baltnews,max,242,7,network-wide,,,,0,czechia|deutsch|hungary|moldova|poland|romania|slovakia,credited-by-mirror
Telegram: onlinemd24,onlinemd24,telegram,241,1,exclusive,moldova,,,0,moldova,credited-by-mirror
Telegram: arrussia,arrussia,telegram,239,7,network-wide,,,,0,czechia|deutsch|hungary|moldova|poland|romania|slovakia,credited-by-mirror
Telegram: africaninitiative,africaninitiative,telegram,238,7,network-wide,,,,0,czechia|deutsch|hungary|moldova|poland|romania|slovakia,credited-by-mirror
Telegram: vladivostok1978,vladivostok1978,telegram,235,7,network-wide,,,,0,czechia|deutsch|hungary|moldova|poland|romania|slovakia,credited-by-mirror
Telegram: Politische_Nachrichten,Politische_Nachrichten,telegram,235,1,exclusive,deutsch,,,0,deutsch,credited-by-mirror
MAX mk,MAX mk,max,234,7,network-wide,,,,0,czechia|deutsch|hungary|moldova|poland|romania|slovakia,credited-by-mirror
Telegram: RusEmbMd,RusEmbMd,telegram,233,1,exclusive,moldova,,,0,moldova,credited-by-mirror
Telegram: tv6md,tv6md,telegram,233,1,exclusive,moldova,,,0,moldova,credited-by-mirror
Telegram: fktdeutsch,fktdeutsch,telegram,232,1,exclusive,deutsch,,,0,deutsch,credited-by-mirror
Telegram: absurdnisvet,absurdnisvet,telegram,230,2,shared,,,,0,czechia|slovakia,credited-by-mirror
Telegram: MedvedevVesti,MedvedevVesti,telegram,230,7,network-wide,,,,0,czechia|deutsch|hungary|moldova|poland|romania|slovakia,credited-by-mirror
Telegram: Kosachev62,Kosachev62,telegram,229,7,network-wide,,,,0,czechia|deutsch|hungary|moldova|poland|romania|slovakia,credited-by-mirror
Telegram: rossotrudnichestvo,rossotrudnichestvo,telegram,227,7,network-wide,,,,0,czechia|deutsch|hungary|moldova|poland|romania|slovakia,credited-by-mirror
Telegram: Akoinak,Akoinak,telegram,227,2,shared,,,,0,czechia|slovakia,credited-by-mirror
Telegram: filatvladimir,filatvladimir,telegram,227,2,shared,,,,0,moldova|romania,credited-by-mirror
Telegram: zaslobodutrebabojovat,zaslobodutrebabojovat,telegram,226,3,shared,,,,0,czechia|poland|slovakia,credited-by-mirror
Telegram: Agdchan,Agdchan,telegram,222,7,network-wide,,,,0,czechia|deutsch|hungary|moldova|poland|romania|slovakia,credited-by-mirror
Telegram: DanieleGanser,DanieleGanser,telegram,221,1,exclusive,deutsch,,,0,deutsch,credited-by-mirror
Telegram: vedomosti,vedomosti,telegram,220,7,network-wide,,,,0,czechia|deutsch|hungary|moldova|poland|romania|slovakia,credited-by-mirror
Telegram: Marinaslovo,Marinaslovo,telegram,220,7,network-wide,,,,0,czechia|deutsch|hungary|moldova|poland|romania|slovakia,credited-by-mirror
Telegram: miroshnik_r,miroshnik_r,telegram,216,7,network-wide,,,,0,czechia|deutsch|hungary|moldova|poland|romania|slovakia,credited-by-mirror
Telegram: protiproudpetrahajka,protiproudpetrahajka,telegram,213,2,shared,,,,0,czechia|slovakia,credited-by-mirror
MAX vesti,MAX vesti,max,211,7,network-wide,,,,0,czechia|deutsch|hungary|moldova|poland|romania|slovakia,credited-by-mirror
MAX tvc,MAX tvc,max,209,7,network-wide,,,,0,czechia|deutsch|hungary|moldova|poland|romania|slovakia,credited-by-mirror
Telegram: Nachrichtenwelt_TV,Nachrichtenwelt_TV,telegram,206,1,exclusive,deutsch,,,0,deutsch,credited-by-mirror
Telegram: fktdur,fktdur,telegram,206,1,exclusive,deutsch,,,0,deutsch,credited-by-mirror
Telegram: PellegriniOfficial,PellegriniOfficial,telegram,204,1,exclusive,slovakia,,,0,slovakia,credited-by-mirror
Telegram: InfoVojnaOfficial,InfoVojnaOfficial,telegram,202,2,shared,,,,0,czechia|slovakia,credited-by-mirror
Telegram: konstantinzatulin,konstantinzatulin,telegram,202,7,network-wide,,,,0,czechia|deutsch|hungary|moldova|poland|romania|slovakia,credited-by-mirror
Telegram: soldat_pobedi,soldat_pobedi,telegram,201,2,shared,,,,0,moldova|romania,credited-by-mirror
Telegram: news22_extra,news22_extra,telegram,200,1,exclusive,czechia,,,0,czechia,credited-by-mirror
Telegram: insider_2024,insider_2024,telegram,198,1,exclusive,moldova,,,0,moldova,credited-by-mirror
Telegram: specnazahmat,specnazahmat,telegram,197,2,shared,,,,0,moldova|romania,credited-by-mirror
Telegram: stremidlowsky,stremidlowsky,telegram,196,3,shared,,,,0,hungary|poland|slovakia,credited-by-mirror
Telegram: World_Sanctions,World_Sanctions,telegram,195,6,network-wide,,,,0,czechia|deutsch|hungary|poland|romania|slovakia,credited-by-mirror
Telegram: oplottv,oplottv,telegram,193,7,network-wide,,,,0,czechia|deutsch|hungary|moldova|poland|romania|slovakia,credited-by-mirror
Telegram: infocentrskrf,infocentrskrf,telegram,190,7,network-wide,,,,0,czechia|deutsch|hungary|moldova|poland|romania|slovakia,credited-by-mirror
Telegram: Alekhin_Telega,Alekhin_Telega,telegram,190,7,network-wide,,,,0,czechia|deutsch|hungary|moldova|poland|romania|slovakia,credited-by-mirror
Telegram: neueZeit2026,neueZeit2026,telegram,189,1,exclusive,deutsch,,,0,deutsch,credited-by-mirror
Telegram: OdessaRussi,OdessaRussi,telegram,189,3,shared,,,,0,hungary|moldova|romania,credited-by-mirror
Telegram: NikitaVasiliev,NikitaVasiliev,telegram,188,7,network-wide,,,,0,czechia|deutsch|hungary|moldova|poland|romania|slovakia,credited-by-mirror
MAX Skabeeva,MAX Skabeeva,max,188,7,network-wide,,,,0,czechia|deutsch|hungary|moldova|poland|romania|slovakia,credited-by-mirror
Telegram: russdiary,russdiary,telegram,184,7,network-wide,,,,0,czechia|deutsch|hungary|moldova|poland|romania|slovakia,credited-by-mirror
Telegram: impfschaede,impfschaede,telegram,183,1,exclusive,deutsch,,,0,deutsch,credited-by-mirror
Telegram: rezident_ua,rezident_ua,telegram,182,7,network-wide,,,,0,czechia|deutsch|hungary|moldova|poland|romania|slovakia,credited-by-mirror
Telegram: The_Wrong_Side,The_Wrong_Side,telegram,180,7,network-wide,,,,0,czechia|deutsch|hungary|moldova|poland|romania|slovakia,credited-by-mirror
MAX kornilov1968,MAX kornilov1968,max,180,5,network-wide,,,,0,czechia|deutsch|hungary|poland|romania,credited-by-mirror
Telegram: caucasar,caucasar,telegram,177,7,network-wide,,,,0,czechia|deutsch|hungary|moldova|poland|romania|slovakia,credited-by-mirror
Telegram: ChDambiev,ChDambiev,telegram,176,7,network-wide,,,,0,czechia|deutsch|hungary|moldova|poland|romania|slovakia,credited-by-mirror
Telegram: DDDDoffiziell,DDDDoffiziell,telegram,176,1,exclusive,deutsch,,,0,deutsch,credited-by-mirror
rosguard.gov.ru,rosguard.gov.ru,domain,174,7,network-wide,,,,0,czechia|deutsch|hungary|moldova|poland|romania|slovakia,credited-by-mirror
kianews24.ru,kianews24.ru,domain,173,6,network-wide,,,,0,czechia|deutsch|hungary|moldova|poland|romania,credited-by-mirror
MAX dimsmirnov175,MAX dimsmirnov175,max,173,7,network-wide,,,,0,czechia|deutsch|hungary|moldova|poland|romania|slovakia,credited-by-mirror
Telegram: alexander_riabov,alexander_riabov,telegram,173,1,exclusive,slovakia,,,0,slovakia,credited-by-mirror
Telegram: igordodon,igordodon,telegram,172,1,exclusive,moldova,,,0,moldova,credited-by-mirror
Telegram: razvozhaev,razvozhaev,telegram,171,7,network-wide,,,,0,czechia|deutsch|hungary|moldova|poland|romania|slovakia,credited-by-mirror
gofeminin.de,gofeminin.de,domain,170,1,exclusive,deutsch,,,0,deutsch,credited-by-mirror
Telegram: VA_Nikonov,VA_Nikonov,telegram,168,7,network-wide,,,,0,czechia|deutsch|hungary|moldova|poland|romania|slovakia,credited-by-mirror
Telegram: Warhronika,Warhronika,telegram,167,6,network-wide,,,,0,deutsch|hungary|moldova|poland|romania|slovakia,credited-by-mirror
Telegram: izolentalive,izolentalive,telegram,166,7,network-wide,,,,0,czechia|deutsch|hungary|moldova|poland|romania|slovakia,credited-by-mirror
Telegram: topnews_at,topnews_at,telegram,166,1,exclusive,deutsch,,,0,deutsch,credited-by-mirror
MAX Rybar,MAX Rybar,max,165,7,network-wide,,,,0,czechia|deutsch|hungary|moldova|poland|romania|slovakia,credited-by-mirror
Telegram: va_konstantinov,va_konstantinov,telegram,164,7,network-wide,,,,0,czechia|deutsch|hungary|moldova|poland|romania|slovakia,credited-by-mirror
Telegram: freefromukraine,freefromukraine,telegram,164,1,exclusive,moldova,,,0,moldova,credited-by-mirror
Telegram: jukov_online,jukov_online,telegram,163,1,exclusive,moldova,,,0,moldova,credited-by-mirror
Telegram: shurygin_vladislav,shurygin_vladislav,telegram,162,7,network-wide,,,,0,czechia|deutsch|hungary|moldova|poland|romania|slovakia,credited-by-mirror
Telegram: lost_armour,lost_armour,telegram,161,5,network-wide,,,,0,czechia|deutsch|poland|romania|slovakia,credited-by-mirror
crimea.kp.ru,crimea.kp.ru,domain,159,7,network-wide,,,,0,czechia|deutsch|hungary|moldova|poland|romania|slovakia,credited-by-mirror
Telegram: sardaryanh,sardaryanh,telegram,159,7,network-wide,,,,0,czechia|deutsch|hungary|moldova|poland|romania|slovakia,credited-by-mirror
MAX inosmi,MAX inosmi,max,159,7,network-wide,,,,0,czechia|deutsch|hungary|moldova|poland|romania|slovakia,credited-by-mirror
MAX radio_sputnik,MAX radio_sputnik,max,159,7,network-wide,,,,0,czechia|deutsch|hungary|moldova|poland|romania|slovakia,credited-by-mirror
Telegram: ukr_leaks,ukr_leaks,telegram,158,1,exclusive,deutsch,,,0,deutsch,credited-by-mirror
Telegram: anymoreideas,anymoreideas,telegram,158,1,exclusive,poland,,,0,poland,credited-by-mirror
Telegram: russlaenderHumor,russlaenderHumor,telegram,157,1,exclusive,deutsch,,,0,deutsch,credited-by-mirror
Telegram: Tatarinov_R,Tatarinov_R,telegram,157,1,exclusive,moldova,,,0,moldova,credited-by-mirror
Telegram: lugovoyandrey,lugovoyandrey,telegram,154,7,network-wide,,,,0,czechia|deutsch|hungary|moldova|poland|romania|slovakia,credited-by-mirror
Telegram: Yunashev_Live,Yunashev_Live,telegram,154,7,network-wide,,,,0,czechia|deutsch|hungary|moldova|poland|romania|slovakia,credited-by-mirror
Telegram: rogozin_do,rogozin_do,telegram,153,7,network-wide,,,,0,czechia|deutsch|hungary|moldova|poland|romania|slovakia,credited-by-mirror
MAX yurasumy,MAX yurasumy,max,153,5,network-wide,,,,0,czechia|deutsch|hungary|poland|romania,credited-by-mirror
Telegram: III_SESTRY,III_SESTRY,telegram,153,3,shared,,,,0,deutsch|poland|slovakia,credited-by-mirror
Telegram: imsindi_z,imsindi_z,telegram,153,1,exclusive,moldova,,,0,moldova,credited-by-mirror
Telegram: avtodorgk,avtodorgk,telegram,152,1,exclusive,deutsch,,,0,deutsch,credited-by-mirror
Telegram: astroobserwacje,astroobserwacje,telegram,152,1,exclusive,poland,,,0,poland,credited-by-mirror
MAX zvezdanews,MAX zvezdanews,max,150,7,network-wide,,,,0,czechia|deutsch|hungary|moldova|poland|romania|slovakia,credited-by-mirror
Telegram: ntvweekly,ntvweekly,telegram,149,6,network-wide,,,,0,czechia|deutsch|hungary|poland|romania|slovakia,credited-by-mirror
Telegram: historiographe,historiographe,telegram,149,7,network-wide,,,,0,czechia|deutsch|hungary|moldova|poland|romania|slovakia,credited-by-mirror
MAX MID_Russia,MAX MID_Russia,max,148,7,network-wide,,,,0,czechia|deutsch|hungary|moldova|poland|romania|slovakia,credited-by-mirror
Telegram: vesticrimea,vesticrimea,telegram,148,5,network-wide,,,,0,czechia|deutsch|moldova|poland|romania,credited-by-mirror
Telegram: bayraktar1070,bayraktar1070,telegram,148,7,network-wide,,,,0,czechia|deutsch|hungary|moldova|poland|romania|slovakia,credited-by-mirror
Telegram: svezhesti,svezhesti,telegram,147,7,network-wide,,,,0,czechia|deutsch|hungary|moldova|poland|romania|slovakia,credited-by-mirror
Telegram: astrahandm,astrahandm,telegram,147,7,network-wide,,,,0,czechia|deutsch|hungary|moldova|poland|romania|slovakia,credited-by-mirror
Telegram: kriegskinder_de,kriegskinder_de,telegram,147,1,exclusive,deutsch,,,0,deutsch,credited-by-mirror
Telegram: panchenkodi,panchenkodi,telegram,147,6,network-wide,,,,0,deutsch|hungary|moldova|poland|romania|slovakia,credited-by-mirror
Telegram: rlz_the_kraken,rlz_the_kraken,telegram,147,6,network-wide,,,,0,deutsch|hungary|moldova|poland|romania|slovakia,credited-by-mirror
Telegram: Abbasdjuma,Abbasdjuma,telegram,146,6,network-wide,,,,0,czechia|deutsch|hungary|moldova|poland|slovakia,credited-by-mirror
Telegram: jiznimorava,jiznimorava,telegram,145,2,shared,,,,0,czechia|slovakia,credited-by-mirror
Telegram: rusbern,rusbern,telegram,144,1,exclusive,deutsch,,,0,deutsch,credited-by-mirror
Telegram: live_chisinau,live_chisinau,telegram,144,1,exclusive,moldova,,,0,moldova,credited-by-mirror
Telegram: ivanovnamd,ivanovnamd,telegram,144,1,exclusive,moldova,,,0,moldova,credited-by-mirror
Telegram: Ungureanu112,Ungureanu112,telegram,144,2,shared,,,,0,moldova|romania,credited-by-mirror
Telegram: gesund_durch_natur,gesund_durch_natur,telegram,143,1,exclusive,deutsch,,,0,deutsch,credited-by-mirror
MAX PanchenkoNews,MAX PanchenkoNews,max,142,7,network-wide,,,,0,czechia|deutsch|hungary|moldova|poland|romania|slovakia,credited-by-mirror
Telegram: v_and_z,v_and_z,telegram,142,7,network-wide,,,,0,czechia|deutsch|hungary|moldova|poland|romania|slovakia,credited-by-mirror
Telegram: zovgrad,zovgrad,telegram,141,7,network-wide,,,,0,czechia|deutsch|hungary|moldova|poland|romania|slovakia,credited-by-mirror
nts-tv.com,nts-tv.com,domain,141,5,network-wide,,,,0,czechia|deutsch|moldova|poland|romania,credited-by-mirror
Telegram: ZvodkaOnline,ZvodkaOnline,telegram,141,1,exclusive,slovakia,,,0,slovakia,credited-by-mirror
Telegram: vostalep,vostalep,telegram,140,1,exclusive,moldova,,,0,moldova,credited-by-mirror
Telegram: LubosBlahaSmer,LubosBlahaSmer,telegram,139,2,shared,,,,0,czechia|slovakia,credited-by-mirror
Telegram: Petya_perviy,Petya_perviy,telegram,139,1,exclusive,moldova,,,0,moldova,credited-by-mirror
MAX id5024997961_biz,MAX id5024997961_biz,max,138,7,network-wide,,,,0,czechia|deutsch|hungary|moldova|poland|romania|slovakia,credited-by-mirror
Telegram: talipovonline,talipovonline,telegram,138,1,exclusive,moldova,,,0,moldova,credited-by-mirror
Telegram: romagolovanov,romagolovanov,telegram,137,7,network-wide,,,,0,czechia|deutsch|hungary|moldova|poland|romania|slovakia,credited-by-mirror
Telegram: osteuropakanal,osteuropakanal,telegram,137,1,exclusive,deutsch,,,0,deutsch,credited-by-mirror
Telegram: milan_uhrik,milan_uhrik,telegram,137,1,exclusive,slovakia,,,0,slovakia,credited-by-mirror
Telegram: ondutymd,ondutymd,telegram,135,1,exclusive,moldova,,,0,moldova,credited-by-mirror
Telegram: brussinf,brussinf,telegram,132,7,network-wide,,,,0,czechia|deutsch|hungary|moldova|poland|romania|slovakia,credited-by-mirror
MAX ruptlyalert,MAX ruptlyalert,max,132,6,network-wide,,,,0,czechia|deutsch|hungary|poland|romania|slovakia,credited-by-mirror
rybar.ru,rybar.ru,domain,129,7,network-wide,,,,0,czechia|deutsch|hungary|moldova|poland|romania|slovakia,credited-by-mirror
Telegram: VSMihalych67,VSMihalych67,telegram,129,7,network-wide,,,,0,czechia|deutsch|hungary|moldova|poland|romania|slovakia,credited-by-mirror
Telegram: pridybaylo_k,pridybaylo_k,telegram,129,2,shared,,,,0,moldova|poland,credited-by-mirror
Telegram: milchronicles,milchronicles,telegram,128,7,network-wide,,,,0,czechia|deutsch|hungary|moldova|poland|romania|slovakia,credited-by-mirror
Telegram: gorlovka6tv,gorlovka6tv,telegram,128,5,network-wide,,,,0,czechia|deutsch|hungary|moldova|poland,credited-by-mirror
Telegram: pervush1nb,pervush1nb,telegram,128,7,network-wide,,,,0,czechia|deutsch|hungary|moldova|poland|romania|slovakia,credited-by-mirror
Telegram: akwsk,akwsk,telegram,127,2,shared,,,,0,czechia|slovakia,credited-by-mirror
Telegram: fifthrepublic,fifthrepublic,telegram,127,7,network-wide,,,,0,czechia|deutsch|hungary|moldova|poland|romania|slovakia,credited-by-mirror
Telegram: Rot_Okt,Rot_Okt,telegram,127,1,exclusive,deutsch,,,0,deutsch,credited-by-mirror
Telegram: AetherCosmologyczsk,AetherCosmologyczsk,telegram,126,1,exclusive,czechia,,,0,czechia,credited-by-mirror
Telegram: moyarossiyade,moyarossiyade,telegram,126,1,exclusive,deutsch,,,0,deutsch,credited-by-mirror
Telegram: exsuscitati,exsuscitati,telegram,125,1,exclusive,deutsch,,,0,deutsch,credited-by-mirror
Telegram: DanielPrinzOffiziell,DanielPrinzOffiziell,telegram,125,1,exclusive,deutsch,,,0,deutsch,credited-by-mirror
Telegram: MIR24MOLDOVA,MIR24MOLDOVA,telegram,125,1,exclusive,moldova,,,0,moldova,credited-by-mirror
Telegram: drugoeeto,drugoeeto,telegram,124,3,shared,,,,0,czechia|deutsch|moldova,credited-by-mirror
Telegram: ilanshor,ilanshor,telegram,124,1,exclusive,moldova,,,0,moldova,credited-by-mirror
Telegram: kvmalofeev,kvmalofeev,telegram,123,7,network-wide,,,,0,czechia|deutsch|hungary|moldova|poland|romania|slovakia,credited-by-mirror
Telegram: oprf_official,oprf_official,telegram,123,6,network-wide,,,,0,czechia|deutsch|hungary|moldova|poland|romania,credited-by-mirror
Telegram: gidilicaolga,gidilicaolga,telegram,123,2,shared,,,,0,moldova|romania,credited-by-mirror
MAX warhistoryalconafter,MAX warhistoryalconafter,max,122,7,network-wide,,,,0,czechia|deutsch|hungary|moldova|poland|romania|slovakia,credited-by-mirror
Telegram: QlobalChange,QlobalChange,telegram,122,1,exclusive,deutsch,,,0,deutsch,credited-by-mirror
Telegram: rainerrothfuss,rainerrothfuss,telegram,122,1,exclusive,deutsch,,,0,deutsch,credited-by-mirror
Telegram: MoldovaSecurityPlatform,MoldovaSecurityPlatform,telegram,122,2,shared,,,,0,moldova|romania,credited-by-mirror
Telegram: cuteandfunvideos,cuteandfunvideos,telegram,121,1,exclusive,deutsch,,,0,deutsch,credited-by-mirror
Telegram: ninavatt90,ninavatt90,telegram,121,2,shared,,,,0,moldova|slovakia,credited-by-mirror
Telegram: millettvcrimea,millettvcrimea,telegram,120,6,network-wide,,,,0,czechia|deutsch|hungary|moldova|poland|romania,credited-by-mirror
Telegram: malkevich_live,malkevich_live,telegram,120,7,network-wide,,,,0,czechia|deutsch|hungary|moldova|poland|romania|slovakia,credited-by-mirror
Telegram: cultrf,cultrf,telegram,118,7,network-wide,,,,0,czechia|deutsch|hungary|moldova|poland|romania|slovakia,credited-by-mirror
MAX zvezda_analytics,MAX zvezda_analytics,max,117,7,network-wide,,,,0,czechia|deutsch|hungary|moldova|poland|romania|slovakia,credited-by-mirror
Telegram: politrussiacom,politrussiacom,telegram,116,6,network-wide,,,,0,deutsch|hungary|moldova|poland|romania|slovakia,credited-by-mirror
council.gov.ru,council.gov.ru,domain,115,6,network-wide,,,,0,deutsch|hungary|moldova|poland|romania|slovakia,credited-by-mirror
Telegram: DKbleskovky,DKbleskovky,telegram,114,2,shared,,,,0,czechia|slovakia,credited-by-mirror
Telegram: victorstepanych,victorstepanych,telegram,113,6,network-wide,,,,0,czechia|deutsch|hungary|moldova|poland|romania,credited-by-mirror
Telegram: sfr_gov,sfr_gov,telegram,113,3,shared,,,,0,deutsch|moldova|poland,credited-by-mirror
Telegram: mr_buimistr,mr_buimistr,telegram,113,1,exclusive,moldova,,,0,moldova,credited-by-mirror
Telegram: SWIAT_JEST_INNY,SWIAT_JEST_INNY,telegram,113,1,exclusive,poland,,,0,poland,credited-by-mirror
Telegram: voenkorkhayrullin,voenkorkhayrullin,telegram,112,7,network-wide,,,,0,czechia|deutsch|hungary|moldova|poland|romania|slovakia,credited-by-mirror
Telegram: RSaponkov,RSaponkov,telegram,112,5,network-wide,,,,0,czechia|deutsch|hungary|poland|romania,credited-by-mirror
Telegram: lukasmachala,lukasmachala,telegram,111,2,shared,,,,0,czechia|slovakia,credited-by-mirror
MAX ramzayiegokomanda,MAX ramzayiegokomanda,max,111,5,network-wide,,,,0,deutsch|hungary|moldova|poland|romania,credited-by-mirror
Telegram: L0HMATIY,L0HMATIY,telegram,110,7,network-wide,,,,0,czechia|deutsch|hungary|moldova|poland|romania|slovakia,credited-by-mirror
Telegram: bedezsolt,bedezsolt,telegram,110,1,exclusive,hungary,,,0,hungary,credited-by-mirror
MAX tv1,MAX tv1,max,109,6,network-wide,,,,0,czechia|deutsch|hungary|poland|romania|slovakia,credited-by-mirror
MAX rentv_news,MAX rentv_news,max,109,7,network-wide,,,,0,czechia|deutsch|hungary|moldova|poland|romania|slovakia,credited-by-mirror
Telegram: fsk_today,fsk_today,telegram,109,7,network-wide,,,,0,czechia|deutsch|hungary|moldova|poland|romania|slovakia,credited-by-mirror
Telegram: alekseystefanov,alekseystefanov,telegram,109,7,network-wide,,,,0,czechia|deutsch|hungary|moldova|poland|romania|slovakia,credited-by-mirror
Telegram: liepsenverlag,liepsenverlag,telegram,109,1,exclusive,deutsch,,,0,deutsch,credited-by-mirror
Telegram: rt_special,rt_special,telegram,109,6,network-wide,,,,0,deutsch|hungary|moldova|poland|romania|slovakia,credited-by-mirror
Telegram: ssigny,ssigny,telegram,109,6,network-wide,,,,0,deutsch|hungary|moldova|poland|romania|slovakia,credited-by-mirror
MAX evgeniy_lisitsyn,MAX evgeniy_lisitsyn,max,108,7,network-wide,,,,0,czechia|deutsch|hungary|moldova|poland|romania|slovakia,credited-by-mirror
Telegram: harry_homolsky,harry_homolsky,telegram,108,7,network-wide,,,,0,czechia|deutsch|hungary|moldova|poland|romania|slovakia,credited-by-mirror
Telegram: novosti_svo_russia,novosti_svo_russia,telegram,108,2,shared,,,,0,moldova|romania,credited-by-mirror
Telegram: balkancentre,balkancentre,telegram,107,2,shared,,,,0,moldova|romania,credited-by-mirror
Telegram: zweimajor,zweimajor,telegram,105,1,exclusive,deutsch,,,0,deutsch,credited-by-mirror
Telegram: aifonline,aifonline,telegram,104,7,network-wide,,,,0,czechia|deutsch|hungary|moldova|poland|romania|slovakia,credited-by-mirror
Telegram: valentinbogdanov,valentinbogdanov,telegram,104,5,network-wide,,,,0,deutsch|hungary|poland|romania|slovakia,credited-by-mirror
MAX ntv,MAX ntv,max,103,7,network-wide,,,,0,czechia|deutsch|hungary|moldova|poland|romania|slovakia,credited-by-mirror
Telegram: ehrlichalexander,ehrlichalexander,telegram,103,1,exclusive,deutsch,,,0,deutsch,credited-by-mirror
MAX kanzlerdaddy,MAX kanzlerdaddy,max,103,4,shared,,,,0,deutsch|hungary|poland|slovakia,credited-by-mirror
Telegram: mediamvd,mediamvd,telegram,102,6,network-wide,,,,0,czechia|deutsch|hungary|moldova|poland|romania,credited-by-mirror
Telegram: magyarjelen,magyarjelen,telegram,102,1,exclusive,hungary,,,0,hungary,credited-by-mirror
Telegram: vestniksrb,vestniksrb,telegram,101,7,network-wide,,,,0,czechia|deutsch|hungary|moldova|poland|romania|slovakia,credited-by-mirror
Telegram: segodnia_ru,segodnia_ru,telegram,101,7,network-wide,,,,0,czechia|deutsch|hungary|moldova|poland|romania|slovakia,credited-by-mirror
Telegram: lianalaga,lianalaga,telegram,100,2,shared,,,,0,czechia|slovakia,credited-by-mirror
Telegram: razin_ZOV,razin_ZOV,telegram,100,7,network-wide,,,,0,czechia|deutsch|hungary|moldova|poland|romania|slovakia,credited-by-mirror
Telegram: obyasnayemrf,obyasnayemrf,telegram,100,7,network-wide,,,,0,czechia|deutsch|hungary|moldova|poland|romania|slovakia,credited-by-mirror
Telegram: RusslandUrlaub,RusslandUrlaub,telegram,100,1,exclusive,deutsch,,,0,deutsch,credited-by-mirror
Telegram: unzensiertnewsde,unzensiertnewsde,telegram,100,1,exclusive,deutsch,,,0,deutsch,credited-by-mirror
Telegram: sutajestoksr,sutajestoksr,telegram,100,1,exclusive,slovakia,,,0,slovakia,credited-by-mirror
Telegram: RosgvardOfficial,RosgvardOfficial,telegram,99,7,network-wide,,,,0,czechia|deutsch|hungary|moldova|poland|romania|slovakia,credited-by-mirror
Telegram: apleonkov,apleonkov,telegram,99,7,network-wide,,,,0,czechia|deutsch|hungary|moldova|poland|romania|slovakia,credited-by-mirror
Telegram: belvestnik,belvestnik,telegram,99,5,network-wide,,,,0,czechia|deutsch|hungary|poland|romania,credited-by-mirror
Telegram: golosmordora1,golosmordora1,telegram,99,7,network-wide,,,,0,czechia|deutsch|hungary|moldova|poland|romania|slovakia,credited-by-mirror
MAX readovkanews,MAX readovkanews,max,98,7,network-wide,,,,0,czechia|deutsch|hungary|moldova|poland|romania|slovakia,credited-by-mirror
Telegram: frontbird,frontbird,telegram,98,7,network-wide,,,,0,czechia|deutsch|hungary|moldova|poland|romania|slovakia,credited-by-mirror
Telegram: PoliTube_news,PoliTube_news,telegram,98,1,exclusive,moldova,,,0,moldova,credited-by-mirror
Telegram: HalkinMoldav,HalkinMoldav,telegram,98,1,exclusive,moldova,,,0,moldova,credited-by-mirror
Telegram: news_aus_oesterreich,news_aus_oesterreich,telegram,97,1,exclusive,deutsch,,,0,deutsch,credited-by-mirror
Telegram: update_xtg,update_xtg,telegram,97,2,shared,,,,0,moldova|romania,credited-by-mirror
Telegram: medvedev_telegram,medvedev_telegram,telegram,96,7,network-wide,,,,0,czechia|deutsch|hungary|moldova|poland|romania|slovakia,credited-by-mirror
Telegram: legitimniy,legitimniy,telegram,96,6,network-wide,,,,0,deutsch|hungary|moldova|poland|romania|slovakia,credited-by-mirror
Telegram: gospodarkaIpolityka,gospodarkaIpolityka,telegram,96,1,exclusive,poland,,,0,poland,credited-by-mirror
Telegram: crystal_book,crystal_book,telegram,95,6,network-wide,,,,0,czechia|deutsch|hungary|poland|romania|slovakia,credited-by-mirror
Telegram: FreePeopleGermany,FreePeopleGermany,telegram,95,1,exclusive,deutsch,,,0,deutsch,credited-by-mirror
Telegram: wisedruidd,wisedruidd,telegram,95,6,network-wide,,,,0,deutsch|hungary|moldova|poland|romania|slovakia,credited-by-mirror
Telegram: war_batka,war_batka,telegram,95,1,exclusive,moldova,,,0,moldova,credited-by-mirror
Telegram: tricolorthednestr,tricolorthednestr,telegram,95,1,exclusive,moldova,,,0,moldova,credited-by-mirror
Telegram: chvkmedia,chvkmedia,telegram,94,6,network-wide,,,,0,czechia|deutsch|hungary|poland|romania|slovakia,credited-by-mirror
duma.gov.ru,duma.gov.ru,domain,94,7,network-wide,,,,0,czechia|deutsch|hungary|moldova|poland|romania|slovakia,credited-by-mirror
MAX avtodorgk,MAX avtodorgk,max,94,1,exclusive,deutsch,,,0,deutsch,credited-by-mirror
MAX truekpru,MAX truekpru,max,93,7,network-wide,,,,0,czechia|deutsch|hungary|moldova|poland|romania|slovakia,credited-by-mirror
Telegram: pezdicide,pezdicide,telegram,93,7,network-wide,,,,0,czechia|deutsch|hungary|moldova|poland|romania|slovakia,credited-by-mirror
Telegram: RusEmbDeu,RusEmbDeu,telegram,93,4,shared,,,,0,deutsch|poland|romania|slovakia,credited-by-mirror
Telegram: alexeilungu,alexeilungu,telegram,93,1,exclusive,moldova,,,0,moldova,credited-by-mirror
Telegram: pboehringer,pboehringer,telegram,92,1,exclusive,deutsch,,,0,deutsch,credited-by-mirror
Telegram: botcharov,botcharov,telegram,92,2,shared,,,,0,hungary|moldova,credited-by-mirror
Telegram: EvaHermanOffiziell,EvaHermanOffiziell,telegram,91,1,exclusive,deutsch,,,0,deutsch,credited-by-mirror
Telegram: macklemachtgutelaune,macklemachtgutelaune,telegram,91,1,exclusive,deutsch,,,0,deutsch,credited-by-mirror
Telegram: lomovka_reg,lomovka_reg,telegram,90,7,network-wide,,,,0,czechia|deutsch|hungary|moldova|poland|romania|slovakia,credited-by-mirror
Telegram: vezhlivo_ru,vezhlivo_ru,telegram,90,5,network-wide,,,,0,czechia|deutsch|moldova|poland|romania,credited-by-mirror
Telegram: exclusive_ukraina_ru,exclusive_ukraina_ru,telegram,90,7,network-wide,,,,0,czechia|deutsch|hungary|moldova|poland|romania|slovakia,credited-by-mirror
Telegram: CNconspiracynewsroom,CNconspiracynewsroom,telegram,90,1,exclusive,deutsch,,,0,deutsch,credited-by-mirror
Telegram: dumatv,dumatv,telegram,89,7,network-wide,,,,0,czechia|deutsch|hungary|moldova|poland|romania|slovakia,credited-by-mirror
Telegram: kpvmoldove,kpvmoldove,telegram,89,1,exclusive,moldova,,,0,moldova,credited-by-mirror
Telegram: dfhumor,dfhumor,telegram,89,1,exclusive,moldova,,,0,moldova,credited-by-mirror
Telegram: the_other_ukraina,the_other_ukraina,telegram,89,1,exclusive,moldova,,,0,moldova,credited-by-mirror
Telegram: Rosyjskiespecjaly,Rosyjskiespecjaly,telegram,89,1,exclusive,poland,,,0,poland,credited-by-mirror
Telegram: pravdaplcom,pravdaplcom,telegram,89,1,exclusive,poland,,,0,poland,credited-by-mirror
Telegram: rybar_stan,rybar_stan,telegram,88,7,network-wide,,,,0,czechia|deutsch|hungary|moldova|poland|romania|slovakia,credited-by-mirror
Telegram: Tauride_Republic,Tauride_Republic,telegram,87,5,network-wide,,,,0,czechia|deutsch|moldova|poland|slovakia,credited-by-mirror
Telegram: vzglyad_ru,vzglyad_ru,telegram,87,6,network-wide,,,,0,czechia|deutsch|hungary|moldova|poland|romania,credited-by-mirror
Telegram: AntiSpiegel,AntiSpiegel,telegram,87,1,exclusive,deutsch,,,0,deutsch,credited-by-mirror
MAX kots,MAX kots,max,86,7,network-wide,,,,0,czechia|deutsch|hungary|moldova|poland|romania|slovakia,credited-by-mirror
Telegram: pavel_kapusta1,pavel_kapusta1,telegram,86,2,shared,,,,0,czechia|slovakia,credited-by-mirror
Telegram: fanitomasa,fanitomasa,telegram,86,1,exclusive,poland,,,0,poland,credited-by-mirror
Telegram: KotNaMirotvorze,KotNaMirotvorze,telegram,85,7,network-wide,,,,0,czechia|deutsch|hungary|moldova|poland|romania|slovakia,credited-by-mirror
MAX belarusian_silovik,MAX belarusian_silovik,max,85,6,network-wide,,,,0,deutsch|hungary|moldova|poland|romania|slovakia,credited-by-mirror
Telegram: eurasiaexpert,eurasiaexpert,telegram,85,6,network-wide,,,,0,deutsch|hungary|moldova|poland|romania|slovakia,credited-by-mirror
Telegram: priliudno,priliudno,telegram,85,1,exclusive,moldova,,,0,moldova,credited-by-mirror
Telegram: vashy_slivy,vashy_slivy,telegram,85,1,exclusive,poland,,,0,poland,credited-by-mirror
Telegram: russiaun,russiaun,telegram,84,5,network-wide,,,,0,czechia|deutsch|hungary|poland|slovakia,credited-by-mirror
MAX olegtsarov,MAX olegtsarov,max,84,6,network-wide,,,,0,czechia|deutsch|hungary|poland|romania|slovakia,credited-by-mirror
Telegram: Falk_Nachrichten_offiziell,Falk_Nachrichten_offiziell,telegram,84,1,exclusive,deutsch,,,0,deutsch,credited-by-mirror
Telegram: Proudnarodnihrdosti,Proudnarodnihrdosti,telegram,83,2,shared,,,,0,czechia|slovakia,credited-by-mirror
Telegram: minobrnaukiofficial,minobrnaukiofficial,telegram,83,7,network-wide,,,,0,czechia|deutsch|hungary|moldova|poland|romania|slovakia,credited-by-mirror
Telegram: historiaStatek,historiaStatek,telegram,83,1,exclusive,poland,,,0,poland,credited-by-mirror
Telegram: fktgeschichte,fktgeschichte,telegram,82,1,exclusive,deutsch,,,0,deutsch,credited-by-mirror
Telegram: rybar_pacific,rybar_pacific,telegram,81,6,network-wide,,,,0,czechia|deutsch|hungary|poland|romania|slovakia,credited-by-mirror
Telegram: RusBotWien_RU,RusBotWien_RU,telegram,81,4,shared,,,,0,czechia|deutsch|hungary|poland,credited-by-mirror
Telegram: namarshe,namarshe,telegram,81,7,network-wide,,,,0,czechia|deutsch|hungary|moldova|poland|romania|slovakia,credited-by-mirror
Telegram: sztuka_wojny,sztuka_wojny,telegram,81,1,exclusive,poland,,,0,poland,credited-by-mirror
Telegram: Absurdnsvet,Absurdnsvet,telegram,80,2,shared,,,,0,czechia|slovakia,credited-by-mirror
Telegram: rosnedragovru,rosnedragovru,telegram,80,7,network-wide,,,,0,czechia|deutsch|hungary|moldova|poland|romania|slovakia,credited-by-mirror
Telegram: block_ru,block_ru,telegram,80,4,shared,,,,0,czechia|deutsch|poland|romania,credited-by-mirror
Telegram: viitor_md,viitor_md,telegram,80,1,exclusive,moldova,,,0,moldova,credited-by-mirror
Telegram: tirdeabogdan,tirdeabogdan,telegram,80,1,exclusive,moldova,,,0,moldova,credited-by-mirror
Telegram: ukr_leaks_analytics,ukr_leaks_analytics,telegram,79,6,network-wide,,,,0,czechia|deutsch|hungary|poland|romania|slovakia,credited-by-mirror
Telegram: vv_volodin,vv_volodin,telegram,79,7,network-wide,,,,0,czechia|deutsch|hungary|moldova|poland|romania|slovakia,credited-by-mirror
MAX ASGasparyan,MAX ASGasparyan,max,79,5,network-wide,,,,0,czechia|deutsch|moldova|poland|romania,credited-by-mirror
MAX MedvedevVesti,MAX MedvedevVesti,max,79,7,network-wide,,,,0,czechia|deutsch|hungary|moldova|poland|romania|slovakia,credited-by-mirror
Telegram: geonrgru,geonrgru,telegram,79,6,network-wide,,,,0,czechia|deutsch|hungary|moldova|romania|slovakia,credited-by-mirror
Telegram: RobertMerva_kanal,RobertMerva_kanal,telegram,78,2,shared,,,,0,czechia|slovakia,credited-by-mirror
Telegram: korrespondomi,korrespondomi,telegram,78,1,exclusive,deutsch,,,0,deutsch,credited-by-mirror
gorodovoy.ru,gorodovoy.ru,domain,78,1,exclusive,deutsch,,,0,deutsch,credited-by-mirror
Telegram: deakdaniel,deakdaniel,telegram,78,1,exclusive,hungary,,,0,hungary,credited-by-mirror
Telegram: psrmmd,psrmmd,telegram,78,1,exclusive,moldova,,,0,moldova,credited-by-mirror
Telegram: ceskadomobrana,ceskadomobrana,telegram,78,1,exclusive,slovakia,,,0,slovakia,credited-by-mirror
Telegram: ttambyl,ttambyl,telegram,77,6,network-wide,,,,0,czechia|deutsch|hungary|moldova|poland|romania,credited-by-mirror
Telegram: bloknotmd,bloknotmd,telegram,77,1,exclusive,moldova,,,0,moldova,credited-by-mirror
Telegram: DusanStriz,DusanStriz,telegram,77,1,exclusive,slovakia,,,0,slovakia,credited-by-mirror
Telegram: casusbelliarchiv,casusbelliarchiv,telegram,77,1,exclusive,slovakia,,,0,slovakia,credited-by-mirror
Telegram: mincultrussia,mincultrussia,telegram,76,7,network-wide,,,,0,czechia|deutsch|hungary|moldova|poland|romania|slovakia,credited-by-mirror
MAX milinfolive,MAX milinfolive,max,76,5,network-wide,,,,0,czechia|deutsch|hungary|poland|romania,credited-by-mirror
Telegram: mash_donbass,mash_donbass,telegram,76,6,network-wide,,,,0,czechia|deutsch|hungary|poland|romania|slovakia,credited-by-mirror
MAX denazi_UA,MAX denazi_UA,max,76,6,network-wide,,,,0,czechia|deutsch|hungary|poland|romania|slovakia,credited-by-mirror
tut-news.ru,tut-news.ru,domain,76,1,exclusive,deutsch,,,0,deutsch,credited-by-mirror
Telegram: ViennaMissionRu,ViennaMissionRu,telegram,76,2,shared,,,,0,deutsch|hungary,credited-by-mirror
Telegram: RIAKremlinpool,RIAKremlinpool,telegram,76,4,shared,,,,0,deutsch|hungary|poland|slovakia,credited-by-mirror
Telegram: astoianoglo,astoianoglo,telegram,76,2,shared,,,,0,moldova|romania,credited-by-mirror
MAX voin_dv,MAX voin_dv,max,75,7,network-wide,,,,0,czechia|deutsch|hungary|moldova|poland|romania|slovakia,credited-by-mirror
Telegram: maryananaumova,maryananaumova,telegram,75,7,network-wide,,,,0,czechia|deutsch|hungary|moldova|poland|romania|slovakia,credited-by-mirror
Telegram: spydell_finance,spydell_finance,telegram,75,6,network-wide,,,,0,czechia|deutsch|hungary|moldova|poland|romania,credited-by-mirror
MAX vityzeva,MAX vityzeva,max,75,7,network-wide,,,,0,czechia|deutsch|hungary|moldova|poland|romania|slovakia,credited-by-mirror
fsin.su,fsin.su,domain,75,4,shared,,,,0,deutsch|hungary|moldova|poland,credited-by-mirror
Telegram: absatzmedia,absatzmedia,telegram,75,4,shared,,,,0,moldova|poland|romania|slovakia,credited-by-mirror
Telegram: Tomasz_Szmydt,Tomasz_Szmydt,telegram,75,1,exclusive,poland,,,0,poland,credited-by-mirror
Telegram: StoppRamstein,StoppRamstein,telegram,74,1,exclusive,deutsch,,,0,deutsch,credited-by-mirror
Telegram: toroczkai,toroczkai,telegram,74,1,exclusive,hungary,,,0,hungary,credited-by-mirror
Telegram: eurasiamoldova,eurasiamoldova,telegram,74,1,exclusive,moldova,,,0,moldova,credited-by-mirror
Telegram: nowosti_news24,nowosti_news24,telegram,73,6,network-wide,,,,0,czechia|deutsch|hungary|moldova|poland|romania,credited-by-mirror
Telegram: genprocrf,genprocrf,telegram,73,6,network-wide,,,,0,czechia|deutsch|hungary|moldova|poland|romania,credited-by-mirror
Telegram: cossack_pika,cossack_pika,telegram,73,7,network-wide,,,,0,czechia|deutsch|hungary|moldova|poland|romania|slovakia,credited-by-mirror
Telegram: aufgewacht_shop,aufgewacht_shop,telegram,73,1,exclusive,deutsch,,,0,deutsch,credited-by-mirror
Telegram: vasiletarlev,vasiletarlev,telegram,73,1,exclusive,moldova,,,0,moldova,credited-by-mirror
Telegram: news_forfree,news_forfree,telegram,72,7,network-wide,,,,0,czechia|deutsch|hungary|moldova|poland|romania|slovakia,credited-by-mirror
stv92.ru,stv92.ru,domain,72,3,shared,,,,0,deutsch|moldova|poland,credited-by-mirror
Telegram: mkill_pmr,mkill_pmr,telegram,72,1,exclusive,moldova,,,0,moldova,credited-by-mirror
Telegram: customs_rf,customs_rf,telegram,71,6,network-wide,,,,0,czechia|deutsch|hungary|moldova|poland|romania,credited-by-mirror
Telegram: voenkor_evtushenko,voenkor_evtushenko,telegram,71,5,network-wide,,,,0,czechia|deutsch|hungary|poland|slovakia,credited-by-mirror
MAX dva_majors,MAX dva_majors,max,71,6,network-wide,,,,0,czechia|deutsch|hungary|poland|romania|slovakia,credited-by-mirror
MAX tass_live,MAX tass_live,max,71,6,network-wide,,,,0,czechia|deutsch|hungary|poland|romania|slovakia,credited-by-mirror
government.ru,government.ru,domain,71,7,network-wide,,,,0,czechia|deutsch|hungary|moldova|poland|romania|slovakia,credited-by-mirror
Telegram: paxterramusica,paxterramusica,telegram,71,1,exclusive,deutsch,,,0,deutsch,credited-by-mirror
Telegram: viel_los,viel_los,telegram,71,1,exclusive,deutsch,,,0,deutsch,credited-by-mirror
Telegram: racumd,racumd,telegram,71,2,shared,,,,0,moldova|romania,credited-by-mirror
Telegram: miroslavsuja,miroslavsuja,telegram,71,1,exclusive,slovakia,,,0,slovakia,credited-by-mirror
Telegram: rybar_africa,rybar_africa,telegram,70,5,network-wide,,,,0,czechia|deutsch|hungary|poland|romania,credited-by-mirror
Telegram: DDrobnitski,DDrobnitski,telegram,70,6,network-wide,,,,0,czechia|deutsch|hungary|poland|romania|slovakia,credited-by-mirror
Telegram: Barbarossa_SMGI,Barbarossa_SMGI,telegram,70,1,exclusive,deutsch,,,0,deutsch,credited-by-mirror
Telegram: BismarcksAlptraume,BismarcksAlptraume,telegram,70,1,exclusive,deutsch,,,0,deutsch,credited-by-mirror
Telegram: hrunmorgov,hrunmorgov,telegram,70,1,exclusive,moldova,,,0,moldova,credited-by-mirror
Telegram: miroheredos,miroheredos,telegram,70,1,exclusive,slovakia,,,0,slovakia,credited-by-mirror
MAX bbbreaking,MAX bbbreaking,max,69,7,network-wide,,,,0,czechia|deutsch|hungary|moldova|poland|romania|slovakia,credited-by-mirror
Telegram: popeacedealki_fm,popeacedealki_fm,telegram,69,6,network-wide,,,,0,czechia|deutsch|hungary|poland|romania|slovakia,credited-by-mirror
Telegram: warfakeees,warfakeees,telegram,69,4,shared,,,,0,deutsch|hungary|poland|romania,credited-by-mirror
Telegram: vesti92,vesti92,telegram,68,5,network-wide,,,,0,deutsch|hungary|moldova|poland|romania,credited-by-mirror
Telegram: ctotoznayu,ctotoznayu,telegram,68,6,network-wide,,,,0,deutsch|hungary|moldova|poland|romania|slovakia,credited-by-mirror
Telegram: proofzzz,proofzzz,telegram,68,3,shared,,,,0,moldova|poland|romania,credited-by-mirror
Telegram: danielmikusekpolska,danielmikusekpolska,telegram,68,1,exclusive,poland,,,0,poland,credited-by-mirror
Telegram: vesti_dezhurnaya_chast,vesti_dezhurnaya_chast,telegram,67,6,network-wide,,,,0,czechia|deutsch|hungary|moldova|poland|romania,credited-by-mirror
Telegram: kastyukevich_live,kastyukevich_live,telegram,67,7,network-wide,,,,0,czechia|deutsch|hungary|moldova|poland|romania|slovakia,credited-by-mirror
MAX epoddubny,MAX epoddubny,max,67,7,network-wide,,,,0,czechia|deutsch|hungary|moldova|poland|romania|slovakia,credited-by-mirror
Telegram: FilatovCorr,FilatovCorr,telegram,67,4,shared,,,,0,deutsch|hungary|moldova|poland,credited-by-mirror
Telegram: cumatru,cumatru,telegram,67,2,shared,,,,0,moldova|romania,credited-by-mirror
MAX arx_spn,MAX arx_spn,max,66,4,shared,,,,0,czechia|deutsch|poland|romania,credited-by-mirror
Telegram: govoritmilonov,govoritmilonov,telegram,66,5,network-wide,,,,0,deutsch|hungary|moldova|poland|romania,credited-by-mirror
Telegram: ponomarb1,ponomarb1,telegram,66,1,exclusive,moldova,,,0,moldova,credited-by-mirror
Telegram: moldovatelegraph,moldovatelegraph,telegram,66,2,shared,,,,0,moldova|romania,credited-by-mirror
Telegram: bip_pl,bip_pl,telegram,66,1,exclusive,poland,,,0,poland,credited-by-mirror
Telegram: openworldfoundation,openworldfoundation,telegram,66,1,exclusive,slovakia,,,0,slovakia,credited-by-mirror
Telegram: rybar_latam,rybar_latam,telegram,65,6,network-wide,,,,0,czechia|deutsch|hungary|poland|romania|slovakia,credited-by-mirror
Telegram: Anna_Jurjevna,Anna_Jurjevna,telegram,65,7,network-wide,,,,0,czechia|deutsch|hungary|moldova|poland|romania|slovakia,credited-by-mirror
Telegram: ia_steklomoy,ia_steklomoy,telegram,65,7,network-wide,,,,0,czechia|deutsch|hungary|moldova|poland|romania|slovakia,credited-by-mirror
MAX colonelcassad,MAX colonelcassad,max,65,5,network-wide,,,,0,czechia|deutsch|hungary|poland|romania,credited-by-mirror
Telegram: government_rus,government_rus,telegram,65,6,network-wide,,,,0,deutsch|hungary|moldova|poland|romania|slovakia,credited-by-mirror
Telegram: evgheniagutul,evgheniagutul,telegram,65,1,exclusive,moldova,,,0,moldova,credited-by-mirror
Telegram: minprosrf,minprosrf,telegram,64,6,network-wide,,,,0,czechia|deutsch|hungary|moldova|poland|romania,credited-by-mirror
MAX riacrimea,MAX riacrimea,max,64,5,network-wide,,,,0,deutsch|hungary|poland|romania|slovakia,credited-by-mirror
Telegram: MIrvMomente,MIrvMomente,telegram,64,6,network-wide,,,,0,deutsch|hungary|moldova|poland|romania|slovakia,credited-by-mirror
Telegram: andrejdanko,andrejdanko,telegram,64,1,exclusive,slovakia,,,0,slovakia,credited-by-mirror
Telegram: ZOV_Voevoda,ZOV_Voevoda,telegram,63,6,network-wide,,,,0,czechia|deutsch|hungary|poland|romania|slovakia,credited-by-mirror
MAX morf,MAX morf,max,63,4,shared,,,,0,czechia|deutsch|hungary|romania,credited-by-mirror
Telegram: minsport_russia,minsport_russia,telegram,63,6,network-wide,,,,0,czechia|deutsch|hungary|moldova|poland|romania,credited-by-mirror
Telegram: hackberegini,hackberegini,telegram,63,4,shared,,,,0,czechia|deutsch|moldova|poland,credited-by-mirror
Telegram: ZeRada1,ZeRada1,telegram,63,7,network-wide,,,,0,czechia|deutsch|hungary|moldova|poland|romania|slovakia,credited-by-mirror
Telegram: zloy_zhurnalist,zloy_zhurnalist,telegram,63,5,network-wide,,,,0,czechia|hungary|moldova|romania|slovakia,credited-by-mirror
Telegram: rosenbusch,rosenbusch,telegram,63,1,exclusive,deutsch,,,0,deutsch,credited-by-mirror
Telegram: SavennaM,SavennaM,telegram,63,1,exclusive,slovakia,,,0,slovakia,credited-by-mirror
Telegram: banksta,banksta,telegram,62,7,network-wide,,,,0,czechia|deutsch|hungary|moldova|poland|romania|slovakia,credited-by-mirror
Telegram: radiokp,radiokp,telegram,62,7,network-wide,,,,0,czechia|deutsch|hungary|moldova|poland|romania|slovakia,credited-by-mirror
Telegram: Evnshatun,Evnshatun,telegram,62,6,network-wide,,,,0,czechia|deutsch|hungary|moldova|poland|romania,credited-by-mirror
Telegram: Fleischwolf18,Fleischwolf18,telegram,62,1,exclusive,deutsch,,,0,deutsch,credited-by-mirror
trkmillet.ru,trkmillet.ru,domain,62,6,network-wide,,,,0,deutsch|hungary|moldova|poland|romania|slovakia,credited-by-mirror
Telegram: szentkoronaradio_official,szentkoronaradio_official,telegram,62,1,exclusive,hungary,,,0,hungary,credited-by-mirror
Telegram: zoroslav,zoroslav,telegram,62,1,exclusive,slovakia,,,0,slovakia,credited-by-mirror
Telegram: fsinrussia,fsinrussia,telegram,61,6,network-wide,,,,0,czechia|deutsch|hungary|moldova|poland|romania,credited-by-mirror
Telegram: nato_rus,nato_rus,telegram,61,5,network-wide,,,,0,czechia|deutsch|hungary|poland|romania,credited-by-mirror
Telegram: poiskinfy,poiskinfy,telegram,61,1,exclusive,moldova,,,0,moldova,credited-by-mirror
Telegram: Aksenov82,Aksenov82,telegram,60,6,network-wide,,,,0,czechia|deutsch|moldova|poland|romania|slovakia,credited-by-mirror
MAX NeoficialniyBeZsonoV,MAX NeoficialniyBeZsonoV,max,60,5,network-wide,,,,0,deutsch|hungary|moldova|poland|romania,credited-by-mirror
Telegram: dimoglonina,dimoglonina,telegram,60,1,exclusive,moldova,,,0,moldova,credited-by-mirror
Telegram: artursocialista,artursocialista,telegram,60,1,exclusive,slovakia,,,0,slovakia,credited-by-mirror
Telegram: riakatysha,riakatysha,telegram,59,7,network-wide,,,,0,czechia|deutsch|hungary|moldova|poland|romania|slovakia,credited-by-mirror
Telegram: kommunistischeorganisation,kommunistischeorganisation,telegram,59,1,exclusive,deutsch,,,0,deutsch,credited-by-mirror
Telegram: polskirezident,polskirezident,telegram,59,1,exclusive,poland,,,0,poland,credited-by-mirror
Telegram: iuriemuntean,iuriemuntean,telegram,58,2,shared,,,,0,moldova|romania,credited-by-mirror
Telegram: tragediakresow,tragediakresow,telegram,58,1,exclusive,poland,,,0,poland,credited-by-mirror
Telegram: zeinalovatv,zeinalovatv,telegram,57,7,network-wide,,,,0,czechia|deutsch|hungary|moldova|poland|romania|slovakia,credited-by-mirror
culture.gov.ru,culture.gov.ru,domain,57,5,network-wide,,,,0,czechia|deutsch|moldova|poland|slovakia,credited-by-mirror
Telegram: danijelsheran,danijelsheran,telegram,57,1,exclusive,deutsch,,,0,deutsch,credited-by-mirror
MAX konstantinzatulin,MAX konstantinzatulin,max,57,4,shared,,,,0,deutsch|moldova|poland|romania,credited-by-mirror
Telegram: milanmazurek,milanmazurek,telegram,57,1,exclusive,slovakia,,,0,slovakia,credited-by-mirror
Telegram: martinasimkovicova,martinasimkovicova,telegram,57,1,exclusive,slovakia,,,0,slovakia,credited-by-mirror
Telegram: Iza_Bela2,Iza_Bela2,telegram,57,1,exclusive,slovakia,,,0,slovakia,credited-by-mirror
Telegram: bmpd_cast,bmpd_cast,telegram,56,4,shared,,,,0,czechia|deutsch|poland|romania,credited-by-mirror
Telegram: rubaltic,rubaltic,telegram,56,2,shared,,,,0,moldova|poland,credited-by-mirror
Telegram: stirlitz039,stirlitz039,telegram,56,1,exclusive,poland,,,0,poland,credited-by-mirror
Telegram: hricalubos,hricalubos,telegram,56,1,exclusive,slovakia,,,0,slovakia,credited-by-mirror
Telegram: otpervogolitsa,otpervogolitsa,telegram,56,1,exclusive,slovakia,,,0,slovakia,credited-by-mirror
Telegram: AbzalovD,AbzalovD,telegram,55,6,network-wide,,,,0,czechia|deutsch|hungary|poland|romania|slovakia,credited-by-mirror
Telegram: ostcapital,ostcapital,telegram,55,6,network-wide,,,,0,czechia|deutsch|hungary|moldova|poland|slovakia,credited-by-mirror
Telegram: bigtransfer2024,bigtransfer2024,telegram,55,7,network-wide,,,,0,czechia|deutsch|hungary|moldova|poland|romania|slovakia,credited-by-mirror
Telegram: alter_vij,alter_vij,telegram,55,7,network-wide,,,,0,czechia|deutsch|hungary|moldova|poland|romania|slovakia,credited-by-mirror
Telegram: happinessismyway,happinessismyway,telegram,55,1,exclusive,deutsch,,,0,deutsch,credited-by-mirror
MAX barantchik,MAX barantchik,max,55,3,shared,,,,0,deutsch|poland|romania,credited-by-mirror
Telegram: WJEDNOSCISILAIMOCKANAL,WJEDNOSCISILAIMOCKANAL,telegram,55,1,exclusive,poland,,,0,poland,credited-by-mirror
Telegram: rebeka_riabova,rebeka_riabova,telegram,55,1,exclusive,slovakia,,,0,slovakia,credited-by-mirror
MAX WarGonzo,MAX WarGonzo,max,54,6,network-wide,,,,0,czechia|deutsch|hungary|poland|romania|slovakia,credited-by-mirror
Telegram: nos_chanel,nos_chanel,telegram,54,7,network-wide,,,,0,czechia|deutsch|hungary|moldova|poland|romania|slovakia,credited-by-mirror
Telegram: minzdrav_ru,minzdrav_ru,telegram,54,5,network-wide,,,,0,deutsch|hungary|moldova|poland|romania,credited-by-mirror
Telegram: margaritasimonyan,margaritasimonyan,telegram,54,6,network-wide,,,,0,deutsch|hungary|moldova|poland|romania|slovakia,credited-by-mirror
bildderfrau.de,bildderfrau.de,domain,53,1,exclusive,deutsch,,,0,deutsch,credited-by-mirror
Telegram: basurin_e,basurin_e,telegram,53,6,network-wide,,,,0,deutsch|hungary|moldova|poland|romania|slovakia,credited-by-mirror
MAX special_authors,MAX special_authors,max,53,5,network-wide,,,,0,deutsch|hungary|poland|romania|slovakia,credited-by-mirror
MAX mash,MAX mash,max,53,6,network-wide,,,,0,deutsch|hungary|moldova|poland|romania|slovakia,credited-by-mirror
Telegram: morarinews,morarinews,telegram,53,2,shared,,,,0,moldova|romania,credited-by-mirror
Telegram: realpollitik,realpollitik,telegram,52,7,network-wide,,,,0,czechia|deutsch|hungary|moldova|poland|romania|slovakia,credited-by-mirror
Telegram: mchs_official,mchs_official,telegram,52,5,network-wide,,,,0,czechia|deutsch|moldova|poland|romania,credited-by-mirror
Telegram: blondinka_dk,blondinka_dk,telegram,52,4,shared,,,,0,czechia|deutsch|hungary|poland,credited-by-mirror
Telegram: Stefan_III_cel_Mare,Stefan_III_cel_Mare,telegram,52,1,exclusive,moldova,,,0,moldova,credited-by-mirror
Telegram: sputnikmd_2,sputnikmd_2,telegram,52,2,shared,,,,0,moldova|romania,credited-by-mirror
Telegram: dannykollar,dannykollar,telegram,51,2,shared,,,,0,czechia|slovakia,credited-by-mirror
Telegram: ia_rossa,ia_rossa,telegram,51,2,shared,,,,0,deutsch|poland,credited-by-mirror
Telegram: Pravda_i_kotiki,Pravda_i_kotiki,telegram,51,6,network-wide,,,,0,deutsch|hungary|moldova|poland|romania|slovakia,credited-by-mirror
Telegram: kavkaz_tass,kavkaz_tass,telegram,51,6,network-wide,,,,0,deutsch|hungary|moldova|poland|romania|slovakia,credited-by-mirror
Telegram: Degtyarev_Info,Degtyarev_Info,telegram,51,6,network-wide,,,,0,deutsch|hungary|moldova|poland|romania|slovakia,credited-by-mirror
Telegram: fotopolitika,fotopolitika,telegram,51,1,exclusive,moldova,,,0,moldova,credited-by-mirror
Telegram: IrinaVolk_MVD,IrinaVolk_MVD,telegram,50,6,network-wide,,,,0,czechia|deutsch|hungary|moldova|poland|slovakia,credited-by-mirror
Telegram: nosovichchannel,nosovichchannel,telegram,50,7,network-wide,,,,0,czechia|deutsch|hungary|moldova|poland|romania|slovakia,credited-by-mirror
MAX vedomosti,MAX vedomosti,max,50,5,network-wide,,,,0,czechia|deutsch|hungary|romania|slovakia,credited-by-mirror
Telegram: robertfarle,robertfarle,telegram,50,1,exclusive,deutsch,,,0,deutsch,credited-by-mirror
Telegram: zimenkin,zimenkin,telegram,50,4,shared,,,,0,deutsch|hungary|moldova|poland,credited-by-mirror
Telegram: MegaVata,MegaVata,telegram,50,1,exclusive,moldova,,,0,moldova,credited-by-mirror
Telegram: oskarrozsaofficial,oskarrozsaofficial,telegram,50,1,exclusive,slovakia,,,0,slovakia,credited-by-mirror
Telegram: kommersantvrn,kommersantvrn,telegram,49,5,network-wide,,,,0,czechia|deutsch|hungary|moldova|poland,credited-by-mirror
MAX sladkovplus,MAX sladkovplus,max,49,4,shared,,,,0,czechia|deutsch|hungary|romania,credited-by-mirror
Telegram: tommypositiv,tommypositiv,telegram,49,1,exclusive,deutsch,,,0,deutsch,credited-by-mirror
lug-info.com,lug-info.com,domain,49,2,shared,,,,0,deutsch|poland,credited-by-mirror
Telegram: agnieszkapiwar,agnieszkapiwar,telegram,49,1,exclusive,poland,,,0,poland,credited-by-mirror
Telegram: denyaleto,denyaleto,telegram,48,4,shared,,,,0,czechia|deutsch|hungary|poland,credited-by-mirror
Telegram: direktkontakt_de_ru,direktkontakt_de_ru,telegram,48,2,shared,,,,0,czechia|deutsch,credited-by-mirror
MAX RtrDonetsk,MAX RtrDonetsk,max,48,5,network-wide,,,,0,czechia|deutsch|hungary|poland|romania,credited-by-mirror
Telegram: rostovdonbass,rostovdonbass,telegram,48,4,shared,,,,0,deutsch|hungary|poland|romania,credited-by-mirror
Telegram: cikrossii,cikrossii,telegram,47,7,network-wide,,,,0,czechia|deutsch|hungary|moldova|poland|romania|slovakia,credited-by-mirror
Telegram: OpenUkraine,OpenUkraine,telegram,47,4,shared,,,,0,czechia|deutsch|hungary|moldova,credited-by-mirror
Telegram: militarymaps,militarymaps,telegram,47,6,network-wide,,,,0,czechia|deutsch|moldova|poland|romania|slovakia,credited-by-mirror
Telegram: AnonymousSchweizOrginal,AnonymousSchweizOrginal,telegram,47,1,exclusive,deutsch,,,0,deutsch,credited-by-mirror
Telegram: muzeypobedy,muzeypobedy,telegram,47,5,network-wide,,,,0,deutsch|moldova|poland|romania|slovakia,credited-by-mirror
Telegram: malkevich_news,malkevich_news,telegram,47,6,network-wide,,,,0,deutsch|hungary|moldova|poland|romania|slovakia,credited-by-mirror
Telegram: stranaua,stranaua,telegram,47,3,shared,,,,0,hungary|moldova|romania,credited-by-mirror
Telegram: ktoslive,ktoslive,telegram,47,1,exclusive,poland,,,0,poland,credited-by-mirror
Telegram: datelsk,datelsk,telegram,47,1,exclusive,slovakia,,,0,slovakia,credited-by-mirror
Telegram: Grigory_Karasin,Grigory_Karasin,telegram,46,6,network-wide,,,,0,czechia|deutsch|hungary|poland|romania|slovakia,credited-by-mirror
Telegram: warriorofnorth,warriorofnorth,telegram,46,6,network-wide,,,,0,czechia|deutsch|hungary|poland|romania|slovakia,credited-by-mirror
Telegram: COMPACTMagazinTV,COMPACTMagazinTV,telegram,46,1,exclusive,deutsch,,,0,deutsch,credited-by-mirror
Telegram: voblya_novosti_voina,voblya_novosti_voina,telegram,46,1,exclusive,moldova,,,0,moldova,credited-by-mirror
Telegram: casusbellivideo,casusbellivideo,telegram,46,1,exclusive,slovakia,,,0,slovakia,credited-by-mirror
Telegram: darkzotovland,darkzotovland,telegram,45,6,network-wide,,,,0,czechia|deutsch|hungary|poland|romania|slovakia,credited-by-mirror
Telegram: Varjag2007,Varjag2007,telegram,45,6,network-wide,,,,0,czechia|deutsch|hungary|poland|romania|slovakia,credited-by-mirror
Telegram: heroesofZ,heroesofZ,telegram,45,6,network-wide,,,,0,czechia|deutsch|hungary|poland|romania|slovakia,credited-by-mirror
Telegram: reporter_shturmovik,reporter_shturmovik,telegram,45,5,network-wide,,,,0,czechia|deutsch|moldova|poland|romania,credited-by-mirror
Telegram: pravdadecom,pravdadecom,telegram,45,1,exclusive,deutsch,,,0,deutsch,credited-by-mirror
Telegram: Medienzensur,Medienzensur,telegram,45,1,exclusive,deutsch,,,0,deutsch,credited-by-mirror
MAX MarAh,MAX MarAh,max,45,5,network-wide,,,,0,deutsch|hungary|moldova|poland|romania,credited-by-mirror
travelcrimea.com,travelcrimea.com,domain,45,5,network-wide,,,,0,deutsch|hungary|moldova|poland|romania,credited-by-mirror
Telegram: agurulev,agurulev,telegram,44,6,network-wide,,,,0,czechia|deutsch|hungary|poland|romania|slovakia,credited-by-mirror
Telegram: Russiacalling,Russiacalling,telegram,44,7,network-wide,,,,0,czechia|deutsch|hungary|moldova|poland|romania|slovakia,credited-by-mirror
Telegram: druschbainfos,druschbainfos,telegram,44,1,exclusive,deutsch,,,0,deutsch,credited-by-mirror
Telegram: imerkouri,imerkouri,telegram,44,6,network-wide,,,,0,deutsch|hungary|moldova|poland|romania|slovakia,credited-by-mirror
Telegram: Moldova_times,Moldova_times,telegram,44,1,exclusive,moldova,,,0,moldova,credited-by-mirror
Telegram: bzb_brics_sport,bzb_brics_sport,telegram,44,1,exclusive,slovakia,,,0,slovakia,credited-by-mirror
MAX shot,MAX shot,max,43,7,network-wide,,,,0,czechia|deutsch|hungary|moldova|poland|romania|slovakia,credited-by-mirror
MAX sledcom_press,MAX sledcom_press,max,43,5,network-wide,,,,0,czechia|deutsch|hungary|poland|romania,credited-by-mirror
Telegram: findefehler,findefehler,telegram,43,1,exclusive,deutsch,,,0,deutsch,credited-by-mirror
Telegram: etvideocontent,etvideocontent,telegram,43,1,exclusive,deutsch,,,0,deutsch,credited-by-mirror
Telegram: kenjebsen,kenjebsen,telegram,43,1,exclusive,deutsch,,,0,deutsch,credited-by-mirror
Telegram: russ_orientalist,russ_orientalist,telegram,43,3,shared,,,,0,deutsch|poland|romania,credited-by-mirror
Telegram: MonitoringMD,MonitoringMD,telegram,43,1,exclusive,moldova,,,0,moldova,credited-by-mirror
MAX prime1,MAX prime1,max,42,6,network-wide,,,,0,czechia|deutsch|hungary|poland|romania|slovakia,credited-by-mirror
Telegram: molva_news,molva_news,telegram,42,1,exclusive,moldova,,,0,moldova,credited-by-mirror
Telegram: pldm2007,pldm2007,telegram,42,2,shared,,,,0,moldova|romania,credited-by-mirror
Telegram: rmartiska,rmartiska,telegram,42,1,exclusive,slovakia,,,0,slovakia,credited-by-mirror
Telegram: jaxtellersk,jaxtellersk,telegram,41,2,shared,,,,0,czechia|slovakia,credited-by-mirror
Telegram: editor_in_chief_DPR,editor_in_chief_DPR,telegram,41,4,shared,,,,0,czechia|deutsch|poland|romania,credited-by-mirror
Telegram: fedsfm_ru,fedsfm_ru,telegram,41,7,network-wide,,,,0,czechia|deutsch|hungary|moldova|poland|romania|slovakia,credited-by-mirror
Telegram: komitetnacinter,komitetnacinter,telegram,41,3,shared,,,,0,czechia|deutsch|poland,credited-by-mirror
MAX ivanmezyukho,MAX ivanmezyukho,max,41,6,network-wide,,,,0,czechia|deutsch|hungary|moldova|poland|romania,credited-by-mirror
Telegram: CompactMagazin,CompactMagazin,telegram,41,1,exclusive,deutsch,,,0,deutsch,credited-by-mirror
Telegram: unabhaengig_neutral,unabhaengig_neutral,telegram,41,1,exclusive,deutsch,,,0,deutsch,credited-by-mirror
Telegram: airsitrep,airsitrep,telegram,41,3,shared,,,,0,deutsch|poland|romania,credited-by-mirror
Telegram: CIS91,CIS91,telegram,41,1,exclusive,moldova,,,0,moldova,credited-by-mirror
Telegram: krzysztofbosak,krzysztofbosak,telegram,41,1,exclusive,poland,,,0,poland,credited-by-mirror
Telegram: MarekGeci,MarekGeci,telegram,41,1,exclusive,slovakia,,,0,slovakia,credited-by-mirror
Telegram: REJ00000,REJ00000,telegram,41,1,exclusive,slovakia,,,0,slovakia,credited-by-mirror
Telegram: InfoDefenseRUS,InfoDefenseRUS,telegram,40,6,network-wide,,,,0,czechia|deutsch|hungary|poland|romania|slovakia,credited-by-mirror
Telegram: fsvps_official,fsvps_official,telegram,40,7,network-wide,,,,0,czechia|deutsch|hungary|moldova|poland|romania|slovakia,credited-by-mirror
Telegram: gluckrichard,gluckrichard,telegram,40,2,shared,,,,0,czechia|slovakia,credited-by-mirror
Telegram: nikitabsg,nikitabsg,telegram,40,5,network-wide,,,,0,czechia|deutsch|hungary|poland|romania,credited-by-mirror
Telegram: RusMissionOSCE,RusMissionOSCE,telegram,40,5,network-wide,,,,0,czechia|deutsch|hungary|moldova|poland,credited-by-mirror
MAX DmitriySteshin,MAX DmitriySteshin,max,40,6,network-wide,,,,0,deutsch|hungary|moldova|poland|romania|slovakia,credited-by-mirror
Telegram: istrkalkglk,istrkalkglk,telegram,40,4,shared,,,,0,deutsch|hungary|poland|romania,credited-by-mirror
Telegram: pintofmind,pintofmind,telegram,40,6,network-wide,,,,0,deutsch|hungary|moldova|poland|romania|slovakia,credited-by-mirror
Telegram: avturow,avturow,telegram,40,5,network-wide,,,,0,deutsch|moldova|poland|romania|slovakia,credited-by-mirror
Telegram: AptiAlaudinovAKHMAT,AptiAlaudinovAKHMAT,telegram,40,4,shared,,,,0,deutsch|hungary|moldova|poland,credited-by-mirror
Telegram: specOperation,specOperation,telegram,40,4,shared,,,,0,hungary|moldova|poland|slovakia,credited-by-mirror
Telegram: luchianiuc_com,luchianiuc_com,telegram,40,2,shared,,,,0,moldova|romania,credited-by-mirror
Telegram: ASupersharij,ASupersharij,telegram,40,3,shared,,,,0,moldova|romania|slovakia,credited-by-mirror
Telegram: monitor_strategiczny,monitor_strategiczny,telegram,40,1,exclusive,poland,,,0,poland,credited-by-mirror
Telegram: pavaliali,pavaliali,telegram,39,2,shared,,,,0,czechia|slovakia,credited-by-mirror
Telegram: neinsider,neinsider,telegram,39,5,network-wide,,,,0,czechia|deutsch|hungary|poland|romania,credited-by-mirror
Telegram: duma_gov_ru,duma_gov_ru,telegram,39,6,network-wide,,,,0,czechia|deutsch|hungary|poland|romania|slovakia,credited-by-mirror
Telegram: roscosmos_gk,roscosmos_gk,telegram,39,7,network-wide,,,,0,czechia|deutsch|hungary|moldova|poland|romania|slovakia,credited-by-mirror
Telegram: imperiabook,imperiabook,telegram,39,7,network-wide,,,,0,czechia|deutsch|hungary|moldova|poland|romania|slovakia,credited-by-mirror
Telegram: mayday_7700,mayday_7700,telegram,39,5,network-wide,,,,0,czechia|deutsch|hungary|poland|romania,credited-by-mirror
Telegram: vereinigteWahrheitsbewegung,vereinigteWahrheitsbewegung,telegram,39,1,exclusive,deutsch,,,0,deutsch,credited-by-mirror
Telegram: DieFrontNews,DieFrontNews,telegram,39,1,exclusive,deutsch,,,0,deutsch,credited-by-mirror
Telegram: rsotmdivision,rsotmdivision,telegram,39,3,shared,,,,0,deutsch|poland|romania,credited-by-mirror
Telegram: kremlinprachka,kremlinprachka,telegram,39,2,shared,,,,0,deutsch|poland,credited-by-mirror
MAX voenkorKotenok,MAX voenkorKotenok,max,39,6,network-wide,,,,0,deutsch|hungary|moldova|poland|romania|slovakia,credited-by-mirror
Telegram: russica2,russica2,telegram,39,6,network-wide,,,,0,deutsch|hungary|moldova|poland|romania|slovakia,credited-by-mirror
Telegram: FreedomMoldova,FreedomMoldova,telegram,39,1,exclusive,moldova,,,0,moldova,credited-by-mirror
donmintrans.ru,donmintrans.ru,domain,39,1,exclusive,poland,,,0,poland,credited-by-mirror
Telegram: jankecskes,jankecskes,telegram,39,1,exclusive,slovakia,,,0,slovakia,credited-by-mirror
Telegram: voenkor_gavrish,voenkor_gavrish,telegram,38,6,network-wide,,,,0,czechia|deutsch|hungary|poland|romania|slovakia,credited-by-mirror
MAX rossotrudnichestvo,MAX rossotrudnichestvo,max,38,7,network-wide,,,,0,czechia|deutsch|hungary|moldova|poland|romania|slovakia,credited-by-mirror
Telegram: valeriyatroitskaya,valeriyatroitskaya,telegram,38,7,network-wide,,,,0,czechia|deutsch|hungary|moldova|poland|romania|slovakia,credited-by-mirror
Telegram: rosmolodez,rosmolodez,telegram,38,6,network-wide,,,,0,czechia|deutsch|moldova|poland|romania|slovakia,credited-by-mirror
Telegram: asphaltt,asphaltt,telegram,38,7,network-wide,,,,0,czechia|deutsch|hungary|moldova|poland|romania|slovakia,credited-by-mirror
Telegram: breege_time_20zz,breege_time_20zz,telegram,38,7,network-wide,,,,0,czechia|deutsch|hungary|moldova|poland|romania|slovakia,credited-by-mirror
Telegram: DmitriySimes,DmitriySimes,telegram,38,5,network-wide,,,,0,czechia|deutsch|hungary|poland|romania,credited-by-mirror
Telegram: GesundUndGut,GesundUndGut,telegram,38,1,exclusive,deutsch,,,0,deutsch,credited-by-mirror
Telegram: BrandenburgTVinfo,BrandenburgTVinfo,telegram,38,1,exclusive,deutsch,,,0,deutsch,credited-by-mirror
Telegram: AnettGatzka,AnettGatzka,telegram,38,1,exclusive,deutsch,,,0,deutsch,credited-by-mirror
Telegram: heiko_schoening,heiko_schoening,telegram,38,1,exclusive,deutsch,,,0,deutsch,credited-by-mirror
Telegram: KilezMore,KilezMore,telegram,38,1,exclusive,deutsch,,,0,deutsch,credited-by-mirror
Telegram: SonOfMonarchy,SonOfMonarchy,telegram,38,5,network-wide,,,,0,deutsch|hungary|moldova|poland|romania,credited-by-mirror
Telegram: merussiatg,merussiatg,telegram,38,4,shared,,,,0,deutsch|moldova|poland|romania,credited-by-mirror
Telegram: arbaletgovorit,arbaletgovorit,telegram,38,2,shared,,,,0,deutsch|moldova,credited-by-mirror
Telegram: RKadyrov_95,RKadyrov_95,telegram,38,3,shared,,,,0,deutsch|moldova|poland,credited-by-mirror
Telegram: smuglianka,smuglianka,telegram,38,1,exclusive,moldova,,,0,moldova,credited-by-mirror
Telegram: covidlogika,covidlogika,telegram,37,2,shared,,,,0,czechia|slovakia,credited-by-mirror
Telegram: antifalivland,antifalivland,telegram,37,6,network-wide,,,,0,czechia|deutsch|hungary|poland|romania|slovakia,credited-by-mirror
Telegram: rybar_mena,rybar_mena,telegram,37,3,shared,,,,0,czechia|deutsch|romania,credited-by-mirror
Telegram: nichtmehralle,nichtmehralle,telegram,37,1,exclusive,deutsch,,,0,deutsch,credited-by-mirror
Telegram: medvedev_note,medvedev_note,telegram,37,3,shared,,,,0,deutsch|hungary|slovakia,credited-by-mirror
Telegram: archivarius_dz,archivarius_dz,telegram,37,2,shared,,,,0,deutsch|poland,credited-by-mirror
zvezdaweekly.ru,zvezdaweekly.ru,domain,37,4,shared,,,,0,deutsch|poland|romania|slovakia,credited-by-mirror
MAX SergeyKolyasnikov,MAX SergeyKolyasnikov,max,37,3,shared,,,,0,deutsch|poland|romania,credited-by-mirror
MAX mardanaka,MAX mardanaka,max,37,5,network-wide,,,,0,deutsch|hungary|poland|romania|slovakia,credited-by-mirror
Telegram: ereport,ereport,telegram,37,1,exclusive,slovakia,,,0,slovakia,credited-by-mirror
Telegram: genIvanSevcik,genIvanSevcik,telegram,37,1,exclusive,slovakia,,,0,slovakia,credited-by-mirror
Telegram: harabin,harabin,telegram,36,2,shared,,,,0,czechia|slovakia,credited-by-mirror
MAX warfakes,MAX warfakes,max,36,7,network-wide,,,,0,czechia|deutsch|hungary|moldova|poland|romania|slovakia,credited-by-mirror
Telegram: rosreestr_news,rosreestr_news,telegram,36,5,network-wide,,,,0,czechia|deutsch|moldova|poland|romania,credited-by-mirror
Telegram: nevolf,nevolf,telegram,36,5,network-wide,,,,0,czechia|hungary|moldova|poland|romania,credited-by-mirror
Telegram: coolnews1,coolnews1,telegram,36,6,network-wide,,,,0,czechia|deutsch|moldova|poland|romania|slovakia,credited-by-mirror
Telegram: AbsicherungNachwelt,AbsicherungNachwelt,telegram,36,1,exclusive,deutsch,,,0,deutsch,credited-by-mirror
Telegram: DobroInform,DobroInform,telegram,36,4,shared,,,,0,deutsch|moldova|poland|romania,credited-by-mirror
Telegram: socedinstvo,socedinstvo,telegram,36,2,shared,,,,0,hungary|moldova,credited-by-mirror
Telegram: moldovacenter,moldovacenter,telegram,36,1,exclusive,moldova,,,0,moldova,credited-by-mirror
Telegram: VPlatonLife,VPlatonLife,telegram,36,1,exclusive,moldova,,,0,moldova,credited-by-mirror
Telegram: novosti_kursk_voina,novosti_kursk_voina,telegram,36,1,exclusive,moldova,,,0,moldova,credited-by-mirror
Telegram: russ_pirat,russ_pirat,telegram,36,1,exclusive,moldova,,,0,moldova,credited-by-mirror
Telegram: TuckerKarIson,TuckerKarIson,telegram,36,1,exclusive,moldova,,,0,moldova,credited-by-mirror
Telegram: slota_pavol,slota_pavol,telegram,36,1,exclusive,slovakia,,,0,slovakia,credited-by-mirror
Telegram: cas_sa_krati,cas_sa_krati,telegram,35,2,shared,,,,0,czechia|slovakia,credited-by-mirror
Telegram: zahadyakonspirace,zahadyakonspirace,telegram,35,2,shared,,,,0,czechia|slovakia,credited-by-mirror
Telegram: stormdaily,stormdaily,telegram,35,7,network-wide,,,,0,czechia|deutsch|hungary|moldova|poland|romania|slovakia,credited-by-mirror
Telegram: KIMMARINA,KIMMARINA,telegram,35,6,network-wide,,,,0,czechia|deutsch|hungary|moldova|romania|slovakia,credited-by-mirror
Telegram: inforMEF,inforMEF,telegram,35,6,network-wide,,,,0,czechia|deutsch|hungary|poland|romania|slovakia,credited-by-mirror
Telegram: donbassr,donbassr,telegram,35,6,network-wide,,,,0,czechia|deutsch|hungary|moldova|poland|romania,credited-by-mirror
Telegram: PhantomSchweiz,PhantomSchweiz,telegram,35,1,exclusive,deutsch,,,0,deutsch,credited-by-mirror
Telegram: bye_biden,bye_biden,telegram,35,4,shared,,,,0,deutsch|moldova|poland|romania,credited-by-mirror
kremlin.ru,kremlin.ru,domain,35,6,network-wide,,,,0,deutsch|hungary|moldova|poland|romania|slovakia,credited-by-mirror
Telegram: Russia_heroes,Russia_heroes,telegram,35,4,shared,,,,0,deutsch|hungary|moldova|poland,credited-by-mirror
Telegram: Kerch_Today,Kerch_Today,telegram,35,2,shared,,,,0,deutsch|poland,credited-by-mirror
Telegram: isshishkin,isshishkin,telegram,35,5,network-wide,,,,0,deutsch|hungary|moldova|poland|romania,credited-by-mirror
Telegram: MoldoveniRU,MoldoveniRU,telegram,35,1,exclusive,moldova,,,0,moldova,credited-by-mirror
Telegram: alenaarshinova,alenaarshinova,telegram,35,1,exclusive,moldova,,,0,moldova,credited-by-mirror
Telegram: UKsiu,UKsiu,telegram,35,1,exclusive,moldova,,,0,moldova,credited-by-mirror
Telegram: vladbiletchi,vladbiletchi,telegram,35,2,shared,,,,0,moldova|romania,credited-by-mirror
Telegram: realitateamd,realitateamd,telegram,35,2,shared,,,,0,moldova|romania,credited-by-mirror
Telegram: met_26966,met_26966,telegram,35,2,shared,,,,0,moldova|romania,credited-by-mirror
Telegram: svetonazor,svetonazor,telegram,35,1,exclusive,slovakia,,,0,slovakia,credited-by-mirror
Telegram: michalsharksvobodnykanal,michalsharksvobodnykanal,telegram,34,2,shared,,,,0,czechia|slovakia,credited-by-mirror
Telegram: AC24cz,AC24cz,telegram,34,2,shared,,,,0,czechia|slovakia,credited-by-mirror
MAX SMIcrimea,MAX SMIcrimea,max,34,5,network-wide,,,,0,czechia|deutsch|poland|romania|slovakia,credited-by-mirror
Telegram: obrazbuduschego2,obrazbuduschego2,telegram,34,6,network-wide,,,,0,czechia|hungary|moldova|poland|romania|slovakia,credited-by-mirror
MAX Warhronika,MAX Warhronika,max,34,4,shared,,,,0,deutsch|moldova|poland|romania,credited-by-mirror
Telegram: interfaxonline,interfaxonline,telegram,34,3,shared,,,,0,hungary|moldova|slovakia,credited-by-mirror
Telegram: grangers_2020,grangers_2020,telegram,34,1,exclusive,moldova,,,0,moldova,credited-by-mirror
Telegram: alexandruversinin,alexandruversinin,telegram,34,1,exclusive,moldova,,,0,moldova,credited-by-mirror
Telegram: ProgramowanieLinux,ProgramowanieLinux,telegram,34,1,exclusive,poland,,,0,poland,credited-by-mirror
Telegram: Losevatalks,Losevatalks,telegram,33,4,shared,,,,0,czechia|deutsch|moldova|poland,credited-by-mirror
Telegram: nwsru,nwsru,telegram,33,7,network-wide,,,,0,czechia|deutsch|hungary|moldova|poland|romania|slovakia,credited-by-mirror
MAX Yunashev_Live,MAX Yunashev_Live,max,33,5,network-wide,,,,0,czechia|deutsch|hungary|poland|romania,credited-by-mirror
Telegram: From_Masha_withLOVE,From_Masha_withLOVE,telegram,33,1,exclusive,deutsch,,,0,deutsch,credited-by-mirror
Telegram: wirmachenauf_de,wirmachenauf_de,telegram,33,1,exclusive,deutsch,,,0,deutsch,credited-by-mirror
Telegram: kommersant_volga,kommersant_volga,telegram,33,6,network-wide,,,,0,deutsch|hungary|moldova|poland|romania|slovakia,credited-by-mirror
Telegram: sanya_florida,sanya_florida,telegram,33,1,exclusive,moldova,,,0,moldova,credited-by-mirror
Telegram: svlasyuc,svlasyuc,telegram,33,2,shared,,,,0,moldova|romania,credited-by-mirror
Telegram: poleanschi,poleanschi,telegram,33,2,shared,,,,0,moldova|romania,credited-by-mirror
Telegram: Geopolitika_pl,Geopolitika_pl,telegram,33,1,exclusive,poland,,,0,poland,credited-by-mirror
Telegram: grishkafilippov,grishkafilippov,telegram,32,5,network-wide,,,,0,czechia|deutsch|hungary|poland|romania,credited-by-mirror
Telegram: Taynaya_kantselyariya,Taynaya_kantselyariya,telegram,32,5,network-wide,,,,0,czechia|deutsch|moldova|poland|romania,credited-by-mirror
Telegram: zapiskitrad,zapiskitrad,telegram,32,6,network-wide,,,,0,czechia|deutsch|hungary|moldova|poland|romania,credited-by-mirror
Telegram: sovfedofficial,sovfedofficial,telegram,32,4,shared,,,,0,deutsch|moldova|poland|romania,credited-by-mirror
Telegram: severyanovR,severyanovR,telegram,32,4,shared,,,,0,deutsch|hungary|poland|romania,credited-by-mirror
Telegram: kotletipmr,kotletipmr,telegram,32,1,exclusive,moldova,,,0,moldova,credited-by-mirror
Telegram: talipovonlineV,talipovonlineV,telegram,32,1,exclusive,moldova,,,0,moldova,credited-by-mirror
Telegram: lubomirvolnyoficialni,lubomirvolnyoficialni,telegram,31,2,shared,,,,0,czechia|slovakia,credited-by-mirror
Telegram: memeckask,memeckask,telegram,31,2,shared,,,,0,czechia|slovakia,credited-by-mirror
Telegram: VOENSLED,VOENSLED,telegram,31,4,shared,,,,0,czechia|deutsch|hungary|slovakia,credited-by-mirror
Telegram: BIoomberg,BIoomberg,telegram,31,6,network-wide,,,,0,czechia|deutsch|hungary|poland|romania|slovakia,credited-by-mirror
Telegram: fctkobdotu,fctkobdotu,telegram,31,1,exclusive,deutsch,,,0,deutsch,credited-by-mirror
MAX newsfrontnotes,MAX newsfrontnotes,max,31,5,network-wide,,,,0,deutsch|hungary|poland|romania|slovakia,credited-by-mirror
Telegram: sputnikby,sputnikby,telegram,31,4,shared,,,,0,deutsch|hungary|moldova|poland,credited-by-mirror
Telegram: mold_politika,mold_politika,telegram,31,1,exclusive,moldova,,,0,moldova,credited-by-mirror
Telegram: ne_nado_blah_blah,ne_nado_blah_blah,telegram,31,2,shared,,,,0,moldova|romania,credited-by-mirror
Telegram: sppotmd,sppotmd,telegram,31,2,shared,,,,0,moldova|romania,credited-by-mirror
Telegram: borisvolosatii,borisvolosatii,telegram,31,2,shared,,,,0,moldova|romania,credited-by-mirror
Telegram: ruchpolakow,ruchpolakow,telegram,31,1,exclusive,poland,,,0,poland,credited-by-mirror
Telegram: riadprz,riadprz,telegram,30,5,network-wide,,,,0,czechia|deutsch|hungary|poland|slovakia,credited-by-mirror
Telegram: sibir_tass,sibir_tass,telegram,30,5,network-wide,,,,0,czechia|deutsch|hungary|poland|romania,credited-by-mirror
Telegram: rtbalkan_ru,rtbalkan_ru,telegram,30,5,network-wide,,,,0,czechia|deutsch|hungary|romania|slovakia,credited-by-mirror
Telegram: YourNewsTalk,YourNewsTalk,telegram,30,5,network-wide,,,,0,czechia|deutsch|hungary|poland|romania,credited-by-mirror
Telegram: Infrarot_Medien,Infrarot_Medien,telegram,30,1,exclusive,deutsch,,,0,deutsch,credited-by-mirror
Telegram: rian_de,rian_de,telegram,30,1,exclusive,deutsch,,,0,deutsch,credited-by-mirror
Telegram: minec_russia,minec_russia,telegram,30,3,shared,,,,0,deutsch|hungary|slovakia,credited-by-mirror
Telegram: sex_drugs_kahlo,sex_drugs_kahlo,telegram,30,3,shared,,,,0,deutsch|hungary|poland,credited-by-mirror
Telegram: kommersant_siberia,kommersant_siberia,telegram,30,3,shared,,,,0,deutsch|moldova|poland,credited-by-mirror
Telegram: itsalwayssunnyinmoscow,itsalwayssunnyinmoscow,telegram,30,4,shared,,,,0,deutsch|hungary|moldova|poland,credited-by-mirror
Telegram: JindrichRajchl_PRO,JindrichRajchl_PRO,telegram,29,2,shared,,,,0,czechia|slovakia,credited-by-mirror
Telegram: rospotrebnadzor_ru,rospotrebnadzor_ru,telegram,29,7,network-wide,,,,0,czechia|deutsch|hungary|moldova|poland|romania|slovakia,credited-by-mirror
Telegram: dolgarevaanna,dolgarevaanna,telegram,29,5,network-wide,,,,0,czechia|deutsch|hungary|moldova|poland,credited-by-mirror
Telegram: crimsondigest,crimsondigest,telegram,29,6,network-wide,,,,0,czechia|deutsch|hungary|poland|romania|slovakia,credited-by-mirror
Telegram: olympic_russia,olympic_russia,telegram,29,6,network-wide,,,,0,czechia|hungary|moldova|poland|romania|slovakia,credited-by-mirror
Telegram: don_partizan,don_partizan,telegram,29,7,network-wide,,,,0,czechia|deutsch|hungary|moldova|poland|romania|slovakia,credited-by-mirror
Telegram: pbesedinreal,pbesedinreal,telegram,29,6,network-wide,,,,0,czechia|deutsch|hungary|moldova|poland|slovakia,credited-by-mirror
Telegram: QWWG1WGA16PLUS1,QWWG1WGA16PLUS1,telegram,29,1,exclusive,deutsch,,,0,deutsch,credited-by-mirror
Telegram: topinfographic,topinfographic,telegram,29,3,shared,,,,0,deutsch|hungary|poland,credited-by-mirror
Telegram: russianodyssey,russianodyssey,telegram,29,5,network-wide,,,,0,deutsch|hungary|moldova|poland|romania,credited-by-mirror
Telegram: news_kremlin,news_kremlin,telegram,29,5,network-wide,,,,0,deutsch|hungary|moldova|poland|slovakia,credited-by-mirror
Telegram: antimaidanmd,antimaidanmd,telegram,29,1,exclusive,moldova,,,0,moldova,credited-by-mirror
Telegram: voda_daniel,voda_daniel,telegram,29,2,shared,,,,0,moldova|romania,credited-by-mirror
Telegram: disputPmrRu,disputPmrRu,telegram,29,2,shared,,,,0,moldova|poland,credited-by-mirror
Telegram: svtv_info,svtv_info,telegram,28,1,exclusive,czechia,,,0,czechia,credited-by-mirror
Telegram: url_mash,url_mash,telegram,28,5,network-wide,,,,0,czechia|deutsch|hungary|moldova|poland,credited-by-mirror
Telegram: RUkatehon,RUkatehon,telegram,28,6,network-wide,,,,0,czechia|deutsch|hungary|poland|romania|slovakia,credited-by-mirror
Telegram: radiogovoritmsk,radiogovoritmsk,telegram,28,7,network-wide,,,,0,czechia|deutsch|hungary|moldova|poland|romania|slovakia,credited-by-mirror
Telegram: ryabseva_zhanna,ryabseva_zhanna,telegram,28,2,shared,,,,0,deutsch|poland,credited-by-mirror
Telegram: SIL0VIKI,SIL0VIKI,telegram,28,4,shared,,,,0,deutsch|hungary|poland|romania,credited-by-mirror
Unknown,Unknown,other,28,4,shared,,,,0,deutsch|poland|romania|slovakia,credited-by-mirror
Telegram: imperiumtalk,imperiumtalk,telegram,28,6,network-wide,,,,0,deutsch|hungary|moldova|poland|romania|slovakia,credited-by-mirror
Telegram: vdtahu,vdtahu,telegram,28,1,exclusive,hungary,,,0,hungary,credited-by-mirror
Telegram: BezPressu,BezPressu,telegram,27,2,shared,,,,0,czechia|slovakia,credited-by-mirror
MAX vesti_dezhurnaya_chast,MAX vesti_dezhurnaya_chast,max,27,4,shared,,,,0,czechia|deutsch|hungary|poland,credited-by-mirror
mvdmedia.ru,mvdmedia.ru,domain,27,5,network-wide,,,,0,czechia|deutsch|hungary|moldova|poland,credited-by-mirror
Telegram: grahamphillipsreportagerus,grahamphillipsreportagerus,telegram,27,6,network-wide,,,,0,czechia|deutsch|hungary|poland|romania|slovakia,credited-by-mirror
Telegram: apolut,apolut,telegram,27,1,exclusive,deutsch,,,0,deutsch,credited-by-mirror
Telegram: GK_RF_Bonn,GK_RF_Bonn,telegram,27,1,exclusive,deutsch,,,0,deutsch,credited-by-mirror
Telegram: oliverjanich,oliverjanich,telegram,27,1,exclusive,deutsch,,,0,deutsch,credited-by-mirror
Telegram: uncutnews_schlagzeilen,uncutnews_schlagzeilen,telegram,27,1,exclusive,deutsch,,,0,deutsch,credited-by-mirror
MAX lost_armour,MAX lost_armour,max,27,1,exclusive,deutsch,,,0,deutsch,credited-by-mirror
Telegram: batalyon_vostok,batalyon_vostok,telegram,27,2,shared,,,,0,deutsch|poland,credited-by-mirror
Telegram: annasmaslom,annasmaslom,telegram,27,4,shared,,,,0,deutsch|hungary|poland|slovakia,credited-by-mirror
Telegram: tikandelaki,tikandelaki,telegram,27,6,network-wide,,,,0,deutsch|hungary|moldova|poland|romania|slovakia,credited-by-mirror
Telegram: yakemenko,yakemenko,telegram,27,5,network-wide,,,,0,deutsch|hungary|moldova|poland|slovakia,credited-by-mirror
Telegram: slavica_slovansky_spolok,slavica_slovansky_spolok,telegram,27,1,exclusive,slovakia,,,0,slovakia,credited-by-mirror
Telegram: gr_nazarenko,gr_nazarenko,telegram,26,5,network-wide,,,,0,czechia|deutsch|moldova|poland|romania,credited-by-mirror
Telegram: olegyasynsky,olegyasynsky,telegram,26,7,network-wide,,,,0,czechia|deutsch|hungary|moldova|poland|romania|slovakia,credited-by-mirror
Telegram: LastOfRus,LastOfRus,telegram,26,7,network-wide,,,,0,czechia|deutsch|hungary|moldova|poland|romania|slovakia,credited-by-mirror
Telegram: tomdabassman,tomdabassman,telegram,26,1,exclusive,deutsch,,,0,deutsch,credited-by-mirror
Telegram: RVSsu,RVSsu,telegram,26,1,exclusive,deutsch,,,0,deutsch,credited-by-mirror
Telegram: MilitaerNews,MilitaerNews,telegram,26,1,exclusive,deutsch,,,0,deutsch,credited-by-mirror
Telegram: News1717,News1717,telegram,26,1,exclusive,deutsch,,,0,deutsch,credited-by-mirror
Telegram: selfinvestor,selfinvestor,telegram,26,3,shared,,,,0,deutsch|hungary|poland,credited-by-mirror
Telegram: RussianMissionEU,RussianMissionEU,telegram,26,3,shared,,,,0,deutsch|hungary|romania,credited-by-mirror
mondnr.ru,mondnr.ru,domain,26,2,shared,,,,0,deutsch|poland,credited-by-mirror
MAX pdm_news,MAX pdm_news,max,26,4,shared,,,,0,deutsch|hungary|romania|slovakia,credited-by-mirror
Telegram: kovitidi,kovitidi,telegram,26,2,shared,,,,0,deutsch|poland,credited-by-mirror
Telegram: dimonundmir,dimonundmir,telegram,26,5,network-wide,,,,0,deutsch|hungary|poland|romania|slovakia,credited-by-mirror
Telegram: eduardpetrof,eduardpetrof,telegram,26,4,shared,,,,0,deutsch|hungary|poland|romania,credited-by-mirror
Telegram: tchk14,tchk14,telegram,26,4,shared,,,,0,hungary|poland|romania|slovakia,credited-by-mirror
Telegram: vybora,vybora,telegram,26,1,exclusive,moldova,,,0,moldova,credited-by-mirror
Telegram: pacalasitindala,pacalasitindala,telegram,26,1,exclusive,moldova,,,0,moldova,credited-by-mirror
Telegram: moldova_first,moldova_first,telegram,26,2,shared,,,,0,moldova|romania,credited-by-mirror
Telegram: AnatoliTcaci,AnatoliTcaci,telegram,26,2,shared,,,,0,moldova|romania,credited-by-mirror
Telegram: regnum_na,regnum_na,telegram,25,5,network-wide,,,,0,czechia|deutsch|hungary|poland|romania,credited-by-mirror
Telegram: ChannelOne_official,ChannelOne_official,telegram,25,4,shared,,,,0,czechia|deutsch|hungary|poland,credited-by-mirror
Telegram: sidpolit,sidpolit,telegram,25,7,network-wide,,,,0,czechia|deutsch|hungary|moldova|poland|romania|slovakia,credited-by-mirror
Telegram: yurist_yug,yurist_yug,telegram,25,6,network-wide,,,,0,czechia|deutsch|hungary|moldova|poland|romania,credited-by-mirror
Telegram: MegaFunnyVids,MegaFunnyVids,telegram,25,1,exclusive,deutsch,,,0,deutsch,credited-by-mirror
Telegram: VideoTranslateProjects,VideoTranslateProjects,telegram,25,1,exclusive,deutsch,,,0,deutsch,credited-by-mirror
Telegram: linkezeitung,linkezeitung,telegram,25,1,exclusive,deutsch,,,0,deutsch,credited-by-mirror
Telegram: rotundreal,rotundreal,telegram,25,1,exclusive,deutsch,,,0,deutsch,credited-by-mirror
Telegram: radiocrimea,radiocrimea,telegram,25,2,shared,,,,0,deutsch|poland,credited-by-mirror
Telegram: Doctor222555,Doctor222555,telegram,25,4,shared,,,,0,deutsch|hungary|poland|romania,credited-by-mirror
Telegram: turan_express,turan_express,telegram,25,3,shared,,,,0,deutsch|moldova|romania,credited-by-mirror
Telegram: centralbank_russia,centralbank_russia,telegram,25,2,shared,,,,0,hungary|moldova,credited-by-mirror
Telegram: antifishechki,antifishechki,telegram,25,2,shared,,,,0,hungary|moldova,credited-by-mirror
Telegram: crocus_jirik_tresh_svo,crocus_jirik_tresh_svo,telegram,25,1,exclusive,moldova,,,0,moldova,credited-by-mirror
Telegram: Obnakyxne,Obnakyxne,telegram,25,1,exclusive,moldova,,,0,moldova,credited-by-mirror
Telegram: PolskaHistoriaIGeopolityka,PolskaHistoriaIGeopolityka,telegram,25,1,exclusive,poland,,,0,poland,credited-by-mirror
Telegram: petraredova,petraredova,telegram,24,2,shared,,,,0,czechia|slovakia,credited-by-mirror
MAX izolentalive,MAX izolentalive,max,24,3,shared,,,,0,czechia|deutsch|poland,credited-by-mirror
Telegram: olga_b_lyubimova,olga_b_lyubimova,telegram,24,7,network-wide,,,,0,czechia|deutsch|hungary|moldova|poland|romania|slovakia,credited-by-mirror
Telegram: DKulko,DKulko,telegram,24,4,shared,,,,0,czechia|deutsch|poland|romania,credited-by-mirror
Telegram: er_molnia,er_molnia,telegram,24,5,network-wide,,,,0,czechia|deutsch|hungary|poland|romania,credited-by-mirror
Telegram: MARKmobil,MARKmobil,telegram,24,1,exclusive,deutsch,,,0,deutsch,credited-by-mirror
Telegram: gesundistbesser,gesundistbesser,telegram,24,1,exclusive,deutsch,,,0,deutsch,credited-by-mirror
Telegram: AnleitungenTelegram,AnleitungenTelegram,telegram,24,1,exclusive,deutsch,,,0,deutsch,credited-by-mirror
Telegram: bunte_nachrichtenagentur,bunte_nachrichtenagentur,telegram,24,1,exclusive,deutsch,,,0,deutsch,credited-by-mirror
Telegram: bjoernbanane,bjoernbanane,telegram,24,1,exclusive,deutsch,,,0,deutsch,credited-by-mirror
MAX skarnauhov,MAX skarnauhov,max,24,4,shared,,,,0,deutsch|hungary|poland|romania,credited-by-mirror
Telegram: historyWWII,historyWWII,telegram,24,4,shared,,,,0,deutsch|moldova|poland|romania,credited-by-mirror
Telegram: Politia_Republicii_Moldova,Politia_Republicii_Moldova,telegram,24,1,exclusive,moldova,,,0,moldova,credited-by-mirror
Telegram: moldavskiyefir,moldavskiyefir,telegram,24,1,exclusive,moldova,,,0,moldova,credited-by-mirror
Telegram: rodina_mama,rodina_mama,telegram,24,1,exclusive,moldova,,,0,moldova,credited-by-mirror
Telegram: BFMnews,BFMnews,telegram,24,2,shared,,,,0,moldova|slovakia,credited-by-mirror
Telegram: rus_demiurge,rus_demiurge,telegram,24,3,shared,,,,0,moldova|poland|romania,credited-by-mirror
Telegram: elon_musk_en,elon_musk_en,telegram,24,1,exclusive,poland,,,0,poland,credited-by-mirror
Telegram: JuditaLassakova,JuditaLassakova,telegram,24,1,exclusive,slovakia,,,0,slovakia,credited-by-mirror
Telegram: tvsalingrad,tvsalingrad,telegram,23,2,shared,,,,0,czechia|slovakia,credited-by-mirror
Telegram: sputnikKZ,sputnikKZ,telegram,23,6,network-wide,,,,0,czechia|deutsch|hungary|moldova|poland|romania,credited-by-mirror
Telegram: kadmitriev,kadmitriev,telegram,23,5,network-wide,,,,0,czechia|deutsch|hungary|romania|slovakia,credited-by-mirror
Telegram: LIONMediaNews,LIONMediaNews,telegram,23,1,exclusive,deutsch,,,0,deutsch,credited-by-mirror
Telegram: infoquelleDE,infoquelleDE,telegram,23,1,exclusive,deutsch,,,0,deutsch,credited-by-mirror
Telegram: PatrickLancaterNewsToday,PatrickLancaterNewsToday,telegram,23,3,shared,,,,0,deutsch|poland|romania,credited-by-mirror
Telegram: politadequate,politadequate,telegram,23,5,network-wide,,,,0,deutsch|hungary|poland|romania|slovakia,credited-by-mirror
Telegram: yuzhny_front_ZOV,yuzhny_front_ZOV,telegram,23,4,shared,,,,0,deutsch|hungary|poland|romania,credited-by-mirror
Telegram: reporters_channel,reporters_channel,telegram,23,2,shared,,,,0,moldova|romania,credited-by-mirror
Telegram: LadislavKamenicky,LadislavKamenicky,telegram,23,1,exclusive,slovakia,,,0,slovakia,credited-by-mirror
Telegram: peterpcolinsky,peterpcolinsky,telegram,23,1,exclusive,slovakia,,,0,slovakia,credited-by-mirror
Telegram: cestazivota,cestazivota,telegram,22,1,exclusive,czechia,,,0,czechia,credited-by-mirror
Telegram: svetclanky,svetclanky,telegram,22,1,exclusive,czechia,,,0,czechia,credited-by-mirror
Telegram: mmdpravdakterabolicz,mmdpravdakterabolicz,telegram,22,1,exclusive,czechia,,,0,czechia,credited-by-mirror
Telegram: jakubzieba_ruscz,jakubzieba_ruscz,telegram,22,2,shared,,,,0,czechia|slovakia,credited-by-mirror
Telegram: pavelkamas,pavelkamas,telegram,22,2,shared,,,,0,czechia|slovakia,credited-by-mirror
Telegram: ombudsmanrf,ombudsmanrf,telegram,22,4,shared,,,,0,czechia|deutsch|poland|slovakia,credited-by-mirror
Telegram: BeatrixvStorch,BeatrixvStorch,telegram,22,1,exclusive,deutsch,,,0,deutsch,credited-by-mirror
Telegram: Demotermine,Demotermine,telegram,22,1,exclusive,deutsch,,,0,deutsch,credited-by-mirror
Telegram: AugenAufMA,AugenAufMA,telegram,22,1,exclusive,deutsch,,,0,deutsch,credited-by-mirror
Telegram: Vivoterra,Vivoterra,telegram,22,1,exclusive,deutsch,,,0,deutsch,credited-by-mirror
Telegram: ekaterina_mizulina,ekaterina_mizulina,telegram,22,3,shared,,,,0,deutsch|poland|romania,credited-by-mirror
Telegram: dolg_z,dolg_z,telegram,22,3,shared,,,,0,deutsch|hungary|poland,credited-by-mirror
Telegram: malvovabelova,malvovabelova,telegram,22,3,shared,,,,0,deutsch|moldova|poland,credited-by-mirror
Telegram: tvctvc,tvctvc,telegram,22,5,network-wide,,,,0,deutsch|hungary|poland|romania|slovakia,credited-by-mirror
Telegram: hraniteli_odessi,hraniteli_odessi,telegram,22,1,exclusive,moldova,,,0,moldova,credited-by-mirror
Telegram: anonfromusa,anonfromusa,telegram,22,1,exclusive,moldova,,,0,moldova,credited-by-mirror
Telegram: alphaingenium,alphaingenium,telegram,22,2,shared,,,,0,moldova|slovakia,credited-by-mirror
Telegram: memetic_narrations,memetic_narrations,telegram,22,1,exclusive,poland,,,0,poland,credited-by-mirror
Telegram: wolna_fantastyka,wolna_fantastyka,telegram,22,1,exclusive,poland,,,0,poland,credited-by-mirror
Telegram: plusjedendensk,plusjedendensk,telegram,22,1,exclusive,slovakia,,,0,slovakia,credited-by-mirror
Telegram: portalbadatel,portalbadatel,telegram,21,2,shared,,,,0,czechia|slovakia,credited-by-mirror
Telegram: kd_mid,kd_mid,telegram,21,5,network-wide,,,,0,czechia|deutsch|hungary|poland|slovakia,credited-by-mirror
Telegram: YuriyGotsanyuk,YuriyGotsanyuk,telegram,21,4,shared,,,,0,czechia|deutsch|hungary|poland,credited-by-mirror
Telegram: maester,maester,telegram,21,6,network-wide,,,,0,czechia|deutsch|hungary|poland|romania|slovakia,credited-by-mirror
Telegram: rabbitresearch,rabbitresearch,telegram,21,1,exclusive,deutsch,,,0,deutsch,credited-by-mirror
Telegram: FreieMedienTV,FreieMedienTV,telegram,21,1,exclusive,deutsch,,,0,deutsch,credited-by-mirror
Telegram: RussiaInIsrael,RussiaInIsrael,telegram,21,3,shared,,,,0,deutsch|hungary|poland,credited-by-mirror
Telegram: armscontrolrus,armscontrolrus,telegram,21,3,shared,,,,0,deutsch|poland|romania,credited-by-mirror
Telegram: zarubinreporter,zarubinreporter,telegram,21,3,shared,,,,0,deutsch|hungary|slovakia,credited-by-mirror
Telegram: ZhivetZheBelarus,ZhivetZheBelarus,telegram,21,3,shared,,,,0,deutsch|moldova|poland,credited-by-mirror
Telegram: kommersantural,kommersantural,telegram,21,2,shared,,,,0,hungary|moldova,credited-by-mirror
Telegram: mol_noua,mol_noua,telegram,21,1,exclusive,moldova,,,0,moldova,credited-by-mirror
Telegram: genshtab24,genshtab24,telegram,21,1,exclusive,moldova,,,0,moldova,credited-by-mirror
Telegram: gabrielcalin,gabrielcalin,telegram,21,2,shared,,,,0,moldova|romania,credited-by-mirror
Telegram: mimozanadaje,mimozanadaje,telegram,21,1,exclusive,poland,,,0,poland,credited-by-mirror
Telegram: liviazkonzervy,liviazkonzervy,telegram,21,1,exclusive,slovakia,,,0,slovakia,credited-by-mirror
Telegram: svobodnicz,svobodnicz,telegram,20,2,shared,,,,0,czechia|slovakia,credited-by-mirror
Telegram: zruskaslaskou,zruskaslaskou,telegram,20,2,shared,,,,0,czechia|slovakia,credited-by-mirror
Telegram: minjust_russia,minjust_russia,telegram,20,5,network-wide,,,,0,czechia|deutsch|hungary|moldova|poland,credited-by-mirror
Telegram: mashkomnata,mashkomnata,telegram,20,5,network-wide,,,,0,czechia|deutsch|hungary|moldova|poland,credited-by-mirror
Telegram: rusembpol,rusembpol,telegram,20,2,shared,,,,0,czechia|poland,credited-by-mirror
Telegram: news_kremlin_deu,news_kremlin_deu,telegram,20,1,exclusive,deutsch,,,0,deutsch,credited-by-mirror
Telegram: theblogcat1,theblogcat1,telegram,20,1,exclusive,deutsch,,,0,deutsch,credited-by-mirror
MAX obstanovkalnr,MAX obstanovkalnr,max,20,1,exclusive,deutsch,,,0,deutsch,credited-by-mirror
Telegram: suverennews,suverennews,telegram,20,2,shared,,,,0,deutsch|poland,credited-by-mirror
Telegram: Mestb_Dobroj_Voli,Mestb_Dobroj_Voli,telegram,20,3,shared,,,,0,deutsch|poland|romania,credited-by-mirror
Telegram: diplosource,diplosource,telegram,20,5,network-wide,,,,0,deutsch|hungary|poland|romania|slovakia,credited-by-mirror
Telegram: lebedeva_xeniya,lebedeva_xeniya,telegram,20,4,shared,,,,0,deutsch|hungary|poland|romania,credited-by-mirror
Telegram: rfembassykz,rfembassykz,telegram,20,4,shared,,,,0,deutsch|hungary|poland|romania,credited-by-mirror
Telegram: suhodoliskii,suhodoliskii,telegram,20,1,exclusive,moldova,,,0,moldova,credited-by-mirror
Telegram: maeiexplica,maeiexplica,telegram,20,1,exclusive,moldova,,,0,moldova,credited-by-mirror
Telegram: alexcorinenco,alexcorinenco,telegram,20,1,exclusive,moldova,,,0,moldova,credited-by-mirror
Telegram: PR0RU_BY,PR0RU_BY,telegram,20,1,exclusive,moldova,,,0,moldova,credited-by-mirror
Telegram: PalestynaWolna,PalestynaWolna,telegram,20,1,exclusive,poland,,,0,poland,credited-by-mirror
Telegram: dostawcy,dostawcy,telegram,20,1,exclusive,poland,,,0,poland,credited-by-mirror
Telegram: tomastaraba,tomastaraba,telegram,20,1,exclusive,slovakia,,,0,slovakia,credited-by-mirror
Telegram: otevriociazacnimyslet,otevriociazacnimyslet,telegram,20,1,exclusive,slovakia,,,0,slovakia,credited-by-mirror
Telegram: Sonnendokumentation,Sonnendokumentation,telegram,19,1,exclusive,czechia,,,0,czechia,credited-by-mirror
Telegram: ua_tribunal,ua_tribunal,telegram,19,5,network-wide,,,,0,czechia|deutsch|hungary|poland|romania,credited-by-mirror
Telegram: Putin_tramp_migranty_oreshnik,Putin_tramp_migranty_oreshnik,telegram,19,5,network-wide,,,,0,czechia|deutsch|hungary|poland|slovakia,credited-by-mirror
Telegram: nashdonbass,nashdonbass,telegram,19,4,shared,,,,0,czechia|deutsch|hungary|poland,credited-by-mirror
Telegram: Hinweise_Rueckrufe,Hinweise_Rueckrufe,telegram,19,1,exclusive,deutsch,,,0,deutsch,credited-by-mirror
Telegram: sosnowski_live,sosnowski_live,telegram,19,1,exclusive,deutsch,,,0,deutsch,credited-by-mirror
Telegram: DeinEntertainment,DeinEntertainment,telegram,19,1,exclusive,deutsch,,,0,deutsch,credited-by-mirror
Telegram: nciprussia,nciprussia,telegram,19,3,shared,,,,0,deutsch|hungary|romania,credited-by-mirror
Telegram: SwissVatnik,SwissVatnik,telegram,19,3,shared,,,,0,deutsch|moldova|poland,credited-by-mirror
MAX pervush1nb,MAX pervush1nb,max,19,4,shared,,,,0,deutsch|hungary|poland|romania,credited-by-mirror
MAX prilepin_official,MAX prilepin_official,max,19,3,shared,,,,0,deutsch|moldova|romania,credited-by-mirror
Telegram: MoskalkovSB,MoskalkovSB,telegram,19,5,network-wide,,,,0,deutsch|hungary|moldova|poland|romania,credited-by-mirror
MAX rogozin_do,MAX rogozin_do,max,19,4,shared,,,,0,deutsch|poland|romania|slovakia,credited-by-mirror
Telegram: RusEmbassyMinsk,RusEmbassyMinsk,telegram,19,4,shared,,,,0,deutsch|hungary|poland|slovakia,credited-by-mirror
Telegram: kukufffka,kukufffka,telegram,19,2,shared,,,,0,deutsch|moldova,credited-by-mirror
Telegram: aleksandr_skif,aleksandr_skif,telegram,19,3,shared,,,,0,deutsch|poland|romania,credited-by-mirror
Telegram: bastrikin_tvorchestvo,bastrikin_tvorchestvo,telegram,19,5,network-wide,,,,0,deutsch|hungary|poland|romania|slovakia,credited-by-mirror
Telegram: SputnikGeorgia,SputnikGeorgia,telegram,19,3,shared,,,,0,hungary|moldova|slovakia,credited-by-mirror
Telegram: mash_siberia,mash_siberia,telegram,19,5,network-wide,,,,0,hungary|moldova|poland|romania|slovakia,credited-by-mirror
Telegram: gagauziaofficial,gagauziaofficial,telegram,19,1,exclusive,moldova,,,0,moldova,credited-by-mirror
Telegram: balti_online,balti_online,telegram,19,1,exclusive,moldova,,,0,moldova,credited-by-mirror
Telegram: sibmd,sibmd,telegram,19,1,exclusive,moldova,,,0,moldova,credited-by-mirror
Telegram: aifmoldova,aifmoldova,telegram,19,1,exclusive,moldova,,,0,moldova,credited-by-mirror
Telegram: mariabutina,mariabutina,telegram,19,1,exclusive,poland,,,0,poland,credited-by-mirror
Telegram: zarussia_1,zarussia_1,telegram,18,3,shared,,,,0,czechia|deutsch|hungary,credited-by-mirror
Telegram: BestOfAFD,BestOfAFD,telegram,18,1,exclusive,deutsch,,,0,deutsch,credited-by-mirror
Telegram: assangesrache,assangesrache,telegram,18,1,exclusive,deutsch,,,0,deutsch,credited-by-mirror
Telegram: No_Pasaran2022,No_Pasaran2022,telegram,18,1,exclusive,deutsch,,,0,deutsch,credited-by-mirror
tag24.de,tag24.de,domain,18,1,exclusive,deutsch,,,0,deutsch,credited-by-mirror
Telegram: rushaus,rushaus,telegram,18,1,exclusive,deutsch,,,0,deutsch,credited-by-mirror
Telegram: timborisov,timborisov,telegram,18,1,exclusive,deutsch,,,0,deutsch,credited-by-mirror
Telegram: Christusbewusstsein,Christusbewusstsein,telegram,18,1,exclusive,deutsch,,,0,deutsch,credited-by-mirror
Telegram: lady_north,lady_north,telegram,18,2,shared,,,,0,deutsch|poland,credited-by-mirror
Telegram: inners_of_the_politics,inners_of_the_politics,telegram,18,4,shared,,,,0,deutsch|moldova|poland|romania,credited-by-mirror
Telegram: pbesedin,pbesedin,telegram,18,4,shared,,,,0,deutsch|hungary|poland|slovakia,credited-by-mirror
Telegram: rtvimain,rtvimain,telegram,18,5,network-wide,,,,0,hungary|moldova|poland|romania|slovakia,credited-by-mirror
Telegram: eisragenda,eisragenda,telegram,18,1,exclusive,moldova,,,0,moldova,credited-by-mirror
Telegram: naehavshie,naehavshie,telegram,18,1,exclusive,moldova,,,0,moldova,credited-by-mirror
Telegram: Novoeizdanie,Novoeizdanie,telegram,18,2,shared,,,,0,moldova|romania,credited-by-mirror
Telegram: samoobronapolski,samoobronapolski,telegram,18,1,exclusive,poland,,,0,poland,credited-by-mirror
Telegram: tomaszgryguc,tomaszgryguc,telegram,18,1,exclusive,poland,,,0,poland,credited-by-mirror
Telegram: romanatabakpolitika,romanatabakpolitika,telegram,18,1,exclusive,slovakia,,,0,slovakia,credited-by-mirror
Telegram: TikTokTrump45,TikTokTrump45,telegram,17,1,exclusive,czechia,,,0,czechia,credited-by-mirror
Telegram: armmagazin,armmagazin,telegram,17,2,shared,,,,0,czechia|slovakia,credited-by-mirror
MAX baza,MAX baza,max,17,5,network-wide,,,,0,czechia|moldova|poland|romania|slovakia,credited-by-mirror
Telegram: ZV_official_ZV,ZV_official_ZV,telegram,17,2,shared,,,,0,czechia|slovakia,credited-by-mirror
Telegram: gazetaru,gazetaru,telegram,17,4,shared,,,,0,czechia|deutsch|moldova|poland,credited-by-mirror
Telegram: UnzensiertV2,UnzensiertV2,telegram,17,1,exclusive,deutsch,,,0,deutsch,credited-by-mirror
Telegram: romanov_92,romanov_92,telegram,17,1,exclusive,deutsch,,,0,deutsch,credited-by-mirror
Telegram: sek_speech,sek_speech,telegram,17,1,exclusive,deutsch,,,0,deutsch,credited-by-mirror
Telegram: ITundSicherheit,ITundSicherheit,telegram,17,1,exclusive,deutsch,,,0,deutsch,credited-by-mirror
Telegram: infrarotmediensicht,infrarotmediensicht,telegram,17,1,exclusive,deutsch,,,0,deutsch,credited-by-mirror
Telegram: DieZeit_de,DieZeit_de,telegram,17,1,exclusive,deutsch,,,0,deutsch,credited-by-mirror
Telegram: news1aktuell,news1aktuell,telegram,17,1,exclusive,deutsch,,,0,deutsch,credited-by-mirror
Telegram: MFARussia,MFARussia,telegram,17,2,shared,,,,0,deutsch|romania,credited-by-mirror
crimea.gov.ru,crimea.gov.ru,domain,17,2,shared,,,,0,deutsch|poland,credited-by-mirror
Telegram: germansadulaev,germansadulaev,telegram,17,3,shared,,,,0,deutsch|moldova|romania,credited-by-mirror
Telegram: rybar_america,rybar_america,telegram,17,4,shared,,,,0,deutsch|hungary|romania|slovakia,credited-by-mirror
Telegram: TreasuryofRussia,TreasuryofRussia,telegram,17,4,shared,,,,0,deutsch|hungary|poland|romania,credited-by-mirror
Telegram: shuohuaxia,shuohuaxia,telegram,17,5,network-wide,,,,0,deutsch|hungary|poland|romania|slovakia,credited-by-mirror
Telegram: rosim_gov_ru,rosim_gov_ru,telegram,17,3,shared,,,,0,deutsch|moldova|poland,credited-by-mirror
Telegram: VasiletsDmitriy,VasiletsDmitriy,telegram,17,4,shared,,,,0,deutsch|moldova|poland|romania,credited-by-mirror
Telegram: vedomstvo_rf,vedomstvo_rf,telegram,17,2,shared,,,,0,hungary|moldova,credited-by-mirror
Telegram: mir24tv,mir24tv,telegram,17,1,exclusive,moldova,,,0,moldova,credited-by-mirror
Telegram: newsmd112,newsmd112,telegram,17,1,exclusive,moldova,,,0,moldova,credited-by-mirror
Telegram: sergiubadan,sergiubadan,telegram,17,2,shared,,,,0,moldova|romania,credited-by-mirror
Telegram: Stop5G_cz,Stop5G_cz,telegram,16,2,shared,,,,0,czechia|slovakia,credited-by-mirror
Telegram: INFO_STOP_COVID,INFO_STOP_COVID,telegram,16,2,shared,,,,0,czechia|slovakia,credited-by-mirror
Telegram: yanina_pavlenko,yanina_pavlenko,telegram,16,5,network-wide,,,,0,czechia|deutsch|hungary|romania|slovakia,credited-by-mirror
Telegram: RadioStydoba,RadioStydoba,telegram,16,5,network-wide,,,,0,czechia|hungary|moldova|poland|slovakia,credited-by-mirror
Telegram: usaperiodical,usaperiodical,telegram,16,4,shared,,,,0,czechia|deutsch|poland|romania,credited-by-mirror
Telegram: kcpn2014,kcpn2014,telegram,16,2,shared,,,,0,czechia|deutsch,credited-by-mirror
MAX tvcrimea24,MAX tvcrimea24,max,16,4,shared,,,,0,czechia|deutsch|poland|romania,credited-by-mirror
Telegram: snicklink3000,snicklink3000,telegram,16,1,exclusive,deutsch,,,0,deutsch,credited-by-mirror
Telegram: alexanderwallasch,alexanderwallasch,telegram,16,1,exclusive,deutsch,,,0,deutsch,credited-by-mirror
Telegram: qlobal_change,qlobal_change,telegram,16,1,exclusive,deutsch,,,0,deutsch,credited-by-mirror
Telegram: PROpaganda_GlobalePolitik,PROpaganda_GlobalePolitik,telegram,16,1,exclusive,deutsch,,,0,deutsch,credited-by-mirror
Telegram: CMS_DD_Funny_Curious_Videos,CMS_DD_Funny_Curious_Videos,telegram,16,1,exclusive,deutsch,,,0,deutsch,credited-by-mirror
Telegram: obstanovkalnr,obstanovkalnr,telegram,16,1,exclusive,deutsch,,,0,deutsch,credited-by-mirror
Telegram: komandanews,komandanews,telegram,16,1,exclusive,deutsch,,,0,deutsch,credited-by-mirror
Telegram: avatkov,avatkov,telegram,16,3,shared,,,,0,deutsch|hungary|slovakia,credited-by-mirror
MAX EvPanina,MAX EvPanina,max,16,2,shared,,,,0,deutsch|poland,credited-by-mirror
Telegram: mintrudrf,mintrudrf,telegram,16,3,shared,,,,0,deutsch|moldova|poland,credited-by-mirror
Telegram: gkdebrecen,gkdebrecen,telegram,16,1,exclusive,hungary,,,0,hungary,credited-by-mirror
Telegram: VoZmezdie2022,VoZmezdie2022,telegram,16,4,shared,,,,0,hungary|moldova|poland|romania,credited-by-mirror
Telegram: automobil_md,automobil_md,telegram,16,1,exclusive,moldova,,,0,moldova,credited-by-mirror
Telegram: nemogumolchati,nemogumolchati,telegram,16,1,exclusive,moldova,,,0,moldova,credited-by-mirror
Telegram: glavmedia,glavmedia,telegram,16,1,exclusive,moldova,,,0,moldova,credited-by-mirror
Telegram: prima_sursa_md,prima_sursa_md,telegram,16,2,shared,,,,0,moldova|romania,credited-by-mirror
Telegram: bloggermd,bloggermd,telegram,16,2,shared,,,,0,moldova|romania,credited-by-mirror
Telegram: olegcosih,olegcosih,telegram,16,2,shared,,,,0,moldova|romania,credited-by-mirror
Telegram: AgnieszkawUSA,AgnieszkawUSA,telegram,16,1,exclusive,poland,,,0,poland,credited-by-mirror
Telegram: gdzie_pojsc_warszawa,gdzie_pojsc_warszawa,telegram,16,1,exclusive,poland,,,0,poland,credited-by-mirror
Telegram: podtatranskykurier,podtatranskykurier,telegram,16,1,exclusive,slovakia,,,0,slovakia,credited-by-mirror
Telegram: klaTVCeskoSlovensko,klaTVCeskoSlovensko,telegram,15,2,shared,,,,0,czechia|slovakia,credited-by-mirror
Telegram: CasusBellihistory,CasusBellihistory,telegram,15,2,shared,,,,0,czechia|slovakia,credited-by-mirror
Telegram: minstroyrf,minstroyrf,telegram,15,4,shared,,,,0,czechia|deutsch|hungary|poland,credited-by-mirror
Telegram: JokerDPR,JokerDPR,telegram,15,4,shared,,,,0,czechia|hungary|poland|romania,credited-by-mirror
Telegram: A_S_Sukonkin,A_S_Sukonkin,telegram,15,4,shared,,,,0,czechia|deutsch|poland|romania,credited-by-mirror
Telegram: rosavtotransport,rosavtotransport,telegram,15,1,exclusive,deutsch,,,0,deutsch,credited-by-mirror
Telegram: gesundheitstipps_at,gesundheitstipps_at,telegram,15,1,exclusive,deutsch,,,0,deutsch,credited-by-mirror
Telegram: stefanmagnet,stefanmagnet,telegram,15,1,exclusive,deutsch,,,0,deutsch,credited-by-mirror
Telegram: WaldgangAlbdruck,WaldgangAlbdruck,telegram,15,1,exclusive,deutsch,,,0,deutsch,credited-by-mirror
Telegram: IrrsinnigeWelt,IrrsinnigeWelt,telegram,15,1,exclusive,deutsch,,,0,deutsch,credited-by-mirror
Telegram: stimme_aus_russland,stimme_aus_russland,telegram,15,1,exclusive,deutsch,,,0,deutsch,credited-by-mirror
Telegram: FGNews07,FGNews07,telegram,15,1,exclusive,deutsch,,,0,deutsch,credited-by-mirror
Telegram: heWhiteWolf,heWhiteWolf,telegram,15,1,exclusive,deutsch,,,0,deutsch,credited-by-mirror
MAX astrahandm,MAX astrahandm,max,15,1,exclusive,deutsch,,,0,deutsch,credited-by-mirror
Telegram: iron_wind,iron_wind,telegram,15,2,shared,,,,0,deutsch|poland,credited-by-mirror
Telegram: onf_front,onf_front,telegram,15,2,shared,,,,0,deutsch|poland,credited-by-mirror
yalta.rk.gov.ru,yalta.rk.gov.ru,domain,15,2,shared,,,,0,deutsch|poland,credited-by-mirror
Telegram: brekotins,brekotins,telegram,15,2,shared,,,,0,deutsch|moldova,credited-by-mirror
Telegram: voicesevas,voicesevas,telegram,15,3,shared,,,,0,deutsch|hungary|poland,credited-by-mirror
MAX maximgrigoryev,MAX maximgrigoryev,max,15,3,shared,,,,0,deutsch|hungary|romania,credited-by-mirror
Telegram: chadayevru,chadayevru,telegram,15,3,shared,,,,0,deutsch|hungary|poland,credited-by-mirror
Telegram: prchand,prchand,telegram,15,3,shared,,,,0,deutsch|hungary|moldova,credited-by-mirror
Telegram: aleksandrprohanov,aleksandrprohanov,telegram,15,3,shared,,,,0,deutsch|moldova|poland,credited-by-mirror
Telegram: fish_gov_ru,fish_gov_ru,telegram,15,3,shared,,,,0,deutsch|moldova|poland,credited-by-mirror
Telegram: kramnikcat,kramnikcat,telegram,15,3,shared,,,,0,deutsch|hungary|poland,credited-by-mirror
Telegram: pravosukr,pravosukr,telegram,15,3,shared,,,,0,deutsch|moldova|romania,credited-by-mirror
Telegram: novosti_efir,novosti_efir,telegram,15,3,shared,,,,0,deutsch|moldova|poland,credited-by-mirror
Telegram: rusbrief,rusbrief,telegram,15,4,shared,,,,0,deutsch|hungary|moldova|poland,credited-by-mirror
Telegram: worldwar2214,worldwar2214,telegram,15,1,exclusive,moldova,,,0,moldova,credited-by-mirror
Telegram: mriya24,mriya24,telegram,15,1,exclusive,moldova,,,0,moldova,credited-by-mirror
Telegram: podslushano_md,podslushano_md,telegram,15,1,exclusive,moldova,,,0,moldova,credited-by-mirror
Telegram: glossamd,glossamd,telegram,15,1,exclusive,moldova,,,0,moldova,credited-by-mirror
Telegram: radumarian,radumarian,telegram,15,2,shared,,,,0,moldova|romania,credited-by-mirror
Telegram: chisinau_lectorium,chisinau_lectorium,telegram,15,2,shared,,,,0,moldova|romania,credited-by-mirror
Telegram: interfresh,interfresh,telegram,15,1,exclusive,poland,,,0,poland,credited-by-mirror
dan-news.info,dan-news.info,domain,15,1,exclusive,poland,,,0,poland,credited-by-mirror
Telegram: dostojneslovensko,dostojneslovensko,telegram,15,1,exclusive,slovakia,,,0,slovakia,credited-by-mirror
Telegram: kulovy_blesk_cz,kulovy_blesk_cz,telegram,14,1,exclusive,czechia,,,0,czechia,credited-by-mirror
Telegram: sobestacnost_a_neutralita,sobestacnost_a_neutralita,telegram,14,1,exclusive,czechia,,,0,czechia,credited-by-mirror
Telegram: zdraviarozum,zdraviarozum,telegram,14,2,shared,,,,0,czechia|slovakia,credited-by-mirror
Telegram: kedmi,kedmi,telegram,14,2,shared,,,,0,czechia|moldova,credited-by-mirror
MAX minsport_russia,MAX minsport_russia,max,14,4,shared,,,,0,czechia|hungary|poland|romania,credited-by-mirror
Telegram: JScovid1984,JScovid1984,telegram,14,2,shared,,,,0,czechia|slovakia,credited-by-mirror
Telegram: annatsivileva,annatsivileva,telegram,14,5,network-wide,,,,0,czechia|deutsch|hungary|moldova|poland,credited-by-mirror
Telegram: rostransnadzor_official,rostransnadzor_official,telegram,14,5,network-wide,,,,0,czechia|deutsch|hungary|poland|romania,credited-by-mirror
Telegram: dan_dnr,dan_dnr,telegram,14,2,shared,,,,0,czechia|deutsch,credited-by-mirror
Telegram: Lunay14,Lunay14,telegram,14,2,shared,,,,0,czechia|deutsch,credited-by-mirror
Telegram: Contora_Pishet,Contora_Pishet,telegram,14,4,shared,,,,0,czechia|hungary|poland|romania,credited-by-mirror
Telegram: violavolkova,violavolkova,telegram,14,4,shared,,,,0,czechia|deutsch|hungary|poland,credited-by-mirror
Telegram: inovacerepubliky,inovacerepubliky,telegram,14,2,shared,,,,0,czechia|slovakia,credited-by-mirror
Telegram: petr_tolstoy,petr_tolstoy,telegram,14,5,network-wide,,,,0,czechia|hungary|poland|romania|slovakia,credited-by-mirror
Telegram: shotday,shotday,telegram,14,1,exclusive,deutsch,,,0,deutsch,credited-by-mirror
Telegram: teatrnadoskah,teatrnadoskah,telegram,14,1,exclusive,deutsch,,,0,deutsch,credited-by-mirror
Telegram: simonevoss,simonevoss,telegram,14,1,exclusive,deutsch,,,0,deutsch,credited-by-mirror
Telegram: der_andere_blickwinkel,der_andere_blickwinkel,telegram,14,1,exclusive,deutsch,,,0,deutsch,credited-by-mirror
Telegram: GGIu2G,GGIu2G,telegram,14,1,exclusive,deutsch,,,0,deutsch,credited-by-mirror
Telegram: oliverflesch,oliverflesch,telegram,14,1,exclusive,deutsch,,,0,deutsch,credited-by-mirror
feo.rk.gov.ru,feo.rk.gov.ru,domain,14,1,exclusive,deutsch,,,0,deutsch,credited-by-mirror
Telegram: milioptimist,milioptimist,telegram,14,2,shared,,,,0,deutsch|hungary,credited-by-mirror
Telegram: rosavtodor,rosavtodor,telegram,14,2,shared,,,,0,deutsch|poland,credited-by-mirror
Telegram: radiorossii,radiorossii,telegram,14,3,shared,,,,0,deutsch|poland|romania,credited-by-mirror
Telegram: gleberve,gleberve,telegram,14,3,shared,,,,0,deutsch|hungary|poland,credited-by-mirror
Telegram: AfroPouchkine,AfroPouchkine,telegram,14,4,shared,,,,0,deutsch|hungary|romania|slovakia,credited-by-mirror
Telegram: KULTURNYJ_SHOK,KULTURNYJ_SHOK,telegram,14,3,shared,,,,0,deutsch|hungary|poland,credited-by-mirror
minzdrav.gov.ru,minzdrav.gov.ru,domain,14,2,shared,,,,0,deutsch|poland,credited-by-mirror
MAX VA_Nikonov,MAX VA_Nikonov,max,14,2,shared,,,,0,deutsch|poland,credited-by-mirror
Telegram: thuroczyrichard,thuroczyrichard,telegram,14,1,exclusive,hungary,,,0,hungary,credited-by-mirror
Telegram: PanSwiridow,PanSwiridow,telegram,14,2,shared,,,,0,hungary|poland,credited-by-mirror
Telegram: martynov2021,martynov2021,telegram,14,1,exclusive,moldova,,,0,moldova,credited-by-mirror
Telegram: vizioner_rf,vizioner_rf,telegram,14,1,exclusive,moldova,,,0,moldova,credited-by-mirror
Telegram: PointNews,PointNews,telegram,14,1,exclusive,moldova,,,0,moldova,credited-by-mirror
Telegram: gagauziyaland,gagauziyaland,telegram,14,1,exclusive,moldova,,,0,moldova,credited-by-mirror
Telegram: lentadnya,lentadnya,telegram,14,1,exclusive,moldova,,,0,moldova,credited-by-mirror
Telegram: redflagmol,redflagmol,telegram,14,1,exclusive,moldova,,,0,moldova,credited-by-mirror
Telegram: tarik_nezalejko,tarik_nezalejko,telegram,14,3,shared,,,,0,moldova|poland|romania,credited-by-mirror
Telegram: CongresulCivic,CongresulCivic,telegram,14,2,shared,,,,0,moldova|romania,credited-by-mirror
Telegram: optimistkavshtatskom,optimistkavshtatskom,telegram,14,2,shared,,,,0,moldova|poland,credited-by-mirror
Telegram: AzarenokCTV,AzarenokCTV,telegram,14,2,shared,,,,0,moldova|poland,credited-by-mirror
Telegram: rudohuliak,rudohuliak,telegram,14,1,exclusive,slovakia,,,0,slovakia,credited-by-mirror
Telegram: ural2205,ural2205,telegram,14,1,exclusive,slovakia,,,0,slovakia,credited-by-mirror
Telegram: historyrussia_org,historyrussia_org,telegram,14,1,exclusive,slovakia,,,0,slovakia,credited-by-mirror
Telegram: SvetKolemNas,SvetKolemNas,telegram,13,1,exclusive,czechia,,,0,czechia,credited-by-mirror
Telegram: cesi_a_slovaci_na_telegramu,cesi_a_slovaci_na_telegramu,telegram,13,2,shared,,,,0,czechia|slovakia,credited-by-mirror
Telegram: lubohudo,lubohudo,telegram,13,2,shared,,,,0,czechia|slovakia,credited-by-mirror
Telegram: otevrisvoumysl,otevrisvoumysl,telegram,13,2,shared,,,,0,czechia|slovakia,credited-by-mirror
MAX ura_ru,MAX ura_ru,max,13,3,shared,,,,0,czechia|deutsch|hungary,credited-by-mirror
MAX kavkaz_tass,MAX kavkaz_tass,max,13,2,shared,,,,0,czechia|deutsch,credited-by-mirror
Telegram: rgrunews,rgrunews,telegram,13,6,network-wide,,,,0,czechia|hungary|moldova|poland|romania|slovakia,credited-by-mirror
Telegram: fest2024,fest2024,telegram,13,2,shared,,,,0,czechia|slovakia,credited-by-mirror
Telegram: SlobodnyVysielac,SlobodnyVysielac,telegram,13,2,shared,,,,0,czechia|slovakia,credited-by-mirror
Telegram: savanichi,savanichi,telegram,13,2,shared,,,,0,czechia|moldova,credited-by-mirror
Telegram: Metametrica,Metametrica,telegram,13,4,shared,,,,0,czechia|deutsch|hungary|moldova,credited-by-mirror
Telegram: BTGR_NEVSKIY,BTGR_NEVSKIY,telegram,13,3,shared,,,,0,czechia|deutsch|poland,credited-by-mirror
Telegram: FreiheitDerGedanken,FreiheitDerGedanken,telegram,13,1,exclusive,deutsch,,,0,deutsch,credited-by-mirror
Telegram: WestFernsehen2Q21,WestFernsehen2Q21,telegram,13,1,exclusive,deutsch,,,0,deutsch,credited-by-mirror
Telegram: QFSQwantum,QFSQwantum,telegram,13,1,exclusive,deutsch,,,0,deutsch,credited-by-mirror
Telegram: russiatoday_deutschland,russiatoday_deutschland,telegram,13,1,exclusive,deutsch,,,0,deutsch,credited-by-mirror
MAX ttambyl,MAX ttambyl,max,13,1,exclusive,deutsch,,,0,deutsch,credited-by-mirror
MAX ug_tass,MAX ug_tass,max,13,2,shared,,,,0,deutsch|hungary,credited-by-mirror
Telegram: kirasazonova,kirasazonova,telegram,13,2,shared,,,,0,deutsch|poland,credited-by-mirror
Telegram: Mecklenburger_Petersburger,Mecklenburger_Petersburger,telegram,13,2,shared,,,,0,deutsch|poland,credited-by-mirror
fsvps.gov.ru,fsvps.gov.ru,domain,13,2,shared,,,,0,deutsch|poland,credited-by-mirror
Telegram: fgupgdn,fgupgdn,telegram,13,3,shared,,,,0,deutsch|hungary|moldova,credited-by-mirror
Telegram: cortadorZ,cortadorZ,telegram,13,2,shared,,,,0,deutsch|poland,credited-by-mirror
Telegram: postamerica,postamerica,telegram,13,4,shared,,,,0,deutsch|poland|romania|slovakia,credited-by-mirror
Telegram: vadhajtasok,vadhajtasok,telegram,13,1,exclusive,hungary,,,0,hungary,credited-by-mirror
Telegram: ebredezok,ebredezok,telegram,13,1,exclusive,hungary,,,0,hungary,credited-by-mirror
Telegram: zombi_teh,zombi_teh,telegram,13,5,network-wide,,,,0,hungary|moldova|poland|romania|slovakia,credited-by-mirror
Telegram: designersmil,designersmil,telegram,13,3,shared,,,,0,hungary|moldova|poland,credited-by-mirror
Telegram: sewerfsefsd,sewerfsefsd,telegram,13,4,shared,,,,0,hungary|moldova|poland|slovakia,credited-by-mirror
Telegram: Mihailvlah,Mihailvlah,telegram,13,1,exclusive,moldova,,,0,moldova,credited-by-mirror
Telegram: kgb_mssr,kgb_mssr,telegram,13,1,exclusive,moldova,,,0,moldova,credited-by-mirror
Telegram: geraniran,geraniran,telegram,13,1,exclusive,moldova,,,0,moldova,credited-by-mirror
Telegram: finkrolik,finkrolik,telegram,13,1,exclusive,moldova,,,0,moldova,credited-by-mirror
Telegram: lisnevschi,lisnevschi,telegram,13,2,shared,,,,0,moldova|romania,credited-by-mirror
Telegram: indexMD,indexMD,telegram,13,2,shared,,,,0,moldova|romania,credited-by-mirror
Telegram: zajac5,zajac5,telegram,13,1,exclusive,poland,,,0,poland,credited-by-mirror
Telegram: memetyka_pl,memetyka_pl,telegram,13,1,exclusive,poland,,,0,poland,credited-by-mirror
Telegram: trzeciaWojnaSwiatowa,trzeciaWojnaSwiatowa,telegram,13,1,exclusive,poland,,,0,poland,credited-by-mirror
Telegram: naukowy_tg,naukowy_tg,telegram,13,1,exclusive,poland,,,0,poland,credited-by-mirror
Telegram: hlavnespravy1,hlavnespravy1,telegram,13,1,exclusive,slovakia,,,0,slovakia,credited-by-mirror
Telegram: lucansky,lucansky,telegram,13,1,exclusive,slovakia,,,0,slovakia,credited-by-mirror
Telegram: velkeslovanskedubisko,velkeslovanskedubisko,telegram,13,1,exclusive,slovakia,,,0,slovakia,credited-by-mirror
Telegram: zvedavec_news,zvedavec_news,telegram,12,1,exclusive,czechia,,,0,czechia,credited-by-mirror
Telegram: larazadelosgigantes,larazadelosgigantes,telegram,12,1,exclusive,czechia,,,0,czechia,credited-by-mirror
Telegram: aliancenarodnichsil,aliancenarodnichsil,telegram,12,2,shared,,,,0,czechia|slovakia,credited-by-mirror
Telegram: zruskasmatejompindrochom,zruskasmatejompindrochom,telegram,12,2,shared,,,,0,czechia|slovakia,credited-by-mirror
Telegram: fvuchannal,fvuchannal,telegram,12,3,shared,,,,0,czechia|hungary|poland,credited-by-mirror
Telegram: redactorme,redactorme,telegram,12,1,exclusive,deutsch,,,0,deutsch,credited-by-mirror
Telegram: brjanskij_nemez,brjanskij_nemez,telegram,12,1,exclusive,deutsch,,,0,deutsch,credited-by-mirror
Telegram: martinsellnerIB,martinsellnerIB,telegram,12,1,exclusive,deutsch,,,0,deutsch,credited-by-mirror
Telegram: TiQToQBQQms,TiQToQBQQms,telegram,12,1,exclusive,deutsch,,,0,deutsch,credited-by-mirror
Telegram: klartext_rheinmain,klartext_rheinmain,telegram,12,1,exclusive,deutsch,,,0,deutsch,credited-by-mirror
Telegram: GWisnewski,GWisnewski,telegram,12,1,exclusive,deutsch,,,0,deutsch,credited-by-mirror
Telegram: freiesachsen,freiesachsen,telegram,12,1,exclusive,deutsch,,,0,deutsch,credited-by-mirror
Telegram: barucker,barucker,telegram,12,1,exclusive,deutsch,,,0,deutsch,credited-by-mirror
Telegram: dnzkul,dnzkul,telegram,12,1,exclusive,deutsch,,,0,deutsch,credited-by-mirror
MAX lapshamedia,MAX lapshamedia,max,12,1,exclusive,deutsch,,,0,deutsch,credited-by-mirror
MAX infocentrskrf,MAX infocentrskrf,max,12,1,exclusive,deutsch,,,0,deutsch,credited-by-mirror
Telegram: rubezhizarubezh,rubezhizarubezh,telegram,12,2,shared,,,,0,deutsch|hungary,credited-by-mirror
Telegram: klubnarodnogoedinstva,klubnarodnogoedinstva,telegram,12,2,shared,,,,0,deutsch|hungary,credited-by-mirror
MAX vysokygovorit,MAX vysokygovorit,max,12,2,shared,,,,0,deutsch|hungary,credited-by-mirror
Telegram: GagTalk,GagTalk,telegram,12,2,shared,,,,0,deutsch|poland,credited-by-mirror
Telegram: Oleg_Blokhin,Oleg_Blokhin,telegram,12,2,shared,,,,0,deutsch|poland,credited-by-mirror
Telegram: korrzakadrom,korrzakadrom,telegram,12,2,shared,,,,0,deutsch|poland,credited-by-mirror
Telegram: sterngang,sterngang,telegram,12,4,shared,,,,0,deutsch|hungary|poland|romania,credited-by-mirror
Telegram: grigorov_prav,grigorov_prav,telegram,12,2,shared,,,,0,deutsch|poland,credited-by-mirror
Telegram: astramilitarum,astramilitarum,telegram,12,4,shared,,,,0,deutsch|hungary|poland|romania,credited-by-mirror
mkult.rk.gov.ru,mkult.rk.gov.ru,domain,12,2,shared,,,,0,deutsch|poland,credited-by-mirror
Telegram: oroszhirek,oroszhirek,telegram,12,1,exclusive,hungary,,,0,hungary,credited-by-mirror
Telegram: magyarbtamas,magyarbtamas,telegram,12,1,exclusive,hungary,,,0,hungary,credited-by-mirror
Telegram: karnazytski,karnazytski,telegram,12,4,shared,,,,0,hungary|poland|romania|slovakia,credited-by-mirror
Telegram: MEZHEVICH_N_M,MEZHEVICH_N_M,telegram,12,5,network-wide,,,,0,hungary|moldova|poland|romania|slovakia,credited-by-mirror
Telegram: the_yana_poplavskaya,the_yana_poplavskaya,telegram,12,2,shared,,,,0,hungary|moldova,credited-by-mirror
Telegram: observatorul,observatorul,telegram,12,2,shared,,,,0,moldova|romania,credited-by-mirror
Telegram: patriot137,patriot137,telegram,12,2,shared,,,,0,moldova|romania,credited-by-mirror
Telegram: the_agenda,the_agenda,telegram,12,1,exclusive,poland,,,0,poland,credited-by-mirror
Telegram: tasmanian_diablo,tasmanian_diablo,telegram,12,1,exclusive,poland,,,0,poland,credited-by-mirror
Telegram: Bodlak,Bodlak,telegram,11,1,exclusive,czechia,,,0,czechia,credited-by-mirror
Telegram: incorrectcz,incorrectcz,telegram,11,1,exclusive,czechia,,,0,czechia,credited-by-mirror
Telegram: paralelne,paralelne,telegram,11,2,shared,,,,0,czechia|slovakia,credited-by-mirror
Telegram: Unre_Al_Mailman,Unre_Al_Mailman,telegram,11,2,shared,,,,0,czechia|slovakia,credited-by-mirror
Telegram: WangHouzi,WangHouzi,telegram,11,2,shared,,,,0,czechia|slovakia,credited-by-mirror
Telegram: brosok_mangusta_Z,brosok_mangusta_Z,telegram,11,5,network-wide,,,,0,czechia|hungary|poland|romania|slovakia,credited-by-mirror
Telegram: cybersotnik,cybersotnik,telegram,11,3,shared,,,,0,czechia|deutsch|romania,credited-by-mirror
Telegram: katerinakonecna,katerinakonecna,telegram,11,2,shared,,,,0,czechia|slovakia,credited-by-mirror
Telegram: akwblog,akwblog,telegram,11,2,shared,,,,0,czechia|slovakia,credited-by-mirror
Telegram: realprilepin,realprilepin,telegram,11,5,network-wide,,,,0,czechia|hungary|moldova|poland|romania,credited-by-mirror
Telegram: RitmEvraz,RitmEvraz,telegram,11,3,shared,,,,0,czechia|hungary|moldova,credited-by-mirror
Telegram: bitteltv,bitteltv,telegram,11,1,exclusive,deutsch,,,0,deutsch,credited-by-mirror
Telegram: KlagemauerTV,KlagemauerTV,telegram,11,1,exclusive,deutsch,,,0,deutsch,credited-by-mirror
Telegram: Nuoviso,Nuoviso,telegram,11,1,exclusive,deutsch,,,0,deutsch,credited-by-mirror
Telegram: FaktenFriedenFreiheit,FaktenFriedenFreiheit,telegram,11,1,exclusive,deutsch,,,0,deutsch,credited-by-mirror
Telegram: niemeyeroffiziell,niemeyeroffiziell,telegram,11,1,exclusive,deutsch,,,0,deutsch,credited-by-mirror
Telegram: DnevnikDesantnika,DnevnikDesantnika,telegram,11,1,exclusive,deutsch,,,0,deutsch,credited-by-mirror
Telegram: impfen_nein_danke,impfen_nein_danke,telegram,11,1,exclusive,deutsch,,,0,deutsch,credited-by-mirror
Telegram: anonymousnews_org,anonymousnews_org,telegram,11,1,exclusive,deutsch,,,0,deutsch,credited-by-mirror
Telegram: antistoelzer,antistoelzer,telegram,11,1,exclusive,deutsch,,,0,deutsch,credited-by-mirror
Telegram: RA_Friede,RA_Friede,telegram,11,1,exclusive,deutsch,,,0,deutsch,credited-by-mirror
Telegram: smotri_z,smotri_z,telegram,11,1,exclusive,deutsch,,,0,deutsch,credited-by-mirror
Telegram: GoldenAgeDE,GoldenAgeDE,telegram,11,1,exclusive,deutsch,,,0,deutsch,credited-by-mirror
Telegram: Soldaten_und_Reservisten,Soldaten_und_Reservisten,telegram,11,1,exclusive,deutsch,,,0,deutsch,credited-by-mirror
Telegram: bomber_fighter,bomber_fighter,telegram,11,1,exclusive,deutsch,,,0,deutsch,credited-by-mirror
MAX vesti_crimea,MAX vesti_crimea,max,11,1,exclusive,deutsch,,,0,deutsch,credited-by-mirror
Telegram: dpol_un,dpol_un,telegram,11,2,shared,,,,0,deutsch|poland,credited-by-mirror
Telegram: radiozvezda,radiozvezda,telegram,11,3,shared,,,,0,deutsch|hungary|romania,credited-by-mirror
Telegram: soprotivlenije,soprotivlenije,telegram,11,3,shared,,,,0,deutsch|poland|romania,credited-by-mirror
Telegram: akashevarova,akashevarova,telegram,11,2,shared,,,,0,deutsch|poland,credited-by-mirror
Telegram: Rogatkinlive,Rogatkinlive,telegram,11,2,shared,,,,0,deutsch|poland,credited-by-mirror
Telegram: vr_medinskiy,vr_medinskiy,telegram,11,4,shared,,,,0,hungary|moldova|poland|slovakia,credited-by-mirror
Telegram: urallive,urallive,telegram,11,2,shared,,,,0,hungary|poland,credited-by-mirror
Telegram: golovatiuc,golovatiuc,telegram,11,1,exclusive,moldova,,,0,moldova,credited-by-mirror
Telegram: dragosgalbur,dragosgalbur,telegram,11,1,exclusive,moldova,,,0,moldova,credited-by-mirror
Telegram: chisinau_info1,chisinau_info1,telegram,11,1,exclusive,moldova,,,0,moldova,credited-by-mirror
Telegram: iikhu,iikhu,telegram,11,1,exclusive,moldova,,,0,moldova,credited-by-mirror
Telegram: newsmakerlive,newsmakerlive,telegram,11,1,exclusive,moldova,,,0,moldova,credited-by-mirror
Telegram: briefMD,briefMD,telegram,11,1,exclusive,moldova,,,0,moldova,credited-by-mirror
Telegram: Irna_ru,Irna_ru,telegram,11,1,exclusive,moldova,,,0,moldova,credited-by-mirror
Telegram: vtememdd,vtememdd,telegram,11,1,exclusive,moldova,,,0,moldova,credited-by-mirror
Telegram: ybp_mdru,ybp_mdru,telegram,11,1,exclusive,moldova,,,0,moldova,credited-by-mirror
Telegram: VIP_VIP_204,VIP_VIP_204,telegram,11,1,exclusive,moldova,,,0,moldova,credited-by-mirror
Telegram: russtrat,russtrat,telegram,11,2,shared,,,,0,moldova|romania,credited-by-mirror
Telegram: moldovaeterna,moldovaeterna,telegram,11,2,shared,,,,0,moldova|romania,credited-by-mirror
Telegram: RepublicaUnirii,RepublicaUnirii,telegram,11,2,shared,,,,0,moldova|romania,credited-by-mirror
Telegram: ionitatelegram,ionitatelegram,telegram,11,2,shared,,,,0,moldova|romania,credited-by-mirror
Telegram: RavQdzierskiOfficial,RavQdzierskiOfficial,telegram,11,1,exclusive,poland,,,0,poland,credited-by-mirror
Telegram: bzbbrics,bzbbrics,telegram,11,1,exclusive,slovakia,,,0,slovakia,credited-by-mirror
Telegram: torden_sk,torden_sk,telegram,11,1,exclusive,slovakia,,,0,slovakia,credited-by-mirror
Telegram: zmeyevsky,zmeyevsky,telegram,10,2,shared,,,,0,czechia|slovakia,credited-by-mirror
Telegram: svoboda365,svoboda365,telegram,10,2,shared,,,,0,czechia|slovakia,credited-by-mirror
economy.gov.ru,economy.gov.ru,domain,10,5,network-wide,,,,0,czechia|hungary|poland|romania|slovakia,credited-by-mirror
Telegram: expensive_hurma,expensive_hurma,telegram,10,6,network-wide,,,,0,czechia|hungary|moldova|poland|romania|slovakia,credited-by-mirror
Telegram: rbc_wine,rbc_wine,telegram,10,3,shared,,,,0,czechia|deutsch|hungary,credited-by-mirror
Telegram: lapshamedia,lapshamedia,telegram,10,2,shared,,,,0,czechia|deutsch,credited-by-mirror
Telegram: rkn_tg,rkn_tg,telegram,10,1,exclusive,deutsch,,,0,deutsch,credited-by-mirror
Telegram: UkraineistkeinStaat,UkraineistkeinStaat,telegram,10,1,exclusive,deutsch,,,0,deutsch,credited-by-mirror
Telegram: timmkellner,timmkellner,telegram,10,1,exclusive,deutsch,,,0,deutsch,credited-by-mirror
Telegram: eticamedia,eticamedia,telegram,10,1,exclusive,deutsch,,,0,deutsch,credited-by-mirror
Telegram: GeRussia,GeRussia,telegram,10,1,exclusive,deutsch,,,0,deutsch,credited-by-mirror
Telegram: EmbRusiaEnArgRu,EmbRusiaEnArgRu,telegram,10,1,exclusive,deutsch,,,0,deutsch,credited-by-mirror
Telegram: RusConsulGen,RusConsulGen,telegram,10,1,exclusive,deutsch,,,0,deutsch,credited-by-mirror
Telegram: egor_belyachkov_ueberOesterreich,egor_belyachkov_ueberOesterreich,telegram,10,1,exclusive,deutsch,,,0,deutsch,credited-by-mirror
Telegram: dieBerlinerMauer,dieBerlinerMauer,telegram,10,1,exclusive,deutsch,,,0,deutsch,credited-by-mirror
Telegram: Gillotina,Gillotina,telegram,10,1,exclusive,deutsch,,,0,deutsch,credited-by-mirror
Telegram: DEKurier,DEKurier,telegram,10,1,exclusive,deutsch,,,0,deutsch,credited-by-mirror
Telegram: machtfrieden,machtfrieden,telegram,10,1,exclusive,deutsch,,,0,deutsch,credited-by-mirror
Telegram: de_adler,de_adler,telegram,10,1,exclusive,deutsch,,,0,deutsch,credited-by-mirror
Telegram: stattzeitungorg,stattzeitungorg,telegram,10,1,exclusive,deutsch,,,0,deutsch,credited-by-mirror
Telegram: report24news,report24news,telegram,10,1,exclusive,deutsch,,,0,deutsch,credited-by-mirror
Telegram: corrkosarev,corrkosarev,telegram,10,1,exclusive,deutsch,,,0,deutsch,credited-by-mirror
Telegram: drjonastoegel,drjonastoegel,telegram,10,1,exclusive,deutsch,,,0,deutsch,credited-by-mirror
Telegram: dein_kolumnist,dein_kolumnist,telegram,10,1,exclusive,deutsch,,,0,deutsch,credited-by-mirror
MAX opersvodki,MAX opersvodki,max,10,1,exclusive,deutsch,,,0,deutsch,credited-by-mirror
MAX join/-MUM-hT-MR5eeSzlC9H9hYcvRYMrvvowyYMgzHCo8S4,MAX join/-MUM-hT-MR5eeSzlC9H9hYcvRYMrvvowyYMgzHCo8S4,max,10,1,exclusive,deutsch,,,0,deutsch,credited-by-mirror
MAX valentinbogdanov,MAX valentinbogdanov,max,10,1,exclusive,deutsch,,,0,deutsch,credited-by-mirror
MAX romagolovanov,MAX romagolovanov,max,10,2,shared,,,,0,deutsch|romania,credited-by-mirror
MAX club225580481,MAX club225580481,max,10,2,shared,,,,0,deutsch|hungary,credited-by-mirror
MAX popovrtr,MAX popovrtr,max,10,2,shared,,,,0,deutsch|hungary,credited-by-mirror
MAX RosgvardOfficial,MAX RosgvardOfficial,max,10,3,shared,,,,0,deutsch|hungary|romania,credited-by-mirror
Telegram: reduxx,reduxx,telegram,10,4,shared,,,,0,hungary|moldova|poland|romania,credited-by-mirror
Telegram: psevdomirotvotsy,psevdomirotvotsy,telegram,10,1,exclusive,moldova,,,0,moldova,credited-by-mirror
Telegram: viitorulmoldovei,viitorulmoldovei,telegram,10,1,exclusive,moldova,,,0,moldova,credited-by-mirror
Telegram: moldova_acum,moldova_acum,telegram,10,1,exclusive,moldova,,,0,moldova,credited-by-mirror
Telegram: mysly,mysly,telegram,10,1,exclusive,moldova,,,0,moldova,credited-by-mirror
Telegram: tenipravdy,tenipravdy,telegram,10,1,exclusive,moldova,,,0,moldova,credited-by-mirror
Telegram: batka_ru,batka_ru,telegram,10,1,exclusive,moldova,,,0,moldova,credited-by-mirror
Telegram: vadim_trukhachyov,vadim_trukhachyov,telegram,10,1,exclusive,moldova,,,0,moldova,credited-by-mirror
Telegram: tema_channel,tema_channel,telegram,10,2,shared,,,,0,moldova|romania,credited-by-mirror
Telegram: RadarPolitic,RadarPolitic,telegram,10,2,shared,,,,0,moldova|romania,credited-by-mirror
Telegram: Humor_and_Politics,Humor_and_Politics,telegram,10,2,shared,,,,0,moldova|poland,credited-by-mirror
Telegram: SlowianskaPoezjaSpiewana,SlowianskaPoezjaSpiewana,telegram,10,1,exclusive,poland,,,0,poland,credited-by-mirror
Telegram: jankalavsky,jankalavsky,telegram,10,1,exclusive,slovakia,,,0,slovakia,credited-by-mirror
Telegram: vysielacnarodnyhlas,vysielacnarodnyhlas,telegram,10,1,exclusive,slovakia,,,0,slovakia,credited-by-mirror
Telegram: hlasnadeje,hlasnadeje,telegram,9,1,exclusive,czechia,,,0,czechia,credited-by-mirror
Telegram: waspbroadcastcz,waspbroadcastcz,telegram,9,2,shared,,,,0,czechia|slovakia,credited-by-mirror
Telegram: underside_org,underside_org,telegram,9,3,shared,,,,0,czechia|poland|romania,credited-by-mirror
Telegram: Ivan_Sergeevich_Prikhodko,Ivan_Sergeevich_Prikhodko,telegram,9,3,shared,,,,0,czechia|poland|romania,credited-by-mirror
Telegram: ZdraviaRozumJaS,ZdraviaRozumJaS,telegram,9,2,shared,,,,0,czechia|slovakia,credited-by-mirror
Telegram: vadimvts1,vadimvts1,telegram,9,3,shared,,,,0,czechia|moldova|poland,credited-by-mirror
Telegram: Russiaanews,Russiaanews,telegram,9,4,shared,,,,0,czechia|poland|romania|slovakia,credited-by-mirror
Telegram: Gigin_Vadim,Gigin_Vadim,telegram,9,4,shared,,,,0,czechia|hungary|poland|slovakia,credited-by-mirror
Telegram: olgavyazovskaya2014,olgavyazovskaya2014,telegram,9,3,shared,,,,0,czechia|poland|slovakia,credited-by-mirror
Telegram: SportKomitetGD,SportKomitetGD,telegram,9,3,shared,,,,0,czechia|hungary|moldova,credited-by-mirror
Telegram: mashnasporte,mashnasporte,telegram,9,1,exclusive,deutsch,,,0,deutsch,credited-by-mirror
Telegram: maeklegutelaune,maeklegutelaune,telegram,9,1,exclusive,deutsch,,,0,deutsch,credited-by-mirror
Telegram: RusLuxEmb,RusLuxEmb,telegram,9,1,exclusive,deutsch,,,0,deutsch,credited-by-mirror
Telegram: berlinertelegraphofiziell,berlinertelegraphofiziell,telegram,9,1,exclusive,deutsch,,,0,deutsch,credited-by-mirror
Telegram: Deutsch_Russische_Freunde,Deutsch_Russische_Freunde,telegram,9,1,exclusive,deutsch,,,0,deutsch,credited-by-mirror
Telegram: GK_RF_Salzburg,GK_RF_Salzburg,telegram,9,1,exclusive,deutsch,,,0,deutsch,credited-by-mirror
Telegram: koppreport,koppreport,telegram,9,1,exclusive,deutsch,,,0,deutsch,credited-by-mirror
Telegram: TomLausen,TomLausen,telegram,9,1,exclusive,deutsch,,,0,deutsch,credited-by-mirror
Telegram: diza_donbass,diza_donbass,telegram,9,1,exclusive,deutsch,,,0,deutsch,credited-by-mirror
Telegram: bsw_vernunft_und_gerechtigkeit,bsw_vernunft_und_gerechtigkeit,telegram,9,1,exclusive,deutsch,,,0,deutsch,credited-by-mirror
Telegram: russian_airborne,russian_airborne,telegram,9,1,exclusive,deutsch,,,0,deutsch,credited-by-mirror
Telegram: epochtimesde,epochtimesde,telegram,9,1,exclusive,deutsch,,,0,deutsch,credited-by-mirror
Telegram: pankalla,pankalla,telegram,9,1,exclusive,deutsch,,,0,deutsch,credited-by-mirror
Telegram: sevastopolhistory,sevastopolhistory,telegram,9,1,exclusive,deutsch,,,0,deutsch,credited-by-mirror
Telegram: bleibtstark,bleibtstark,telegram,9,1,exclusive,deutsch,,,0,deutsch,credited-by-mirror
Telegram: ScharfschuetzenBewegung1,ScharfschuetzenBewegung1,telegram,9,1,exclusive,deutsch,,,0,deutsch,credited-by-mirror
Telegram: ekaterinaaltabaeva,ekaterinaaltabaeva,telegram,9,1,exclusive,deutsch,,,0,deutsch,credited-by-mirror
Telegram: Aviahub34,Aviahub34,telegram,9,1,exclusive,deutsch,,,0,deutsch,credited-by-mirror
MAX va_konstantinov,MAX va_konstantinov,max,9,1,exclusive,deutsch,,,0,deutsch,credited-by-mirror
MAX rosnedra,MAX rosnedra,max,9,1,exclusive,deutsch,,,0,deutsch,credited-by-mirror
MAX VOENSLED,MAX VOENSLED,max,9,1,exclusive,deutsch,,,0,deutsch,credited-by-mirror
Telegram: reactionkatyusha,reactionkatyusha,telegram,9,2,shared,,,,0,deutsch|hungary,credited-by-mirror
MAX oplottv,MAX oplottv,max,9,2,shared,,,,0,deutsch|romania,credited-by-mirror
MAX youlistenedmayak,MAX youlistenedmayak,max,9,2,shared,,,,0,deutsch|slovakia,credited-by-mirror
Telegram: klaTV_hu,klaTV_hu,telegram,9,1,exclusive,hungary,,,0,hungary,credited-by-mirror
minsport.gov.ru,minsport.gov.ru,domain,9,2,shared,,,,0,hungary|moldova,credited-by-mirror
Telegram: estlatlitv,estlatlitv,telegram,9,4,shared,,,,0,hungary|poland|romania|slovakia,credited-by-mirror
Telegram: tsurkannikita,tsurkannikita,telegram,9,1,exclusive,moldova,,,0,moldova,credited-by-mirror
Telegram: svorezevv,svorezevv,telegram,9,1,exclusive,moldova,,,0,moldova,credited-by-mirror
Telegram: pandorapmr,pandorapmr,telegram,9,1,exclusive,moldova,,,0,moldova,credited-by-mirror
Telegram: beltskienovosti,beltskienovosti,telegram,9,1,exclusive,moldova,,,0,moldova,credited-by-mirror
Telegram: anb_028,anb_028,telegram,9,1,exclusive,moldova,,,0,moldova,credited-by-mirror
Telegram: cx_md,cx_md,telegram,9,1,exclusive,moldova,,,0,moldova,credited-by-mirror
Telegram: dollsv2,dollsv2,telegram,9,1,exclusive,moldova,,,0,moldova,credited-by-mirror
Telegram: CompromatSNG,CompromatSNG,telegram,9,1,exclusive,moldova,,,0,moldova,credited-by-mirror
Telegram: balti24_md,balti24_md,telegram,9,1,exclusive,moldova,,,0,moldova,credited-by-mirror
Telegram: govoritMoldova,govoritMoldova,telegram,9,1,exclusive,moldova,,,0,moldova,credited-by-mirror
Telegram: rostrud_official,rostrud_official,telegram,9,2,shared,,,,0,moldova|romania,credited-by-mirror
Telegram: Noi_md,Noi_md,telegram,9,2,shared,,,,0,moldova|romania,credited-by-mirror
Telegram: Primaria_Chisinau,Primaria_Chisinau,telegram,9,2,shared,,,,0,moldova|romania,credited-by-mirror
Telegram: DonskoyCossack,DonskoyCossack,telegram,9,2,shared,,,,0,moldova|romania,credited-by-mirror
Telegram: gontagheorghe,gontagheorghe,telegram,9,2,shared,,,,0,moldova|romania,credited-by-mirror
Telegram: ZdrowieNatura,ZdrowieNatura,telegram,9,1,exclusive,poland,,,0,poland,credited-by-mirror
Telegram: michailmistal,michailmistal,telegram,9,1,exclusive,poland,,,0,poland,credited-by-mirror
Telegram: WBDSL,WBDSL,telegram,9,1,exclusive,poland,,,0,poland,credited-by-mirror
Telegram: gyimesi,gyimesi,telegram,9,1,exclusive,slovakia,,,0,slovakia,credited-by-mirror
Telegram: janajanyova,janajanyova,telegram,9,1,exclusive,slovakia,,,0,slovakia,credited-by-mirror
Telegram: pravonapravdusk,pravonapravdusk,telegram,9,1,exclusive,slovakia,,,0,slovakia,credited-by-mirror
Telegram: gusto_murin,gusto_murin,telegram,9,1,exclusive,slovakia,,,0,slovakia,credited-by-mirror
Telegram: videonoviny,videonoviny,telegram,9,1,exclusive,slovakia,,,0,slovakia,credited-by-mirror
Telegram: StopChildVac,StopChildVac,telegram,8,1,exclusive,czechia,,,0,czechia,credited-by-mirror
Telegram: zitrek_tvoris_ty,zitrek_tvoris_ty,telegram,8,1,exclusive,czechia,,,0,czechia,credited-by-mirror
Telegram: tadesco,tadesco,telegram,8,1,exclusive,czechia,,,0,czechia,credited-by-mirror
Telegram: slovenskabiblia,slovenskabiblia,telegram,8,2,shared,,,,0,czechia|slovakia,credited-by-mirror
Telegram: imnotbozhena,imnotbozhena,telegram,8,5,network-wide,,,,0,czechia|hungary|moldova|romania|slovakia,credited-by-mirror
Telegram: stastydaiobratno,stastydaiobratno,telegram,8,4,shared,,,,0,czechia|hungary|romania|slovakia,credited-by-mirror
Telegram: spolokarchaoz,spolokarchaoz,telegram,8,2,shared,,,,0,czechia|slovakia,credited-by-mirror
Telegram: taker_russ,taker_russ,telegram,8,4,shared,,,,0,czechia|hungary|poland|slovakia,credited-by-mirror
Telegram: pesets_podkralsya_neZametno,pesets_podkralsya_neZametno,telegram,8,5,network-wide,,,,0,czechia|hungary|poland|romania|slovakia,credited-by-mirror
Telegram: prim_rbc,prim_rbc,telegram,8,2,shared,,,,0,czechia|poland,credited-by-mirror
Telegram: pravdist,pravdist,telegram,8,4,shared,,,,0,czechia|moldova|poland|romania,credited-by-mirror
Telegram: VladimirTupin,VladimirTupin,telegram,8,1,exclusive,deutsch,,,0,deutsch,credited-by-mirror
Telegram: eingeSCHENKt,eingeSCHENKt,telegram,8,1,exclusive,deutsch,,,0,deutsch,credited-by-mirror
Telegram: WirSindViele_Demo,WirSindViele_Demo,telegram,8,1,exclusive,deutsch,,,0,deutsch,credited-by-mirror
Telegram: horizont_telegram,horizont_telegram,telegram,8,1,exclusive,deutsch,,,0,deutsch,credited-by-mirror
Telegram: rosrezerv_ru,rosrezerv_ru,telegram,8,1,exclusive,deutsch,,,0,deutsch,credited-by-mirror
Telegram: SC360Media,SC360Media,telegram,8,1,exclusive,deutsch,,,0,deutsch,credited-by-mirror
Telegram: boldscholz,boldscholz,telegram,8,1,exclusive,deutsch,,,0,deutsch,credited-by-mirror
Telegram: saraslightfight,saraslightfight,telegram,8,1,exclusive,deutsch,,,0,deutsch,credited-by-mirror
Telegram: darpaandcia,darpaandcia,telegram,8,1,exclusive,deutsch,,,0,deutsch,credited-by-mirror
Telegram: DSdarialive,DSdarialive,telegram,8,1,exclusive,deutsch,,,0,deutsch,credited-by-mirror
Telegram: AllesAusserMainstream,AllesAusserMainstream,telegram,8,1,exclusive,deutsch,,,0,deutsch,credited-by-mirror
Telegram: Top20radioNews,Top20radioNews,telegram,8,1,exclusive,deutsch,,,0,deutsch,credited-by-mirror
Telegram: rtdru,rtdru,telegram,8,1,exclusive,deutsch,,,0,deutsch,credited-by-mirror
Telegram: HKickl,HKickl,telegram,8,1,exclusive,deutsch,,,0,deutsch,credited-by-mirror
Telegram: rbth_deu,rbth_deu,telegram,8,1,exclusive,deutsch,,,0,deutsch,credited-by-mirror
Telegram: rusbrief_moscow,rusbrief_moscow,telegram,8,1,exclusive,deutsch,,,0,deutsch,credited-by-mirror
Telegram: Putin_tramp_mobilizaciya_migrant,Putin_tramp_mobilizaciya_migrant,telegram,8,3,shared,,,,0,hungary|poland|slovakia,credited-by-mirror
Telegram: fmba_of_russia,fmba_of_russia,telegram,8,2,shared,,,,0,hungary|moldova,credited-by-mirror
Telegram: Politinn,Politinn,telegram,8,3,shared,,,,0,hungary|moldova|romania,credited-by-mirror
Telegram: righthistory,righthistory,telegram,8,2,shared,,,,0,hungary|poland,credited-by-mirror
Telegram: Victoria_Furtuna,Victoria_Furtuna,telegram,8,1,exclusive,moldova,,,0,moldova,credited-by-mirror
Telegram: GaGauZia_v_efire,GaGauZia_v_efire,telegram,8,1,exclusive,moldova,,,0,moldova,credited-by-mirror
Telegram: moldovarcnk,moldovarcnk,telegram,8,1,exclusive,moldova,,,0,moldova,credited-by-mirror
Telegram: pul_1,pul_1,telegram,8,1,exclusive,moldova,,,0,moldova,credited-by-mirror
Telegram: polkovnikKurtz,polkovnikKurtz,telegram,8,1,exclusive,moldova,,,0,moldova,credited-by-mirror
Telegram: MOLDOVA_L,MOLDOVA_L,telegram,8,1,exclusive,moldova,,,0,moldova,credited-by-mirror
Telegram: congresulmoldovenesc,congresulmoldovenesc,telegram,8,1,exclusive,moldova,,,0,moldova,credited-by-mirror
Telegram: Tatarinov_Rus,Tatarinov_Rus,telegram,8,1,exclusive,moldova,,,0,moldova,credited-by-mirror
Telegram: ipn_md,ipn_md,telegram,8,1,exclusive,moldova,,,0,moldova,credited-by-mirror
Telegram: ionceban,ionceban,telegram,8,2,shared,,,,0,moldova|romania,credited-by-mirror
Telegram: omulnostruionbulgac,omulnostruionbulgac,telegram,8,2,shared,,,,0,moldova|romania,credited-by-mirror
Telegram: AleksandrSemchenko,AleksandrSemchenko,telegram,8,3,shared,,,,0,moldova|poland|slovakia,credited-by-mirror
Telegram: PRAWDZIWAHISTORIA,PRAWDZIWAHISTORIA,telegram,8,1,exclusive,poland,,,0,poland,credited-by-mirror
Telegram: HistorySlavs,HistorySlavs,telegram,8,1,exclusive,poland,,,0,poland,credited-by-mirror
Telegram: WiadomosciCzasowOstatecznych,WiadomosciCzasowOstatecznych,telegram,8,1,exclusive,poland,,,0,poland,credited-by-mirror
denis-pushilin.ru,denis-pushilin.ru,domain,8,1,exclusive,poland,,,0,poland,credited-by-mirror
Telegram: gridchina_a_a,gridchina_a_a,telegram,8,1,exclusive,poland,,,0,poland,credited-by-mirror
Telegram: biologia_pl,biologia_pl,telegram,8,1,exclusive,poland,,,0,poland,credited-by-mirror
Telegram: Kosicelive,Kosicelive,telegram,8,1,exclusive,slovakia,,,0,slovakia,credited-by-mirror
Telegram: marienka144,marienka144,telegram,7,1,exclusive,czechia,,,0,czechia,credited-by-mirror
Telegram: DonbassDevushka,DonbassDevushka,telegram,7,2,shared,,,,0,czechia|hungary,credited-by-mirror
Telegram: stestickocz_zpravy,stestickocz_zpravy,telegram,7,2,shared,,,,0,czechia|slovakia,credited-by-mirror
Telegram: krondor_analytics,krondor_analytics,telegram,7,4,shared,,,,0,czechia|hungary|romania|slovakia,credited-by-mirror
Telegram: eurasiaexpress,eurasiaexpress,telegram,7,4,shared,,,,0,czechia|moldova|romania|slovakia,credited-by-mirror
Telegram: korsunov_now,korsunov_now,telegram,7,4,shared,,,,0,czechia|hungary|poland|slovakia,credited-by-mirror
Telegram: prbezposhady,prbezposhady,telegram,7,5,network-wide,,,,0,czechia|hungary|poland|romania|slovakia,credited-by-mirror
Telegram: kursRF,kursRF,telegram,7,5,network-wide,,,,0,czechia|hungary|poland|romania|slovakia,credited-by-mirror
Telegram: chita_negazetaZab,chita_negazetaZab,telegram,7,5,network-wide,,,,0,czechia|hungary|poland|romania|slovakia,credited-by-mirror
Telegram: bolshiepushki,bolshiepushki,telegram,7,5,network-wide,,,,0,czechia|hungary|poland|romania|slovakia,credited-by-mirror
Telegram: racionaliselet,racionaliselet,telegram,7,1,exclusive,hungary,,,0,hungary,credited-by-mirror
Telegram: haborukonfliktus,haborukonfliktus,telegram,7,1,exclusive,hungary,,,0,hungary,credited-by-mirror
Telegram: kraken_media,kraken_media,telegram,7,3,shared,,,,0,hungary|moldova|slovakia,credited-by-mirror
Telegram: Hinshtein,Hinshtein,telegram,7,2,shared,,,,0,hungary|poland,credited-by-mirror
Telegram: ejdailyru,ejdailyru,telegram,7,3,shared,,,,0,hungary|poland|romania,credited-by-mirror
MAX alexey_pushkov,MAX alexey_pushkov,max,7,3,shared,,,,0,hungary|poland|romania,credited-by-mirror
Telegram: rossia_3,rossia_3,telegram,7,2,shared,,,,0,hungary|moldova,credited-by-mirror
Telegram: may_9_ru,may_9_ru,telegram,7,4,shared,,,,0,hungary|poland|romania|slovakia,credited-by-mirror
Telegram: preemnik,preemnik,telegram,7,3,shared,,,,0,hungary|moldova|romania,credited-by-mirror
Telegram: dillfrash,dillfrash,telegram,7,3,shared,,,,0,hungary|poland|romania,credited-by-mirror
Telegram: MarianLupuRM,MarianLupuRM,telegram,7,1,exclusive,moldova,,,0,moldova,credited-by-mirror
Telegram: infostreams,infostreams,telegram,7,1,exclusive,moldova,,,0,moldova,credited-by-mirror
Telegram: provod,provod,telegram,7,1,exclusive,moldova,,,0,moldova,credited-by-mirror
Telegram: intrendo,intrendo,telegram,7,1,exclusive,moldova,,,0,moldova,credited-by-mirror
Telegram: marina_mt_official,marina_mt_official,telegram,7,1,exclusive,moldova,,,0,moldova,credited-by-mirror
Telegram: explaining,explaining,telegram,7,1,exclusive,moldova,,,0,moldova,credited-by-mirror
Telegram: zapretniychannel,zapretniychannel,telegram,7,1,exclusive,moldova,,,0,moldova,credited-by-mirror
Telegram: doposlednego_ukrainca1,doposlednego_ukrainca1,telegram,7,1,exclusive,moldova,,,0,moldova,credited-by-mirror
Telegram: vtememd,vtememd,telegram,7,1,exclusive,moldova,,,0,moldova,credited-by-mirror
Telegram: slowo_najemnika,slowo_najemnika,telegram,7,1,exclusive,moldova,,,0,moldova,credited-by-mirror
Telegram: russian_inspector,russian_inspector,telegram,7,1,exclusive,moldova,,,0,moldova,credited-by-mirror
Telegram: bogatirs3,bogatirs3,telegram,7,1,exclusive,moldova,,,0,moldova,credited-by-mirror
Telegram: promoldova2020,promoldova2020,telegram,7,1,exclusive,moldova,,,0,moldova,credited-by-mirror
Telegram: moyseenkomoldovasegodnya,moyseenkomoldovasegodnya,telegram,7,1,exclusive,moldova,,,0,moldova,credited-by-mirror
Telegram: luka_ebkov,luka_ebkov,telegram,7,2,shared,,,,0,moldova|romania,credited-by-mirror
Telegram: vadimceban,vadimceban,telegram,7,2,shared,,,,0,moldova|romania,credited-by-mirror
Telegram: Mintrans_Russia,Mintrans_Russia,telegram,7,2,shared,,,,0,moldova|poland,credited-by-mirror
Telegram: batyachitaet,batyachitaet,telegram,7,2,shared,,,,0,moldova|poland,credited-by-mirror
Telegram: MDNationalArmy,MDNationalArmy,telegram,7,2,shared,,,,0,moldova|romania,credited-by-mirror
Telegram: ontnews,ontnews,telegram,7,3,shared,,,,0,moldova|poland|romania,credited-by-mirror
Telegram: fabnewsjp,fabnewsjp,telegram,7,1,exclusive,poland,,,0,poland,credited-by-mirror
Telegram: usmiechnietapolska,usmiechnietapolska,telegram,7,1,exclusive,poland,,,0,poland,credited-by-mirror
Telegram: ruchoporupolska,ruchoporupolska,telegram,7,1,exclusive,poland,,,0,poland,credited-by-mirror
Telegram: mkhusnullin,mkhusnullin,telegram,7,1,exclusive,poland,,,0,poland,credited-by-mirror
pravdnr.ru,pravdnr.ru,domain,7,1,exclusive,poland,,,0,poland,credited-by-mirror
Telegram: wiktorviktor,wiktorviktor,telegram,7,1,exclusive,poland,,,0,poland,credited-by-mirror
Telegram: ocurillovcoch,ocurillovcoch,telegram,7,1,exclusive,slovakia,,,0,slovakia,credited-by-mirror
Telegram: SATanIRA_official,SATanIRA_official,telegram,7,1,exclusive,slovakia,,,0,slovakia,credited-by-mirror
Telegram: geoengineeringslovakiachemtrails,geoengineeringslovakiachemtrails,telegram,7,1,exclusive,slovakia,,,0,slovakia,credited-by-mirror
Telegram: richardtakac,richardtakac,telegram,7,1,exclusive,slovakia,,,0,slovakia,credited-by-mirror
Telegram: nocommentsk,nocommentsk,telegram,7,1,exclusive,slovakia,,,0,slovakia,credited-by-mirror
Telegram: katkarothnevedalova,katkarothnevedalova,telegram,7,1,exclusive,slovakia,,,0,slovakia,credited-by-mirror
Telegram: pavucinanv,pavucinanv,telegram,7,1,exclusive,slovakia,,,0,slovakia,credited-by-mirror
Telegram: brics_info,brics_info,telegram,6,1,exclusive,czechia,,,0,czechia,credited-by-mirror
Telegram: raptortvlive,raptortvlive,telegram,6,1,exclusive,czechia,,,0,czechia,credited-by-mirror
Telegram: majky369,majky369,telegram,6,1,exclusive,czechia,,,0,czechia,credited-by-mirror
Telegram: leceni24,leceni24,telegram,6,1,exclusive,czechia,,,0,czechia,credited-by-mirror
Telegram: Sonnendoku,Sonnendoku,telegram,6,1,exclusive,czechia,,,0,czechia,credited-by-mirror
Telegram: nastrahy_prirody,nastrahy_prirody,telegram,6,2,shared,,,,0,czechia|slovakia,credited-by-mirror
Telegram: kbrvdvkr,kbrvdvkr,telegram,6,2,shared,,,,0,czechia|poland,credited-by-mirror
Telegram: Svobodny_vysilac,Svobodny_vysilac,telegram,6,2,shared,,,,0,czechia|slovakia,credited-by-mirror
Telegram: ingjurajorsagirujido,ingjurajorsagirujido,telegram,6,2,shared,,,,0,czechia|slovakia,credited-by-mirror
Telegram: oboronka_channel,oboronka_channel,telegram,6,4,shared,,,,0,czechia|hungary|romania|slovakia,credited-by-mirror
Telegram: kyber_net,kyber_net,telegram,6,4,shared,,,,0,czechia|moldova|poland|slovakia,credited-by-mirror
Telegram: PravdaEliferova,PravdaEliferova,telegram,6,5,network-wide,,,,0,czechia|hungary|poland|romania|slovakia,credited-by-mirror
Telegram: NSDVKharkove,NSDVKharkove,telegram,6,5,network-wide,,,,0,czechia|hungary|poland|romania|slovakia,credited-by-mirror
Telegram: sddonbassa,sddonbassa,telegram,6,3,shared,,,,0,czechia|moldova|poland,credited-by-mirror
Telegram: ZalaAero,ZalaAero,telegram,6,2,shared,,,,0,czechia|poland,credited-by-mirror
Telegram: iaroslavlistovistorik,iaroslavlistovistorik,telegram,6,3,shared,,,,0,czechia|poland|romania,credited-by-mirror
Telegram: marianmagatoficialny,marianmagatoficialny,telegram,6,2,shared,,,,0,czechia|slovakia,credited-by-mirror
MAX oprf_official,MAX oprf_official,max,6,4,shared,,,,0,czechia|hungary|romania|slovakia,credited-by-mirror
Telegram: NorthernFront_NATO,NorthernFront_NATO,telegram,6,2,shared,,,,0,czechia|poland,credited-by-mirror
Telegram: koszturandras,koszturandras,telegram,6,1,exclusive,hungary,,,0,hungary,credited-by-mirror
Telegram: novakelod,novakelod,telegram,6,1,exclusive,hungary,,,0,hungary,credited-by-mirror
Telegram: NeBrigada,NeBrigada,telegram,6,2,shared,,,,0,hungary|poland,credited-by-mirror
Telegram: dntreadonme,dntreadonme,telegram,6,3,shared,,,,0,hungary|moldova|romania,credited-by-mirror
Telegram: ctchannelpublic,ctchannelpublic,telegram,6,3,shared,,,,0,hungary|poland|romania,credited-by-mirror
Telegram: NewsEconomics,NewsEconomics,telegram,6,2,shared,,,,0,hungary|moldova,credited-by-mirror
Telegram: madam_secretar,madam_secretar,telegram,6,3,shared,,,,0,hungary|moldova|poland,credited-by-mirror
edu.gov.ru,edu.gov.ru,domain,6,2,shared,,,,0,hungary|moldova,credited-by-mirror
Telegram: zachistka_ua,zachistka_ua,telegram,6,3,shared,,,,0,hungary|poland|slovakia,credited-by-mirror
Telegram: krasniydom,krasniydom,telegram,6,4,shared,,,,0,hungary|moldova|poland|romania,credited-by-mirror
Telegram: igor_korotchenko,igor_korotchenko,telegram,6,3,shared,,,,0,hungary|poland|romania,credited-by-mirror
Telegram: gumvdskfo,gumvdskfo,telegram,6,3,shared,,,,0,hungary|poland|romania,credited-by-mirror
Telegram: PolitiaDeFrontieraRM,PolitiaDeFrontieraRM,telegram,6,1,exclusive,moldova,,,0,moldova,credited-by-mirror
Telegram: plutovstvo007,plutovstvo007,telegram,6,1,exclusive,moldova,,,0,moldova,credited-by-mirror
Telegram: hazdenecaz,hazdenecaz,telegram,6,1,exclusive,moldova,,,0,moldova,credited-by-mirror
Telegram: Moldova_actually,Moldova_actually,telegram,6,1,exclusive,moldova,,,0,moldova,credited-by-mirror
Telegram: sosedimd,sosedimd,telegram,6,1,exclusive,moldova,,,0,moldova,credited-by-mirror
Telegram: otlichno_md,otlichno_md,telegram,6,1,exclusive,moldova,,,0,moldova,credited-by-mirror
Telegram: nmakeevaZ,nmakeevaZ,telegram,6,1,exclusive,moldova,,,0,moldova,credited-by-mirror
Telegram: Separ13_13,Separ13_13,telegram,6,1,exclusive,moldova,,,0,moldova,credited-by-mirror
Telegram: vekabsurda,vekabsurda,telegram,6,1,exclusive,moldova,,,0,moldova,credited-by-mirror
Telegram: EduardZdorov,EduardZdorov,telegram,6,1,exclusive,moldova,,,0,moldova,credited-by-mirror
Telegram: picnicelena,picnicelena,telegram,6,1,exclusive,moldova,,,0,moldova,credited-by-mirror
Telegram: geran231,geran231,telegram,6,1,exclusive,moldova,,,0,moldova,credited-by-mirror
Telegram: ranonora,ranonora,telegram,6,1,exclusive,moldova,,,0,moldova,credited-by-mirror
Telegram: leftbank247,leftbank247,telegram,6,1,exclusive,moldova,,,0,moldova,credited-by-mirror
Telegram: SputnikARM,SputnikARM,telegram,6,1,exclusive,moldova,,,0,moldova,credited-by-mirror
Telegram: viktorsmidt,viktorsmidt,telegram,6,1,exclusive,moldova,,,0,moldova,credited-by-mirror
Telegram: foxandraven,foxandraven,telegram,6,2,shared,,,,0,moldova|slovakia,credited-by-mirror
Telegram: mikayelbad,mikayelbad,telegram,6,2,shared,,,,0,moldova|romania,credited-by-mirror
Telegram: dmitrynikotin,dmitrynikotin,telegram,6,2,shared,,,,0,moldova|romania,credited-by-mirror
Telegram: tsps2021,tsps2021,telegram,6,2,shared,,,,0,moldova|romania,credited-by-mirror
Telegram: favt_ru,favt_ru,telegram,6,2,shared,,,,0,moldova|poland,credited-by-mirror
Telegram: zangalis,zangalis,telegram,6,1,exclusive,poland,,,0,poland,credited-by-mirror
Telegram: multi_XAM,multi_XAM,telegram,6,1,exclusive,poland,,,0,poland,credited-by-mirror
Telegram: petrlundstrem,petrlundstrem,telegram,6,1,exclusive,poland,,,0,poland,credited-by-mirror
dnrsovet.su,dnrsovet.su,domain,6,1,exclusive,poland,,,0,poland,credited-by-mirror
Telegram: ieofficial,ieofficial,telegram,6,1,exclusive,poland,,,0,poland,credited-by-mirror
Telegram: r_mapporn,r_mapporn,telegram,6,1,exclusive,poland,,,0,poland,credited-by-mirror
MAX customs_rus,MAX customs_rus,max,6,1,exclusive,poland,,,0,poland,credited-by-mirror
Telegram: politdzjudo,politdzjudo,telegram,6,2,shared,,,,0,poland|romania,credited-by-mirror
Telegram: kotreal,kotreal,telegram,6,2,shared,,,,0,poland|romania,credited-by-mirror
Telegram: vmarahovsky,vmarahovsky,telegram,6,3,shared,,,,0,poland|romania|slovakia,credited-by-mirror
MAX voenkorkhayrullin,MAX voenkorkhayrullin,max,6,3,shared,,,,0,poland|romania|slovakia,credited-by-mirror
Telegram: nymagazinromania,nymagazinromania,telegram,6,1,exclusive,romania,,,0,romania,credited-by-mirror
Telegram: institutisop,institutisop,telegram,6,1,exclusive,slovakia,,,0,slovakia,credited-by-mirror
Telegram: paulapuskarova,paulapuskarova,telegram,6,1,exclusive,slovakia,,,0,slovakia,credited-by-mirror
Telegram: solidarity_games,solidarity_games,telegram,6,1,exclusive,slovakia,,,0,slovakia,credited-by-mirror
Telegram: simko_vychodniar,simko_vychodniar,telegram,6,1,exclusive,slovakia,,,0,slovakia,credited-by-mirror
Telegram: richardkristofovicrkx,richardkristofovicrkx,telegram,6,1,exclusive,slovakia,,,0,slovakia,credited-by-mirror
Telegram: iden123,iden123,telegram,6,1,exclusive,slovakia,,,0,slovakia,credited-by-mirror
Telegram: rozhovory_z_hospody,rozhovory_z_hospody,telegram,5,1,exclusive,czechia,,,0,czechia,credited-by-mirror
Telegram: lumeanoua,lumeanoua,telegram,5,1,exclusive,czechia,,,0,czechia,credited-by-mirror
Telegram: rsvk_ru,rsvk_ru,telegram,5,1,exclusive,czechia,,,0,czechia,credited-by-mirror
Telegram: romantomovcik,romantomovcik,telegram,5,2,shared,,,,0,czechia|slovakia,credited-by-mirror
Telegram: michiQmichi,michiQmichi,telegram,5,2,shared,,,,0,czechia|slovakia,credited-by-mirror
Telegram: nespime,nespime,telegram,5,2,shared,,,,0,czechia|slovakia,credited-by-mirror
Telegram: Grantoed_by,Grantoed_by,telegram,5,3,shared,,,,0,czechia|poland|slovakia,credited-by-mirror
Telegram: uzelsvjazi,uzelsvjazi,telegram,5,2,shared,,,,0,czechia|poland,credited-by-mirror
Telegram: vitazstvosvetla,vitazstvosvetla,telegram,5,2,shared,,,,0,czechia|slovakia,credited-by-mirror
Telegram: i_curtain,i_curtain,telegram,5,4,shared,,,,0,czechia|hungary|poland|slovakia,credited-by-mirror
Telegram: JSbeznahubku,JSbeznahubku,telegram,5,2,shared,,,,0,czechia|slovakia,credited-by-mirror
Telegram: povest_let,povest_let,telegram,5,3,shared,,,,0,czechia|hungary|poland,credited-by-mirror
Telegram: Zerkalo_NewZ,Zerkalo_NewZ,telegram,5,3,shared,,,,0,czechia|romania|slovakia,credited-by-mirror
Telegram: webkamert,webkamert,telegram,5,3,shared,,,,0,czechia|poland|romania,credited-by-mirror
Telegram: plan2030,plan2030,telegram,5,3,shared,,,,0,czechia|hungary|slovakia,credited-by-mirror
Telegram: saturday_trip,saturday_trip,telegram,5,3,shared,,,,0,czechia|hungary|poland,credited-by-mirror
Telegram: molotov_akhmat,molotov_akhmat,telegram,5,3,shared,,,,0,czechia|moldova|romania,credited-by-mirror
Telegram: redRsChannel,redRsChannel,telegram,5,1,exclusive,hungary,,,0,hungary,credited-by-mirror
Telegram: shevchenkomax_1,shevchenkomax_1,telegram,5,3,shared,,,,0,hungary|romania|slovakia,credited-by-mirror
Telegram: vibornyk,vibornyk,telegram,5,2,shared,,,,0,hungary|moldova,credited-by-mirror
Telegram: asyaemeliyanova,asyaemeliyanova,telegram,5,3,shared,,,,0,hungary|moldova|romania,credited-by-mirror
Telegram: corpsafrica,corpsafrica,telegram,5,3,shared,,,,0,hungary|poland|romania,credited-by-mirror
Telegram: bear007,bear007,telegram,5,3,shared,,,,0,hungary|poland|romania,credited-by-mirror
Telegram: india_Za,india_Za,telegram,5,2,shared,,,,0,hungary|poland,credited-by-mirror
Telegram: ppmoldovamare,ppmoldovamare,telegram,5,1,exclusive,moldova,,,0,moldova,credited-by-mirror
Telegram: chsreal,chsreal,telegram,5,1,exclusive,moldova,,,0,moldova,credited-by-mirror
Telegram: OParzany,OParzany,telegram,5,1,exclusive,moldova,,,0,moldova,credited-by-mirror
Telegram: pravmolmir,pravmolmir,telegram,5,1,exclusive,moldova,,,0,moldova,credited-by-mirror
Telegram: sindbad_snegohod,sindbad_snegohod,telegram,5,1,exclusive,moldova,,,0,moldova,credited-by-mirror
Telegram: cmiye,cmiye,telegram,5,1,exclusive,moldova,,,0,moldova,credited-by-mirror
Telegram: Secrets_of_Vinakos,Secrets_of_Vinakos,telegram,5,1,exclusive,moldova,,,0,moldova,credited-by-mirror
Telegram: PravdaGagauzia,PravdaGagauzia,telegram,5,1,exclusive,moldova,,,0,moldova,credited-by-mirror
Telegram: psy_parafin,psy_parafin,telegram,5,1,exclusive,moldova,,,0,moldova,credited-by-mirror
Telegram: odessa_typical,odessa_typical,telegram,5,1,exclusive,moldova,,,0,moldova,credited-by-mirror
Telegram: bbcrussian,bbcrussian,telegram,5,1,exclusive,moldova,,,0,moldova,credited-by-mirror
Telegram: moldovalibera,moldovalibera,telegram,5,1,exclusive,moldova,,,0,moldova,credited-by-mirror
Telegram: banki_oil,banki_oil,telegram,5,1,exclusive,moldova,,,0,moldova,credited-by-mirror
Telegram: moldjest,moldjest,telegram,5,1,exclusive,moldova,,,0,moldova,credited-by-mirror
Telegram: Ugol_Zrenija,Ugol_Zrenija,telegram,5,1,exclusive,moldova,,,0,moldova,credited-by-mirror
Telegram: KSVORF,KSVORF,telegram,5,1,exclusive,moldova,,,0,moldova,credited-by-mirror
Telegram: selectedbylocals,selectedbylocals,telegram,5,1,exclusive,moldova,,,0,moldova,credited-by-mirror
Telegram: EurasiaWorld,EurasiaWorld,telegram,5,1,exclusive,moldova,,,0,moldova,credited-by-mirror
Telegram: moldovanews24,moldovanews24,telegram,5,1,exclusive,moldova,,,0,moldova,credited-by-mirror
Telegram: pravoslavnayaMoldova,pravoslavnayaMoldova,telegram,5,1,exclusive,moldova,,,0,moldova,credited-by-mirror
Telegram: MD_referendum2024,MD_referendum2024,telegram,5,1,exclusive,moldova,,,0,moldova,credited-by-mirror
Telegram: Marina_Tauber,Marina_Tauber,telegram,5,1,exclusive,moldova,,,0,moldova,credited-by-mirror
Telegram: Cbpub,Cbpub,telegram,5,1,exclusive,moldova,,,0,moldova,credited-by-mirror
Telegram: ConspiracyHedge,ConspiracyHedge,telegram,5,1,exclusive,moldova,,,0,moldova,credited-by-mirror
Telegram: victorie_blocul,victorie_blocul,telegram,5,1,exclusive,moldova,,,0,moldova,credited-by-mirror
mcx.gov.ru,mcx.gov.ru,domain,5,1,exclusive,moldova,,,0,moldova,credited-by-mirror
Telegram: gutsul_evghenia,gutsul_evghenia,telegram,5,1,exclusive,moldova,,,0,moldova,credited-by-mirror
Telegram: utpfo,utpfo,telegram,5,1,exclusive,moldova,,,0,moldova,credited-by-mirror
Telegram: Zaharov_IG,Zaharov_IG,telegram,5,1,exclusive,moldova,,,0,moldova,credited-by-mirror
Telegram: voceamoldovei,voceamoldovei,telegram,5,1,exclusive,moldova,,,0,moldova,credited-by-mirror
Telegram: molniyamoldovi,molniyamoldovi,telegram,5,1,exclusive,moldova,,,0,moldova,credited-by-mirror
Telegram: presedinta_md,presedinta_md,telegram,5,1,exclusive,moldova,,,0,moldova,credited-by-mirror
Telegram: rezervsvo,rezervsvo,telegram,5,1,exclusive,moldova,,,0,moldova,credited-by-mirror
Telegram: truexa_moldova_news,truexa_moldova_news,telegram,5,1,exclusive,moldova,,,0,moldova,credited-by-mirror
Telegram: mcx_ru,mcx_ru,telegram,5,2,shared,,,,0,moldova|romania,credited-by-mirror
Telegram: zhogaartem,zhogaartem,telegram,5,2,shared,,,,0,moldova|poland,credited-by-mirror
Telegram: sharanism,sharanism,telegram,5,2,shared,,,,0,moldova|romania,credited-by-mirror
Telegram: BuninCo,BuninCo,telegram,5,2,shared,,,,0,moldova|romania,credited-by-mirror
Telegram: ew_energywave,ew_energywave,telegram,5,2,shared,,,,0,moldova|romania,credited-by-mirror
Telegram: istorex_ru,istorex_ru,telegram,5,2,shared,,,,0,moldova|romania,credited-by-mirror
Telegram: Media_Post_UA,Media_Post_UA,telegram,5,3,shared,,,,0,moldova|poland|romania,credited-by-mirror
Telegram: petrusV82,petrusV82,telegram,5,2,shared,,,,0,moldova|poland,credited-by-mirror
Telegram: PowiernictwoKresowe,PowiernictwoKresowe,telegram,5,1,exclusive,poland,,,0,poland,credited-by-mirror
Telegram: grodnosliv,grodnosliv,telegram,5,1,exclusive,poland,,,0,poland,credited-by-mirror
Telegram: simadm_news,simadm_news,telegram,5,1,exclusive,poland,,,0,poland,credited-by-mirror
Telegram: czerwpig,czerwpig,telegram,5,1,exclusive,poland,,,0,poland,credited-by-mirror
Telegram: world50475,world50475,telegram,5,1,exclusive,poland,,,0,poland,credited-by-mirror
Telegram: swiatbeznienawiscixd,swiatbeznienawiscixd,telegram,5,1,exclusive,poland,,,0,poland,credited-by-mirror
Telegram: drkrzysztofkarczewski,drkrzysztofkarczewski,telegram,5,1,exclusive,poland,,,0,poland,credited-by-mirror
Telegram: archiwumVam,archiwumVam,telegram,5,1,exclusive,poland,,,0,poland,credited-by-mirror
Telegram: melian_dialog,melian_dialog,telegram,5,1,exclusive,poland,,,0,poland,credited-by-mirror
MAX golosmordora,MAX golosmordora,max,5,2,shared,,,,0,poland|romania,credited-by-mirror
MAX dolg,MAX dolg,max,5,2,shared,,,,0,poland|romania,credited-by-mirror
MAX GardeZ66,MAX GardeZ66,max,5,2,shared,,,,0,poland|romania,credited-by-mirror
Telegram: taneac,taneac,telegram,5,1,exclusive,romania,,,0,romania,credited-by-mirror
Telegram: prinasame_nadej,prinasame_nadej,telegram,5,1,exclusive,slovakia,,,0,slovakia,credited-by-mirror
Telegram: liptakp,liptakp,telegram,5,1,exclusive,slovakia,,,0,slovakia,credited-by-mirror
Telegram: erik_kalinak,erik_kalinak,telegram,5,1,exclusive,slovakia,,,0,slovakia,credited-by-mirror
Telegram: putin_life,putin_life,telegram,5,1,exclusive,slovakia,,,0,slovakia,credited-by-mirror
Telegram: novy_matrix_lm,novy_matrix_lm,telegram,5,1,exclusive,slovakia,,,0,slovakia,credited-by-mirror
Telegram: dagmarkramplova,dagmarkramplova,telegram,5,1,exclusive,slovakia,,,0,slovakia,credited-by-mirror
Telegram: jozefvi,jozefvi,telegram,5,1,exclusive,slovakia,,,0,slovakia,credited-by-mirror
Telegram: slovaniask,slovaniask,telegram,5,1,exclusive,slovakia,,,0,slovakia,credited-by-mirror
Telegram: ilonaekonom,ilonaekonom,telegram,4,1,exclusive,czechia,,,0,czechia,credited-by-mirror
Telegram: petraproksanova,petraproksanova,telegram,4,1,exclusive,czechia,,,0,czechia,credited-by-mirror
Telegram: uzdraveni24,uzdraveni24,telegram,4,1,exclusive,czechia,,,0,czechia,credited-by-mirror
Telegram: Rodna_hrouda_ZaR,Rodna_hrouda_ZaR,telegram,4,1,exclusive,czechia,,,0,czechia,credited-by-mirror
Telegram: kscm_cz,kscm_cz,telegram,4,1,exclusive,czechia,,,0,czechia,credited-by-mirror
Telegram: blago_svoim,blago_svoim,telegram,4,1,exclusive,czechia,,,0,czechia,credited-by-mirror
Telegram: Free_Energy_Tesla,Free_Energy_Tesla,telegram,4,1,exclusive,czechia,,,0,czechia,credited-by-mirror
Telegram: uschovnacz,uschovnacz,telegram,4,2,shared,,,,0,czechia|slovakia,credited-by-mirror
Telegram: Janasedm,Janasedm,telegram,4,2,shared,,,,0,czechia|slovakia,credited-by-mirror
Telegram: red_wolf_says,red_wolf_says,telegram,4,2,shared,,,,0,czechia|hungary,credited-by-mirror
Telegram: magazinslovensko1,magazinslovensko1,telegram,4,2,shared,,,,0,czechia|slovakia,credited-by-mirror
Telegram: ruserbia,ruserbia,telegram,4,4,shared,,,,0,czechia|hungary|romania|slovakia,credited-by-mirror
Telegram: natatanshina,natatanshina,telegram,4,2,shared,,,,0,czechia|poland,credited-by-mirror
Telegram: baza_sport,baza_sport,telegram,4,3,shared,,,,0,czechia|hungary|moldova,credited-by-mirror
Telegram: studentsforIlyin,studentsforIlyin,telegram,4,3,shared,,,,0,czechia|hungary|romania,credited-by-mirror
Telegram: shot_new,shot_new,telegram,4,2,shared,,,,0,czechia|poland,credited-by-mirror
Telegram: arbat,arbat,telegram,4,3,shared,,,,0,czechia|moldova|slovakia,credited-by-mirror
Telegram: ruposts,ruposts,telegram,4,4,shared,,,,0,czechia|hungary|romania|slovakia,credited-by-mirror
Telegram: Ukr_G_M,Ukr_G_M,telegram,4,3,shared,,,,0,czechia|poland|slovakia,credited-by-mirror
Telegram: obshina_ru,obshina_ru,telegram,4,4,shared,,,,0,czechia|hungary|romania|slovakia,credited-by-mirror
Telegram: oversized_shirts,oversized_shirts,telegram,4,4,shared,,,,0,czechia|hungary|romania|slovakia,credited-by-mirror
Telegram: kinouroki_by,kinouroki_by,telegram,4,4,shared,,,,0,czechia|hungary|romania|slovakia,credited-by-mirror
Telegram: embrusturkey,embrusturkey,telegram,4,4,shared,,,,0,czechia|hungary|romania|slovakia,credited-by-mirror
Telegram: the_military_analytics,the_military_analytics,telegram,4,4,shared,,,,0,czechia|hungary|romania|slovakia,credited-by-mirror
Telegram: wargonzomerch,wargonzomerch,telegram,4,4,shared,,,,0,czechia|hungary|romania|slovakia,credited-by-mirror
Telegram: dagranovsky,dagranovsky,telegram,4,2,shared,,,,0,czechia|poland,credited-by-mirror
Telegram: slavyansk_z,slavyansk_z,telegram,4,2,shared,,,,0,czechia|poland,credited-by-mirror
Telegram: russian_correspondent,russian_correspondent,telegram,4,2,shared,,,,0,czechia|hungary,credited-by-mirror
MAX heroesofZ,MAX heroesofZ,max,4,2,shared,,,,0,czechia|poland,credited-by-mirror
Telegram: redeurasia,redeurasia,telegram,4,3,shared,,,,0,czechia|hungary|romania,credited-by-mirror
Telegram: mihazank,mihazank,telegram,4,1,exclusive,hungary,,,0,hungary,credited-by-mirror
Telegram: rrharisov_live,rrharisov_live,telegram,4,2,shared,,,,0,hungary|romania,credited-by-mirror
Telegram: igpshenich,igpshenich,telegram,4,2,shared,,,,0,hungary|slovakia,credited-by-mirror
Telegram: IngSVO,IngSVO,telegram,4,2,shared,,,,0,hungary|poland,credited-by-mirror
Telegram: gtimenov,gtimenov,telegram,4,3,shared,,,,0,hungary|romania|slovakia,credited-by-mirror
Telegram: MinuteHistoryChanel,MinuteHistoryChanel,telegram,4,3,shared,,,,0,hungary|moldova|romania,credited-by-mirror
Telegram: tsargradvazhno,tsargradvazhno,telegram,4,3,shared,,,,0,hungary|romania|slovakia,credited-by-mirror
Telegram: zhivoff22,zhivoff22,telegram,4,3,shared,,,,0,hungary|moldova|slovakia,credited-by-mirror
Telegram: gcrfa,gcrfa,telegram,4,2,shared,,,,0,hungary|poland,credited-by-mirror
Telegram: tyurenkov,tyurenkov,telegram,4,3,shared,,,,0,hungary|poland|slovakia,credited-by-mirror
Telegram: demidov_mger,demidov_mger,telegram,4,3,shared,,,,0,hungary|poland|slovakia,credited-by-mirror
Telegram: IronHelmets,IronHelmets,telegram,4,2,shared,,,,0,hungary|poland,credited-by-mirror
Telegram: takerkrinj,takerkrinj,telegram,4,2,shared,,,,0,hungary|poland,credited-by-mirror
Telegram: Slava_Za_Rostov,Slava_Za_Rostov,telegram,4,2,shared,,,,0,hungary|moldova,credited-by-mirror
Telegram: kfm936,kfm936,telegram,4,2,shared,,,,0,hungary|moldova,credited-by-mirror
Telegram: moldova_cenzura,moldova_cenzura,telegram,4,1,exclusive,moldova,,,0,moldova,credited-by-mirror
Telegram: pentrualegericinstite,pentrualegericinstite,telegram,4,1,exclusive,moldova,,,0,moldova,credited-by-mirror
Telegram: stop_EU,stop_EU,telegram,4,1,exclusive,moldova,,,0,moldova,credited-by-mirror
Telegram: Fotescu_Vadim,Fotescu_Vadim,telegram,4,1,exclusive,moldova,,,0,moldova,credited-by-mirror
Telegram: IvanPanea,IvanPanea,telegram,4,1,exclusive,moldova,,,0,moldova,credited-by-mirror
Telegram: FDS_sport,FDS_sport,telegram,4,1,exclusive,moldova,,,0,moldova,credited-by-mirror
Telegram: viktornpetrov,viktornpetrov,telegram,4,1,exclusive,moldova,,,0,moldova,credited-by-mirror
Telegram: IUFJchan,IUFJchan,telegram,4,1,exclusive,moldova,,,0,moldova,credited-by-mirror
Telegram: kozacha23,kozacha23,telegram,4,1,exclusive,moldova,,,0,moldova,credited-by-mirror
Telegram: XarkovshayaRus,XarkovshayaRus,telegram,4,1,exclusive,moldova,,,0,moldova,credited-by-mirror
Telegram: traditia,traditia,telegram,4,1,exclusive,moldova,,,0,moldova,credited-by-mirror
Telegram: forbesrussia,forbesrussia,telegram,4,1,exclusive,moldova,,,0,moldova,credited-by-mirror
Telegram: radiomirby,radiomirby,telegram,4,1,exclusive,moldova,,,0,moldova,credited-by-mirror
Telegram: faeasfokus,faeasfokus,telegram,4,1,exclusive,moldova,,,0,moldova,credited-by-mirror
Telegram: voenndelo,voenndelo,telegram,4,1,exclusive,moldova,,,0,moldova,credited-by-mirror
Telegram: Lesnik300,Lesnik300,telegram,4,1,exclusive,moldova,,,0,moldova,credited-by-mirror
Telegram: peach_blossombazi,peach_blossombazi,telegram,4,1,exclusive,moldova,,,0,moldova,credited-by-mirror
Telegram: jtf_shor,jtf_shor,telegram,4,1,exclusive,moldova,,,0,moldova,credited-by-mirror
Telegram: stopmediaban,stopmediaban,telegram,4,1,exclusive,moldova,,,0,moldova,credited-by-mirror
Telegram: chpsevas_news,chpsevas_news,telegram,4,1,exclusive,moldova,,,0,moldova,credited-by-mirror
Telegram: gardatinaraRM,gardatinaraRM,telegram,4,1,exclusive,moldova,,,0,moldova,credited-by-mirror
Telegram: crocus_svo_scott_tresh,crocus_svo_scott_tresh,telegram,4,1,exclusive,moldova,,,0,moldova,credited-by-mirror
Telegram: polianalitika,polianalitika,telegram,4,1,exclusive,moldova,,,0,moldova,credited-by-mirror
mchs.gov.ru,mchs.gov.ru,domain,4,1,exclusive,moldova,,,0,moldova,credited-by-mirror
Telegram: blocul_victoriei,blocul_victoriei,telegram,4,1,exclusive,moldova,,,0,moldova,credited-by-mirror
Telegram: cogutandrei,cogutandrei,telegram,4,1,exclusive,moldova,,,0,moldova,credited-by-mirror
Telegram: ValentinCimpoes,ValentinCimpoes,telegram,4,1,exclusive,moldova,,,0,moldova,credited-by-mirror
Telegram: vitalieflorea,vitalieflorea,telegram,4,2,shared,,,,0,moldova|romania,credited-by-mirror
Telegram: odessa_infonews,odessa_infonews,telegram,4,2,shared,,,,0,moldova|romania,credited-by-mirror
Telegram: analizbezgranic,analizbezgranic,telegram,4,2,shared,,,,0,moldova|romania,credited-by-mirror
Telegram: avm74BC,avm74BC,telegram,4,2,shared,,,,0,moldova|romania,credited-by-mirror
Telegram: beard_tim,beard_tim,telegram,4,2,shared,,,,0,moldova|romania,credited-by-mirror
Telegram: fighter_bomber,fighter_bomber,telegram,4,2,shared,,,,0,moldova|romania,credited-by-mirror
Telegram: mankurt_pas,mankurt_pas,telegram,4,2,shared,,,,0,moldova|romania,credited-by-mirror
Telegram: rosvodresursy,rosvodresursy,telegram,4,2,shared,,,,0,moldova|poland,credited-by-mirror
Telegram: vsanduta,vsanduta,telegram,4,2,shared,,,,0,moldova|romania,credited-by-mirror
Telegram: puterea4,puterea4,telegram,4,2,shared,,,,0,moldova|romania,credited-by-mirror
Telegram: minpromtorg_ru,minpromtorg_ru,telegram,4,2,shared,,,,0,moldova|poland,credited-by-mirror
Telegram: uTCKdXqjjMozZDc0,uTCKdXqjjMozZDc0,telegram,4,1,exclusive,poland,,,0,poland,credited-by-mirror
Telegram: runeurope,runeurope,telegram,4,1,exclusive,poland,,,0,poland,credited-by-mirror
Telegram: rlwgovru,rlwgovru,telegram,4,1,exclusive,poland,,,0,poland,credited-by-mirror
Telegram: operline_ru,operline_ru,telegram,4,1,exclusive,poland,,,0,poland,credited-by-mirror
Telegram: rusmechta_ru,rusmechta_ru,telegram,4,1,exclusive,poland,,,0,poland,credited-by-mirror
Telegram: Channel_No6,Channel_No6,telegram,4,1,exclusive,poland,,,0,poland,credited-by-mirror
Telegram: m_razdelny,m_razdelny,telegram,4,1,exclusive,poland,,,0,poland,credited-by-mirror
Telegram: culturnenko,culturnenko,telegram,4,1,exclusive,poland,,,0,poland,credited-by-mirror
Telegram: siostryjasnowidzki,siostryjasnowidzki,telegram,4,1,exclusive,poland,,,0,poland,credited-by-mirror
sev.gov.ru,sev.gov.ru,domain,4,1,exclusive,poland,,,0,poland,credited-by-mirror
Telegram: Technologicznie,Technologicznie,telegram,4,1,exclusive,poland,,,0,poland,credited-by-mirror
Telegram: programmer_humor,programmer_humor,telegram,4,1,exclusive,poland,,,0,poland,credited-by-mirror
Telegram: ciekawemapy,ciekawemapy,telegram,4,1,exclusive,poland,,,0,poland,credited-by-mirror
Telegram: magnapolonia,magnapolonia,telegram,4,1,exclusive,poland,,,0,poland,credited-by-mirror
MAX mvd_skfo,MAX mvd_skfo,max,4,1,exclusive,poland,,,0,poland,credited-by-mirror
MAX medvedev_max,MAX medvedev_max,max,4,1,exclusive,poland,,,0,poland,credited-by-mirror
MAX slavaded1337,MAX slavaded1337,max,4,1,exclusive,poland,,,0,poland,credited-by-mirror
MAX aklintsevich,MAX aklintsevich,max,4,1,exclusive,poland,,,0,poland,credited-by-mirror
Telegram: geopolitika_civilizacii,geopolitika_civilizacii,telegram,4,2,shared,,,,0,poland|romania,credited-by-mirror
Telegram: sretenskytheologicalacademy,sretenskytheologicalacademy,telegram,4,2,shared,,,,0,poland|romania,credited-by-mirror
Telegram: DvuglavyiOrel,DvuglavyiOrel,telegram,4,2,shared,,,,0,poland|romania,credited-by-mirror
MAX channel_a_kuzichev,MAX channel_a_kuzichev,max,4,2,shared,,,,0,poland|romania,credited-by-mirror
Telegram: nemeZ1da_ru,nemeZ1da_ru,telegram,4,2,shared,,,,0,poland|romania,credited-by-mirror
Telegram: satirkka,satirkka,telegram,4,2,shared,,,,0,poland|romania,credited-by-mirror
Telegram: rusembchina,rusembchina,telegram,4,2,shared,,,,0,poland|romania,credited-by-mirror
Telegram: TheLeagueOfGentlemen,TheLeagueOfGentlemen,telegram,4,2,shared,,,,0,poland|romania,credited-by-mirror
Telegram: VictorPruteanu,VictorPruteanu,telegram,4,1,exclusive,romania,,,0,romania,credited-by-mirror
Telegram: dianafangrup,dianafangrup,telegram,4,1,exclusive,romania,,,0,romania,credited-by-mirror
Telegram: indexMLD,indexMLD,telegram,4,1,exclusive,romania,,,0,romania,credited-by-mirror
Telegram: televiziaslovan,televiziaslovan,telegram,4,1,exclusive,slovakia,,,0,slovakia,credited-by-mirror
Telegram: majercakerik,majercakerik,telegram,4,1,exclusive,slovakia,,,0,slovakia,credited-by-mirror
Telegram: veciverejne,veciverejne,telegram,4,1,exclusive,slovakia,,,0,slovakia,credited-by-mirror
Telegram: Liberaveritas2,Liberaveritas2,telegram,3,1,exclusive,czechia,,,0,czechia,credited-by-mirror
Telegram: marsbar_firmament_und_natur,marsbar_firmament_und_natur,telegram,3,1,exclusive,czechia,,,0,czechia,credited-by-mirror
Telegram: orionex2,orionex2,telegram,3,1,exclusive,czechia,,,0,czechia,credited-by-mirror
Telegram: Awakening2009,Awakening2009,telegram,3,1,exclusive,czechia,,,0,czechia,credited-by-mirror
Telegram: I_am_love_and_light,I_am_love_and_light,telegram,3,1,exclusive,czechia,,,0,czechia,credited-by-mirror
Telegram: stalingradskededictvi,stalingradskededictvi,telegram,3,1,exclusive,czechia,,,0,czechia,credited-by-mirror
Telegram: komentarecesko,komentarecesko,telegram,3,1,exclusive,czechia,,,0,czechia,credited-by-mirror
Telegram: TheIslanderNews,TheIslanderNews,telegram,3,1,exclusive,czechia,,,0,czechia,credited-by-mirror
Telegram: RadioUniversum,RadioUniversum,telegram,3,1,exclusive,czechia,,,0,czechia,credited-by-mirror
Telegram: TRADICNIRODINAZS,TRADICNIRODINAZS,telegram,3,1,exclusive,czechia,,,0,czechia,credited-by-mirror
Telegram: NabojPravdy,NabojPravdy,telegram,3,1,exclusive,czechia,,,0,czechia,credited-by-mirror
Telegram: icom_russia,icom_russia,telegram,3,2,shared,,,,0,czechia|hungary,credited-by-mirror
Telegram: shustryii_i,shustryii_i,telegram,3,2,shared,,,,0,czechia|poland,credited-by-mirror
Telegram: srdcomdezolat,srdcomdezolat,telegram,3,2,shared,,,,0,czechia|slovakia,credited-by-mirror
Telegram: SlovenskaTajnaOchrana,SlovenskaTajnaOchrana,telegram,3,2,shared,,,,0,czechia|slovakia,credited-by-mirror
Telegram: MilitaryThemeZ,MilitaryThemeZ,telegram,3,2,shared,,,,0,czechia|poland,credited-by-mirror
Telegram: ntvspb,ntvspb,telegram,3,2,shared,,,,0,czechia|poland,credited-by-mirror
Telegram: negumanitarnaya_pomosch_Z,negumanitarnaya_pomosch_Z,telegram,3,3,shared,,,,0,czechia|hungary|slovakia,credited-by-mirror
Telegram: genovarus,genovarus,telegram,3,2,shared,,,,0,czechia|poland,credited-by-mirror
Telegram: reverse_ua,reverse_ua,telegram,3,2,shared,,,,0,czechia|hungary,credited-by-mirror
Telegram: TabrizSuper,TabrizSuper,telegram,3,2,shared,,,,0,czechia|poland,credited-by-mirror
Telegram: NicolaiLilinRUS,NicolaiLilinRUS,telegram,3,3,shared,,,,0,czechia|hungary|slovakia,credited-by-mirror
Telegram: ReportersLive,ReportersLive,telegram,3,2,shared,,,,0,czechia|romania,credited-by-mirror
Telegram: tribyna_ru,tribyna_ru,telegram,3,3,shared,,,,0,czechia|hungary|slovakia,credited-by-mirror
MAX sportrian,MAX sportrian,max,3,3,shared,,,,0,czechia|hungary|romania,credited-by-mirror
Telegram: pobediteli_1945,pobediteli_1945,telegram,3,3,shared,,,,0,czechia|hungary|romania,credited-by-mirror
MAX government_rus,MAX government_rus,max,3,3,shared,,,,0,czechia|hungary|romania,credited-by-mirror
Telegram: balkanist2019,balkanist2019,telegram,3,3,shared,,,,0,czechia|hungary|romania,credited-by-mirror
Telegram: NewNovorossia,NewNovorossia,telegram,3,3,shared,,,,0,czechia|hungary|romania,credited-by-mirror
Telegram: o_andrey_tkachev,o_andrey_tkachev,telegram,3,2,shared,,,,0,czechia|poland,credited-by-mirror
Telegram: rusembzagreb,rusembzagreb,telegram,3,1,exclusive,hungary,,,0,hungary,credited-by-mirror
Telegram: hirekpentrado,hirekpentrado,telegram,3,1,exclusive,hungary,,,0,hungary,credited-by-mirror
Telegram: psteszt,psteszt,telegram,3,1,exclusive,hungary,,,0,hungary,credited-by-mirror
Telegram: holmogortalks,holmogortalks,telegram,3,2,shared,,,,0,hungary|slovakia,credited-by-mirror
Telegram: georgy_ma,georgy_ma,telegram,3,2,shared,,,,0,hungary|romania,credited-by-mirror
Telegram: polit_inform,polit_inform,telegram,3,2,shared,,,,0,hungary|slovakia,credited-by-mirror
Telegram: odessa_hero,odessa_hero,telegram,3,2,shared,,,,0,hungary|romania,credited-by-mirror
Telegram: AleksandrRar,AleksandrRar,telegram,3,2,shared,,,,0,hungary|romania,credited-by-mirror
Telegram: Kharkov_Z_news,Kharkov_Z_news,telegram,3,2,shared,,,,0,hungary|poland,credited-by-mirror
Telegram: liberman_bella,liberman_bella,telegram,3,3,shared,,,,0,hungary|romania|slovakia,credited-by-mirror
Telegram: media_merkushev,media_merkushev,telegram,3,3,shared,,,,0,hungary|romania|slovakia,credited-by-mirror
Telegram: vasilievodessa,vasilievodessa,telegram,3,2,shared,,,,0,hungary|poland,credited-by-mirror
Telegram: morflot_gov,morflot_gov,telegram,3,2,shared,,,,0,hungary|moldova,credited-by-mirror
Telegram: extremism_71,extremism_71,telegram,3,3,shared,,,,0,hungary|romania|slovakia,credited-by-mirror
Telegram: dbaturin,dbaturin,telegram,3,2,shared,,,,0,hungary|poland,credited-by-mirror
Telegram: HouseOfCardsEurope,HouseOfCardsEurope,telegram,3,2,shared,,,,0,hungary|poland,credited-by-mirror
Telegram: vatfor,vatfor,telegram,3,2,shared,,,,0,hungary|romania,credited-by-mirror
Telegram: balkanossiper,balkanossiper,telegram,3,2,shared,,,,0,hungary|slovakia,credited-by-mirror
Telegram: iarexru,iarexru,telegram,3,2,shared,,,,0,hungary|poland,credited-by-mirror
Telegram: sorok40russia,sorok40russia,telegram,3,2,shared,,,,0,hungary|moldova,credited-by-mirror
Telegram: norma_sport,norma_sport,telegram,3,2,shared,,,,0,hungary|moldova,credited-by-mirror
Telegram: shelestlive,shelestlive,telegram,3,2,shared,,,,0,hungary|moldova,credited-by-mirror
Telegram: piranyaz,piranyaz,telegram,3,3,shared,,,,0,hungary|romania|slovakia,credited-by-mirror
Telegram: Vcentresob,Vcentresob,telegram,3,2,shared,,,,0,hungary|poland,credited-by-mirror
Telegram: Rodina_Bratstvo,Rodina_Bratstvo,telegram,3,3,shared,,,,0,hungary|romania|slovakia,credited-by-mirror
Telegram: Hard_Blog_Line,Hard_Blog_Line,telegram,3,2,shared,,,,0,hungary|poland,credited-by-mirror
Telegram: RVIORF,RVIORF,telegram,3,2,shared,,,,0,hungary|poland,credited-by-mirror
Telegram: mihail_sovetskij,mihail_sovetskij,telegram,3,3,shared,,,,0,hungary|romania|slovakia,credited-by-mirror
Telegram: RSOTMLIFE,RSOTMLIFE,telegram,3,3,shared,,,,0,hungary|romania|slovakia,credited-by-mirror
Telegram: telegaonlineofficial,telegaonlineofficial,telegram,3,1,exclusive,moldova,,,0,moldova,credited-by-mirror
Telegram: posolstvoRF,posolstvoRF,telegram,3,1,exclusive,moldova,,,0,moldova,credited-by-mirror
Telegram: ConsiliulPublicMD,ConsiliulPublicMD,telegram,3,1,exclusive,moldova,,,0,moldova,credited-by-mirror
Telegram: hypebioun,hypebioun,telegram,3,1,exclusive,moldova,,,0,moldova,credited-by-mirror
Telegram: odna_rodyna,odna_rodyna,telegram,3,1,exclusive,moldova,,,0,moldova,credited-by-mirror
Telegram: almanah_md,almanah_md,telegram,3,1,exclusive,moldova,,,0,moldova,credited-by-mirror
Telegram: ASuslov_ZOV,ASuslov_ZOV,telegram,3,1,exclusive,moldova,,,0,moldova,credited-by-mirror
Telegram: forpestZ,forpestZ,telegram,3,1,exclusive,moldova,,,0,moldova,credited-by-mirror
Telegram: nmakeeva,nmakeeva,telegram,3,1,exclusive,moldova,,,0,moldova,credited-by-mirror
Telegram: zovpatriotov,zovpatriotov,telegram,3,1,exclusive,moldova,,,0,moldova,credited-by-mirror
Telegram: briefsmi,briefsmi,telegram,3,1,exclusive,moldova,,,0,moldova,credited-by-mirror
Telegram: grebanystyd,grebanystyd,telegram,3,1,exclusive,moldova,,,0,moldova,credited-by-mirror
Telegram: war_ukr_russ,war_ukr_russ,telegram,3,1,exclusive,moldova,,,0,moldova,credited-by-mirror
Telegram: gagauzmedianews,gagauzmedianews,telegram,3,1,exclusive,moldova,,,0,moldova,credited-by-mirror
Telegram: punctummd,punctummd,telegram,3,1,exclusive,moldova,,,0,moldova,credited-by-mirror
Telegram: moscowtimes_ru,moscowtimes_ru,telegram,3,1,exclusive,moldova,,,0,moldova,credited-by-mirror
Telegram: tvdno,tvdno,telegram,3,1,exclusive,moldova,,,0,moldova,credited-by-mirror
Telegram: ChisinauTriumf,ChisinauTriumf,telegram,3,1,exclusive,moldova,,,0,moldova,credited-by-mirror
Telegram: neuranews,neuranews,telegram,3,1,exclusive,moldova,,,0,moldova,credited-by-mirror
Telegram: octagonmedia,octagonmedia,telegram,3,1,exclusive,moldova,,,0,moldova,credited-by-mirror
Telegram: electionmoldova,electionmoldova,telegram,3,1,exclusive,moldova,,,0,moldova,credited-by-mirror
Telegram: bimmold,bimmold,telegram,3,1,exclusive,moldova,,,0,moldova,credited-by-mirror
Telegram: bolecon,bolecon,telegram,3,1,exclusive,moldova,,,0,moldova,credited-by-mirror
Telegram: KillMilk_Official,KillMilk_Official,telegram,3,1,exclusive,moldova,,,0,moldova,credited-by-mirror
Telegram: nesterovskiyblog,nesterovskiyblog,telegram,3,1,exclusive,moldova,,,0,moldova,credited-by-mirror
Telegram: Odnostalco,Odnostalco,telegram,3,1,exclusive,moldova,,,0,moldova,credited-by-mirror
Telegram: Vinogradov74,Vinogradov74,telegram,3,1,exclusive,moldova,,,0,moldova,credited-by-mirror
Telegram: minfin,minfin,telegram,3,1,exclusive,moldova,,,0,moldova,credited-by-mirror
mintrans.gov.ru,mintrans.gov.ru,domain,3,1,exclusive,moldova,,,0,moldova,credited-by-mirror
Telegram: moldova_alba,moldova_alba,telegram,3,1,exclusive,moldova,,,0,moldova,credited-by-mirror
Telegram: vladplahotniucmd,vladplahotniucmd,telegram,3,1,exclusive,moldova,,,0,moldova,credited-by-mirror
Telegram: Reghina_Apostolova,Reghina_Apostolova,telegram,3,1,exclusive,moldova,,,0,moldova,credited-by-mirror
Telegram: thinkaboutism,thinkaboutism,telegram,3,1,exclusive,moldova,,,0,moldova,credited-by-mirror
Telegram: litsemeriemd,litsemeriemd,telegram,3,1,exclusive,moldova,,,0,moldova,credited-by-mirror
Telegram: biounhype,biounhype,telegram,3,1,exclusive,moldova,,,0,moldova,credited-by-mirror
Telegram: kommersant_kavkaz,kommersant_kavkaz,telegram,3,1,exclusive,moldova,,,0,moldova,credited-by-mirror
Telegram: Mishavlah1978,Mishavlah1978,telegram,3,1,exclusive,moldova,,,0,moldova,credited-by-mirror
Telegram: accidenteMoldova,accidenteMoldova,telegram,3,1,exclusive,moldova,,,0,moldova,credited-by-mirror
Telegram: respectmoldova,respectmoldova,telegram,3,2,shared,,,,0,moldova|romania,credited-by-mirror
Telegram: sputnik_kyrgyzstan,sputnik_kyrgyzstan,telegram,3,2,shared,,,,0,moldova|slovakia,credited-by-mirror
Telegram: cb_economics,cb_economics,telegram,3,2,shared,,,,0,moldova|romania,credited-by-mirror
Telegram: gazprom,gazprom,telegram,3,2,shared,,,,0,moldova|romania,credited-by-mirror
Telegram: vzizmd,vzizmd,telegram,3,2,shared,,,,0,moldova|romania,credited-by-mirror
Telegram: godeye_ru,godeye_ru,telegram,3,2,shared,,,,0,moldova|romania,credited-by-mirror
Telegram: RussiaMyVmeste,RussiaMyVmeste,telegram,3,1,exclusive,poland,,,0,poland,credited-by-mirror
Telegram: ogon_media,ogon_media,telegram,3,1,exclusive,poland,,,0,poland,credited-by-mirror
Telegram: RuMaksim,RuMaksim,telegram,3,1,exclusive,poland,,,0,poland,credited-by-mirror
Telegram: rodinargru,rodinargru,telegram,3,1,exclusive,poland,,,0,poland,credited-by-mirror
Telegram: akimapachev,akimapachev,telegram,3,1,exclusive,poland,,,0,poland,credited-by-mirror
Telegram: DvizhenieRusov,DvizhenieRusov,telegram,3,1,exclusive,poland,,,0,poland,credited-by-mirror
Telegram: pushilindenis,pushilindenis,telegram,3,1,exclusive,poland,,,0,poland,credited-by-mirror
Telegram: swodki,swodki,telegram,3,1,exclusive,poland,,,0,poland,credited-by-mirror
Telegram: pzdcofficial,pzdcofficial,telegram,3,1,exclusive,poland,,,0,poland,credited-by-mirror
Telegram: CommradeLenin,CommradeLenin,telegram,3,1,exclusive,poland,,,0,poland,credited-by-mirror
Telegram: mnews_ru,mnews_ru,telegram,3,1,exclusive,poland,,,0,poland,credited-by-mirror
Telegram: OstashkoMusic,OstashkoMusic,telegram,3,1,exclusive,poland,,,0,poland,credited-by-mirror
Telegram: serp1380,serp1380,telegram,3,1,exclusive,poland,,,0,poland,credited-by-mirror
Telegram: myslpolska,myslpolska,telegram,3,1,exclusive,poland,,,0,poland,credited-by-mirror
Telegram: infowarpolska,infowarpolska,telegram,3,1,exclusive,poland,,,0,poland,credited-by-mirror
Telegram: belta_telegramm,belta_telegramm,telegram,3,1,exclusive,poland,,,0,poland,credited-by-mirror
Telegram: theobservereffect21,theobservereffect21,telegram,3,1,exclusive,poland,,,0,poland,credited-by-mirror
Telegram: poland_mm,poland_mm,telegram,3,1,exclusive,poland,,,0,poland,credited-by-mirror
Telegram: roglanar,roglanar,telegram,3,1,exclusive,poland,,,0,poland,credited-by-mirror
Telegram: STRATEGICANALYST,STRATEGICANALYST,telegram,3,1,exclusive,poland,,,0,poland,credited-by-mirror
minstroyrf.ru,minstroyrf.ru,domain,3,1,exclusive,poland,,,0,poland,credited-by-mirror
Telegram: russianpiano,russianpiano,telegram,3,1,exclusive,poland,,,0,poland,credited-by-mirror
minobrnauki.gov.ru,minobrnauki.gov.ru,domain,3,1,exclusive,poland,,,0,poland,credited-by-mirror
Telegram: norinea,norinea,telegram,3,1,exclusive,poland,,,0,poland,credited-by-mirror
Telegram: legend24tv,legend24tv,telegram,3,1,exclusive,poland,,,0,poland,credited-by-mirror
Telegram: umvd_92,umvd_92,telegram,3,1,exclusive,poland,,,0,poland,credited-by-mirror
Telegram: teni_migrantov,teni_migrantov,telegram,3,1,exclusive,poland,,,0,poland,credited-by-mirror
Telegram: antykapitalizm2,antykapitalizm2,telegram,3,1,exclusive,poland,,,0,poland,credited-by-mirror
Telegram: r_linuxmemes,r_linuxmemes,telegram,3,1,exclusive,poland,,,0,poland,credited-by-mirror
Telegram: poimenno,poimenno,telegram,3,1,exclusive,poland,,,0,poland,credited-by-mirror
MAX obyasnayemrf,MAX obyasnayemrf,max,3,1,exclusive,poland,,,0,poland,credited-by-mirror
Telegram: dva_mjors_kOrtiZoL,dva_mjors_kOrtiZoL,telegram,3,2,shared,,,,0,poland|romania,credited-by-mirror
Telegram: orda_mordora,orda_mordora,telegram,3,2,shared,,,,0,poland|romania,credited-by-mirror
Telegram: daydaynews,daydaynews,telegram,3,2,shared,,,,0,poland|romania,credited-by-mirror
Telegram: kazakovaolga_rf,kazakovaolga_rf,telegram,3,2,shared,,,,0,poland|slovakia,credited-by-mirror
Telegram: playcivilization,playcivilization,telegram,3,2,shared,,,,0,poland|romania,credited-by-mirror
Telegram: oper_goblin,oper_goblin,telegram,3,2,shared,,,,0,poland|slovakia,credited-by-mirror
Telegram: DanDiaconu,DanDiaconu,telegram,3,1,exclusive,romania,,,0,romania,credited-by-mirror
Telegram: naukapobezhdatZ,naukapobezhdatZ,telegram,3,1,exclusive,romania,,,0,romania,credited-by-mirror
Telegram: consulatulrus,consulatulrus,telegram,3,1,exclusive,romania,,,0,romania,credited-by-mirror
Telegram: canal5_md,canal5_md,telegram,3,1,exclusive,romania,,,0,romania,credited-by-mirror
Telegram: casadenebunilor,casadenebunilor,telegram,3,1,exclusive,romania,,,0,romania,credited-by-mirror
Telegram: donaldcourter,donaldcourter,telegram,3,1,exclusive,romania,,,0,romania,credited-by-mirror
Telegram: OlgaJanigova,OlgaJanigova,telegram,3,1,exclusive,slovakia,,,0,slovakia,credited-by-mirror
Telegram: donbass24_7,donbass24_7,telegram,3,1,exclusive,slovakia,,,0,slovakia,credited-by-mirror
Telegram: pro_wcc,pro_wcc,telegram,3,1,exclusive,slovakia,,,0,slovakia,credited-by-mirror
Telegram: LauraAbolichannel,LauraAbolichannel,telegram,3,1,exclusive,slovakia,,,0,slovakia,credited-by-mirror
Telegram: slovenskenarodnenoviny,slovenskenarodnenoviny,telegram,3,1,exclusive,slovakia,,,0,slovakia,credited-by-mirror
Telegram: abcorrespondent,abcorrespondent,telegram,3,1,exclusive,slovakia,,,0,slovakia,credited-by-mirror
Telegram: Bratislavalive,Bratislavalive,telegram,3,1,exclusive,slovakia,,,0,slovakia,credited-by-mirror
Telegram: radioKompasHLS,radioKompasHLS,telegram,3,1,exclusive,slovakia,,,0,slovakia,credited-by-mirror
Telegram: kotleba_proti_systemu,kotleba_proti_systemu,telegram,3,1,exclusive,slovakia,,,0,slovakia,credited-by-mirror
Telegram: zakonybohatstvi,zakonybohatstvi,telegram,3,1,exclusive,slovakia,,,0,slovakia,credited-by-mirror
Telegram: adampuskar,adampuskar,telegram,3,1,exclusive,slovakia,,,0,slovakia,credited-by-mirror
Telegram: martin_news123,martin_news123,telegram,2,1,exclusive,czechia,,,0,czechia,credited-by-mirror
Telegram: vlnovagenetika_cz,vlnovagenetika_cz,telegram,2,1,exclusive,czechia,,,0,czechia,credited-by-mirror
Telegram: RiceBowlSociety,RiceBowlSociety,telegram,2,1,exclusive,czechia,,,0,czechia,credited-by-mirror
Telegram: ListyOsy,ListyOsy,telegram,2,1,exclusive,czechia,,,0,czechia,credited-by-mirror
Telegram: sedmikraska_maridea,sedmikraska_maridea,telegram,2,1,exclusive,czechia,,,0,czechia,credited-by-mirror
Telegram: iportaL24,iportaL24,telegram,2,1,exclusive,czechia,,,0,czechia,credited-by-mirror
Telegram: PLOCHYPODCAST,PLOCHYPODCAST,telegram,2,1,exclusive,czechia,,,0,czechia,credited-by-mirror
Telegram: cesi_slovaci_v_Srbsku,cesi_slovaci_v_Srbsku,telegram,2,1,exclusive,czechia,,,0,czechia,credited-by-mirror
Telegram: renata_lepsi_svet_bez_lzi,renata_lepsi_svet_bez_lzi,telegram,2,1,exclusive,czechia,,,0,czechia,credited-by-mirror
Telegram: Ravreba,Ravreba,telegram,2,1,exclusive,czechia,,,0,czechia,credited-by-mirror
Telegram: StopHating_Russia,StopHating_Russia,telegram,2,1,exclusive,czechia,,,0,czechia,credited-by-mirror
Telegram: pravdakterabolicz,pravdakterabolicz,telegram,2,1,exclusive,czechia,,,0,czechia,credited-by-mirror
Telegram: NODonKRecords2,NODonKRecords2,telegram,2,1,exclusive,czechia,,,0,czechia,credited-by-mirror
Telegram: LaskyplnyGalaktickyKontakt,LaskyplnyGalaktickyKontakt,telegram,2,1,exclusive,czechia,,,0,czechia,credited-by-mirror
Telegram: corona55,corona55,telegram,2,1,exclusive,czechia,,,0,czechia,credited-by-mirror
Telegram: vakciny_CZ_SK,vakciny_CZ_SK,telegram,2,1,exclusive,czechia,,,0,czechia,credited-by-mirror
Telegram: necenzu,necenzu,telegram,2,1,exclusive,czechia,,,0,czechia,credited-by-mirror
Telegram: analogos_technik,analogos_technik,telegram,2,1,exclusive,czechia,,,0,czechia,credited-by-mirror
Telegram: jjm_komentare,jjm_komentare,telegram,2,1,exclusive,czechia,,,0,czechia,credited-by-mirror
MAX politjoystic,MAX politjoystic,max,2,1,exclusive,czechia,,,0,czechia,credited-by-mirror
Telegram: srdcemprovlast_zive,srdcemprovlast_zive,telegram,2,2,shared,,,,0,czechia|slovakia,credited-by-mirror
Telegram: partiarodinaofficial,partiarodinaofficial,telegram,2,2,shared,,,,0,czechia|slovakia,credited-by-mirror
Telegram: cvrcky_nezeru,cvrcky_nezeru,telegram,2,2,shared,,,,0,czechia|slovakia,credited-by-mirror
Telegram: Stopparazitom,Stopparazitom,telegram,2,2,shared,,,,0,czechia|slovakia,credited-by-mirror
Telegram: GrigoryPetushkov,GrigoryPetushkov,telegram,2,2,shared,,,,0,czechia|romania,credited-by-mirror
Telegram: suverensouth,suverensouth,telegram,2,2,shared,,,,0,czechia|romania,credited-by-mirror
Telegram: brieflyru,brieflyru,telegram,2,2,shared,,,,0,czechia|hungary,credited-by-mirror
Telegram: swaneconomy,swaneconomy,telegram,2,2,shared,,,,0,czechia|hungary,credited-by-mirror
Telegram: olegmorozov0511,olegmorozov0511,telegram,2,2,shared,,,,0,czechia|romania,credited-by-mirror
Telegram: gowithRussia,gowithRussia,telegram,2,2,shared,,,,0,czechia|hungary,credited-by-mirror
Telegram: staroviera,staroviera,telegram,2,2,shared,,,,0,czechia|slovakia,credited-by-mirror
Telegram: QMartinCornel,QMartinCornel,telegram,2,2,shared,,,,0,czechia|slovakia,credited-by-mirror
Telegram: politickesvine,politickesvine,telegram,2,2,shared,,,,0,czechia|slovakia,credited-by-mirror
Telegram: MFA_NN,MFA_NN,telegram,2,2,shared,,,,0,czechia|hungary,credited-by-mirror
MAX tv360,MAX tv360,max,2,2,shared,,,,0,czechia|hungary,credited-by-mirror
MAX tribyna_ru,MAX tribyna_ru,max,2,2,shared,,,,0,czechia|slovakia,credited-by-mirror
Telegram: UAVDEV,UAVDEV,telegram,2,2,shared,,,,0,czechia|hungary,credited-by-mirror
MAX alekseystefanov,MAX alekseystefanov,max,2,2,shared,,,,0,czechia|romania,credited-by-mirror
MAX minobrnauki,MAX minobrnauki,max,2,2,shared,,,,0,czechia|romania,credited-by-mirror
Telegram: bekezdesek,bekezdesek,telegram,2,1,exclusive,hungary,,,0,hungary,credited-by-mirror
Telegram: mendeleevolympiad,mendeleevolympiad,telegram,2,1,exclusive,hungary,,,0,hungary,credited-by-mirror
Telegram: rus_judo,rus_judo,telegram,2,1,exclusive,hungary,,,0,hungary,credited-by-mirror
Telegram: news_matchtv,news_matchtv,telegram,2,1,exclusive,hungary,,,0,hungary,credited-by-mirror
Telegram: sluzhba5,sluzhba5,telegram,2,1,exclusive,hungary,,,0,hungary,credited-by-mirror
Telegram: centerCSP,centerCSP,telegram,2,1,exclusive,hungary,,,0,hungary,credited-by-mirror
Telegram: intuition2036,intuition2036,telegram,2,1,exclusive,hungary,,,0,hungary,credited-by-mirror
Telegram: NSDVDnepre,NSDVDnepre,telegram,2,1,exclusive,hungary,,,0,hungary,credited-by-mirror
Telegram: cgtn_russian,cgtn_russian,telegram,2,1,exclusive,hungary,,,0,hungary,credited-by-mirror
Telegram: knyaz_cherkasky,knyaz_cherkasky,telegram,2,1,exclusive,hungary,,,0,hungary,credited-by-mirror
Telegram: rosatomru,rosatomru,telegram,2,1,exclusive,hungary,,,0,hungary,credited-by-mirror
Telegram: vyvorot,vyvorot,telegram,2,1,exclusive,hungary,,,0,hungary,credited-by-mirror
Telegram: clubpravda,clubpravda,telegram,2,1,exclusive,hungary,,,0,hungary,credited-by-mirror
Telegram: minpravda,minpravda,telegram,2,1,exclusive,hungary,,,0,hungary,credited-by-mirror
Telegram: aif_vo,aif_vo,telegram,2,1,exclusive,hungary,,,0,hungary,credited-by-mirror
Telegram: szabadgondolatok,szabadgondolatok,telegram,2,1,exclusive,hungary,,,0,hungary,credited-by-mirror
Telegram: salutakhmat,salutakhmat,telegram,2,1,exclusive,hungary,,,0,hungary,credited-by-mirror
Telegram: chp_donetska,chp_donetska,telegram,2,1,exclusive,hungary,,,0,hungary,credited-by-mirror
Telegram: thegraschenkov,thegraschenkov,telegram,2,1,exclusive,hungary,,,0,hungary,credited-by-mirror
Telegram: tudasmania,tudasmania,telegram,2,1,exclusive,hungary,,,0,hungary,credited-by-mirror
MAX kommersant_volga,MAX kommersant_volga,max,2,1,exclusive,hungary,,,0,hungary,credited-by-mirror
Telegram: durodora,durodora,telegram,2,1,exclusive,hungary,,,0,hungary,credited-by-mirror
Telegram: tothkriszta_szemlezo,tothkriszta_szemlezo,telegram,2,1,exclusive,hungary,,,0,hungary,credited-by-mirror
Telegram: rogers_kitchen,rogers_kitchen,telegram,2,2,shared,,,,0,hungary|romania,credited-by-mirror
Telegram: general_governor,general_governor,telegram,2,2,shared,,,,0,hungary|romania,credited-by-mirror
Telegram: gosplandcookies,gosplandcookies,telegram,2,2,shared,,,,0,hungary|slovakia,credited-by-mirror
Telegram: kitelpodeda,kitelpodeda,telegram,2,2,shared,,,,0,hungary|romania,credited-by-mirror
Telegram: lifenews,lifenews,telegram,2,2,shared,,,,0,hungary|slovakia,credited-by-mirror
Telegram: A_L_D_Z,A_L_D_Z,telegram,2,2,shared,,,,0,hungary|slovakia,credited-by-mirror
Telegram: krimski,krimski,telegram,2,2,shared,,,,0,hungary|romania,credited-by-mirror
Telegram: swallow_cast,swallow_cast,telegram,2,2,shared,,,,0,hungary|romania,credited-by-mirror
Telegram: haqqin_azz,haqqin_azz,telegram,2,2,shared,,,,0,hungary|slovakia,credited-by-mirror
Telegram: ale_kazakov,ale_kazakov,telegram,2,2,shared,,,,0,hungary|romania,credited-by-mirror
Telegram: dddjournalism,dddjournalism,telegram,2,2,shared,,,,0,hungary|romania,credited-by-mirror
Telegram: uzelsv,uzelsv,telegram,2,2,shared,,,,0,hungary|romania,credited-by-mirror
Telegram: public0pinion,public0pinion,telegram,2,2,shared,,,,0,hungary|slovakia,credited-by-mirror
Telegram: ezhkinkot,ezhkinkot,telegram,2,2,shared,,,,0,hungary|slovakia,credited-by-mirror
Telegram: bamway,bamway,telegram,2,2,shared,,,,0,hungary|slovakia,credited-by-mirror
Telegram: nationconsunion,nationconsunion,telegram,2,2,shared,,,,0,hungary|romania,credited-by-mirror
Telegram: oleglurie,oleglurie,telegram,2,2,shared,,,,0,hungary|romania,credited-by-mirror
Telegram: tass_digest,tass_digest,telegram,2,2,shared,,,,0,hungary|romania,credited-by-mirror
Telegram: ARKadyrov,ARKadyrov,telegram,2,2,shared,,,,0,hungary|romania,credited-by-mirror
Telegram: LSlaier,LSlaier,telegram,2,2,shared,,,,0,hungary|romania,credited-by-mirror
Telegram: econopocalypse,econopocalypse,telegram,2,2,shared,,,,0,hungary|slovakia,credited-by-mirror
Telegram: rusfencing,rusfencing,telegram,2,2,shared,,,,0,hungary|romania,credited-by-mirror
Telegram: kvint_sertorii,kvint_sertorii,telegram,2,2,shared,,,,0,hungary|romania,credited-by-mirror
MAX lomovka_reg,MAX lomovka_reg,max,2,2,shared,,,,0,hungary|romania,credited-by-mirror
MAX razvozhaev,MAX razvozhaev,max,2,2,shared,,,,0,hungary|romania,credited-by-mirror
MAX KosachevKI,MAX KosachevKI,max,2,2,shared,,,,0,hungary|romania,credited-by-mirror
Telegram: moscow_laundry,moscow_laundry,telegram,2,2,shared,,,,0,hungary|slovakia,credited-by-mirror
Telegram: mediatech,mediatech,telegram,2,1,exclusive,moldova,,,0,moldova,credited-by-mirror
Telegram: nonetutto,nonetutto,telegram,2,1,exclusive,moldova,,,0,moldova,credited-by-mirror
Telegram: DCaraman,DCaraman,telegram,2,1,exclusive,moldova,,,0,moldova,credited-by-mirror
Telegram: bio_genie,bio_genie,telegram,2,1,exclusive,moldova,,,0,moldova,credited-by-mirror
Telegram: bloknot_rossii,bloknot_rossii,telegram,2,1,exclusive,moldova,,,0,moldova,credited-by-mirror
Telegram: borischernyshov,borischernyshov,telegram,2,1,exclusive,moldova,,,0,moldova,credited-by-mirror
Telegram: pashatoday_new,pashatoday_new,telegram,2,1,exclusive,moldova,,,0,moldova,credited-by-mirror
Telegram: geostrategrus,geostrategrus,telegram,2,1,exclusive,moldova,,,0,moldova,credited-by-mirror
Telegram: kornet_7,kornet_7,telegram,2,1,exclusive,moldova,,,0,moldova,credited-by-mirror
Telegram: mikhail_semyonov,mikhail_semyonov,telegram,2,1,exclusive,moldova,,,0,moldova,credited-by-mirror
Telegram: minvostok,minvostok,telegram,2,1,exclusive,moldova,,,0,moldova,credited-by-mirror
Telegram: ActualNewsMoldova,ActualNewsMoldova,telegram,2,1,exclusive,moldova,,,0,moldova,credited-by-mirror
Telegram: BlackAudit,BlackAudit,telegram,2,1,exclusive,moldova,,,0,moldova,credited-by-mirror
Telegram: govoritmd,govoritmd,telegram,2,1,exclusive,moldova,,,0,moldova,credited-by-mirror
Telegram: Ateobreaking,Ateobreaking,telegram,2,1,exclusive,moldova,,,0,moldova,credited-by-mirror
Telegram: nationkurs,nationkurs,telegram,2,1,exclusive,moldova,,,0,moldova,credited-by-mirror
Telegram: srochnow,srochnow,telegram,2,1,exclusive,moldova,,,0,moldova,credited-by-mirror
Telegram: baxmut2023,baxmut2023,telegram,2,1,exclusive,moldova,,,0,moldova,credited-by-mirror
Telegram: po_ostree,po_ostree,telegram,2,1,exclusive,moldova,,,0,moldova,credited-by-mirror
Telegram: nas_to_za_shoo,nas_to_za_shoo,telegram,2,1,exclusive,moldova,,,0,moldova,credited-by-mirror
Telegram: georgeivensiya,georgeivensiya,telegram,2,1,exclusive,moldova,,,0,moldova,credited-by-mirror
Telegram: Karma_Sever,Karma_Sever,telegram,2,1,exclusive,moldova,,,0,moldova,credited-by-mirror
Telegram: de24one,de24one,telegram,2,1,exclusive,moldova,,,0,moldova,credited-by-mirror
Telegram: indeec1937,indeec1937,telegram,2,1,exclusive,moldova,,,0,moldova,credited-by-mirror
Telegram: russiafirstchanel,russiafirstchanel,telegram,2,1,exclusive,moldova,,,0,moldova,credited-by-mirror
Telegram: shpakouski,shpakouski,telegram,2,1,exclusive,moldova,,,0,moldova,credited-by-mirror
Telegram: sputnikuzbekistan,sputnikuzbekistan,telegram,2,1,exclusive,moldova,,,0,moldova,credited-by-mirror
Telegram: letoPISET1,letoPISET1,telegram,2,1,exclusive,moldova,,,0,moldova,credited-by-mirror
Telegram: patriotymoldovy,patriotymoldovy,telegram,2,1,exclusive,moldova,,,0,moldova,credited-by-mirror
Telegram: ruszspringtime,ruszspringtime,telegram,2,1,exclusive,moldova,,,0,moldova,credited-by-mirror
Telegram: Zanoza,Zanoza,telegram,2,1,exclusive,moldova,,,0,moldova,credited-by-mirror
Telegram: nabludatels,nabludatels,telegram,2,1,exclusive,moldova,,,0,moldova,credited-by-mirror
Telegram: msk_live,msk_live,telegram,2,1,exclusive,moldova,,,0,moldova,credited-by-mirror
Telegram: odintov_md,odintov_md,telegram,2,1,exclusive,moldova,,,0,moldova,credited-by-mirror
Telegram: alexparkerlives,alexparkerlives,telegram,2,1,exclusive,poland,,,0,poland,credited-by-mirror
Telegram: kasimovklub,kasimovklub,telegram,2,1,exclusive,poland,,,0,poland,credited-by-mirror
Telegram: razved_dozor,razved_dozor,telegram,2,1,exclusive,poland,,,0,poland,credited-by-mirror
Telegram: Vbrone31,Vbrone31,telegram,2,1,exclusive,poland,,,0,poland,credited-by-mirror
Telegram: ruwawa,ruwawa,telegram,2,1,exclusive,poland,,,0,poland,credited-by-mirror
Telegram: diviziya15,diviziya15,telegram,2,1,exclusive,poland,,,0,poland,credited-by-mirror
Telegram: aigle_o,aigle_o,telegram,2,1,exclusive,poland,,,0,poland,credited-by-mirror
Telegram: pikta1,pikta1,telegram,2,1,exclusive,poland,,,0,poland,credited-by-mirror
Telegram: rusfleet,rusfleet,telegram,2,1,exclusive,poland,,,0,poland,credited-by-mirror
Telegram: stepnoy_veter,stepnoy_veter,telegram,2,1,exclusive,poland,,,0,poland,credited-by-mirror
Telegram: blackhussars,blackhussars,telegram,2,1,exclusive,poland,,,0,poland,credited-by-mirror
Telegram: irenedrama,irenedrama,telegram,2,1,exclusive,poland,,,0,poland,credited-by-mirror
Telegram: trueolen,trueolen,telegram,2,1,exclusive,poland,,,0,poland,credited-by-mirror
Telegram: lgbelarussegodnya,lgbelarussegodnya,telegram,2,1,exclusive,poland,,,0,poland,credited-by-mirror
Telegram: usparus,usparus,telegram,2,1,exclusive,poland,,,0,poland,credited-by-mirror
Telegram: rusconskrakow,rusconskrakow,telegram,2,1,exclusive,poland,,,0,poland,credited-by-mirror
Telegram: thehegemonist,thehegemonist,telegram,2,1,exclusive,poland,,,0,poland,credited-by-mirror
Telegram: VTPryanik,VTPryanik,telegram,2,1,exclusive,poland,,,0,poland,credited-by-mirror
Telegram: olmoh72,olmoh72,telegram,2,1,exclusive,poland,,,0,poland,credited-by-mirror
Telegram: Ruslan_Marmazov_1968,Ruslan_Marmazov_1968,telegram,2,1,exclusive,poland,,,0,poland,credited-by-mirror
Telegram: customs_bel,customs_bel,telegram,2,1,exclusive,poland,,,0,poland,credited-by-mirror
Telegram: zdravye_smysly,zdravye_smysly,telegram,2,1,exclusive,poland,,,0,poland,credited-by-mirror
Telegram: go338,go338,telegram,2,1,exclusive,poland,,,0,poland,credited-by-mirror
Telegram: dolgareva,dolgareva,telegram,2,1,exclusive,poland,,,0,poland,credited-by-mirror
Telegram: mydonetsklive,mydonetsklive,telegram,2,1,exclusive,poland,,,0,poland,credited-by-mirror
Telegram: realty_rbc,realty_rbc,telegram,2,1,exclusive,poland,,,0,poland,credited-by-mirror
Telegram: uac_ru,uac_ru,telegram,2,1,exclusive,poland,,,0,poland,credited-by-mirror
Telegram: cpp082,cpp082,telegram,2,1,exclusive,poland,,,0,poland,credited-by-mirror
Telegram: vozlevoiny,vozlevoiny,telegram,2,1,exclusive,poland,,,0,poland,credited-by-mirror
Telegram: iamsniper,iamsniper,telegram,2,1,exclusive,poland,,,0,poland,credited-by-mirror
Telegram: Vspomni_o_Voine,Vspomni_o_Voine,telegram,2,1,exclusive,poland,,,0,poland,credited-by-mirror
Telegram: sbbytoday,sbbytoday,telegram,2,1,exclusive,poland,,,0,poland,credited-by-mirror
Telegram: tonychinross,tonychinross,telegram,2,1,exclusive,poland,,,0,poland,credited-by-mirror
Telegram: russia2062,russia2062,telegram,2,1,exclusive,poland,,,0,poland,credited-by-mirror
Telegram: Pavlova_Maria_live,Pavlova_Maria_live,telegram,2,1,exclusive,poland,,,0,poland,credited-by-mirror
Telegram: donrf22,donrf22,telegram,2,1,exclusive,poland,,,0,poland,credited-by-mirror
Telegram: twojeteorie,twojeteorie,telegram,2,1,exclusive,poland,,,0,poland,credited-by-mirror
Telegram: ppolyglot,ppolyglot,telegram,2,1,exclusive,poland,,,0,poland,credited-by-mirror
Telegram: read_kostylev,read_kostylev,telegram,2,1,exclusive,poland,,,0,poland,credited-by-mirror
Telegram: aldark0se,aldark0se,telegram,2,1,exclusive,poland,,,0,poland,credited-by-mirror
Telegram: russia_abn,russia_abn,telegram,2,1,exclusive,poland,,,0,poland,credited-by-mirror
Telegram: legal_system,legal_system,telegram,2,1,exclusive,poland,,,0,poland,credited-by-mirror
Telegram: grey_zone,grey_zone,telegram,2,1,exclusive,poland,,,0,poland,credited-by-mirror
Telegram: Sputnik_global,Sputnik_global,telegram,2,1,exclusive,poland,,,0,poland,credited-by-mirror
epp.genproc.gov.ru,epp.genproc.gov.ru,domain,2,1,exclusive,poland,,,0,poland,credited-by-mirror
Telegram: mosgibdd77,mosgibdd77,telegram,2,1,exclusive,poland,,,0,poland,credited-by-mirror
Telegram: yugsn,yugsn,telegram,2,1,exclusive,poland,,,0,poland,credited-by-mirror
Telegram: treugolniklpr,treugolniklpr,telegram,2,1,exclusive,poland,,,0,poland,credited-by-mirror
Telegram: SvodkiFrontov,SvodkiFrontov,telegram,2,1,exclusive,poland,,,0,poland,credited-by-mirror
Telegram: george_rooke,george_rooke,telegram,2,1,exclusive,poland,,,0,poland,credited-by-mirror
Telegram: berislavinfo,berislavinfo,telegram,2,1,exclusive,poland,,,0,poland,credited-by-mirror
Telegram: relocationru,relocationru,telegram,2,1,exclusive,poland,,,0,poland,credited-by-mirror
Telegram: evgenyprimakov,evgenyprimakov,telegram,2,1,exclusive,poland,,,0,poland,credited-by-mirror
mpt-dnr.ru,mpt-dnr.ru,domain,2,1,exclusive,poland,,,0,poland,credited-by-mirror
Telegram: brusakov,brusakov,telegram,2,1,exclusive,poland,,,0,poland,credited-by-mirror
Telegram: sputnik_in_crimea,sputnik_in_crimea,telegram,2,1,exclusive,poland,,,0,poland,credited-by-mirror
Telegram: aeronaut_bel,aeronaut_bel,telegram,2,1,exclusive,poland,,,0,poland,credited-by-mirror
Telegram: crimeainform,crimeainform,telegram,2,1,exclusive,poland,,,0,poland,credited-by-mirror
Telegram: MakarenkoLive,MakarenkoLive,telegram,2,1,exclusive,poland,,,0,poland,credited-by-mirror
Telegram: vodacrimearu,vodacrimearu,telegram,2,1,exclusive,poland,,,0,poland,credited-by-mirror
Telegram: sevastopolofficial,sevastopolofficial,telegram,2,1,exclusive,poland,,,0,poland,credited-by-mirror
Telegram: chesnokmedia,chesnokmedia,telegram,2,1,exclusive,romania,,,0,romania,credited-by-mirror
Telegram: OdessitBodelan,OdessitBodelan,telegram,2,1,exclusive,romania,,,0,romania,credited-by-mirror
Telegram: dialecticaXXI,dialecticaXXI,telegram,2,1,exclusive,romania,,,0,romania,credited-by-mirror
Telegram: ichicu,ichicu,telegram,2,1,exclusive,romania,,,0,romania,credited-by-mirror
Telegram: vesv_rf,vesv_rf,telegram,2,1,exclusive,romania,,,0,romania,credited-by-mirror
Telegram: russ_vestnik,russ_vestnik,telegram,2,1,exclusive,romania,,,0,romania,credited-by-mirror
Telegram: ros_imperial,ros_imperial,telegram,2,1,exclusive,romania,,,0,romania,credited-by-mirror
Telegram: oleseastamate,oleseastamate,telegram,2,1,exclusive,romania,,,0,romania,credited-by-mirror
Telegram: sergey_hudiev,sergey_hudiev,telegram,2,1,exclusive,romania,,,0,romania,credited-by-mirror
Telegram: vector_stiri,vector_stiri,telegram,2,1,exclusive,romania,,,0,romania,credited-by-mirror
Telegram: gruboprostiite,gruboprostiite,telegram,2,2,shared,,,,0,romania|slovakia,credited-by-mirror
Telegram: Kdvinsky,Kdvinsky,telegram,2,2,shared,,,,0,romania|slovakia,credited-by-mirror
Telegram: LenkaBogarova,LenkaBogarova,telegram,2,1,exclusive,slovakia,,,0,slovakia,credited-by-mirror
Telegram: jednotaslovanov,jednotaslovanov,telegram,2,1,exclusive,slovakia,,,0,slovakia,credited-by-mirror
Telegram: tiktak_pravda_v_suvislostiach,tiktak_pravda_v_suvislostiach,telegram,2,1,exclusive,slovakia,,,0,slovakia,credited-by-mirror
Telegram: RobertKennedyJr_Official,RobertKennedyJr_Official,telegram,2,1,exclusive,slovakia,,,0,slovakia,credited-by-mirror
Telegram: republikaofficial,republikaofficial,telegram,2,1,exclusive,slovakia,,,0,slovakia,credited-by-mirror
Telegram: TO_patrioti,TO_patrioti,telegram,2,1,exclusive,slovakia,,,0,slovakia,credited-by-mirror
Telegram: olpzs,olpzs,telegram,2,1,exclusive,slovakia,,,0,slovakia,credited-by-mirror
Telegram: balkan_pro,balkan_pro,telegram,2,1,exclusive,slovakia,,,0,slovakia,credited-by-mirror
Telegram: konzerva,konzerva,telegram,2,1,exclusive,slovakia,,,0,slovakia,credited-by-mirror
Telegram: artelfilms,artelfilms,telegram,2,1,exclusive,slovakia,,,0,slovakia,credited-by-mirror
Telegram: inostranets_v_RF,inostranets_v_RF,telegram,2,1,exclusive,slovakia,,,0,slovakia,credited-by-mirror
Telegram: G_o_R_ru,G_o_R_ru,telegram,2,1,exclusive,slovakia,,,0,slovakia,credited-by-mirror
Telegram: WarInMyEyes,WarInMyEyes,telegram,2,1,exclusive,slovakia,,,0,slovakia,credited-by-mirror
Telegram: narodnakoalicia,narodnakoalicia,telegram,2,1,exclusive,slovakia,,,0,slovakia,credited-by-mirror
Telegram: unclebromberg,unclebromberg,telegram,2,1,exclusive,slovakia,,,0,slovakia,credited-by-mirror
Telegram: chcemeslobodu,chcemeslobodu,telegram,2,1,exclusive,slovakia,,,0,slovakia,credited-by-mirror
Telegram: ODznova,ODznova,telegram,2,1,exclusive,slovakia,,,0,slovakia,credited-by-mirror
Telegram: jakub_vajdulak_republika,jakub_vajdulak_republika,telegram,2,1,exclusive,slovakia,,,0,slovakia,credited-by-mirror
Telegram: protestySR,protestySR,telegram,2,1,exclusive,slovakia,,,0,slovakia,credited-by-mirror
Telegram: gussmurin,gussmurin,telegram,2,1,exclusive,slovakia,,,0,slovakia,credited-by-mirror
Telegram: extraplus_sk,extraplus_sk,telegram,2,1,exclusive,slovakia,,,0,slovakia,credited-by-mirror
Telegram: xxlszu,xxlszu,telegram,2,1,exclusive,slovakia,,,0,slovakia,credited-by-mirror
Telegram: peterkucharcik,peterkucharcik,telegram,2,1,exclusive,slovakia,,,0,slovakia,credited-by-mirror
Telegram: Tartaria_sk,Tartaria_sk,telegram,2,1,exclusive,slovakia,,,0,slovakia,credited-by-mirror
Telegram: casusbellilivephoto,casusbellilivephoto,telegram,2,1,exclusive,slovakia,,,0,slovakia,credited-by-mirror
Telegram: svsk_archiv,svsk_archiv,telegram,2,1,exclusive,slovakia,,,0,slovakia,credited-by-mirror
Telegram: PochopTo_Sk,PochopTo_Sk,telegram,2,1,exclusive,slovakia,,,0,slovakia,credited-by-mirror
Telegram: ckpsikanal,ckpsikanal,telegram,1,1,exclusive,czechia,,,0,czechia,credited-by-mirror
Telegram: informacniblok,informacniblok,telegram,1,1,exclusive,czechia,,,0,czechia,credited-by-mirror
Telegram: pravednyi_vyser,pravednyi_vyser,telegram,1,1,exclusive,czechia,,,0,czechia,credited-by-mirror
Telegram: rosstat_official,rosstat_official,telegram,1,1,exclusive,czechia,,,0,czechia,credited-by-mirror
Telegram: Peter211180,Peter211180,telegram,1,1,exclusive,czechia,,,0,czechia,credited-by-mirror
Telegram: Russian_Embassy_Mongolia,Russian_Embassy_Mongolia,telegram,1,1,exclusive,czechia,,,0,czechia,credited-by-mirror
Telegram: All_of_Siberia,All_of_Siberia,telegram,1,1,exclusive,czechia,,,0,czechia,credited-by-mirror
Telegram: vetvicka,vetvicka,telegram,1,1,exclusive,czechia,,,0,czechia,credited-by-mirror
Telegram: fenix_zije,fenix_zije,telegram,1,1,exclusive,czechia,,,0,czechia,credited-by-mirror
Telegram: olamhazeh,olamhazeh,telegram,1,1,exclusive,czechia,,,0,czechia,credited-by-mirror
Telegram: Sib_army,Sib_army,telegram,1,1,exclusive,czechia,,,0,czechia,credited-by-mirror
Telegram: cvrckynezeru,cvrckynezeru,telegram,1,1,exclusive,czechia,,,0,czechia,credited-by-mirror
Telegram: doc_media,doc_media,telegram,1,1,exclusive,czechia,,,0,czechia,credited-by-mirror
Telegram: partigiano_bella_chao,partigiano_bella_chao,telegram,1,1,exclusive,czechia,,,0,czechia,credited-by-mirror
Telegram: knistavka,knistavka,telegram,1,1,exclusive,czechia,,,0,czechia,credited-by-mirror
Telegram: nash_prezident_putin,nash_prezident_putin,telegram,1,1,exclusive,czechia,,,0,czechia,credited-by-mirror
Telegram: AstronautaDePapelao,AstronautaDePapelao,telegram,1,1,exclusive,czechia,,,0,czechia,credited-by-mirror
Telegram: TartariaHistoryChannel,TartariaHistoryChannel,telegram,1,1,exclusive,czechia,,,0,czechia,credited-by-mirror
Telegram: PolitickyNekorektniVtipy,PolitickyNekorektniVtipy,telegram,1,1,exclusive,czechia,,,0,czechia,credited-by-mirror
Telegram: BeforeOurTime,BeforeOurTime,telegram,1,1,exclusive,czechia,,,0,czechia,credited-by-mirror
Telegram: pravdaserm,pravdaserm,telegram,1,1,exclusive,czechia,,,0,czechia,credited-by-mirror
Telegram: robert_merva,robert_merva,telegram,1,1,exclusive,czechia,,,0,czechia,credited-by-mirror
Telegram: RingsandMoons,RingsandMoons,telegram,1,1,exclusive,czechia,,,0,czechia,credited-by-mirror
Telegram: The_Reaper_says,The_Reaper_says,telegram,1,1,exclusive,czechia,,,0,czechia,credited-by-mirror
Telegram: ne_rybar,ne_rybar,telegram,1,1,exclusive,czechia,,,0,czechia,credited-by-mirror
Telegram: borisZprahy,borisZprahy,telegram,1,1,exclusive,czechia,,,0,czechia,credited-by-mirror
Telegram: gilxl,gilxl,telegram,1,1,exclusive,czechia,,,0,czechia,credited-by-mirror
Telegram: kabezki,kabezki,telegram,1,1,exclusive,czechia,,,0,czechia,credited-by-mirror
Telegram: osviceni,osviceni,telegram,1,1,exclusive,czechia,,,0,czechia,credited-by-mirror
Telegram: kupiansknash,kupiansknash,telegram,1,1,exclusive,czechia,,,0,czechia,credited-by-mirror
Telegram: zakazane_informace,zakazane_informace,telegram,1,1,exclusive,czechia,,,0,czechia,credited-by-mirror
Telegram: SVOfpv,SVOfpv,telegram,1,1,exclusive,czechia,,,0,czechia,credited-by-mirror
Telegram: digitalarmyrus,digitalarmyrus,telegram,1,1,exclusive,czechia,,,0,czechia,credited-by-mirror
Telegram: museumofvsu,museumofvsu,telegram,1,1,exclusive,czechia,,,0,czechia,credited-by-mirror
Telegram: cerebra_education,cerebra_education,telegram,1,1,exclusive,czechia,,,0,czechia,credited-by-mirror
Telegram: SvetloVTmach,SvetloVTmach,telegram,1,1,exclusive,czechia,,,0,czechia,credited-by-mirror
Telegram: TakGovorilKamkin,TakGovorilKamkin,telegram,1,1,exclusive,czechia,,,0,czechia,credited-by-mirror
Telegram: forumlidu,forumlidu,telegram,1,1,exclusive,czechia,,,0,czechia,credited-by-mirror
Telegram: knigeek,knigeek,telegram,1,1,exclusive,czechia,,,0,czechia,credited-by-mirror
Telegram: ros_imperia,ros_imperia,telegram,1,1,exclusive,czechia,,,0,czechia,credited-by-mirror
Telegram: Atomflot_official,Atomflot_official,telegram,1,1,exclusive,czechia,,,0,czechia,credited-by-mirror
Telegram: RusEmbUK,RusEmbUK,telegram,1,1,exclusive,czechia,,,0,czechia,credited-by-mirror
Telegram: BelozerTV,BelozerTV,telegram,1,1,exclusive,czechia,,,0,czechia,credited-by-mirror
Telegram: hirurgnw,hirurgnw,telegram,1,1,exclusive,czechia,,,0,czechia,credited-by-mirror
Telegram: mcrepostworld,mcrepostworld,telegram,1,1,exclusive,czechia,,,0,czechia,credited-by-mirror
Telegram: ceskaovce,ceskaovce,telegram,1,1,exclusive,czechia,,,0,czechia,credited-by-mirror
Telegram: af_livechannel,af_livechannel,telegram,1,1,exclusive,czechia,,,0,czechia,credited-by-mirror
Telegram: fssp_gov,fssp_gov,telegram,1,1,exclusive,czechia,,,0,czechia,credited-by-mirror
Telegram: ParkEarth,ParkEarth,telegram,1,1,exclusive,czechia,,,0,czechia,credited-by-mirror
Telegram: Habitat_Verdadero,Habitat_Verdadero,telegram,1,1,exclusive,czechia,,,0,czechia,credited-by-mirror
Telegram: tierraplana,tierraplana,telegram,1,1,exclusive,czechia,,,0,czechia,credited-by-mirror
Telegram: Conciencia_Mundial,Conciencia_Mundial,telegram,1,1,exclusive,czechia,,,0,czechia,credited-by-mirror
Telegram: rybar_in_english,rybar_in_english,telegram,1,1,exclusive,czechia,,,0,czechia,credited-by-mirror
Telegram: RWApodcast,RWApodcast,telegram,1,1,exclusive,czechia,,,0,czechia,credited-by-mirror
Telegram: dmz_welcome,dmz_welcome,telegram,1,1,exclusive,czechia,,,0,czechia,credited-by-mirror
Telegram: MediaKiller2021,MediaKiller2021,telegram,1,1,exclusive,czechia,,,0,czechia,credited-by-mirror
Telegram: scam_alert_cz_sk,scam_alert_cz_sk,telegram,1,1,exclusive,czechia,,,0,czechia,credited-by-mirror
Telegram: kozlov38,kozlov38,telegram,1,1,exclusive,czechia,,,0,czechia,credited-by-mirror
Telegram: bricknotes,bricknotes,telegram,1,1,exclusive,czechia,,,0,czechia,credited-by-mirror
Telegram: voenovosti,voenovosti,telegram,1,1,exclusive,czechia,,,0,czechia,credited-by-mirror
Telegram: polpred_dfo,polpred_dfo,telegram,1,1,exclusive,czechia,,,0,czechia,credited-by-mirror
rpn.gov.ru,rpn.gov.ru,domain,1,1,exclusive,czechia,,,0,czechia,credited-by-mirror
Telegram: avzmeyevskiy,avzmeyevskiy,telegram,1,1,exclusive,czechia,,,0,czechia,credited-by-mirror
Telegram: Ukrainian_format,Ukrainian_format,telegram,1,1,exclusive,czechia,,,0,czechia,credited-by-mirror
Telegram: yaroslav_belousov,yaroslav_belousov,telegram,1,1,exclusive,czechia,,,0,czechia,credited-by-mirror
Telegram: chestnyjdetektiv,chestnyjdetektiv,telegram,1,1,exclusive,czechia,,,0,czechia,credited-by-mirror
Telegram: Prikhodko1970,Prikhodko1970,telegram,1,1,exclusive,czechia,,,0,czechia,credited-by-mirror
Telegram: ioanima,ioanima,telegram,1,1,exclusive,czechia,,,0,czechia,credited-by-mirror
Telegram: andrew_kots,andrew_kots,telegram,1,1,exclusive,czechia,,,0,czechia,credited-by-mirror
Telegram: MID_Kaliningrad,MID_Kaliningrad,telegram,1,1,exclusive,czechia,,,0,czechia,credited-by-mirror
Telegram: AleksandrPasechnik,AleksandrPasechnik,telegram,1,1,exclusive,czechia,,,0,czechia,credited-by-mirror
Telegram: gkrrus,gkrrus,telegram,1,1,exclusive,czechia,,,0,czechia,credited-by-mirror
Telegram: frontline_pvt,frontline_pvt,telegram,1,1,exclusive,czechia,,,0,czechia,credited-by-mirror
Telegram: potapov_npp,potapov_npp,telegram,1,1,exclusive,czechia,,,0,czechia,credited-by-mirror
Telegram: PushilinDenis,PushilinDenis,telegram,1,1,exclusive,czechia,,,0,czechia,credited-by-mirror
Telegram: DennisNYB1,DennisNYB1,telegram,1,1,exclusive,czechia,,,0,czechia,credited-by-mirror
Telegram: spastv,spastv,telegram,1,1,exclusive,czechia,,,0,czechia,credited-by-mirror
Telegram: theoldworldtruth,theoldworldtruth,telegram,1,1,exclusive,czechia,,,0,czechia,credited-by-mirror
Telegram: resetheus,resetheus,telegram,1,1,exclusive,czechia,,,0,czechia,credited-by-mirror
Telegram: rtcctanzania,rtcctanzania,telegram,1,1,exclusive,czechia,,,0,czechia,credited-by-mirror
Telegram: galerievylecenych_cz,galerievylecenych_cz,telegram,1,1,exclusive,czechia,,,0,czechia,credited-by-mirror
Telegram: BIOpotraviny,BIOpotraviny,telegram,1,1,exclusive,czechia,,,0,czechia,credited-by-mirror
Telegram: sapiens_kp,sapiens_kp,telegram,1,1,exclusive,czechia,,,0,czechia,credited-by-mirror
Telegram: rosgvardmo50,rosgvardmo50,telegram,1,1,exclusive,czechia,,,0,czechia,credited-by-mirror
Telegram: red_war_machine,red_war_machine,telegram,1,1,exclusive,czechia,,,0,czechia,credited-by-mirror
Telegram: LexcentoundiciVeritas,LexcentoundiciVeritas,telegram,1,1,exclusive,czechia,,,0,czechia,credited-by-mirror
Telegram: Alsaa_plus_EN,Alsaa_plus_EN,telegram,1,1,exclusive,czechia,,,0,czechia,credited-by-mirror
Telegram: bronya_03,bronya_03,telegram,1,1,exclusive,czechia,,,0,czechia,credited-by-mirror
Telegram: TheConspiracyHole,TheConspiracyHole,telegram,1,1,exclusive,czechia,,,0,czechia,credited-by-mirror
Telegram: peresidok,peresidok,telegram,1,1,exclusive,czechia,,,0,czechia,credited-by-mirror
MAX vnnews,MAX vnnews,max,1,1,exclusive,czechia,,,0,czechia,credited-by-mirror
MAX url_mash,MAX url_mash,max,1,1,exclusive,czechia,,,0,czechia,credited-by-mirror
MAX cyberpolice,MAX cyberpolice,max,1,1,exclusive,czechia,,,0,czechia,credited-by-mirror
MAX rasstriga,MAX rasstriga,max,1,1,exclusive,czechia,,,0,czechia,credited-by-mirror
MAX vedomctvorf,MAX vedomctvorf,max,1,1,exclusive,czechia,,,0,czechia,credited-by-mirror
Telegram: East_Watchman,East_Watchman,telegram,1,1,exclusive,czechia,,,0,czechia,credited-by-mirror
MAX radiogovoritmsk,MAX radiogovoritmsk,max,1,1,exclusive,czechia,,,0,czechia,credited-by-mirror
Telegram: rvlt4k,rvlt4k,telegram,1,1,exclusive,czechia,,,0,czechia,credited-by-mirror
MAX FuneralTrust,MAX FuneralTrust,max,1,1,exclusive,czechia,,,0,czechia,credited-by-mirror
MAX mash_siberia,MAX mash_siberia,max,1,1,exclusive,czechia,,,0,czechia,credited-by-mirror
MAX id7708731561_gos,MAX id7708731561_gos,max,1,1,exclusive,czechia,,,0,czechia,credited-by-mirror
MAX tvbrics,MAX tvbrics,max,1,1,exclusive,czechia,,,0,czechia,credited-by-mirror
Telegram: citarnyaknihy,citarnyaknihy,telegram,1,1,exclusive,czechia,,,0,czechia,credited-by-mirror
Telegram: rapotamol,rapotamol,telegram,1,1,exclusive,czechia,,,0,czechia,credited-by-mirror
Telegram: vmalenko,vmalenko,telegram,1,1,exclusive,czechia,,,0,czechia,credited-by-mirror
MAX join/m3xonQo6fcxLGk46NO2soXc7dGhe3sHKnLrcLNawaWk,MAX join/m3xonQo6fcxLGk46NO2soXc7dGhe3sHKnLrcLNawaWk,max,1,1,exclusive,czechia,,,0,czechia,credited-by-mirror
Telegram: MusicaVeritas,MusicaVeritas,telegram,1,1,exclusive,czechia,,,0,czechia,credited-by-mirror
MAX ivolk,MAX ivolk,max,1,1,exclusive,czechia,,,0,czechia,credited-by-mirror
Telegram: SvobodnyZivyClovekSuveren,SvobodnyZivyClovekSuveren,telegram,1,1,exclusive,czechia,,,0,czechia,credited-by-mirror
MAX vr_medinskiy,MAX vr_medinskiy,max,1,1,exclusive,czechia,,,0,czechia,credited-by-mirror
Telegram: FE_RicoPodcast,FE_RicoPodcast,telegram,1,1,exclusive,czechia,,,0,czechia,credited-by-mirror
Telegram: vorobiev_live,vorobiev_live,telegram,1,1,exclusive,czechia,,,0,czechia,credited-by-mirror
MAX channel_kommunist,MAX channel_kommunist,max,1,1,exclusive,czechia,,,0,czechia,credited-by-mirror
MAX lugovoyandrey,MAX lugovoyandrey,max,1,1,exclusive,czechia,,,0,czechia,credited-by-mirror
Telegram: tvvmichalaganovska,tvvmichalaganovska,telegram,1,1,exclusive,czechia,,,0,czechia,credited-by-mirror
Telegram: d_ogneev,d_ogneev,telegram,1,1,exclusive,hungary,,,0,hungary,credited-by-mirror
Telegram: akademijasrbija,akademijasrbija,telegram,1,1,exclusive,hungary,,,0,hungary,credited-by-mirror
Telegram: Greatwarchannel,Greatwarchannel,telegram,1,1,exclusive,hungary,,,0,hungary,credited-by-mirror
Telegram: StranaRosatom,StranaRosatom,telegram,1,1,exclusive,hungary,,,0,hungary,credited-by-mirror
Telegram: acer120_lj,acer120_lj,telegram,1,1,exclusive,hungary,,,0,hungary,credited-by-mirror
Telegram: Ivorytowers,Ivorytowers,telegram,1,1,exclusive,hungary,,,0,hungary,credited-by-mirror
Telegram: magyar325411km2,magyar325411km2,telegram,1,1,exclusive,hungary,,,0,hungary,credited-by-mirror
Telegram: equilibriumnews,equilibriumnews,telegram,1,1,exclusive,hungary,,,0,hungary,credited-by-mirror
Telegram: shmel_chik,shmel_chik,telegram,1,1,exclusive,hungary,,,0,hungary,credited-by-mirror
Telegram: Chesnakov,Chesnakov,telegram,1,1,exclusive,hungary,,,0,hungary,credited-by-mirror
Telegram: imemo_ran,imemo_ran,telegram,1,1,exclusive,hungary,,,0,hungary,credited-by-mirror
Telegram: MherVardani,MherVardani,telegram,1,1,exclusive,hungary,,,0,hungary,credited-by-mirror
Telegram: bel_buj,bel_buj,telegram,1,1,exclusive,hungary,,,0,hungary,credited-by-mirror
Telegram: anrbc,anrbc,telegram,1,1,exclusive,hungary,,,0,hungary,credited-by-mirror
Telegram: scoofsmi,scoofsmi,telegram,1,1,exclusive,hungary,,,0,hungary,credited-by-mirror
Telegram: comradepelevin,comradepelevin,telegram,1,1,exclusive,hungary,,,0,hungary,credited-by-mirror
Telegram: radiosvoboda,radiosvoboda,telegram,1,1,exclusive,hungary,,,0,hungary,credited-by-mirror
Telegram: embrusaz,embrusaz,telegram,1,1,exclusive,hungary,,,0,hungary,credited-by-mirror
Telegram: poems1914,poems1914,telegram,1,1,exclusive,hungary,,,0,hungary,credited-by-mirror
Telegram: Morskaya_Pehota_Russia,Morskaya_Pehota_Russia,telegram,1,1,exclusive,hungary,,,0,hungary,credited-by-mirror
Telegram: degtyarevonamur,degtyarevonamur,telegram,1,1,exclusive,hungary,,,0,hungary,credited-by-mirror
Telegram: VDV106Moskva,VDV106Moskva,telegram,1,1,exclusive,hungary,,,0,hungary,credited-by-mirror
Telegram: etonashpotok,etonashpotok,telegram,1,1,exclusive,hungary,,,0,hungary,credited-by-mirror
Telegram: Andrey_Nagibin_n,Andrey_Nagibin_n,telegram,1,1,exclusive,hungary,,,0,hungary,credited-by-mirror
Telegram: tresh_trupy_svo_crocus_scott,tresh_trupy_svo_crocus_scott,telegram,1,1,exclusive,hungary,,,0,hungary,credited-by-mirror
Telegram: russvoyna,russvoyna,telegram,1,1,exclusive,hungary,,,0,hungary,credited-by-mirror
Telegram: UaOnlii,UaOnlii,telegram,1,1,exclusive,hungary,,,0,hungary,credited-by-mirror
Telegram: msimonyan_literature,msimonyan_literature,telegram,1,1,exclusive,hungary,,,0,hungary,credited-by-mirror
Telegram: Emilia_friends,Emilia_friends,telegram,1,1,exclusive,hungary,,,0,hungary,credited-by-mirror
rosleshoz.gov.ru,rosleshoz.gov.ru,domain,1,1,exclusive,hungary,,,0,hungary,credited-by-mirror
Telegram: Rosleshoz_official,Rosleshoz_official,telegram,1,1,exclusive,hungary,,,0,hungary,credited-by-mirror
Telegram: NSDVNikolaeve,NSDVNikolaeve,telegram,1,1,exclusive,hungary,,,0,hungary,credited-by-mirror
fadm.gov.ru,fadm.gov.ru,domain,1,1,exclusive,hungary,,,0,hungary,credited-by-mirror
Telegram: albert_Zabavsky,albert_Zabavsky,telegram,1,1,exclusive,hungary,,,0,hungary,credited-by-mirror
Telegram: ambrus_drc,ambrus_drc,telegram,1,1,exclusive,hungary,,,0,hungary,credited-by-mirror
Telegram: knijnij_den,knijnij_den,telegram,1,1,exclusive,hungary,,,0,hungary,credited-by-mirror
Telegram: official_vfp,official_vfp,telegram,1,1,exclusive,hungary,,,0,hungary,credited-by-mirror
Telegram: Yakovenko_ZOV,Yakovenko_ZOV,telegram,1,1,exclusive,hungary,,,0,hungary,credited-by-mirror
Telegram: ujvilagtudat,ujvilagtudat,telegram,1,1,exclusive,hungary,,,0,hungary,credited-by-mirror
Telegram: wadim_manukyan,wadim_manukyan,telegram,1,1,exclusive,hungary,,,0,hungary,credited-by-mirror
Telegram: akkuSTOP,akkuSTOP,telegram,1,1,exclusive,hungary,,,0,hungary,credited-by-mirror
Telegram: izru_live,izru_live,telegram,1,1,exclusive,hungary,,,0,hungary,credited-by-mirror
Telegram: studsportunion,studsportunion,telegram,1,1,exclusive,hungary,,,0,hungary,credited-by-mirror
Telegram: pavlivm,pavlivm,telegram,1,1,exclusive,hungary,,,0,hungary,credited-by-mirror
Telegram: oroszhaz,oroszhaz,telegram,1,1,exclusive,hungary,,,0,hungary,credited-by-mirror
Telegram: novorosinform,novorosinform,telegram,1,1,exclusive,hungary,,,0,hungary,credited-by-mirror
Telegram: Pol_Apost,Pol_Apost,telegram,1,1,exclusive,hungary,,,0,hungary,credited-by-mirror
Telegram: anonsshevchenko,anonsshevchenko,telegram,1,1,exclusive,hungary,,,0,hungary,credited-by-mirror
Telegram: kirboristorik,kirboristorik,telegram,1,1,exclusive,hungary,,,0,hungary,credited-by-mirror
Telegram: pressria,pressria,telegram,1,1,exclusive,hungary,,,0,hungary,credited-by-mirror
Telegram: matveevkomment,matveevkomment,telegram,1,1,exclusive,hungary,,,0,hungary,credited-by-mirror
Telegram: agenarmageddon,agenarmageddon,telegram,1,1,exclusive,hungary,,,0,hungary,credited-by-mirror
Telegram: GruppePoppel,GruppePoppel,telegram,1,1,exclusive,hungary,,,0,hungary,credited-by-mirror
Telegram: rbcstyle,rbcstyle,telegram,1,1,exclusive,hungary,,,0,hungary,credited-by-mirror
Telegram: gvozdi5,gvozdi5,telegram,1,1,exclusive,hungary,,,0,hungary,credited-by-mirror
Telegram: dneprdk,dneprdk,telegram,1,1,exclusive,hungary,,,0,hungary,credited-by-mirror
Telegram: TheEconomisto,TheEconomisto,telegram,1,1,exclusive,hungary,,,0,hungary,credited-by-mirror
Telegram: DonJTrump,DonJTrump,telegram,1,1,exclusive,hungary,,,0,hungary,credited-by-mirror
Telegram: agendarussia,agendarussia,telegram,1,1,exclusive,hungary,,,0,hungary,credited-by-mirror
Telegram: RusskajaIdea,RusskajaIdea,telegram,1,1,exclusive,hungary,,,0,hungary,credited-by-mirror
Telegram: mezhevichnikolay,mezhevichnikolay,telegram,1,1,exclusive,hungary,,,0,hungary,credited-by-mirror
Telegram: viclecticas,viclecticas,telegram,1,1,exclusive,hungary,,,0,hungary,credited-by-mirror
Telegram: msimonyan,msimonyan,telegram,1,1,exclusive,hungary,,,0,hungary,credited-by-mirror
Telegram: orhoresistanse,orhoresistanse,telegram,1,1,exclusive,hungary,,,0,hungary,credited-by-mirror
Telegram: ksors_hu,ksors_hu,telegram,1,1,exclusive,hungary,,,0,hungary,credited-by-mirror
Telegram: altimurLA,altimurLA,telegram,1,1,exclusive,hungary,,,0,hungary,credited-by-mirror
Telegram: kollektiv_a,kollektiv_a,telegram,1,1,exclusive,hungary,,,0,hungary,credited-by-mirror
Telegram: nikolaylishin,nikolaylishin,telegram,1,1,exclusive,hungary,,,0,hungary,credited-by-mirror
Telegram: szelsobalarccalnevvel,szelsobalarccalnevvel,telegram,1,1,exclusive,hungary,,,0,hungary,credited-by-mirror
Telegram: kremlin_sekret,kremlin_sekret,telegram,1,1,exclusive,hungary,,,0,hungary,credited-by-mirror
Telegram: vestifinance_ru,vestifinance_ru,telegram,1,1,exclusive,hungary,,,0,hungary,credited-by-mirror
Telegram: lantosjanos,lantosjanos,telegram,1,1,exclusive,hungary,,,0,hungary,credited-by-mirror
Telegram: gerodot_history,gerodot_history,telegram,1,1,exclusive,hungary,,,0,hungary,credited-by-mirror
Telegram: bloodysx,bloodysx,telegram,1,1,exclusive,hungary,,,0,hungary,credited-by-mirror
Telegram: MatrixHungary,MatrixHungary,telegram,1,1,exclusive,hungary,,,0,hungary,credited-by-mirror
Telegram: Nemzeti_InternetFigyelo,Nemzeti_InternetFigyelo,telegram,1,1,exclusive,hungary,,,0,hungary,credited-by-mirror
Telegram: poptatiana,poptatiana,telegram,1,1,exclusive,hungary,,,0,hungary,credited-by-mirror
Telegram: geopolitics_prime,geopolitics_prime,telegram,1,1,exclusive,hungary,,,0,hungary,credited-by-mirror
Telegram: gogoKremlin,gogoKremlin,telegram,1,1,exclusive,hungary,,,0,hungary,credited-by-mirror
Telegram: intelslava,intelslava,telegram,1,1,exclusive,hungary,,,0,hungary,credited-by-mirror
Telegram: sovetnikvmir,sovetnikvmir,telegram,1,1,exclusive,hungary,,,0,hungary,credited-by-mirror
Telegram: PsyOpsMemes,PsyOpsMemes,telegram,1,1,exclusive,hungary,,,0,hungary,credited-by-mirror
Telegram: russicaRU,russicaRU,telegram,1,1,exclusive,hungary,,,0,hungary,credited-by-mirror
Telegram: rustroyka1945,rustroyka1945,telegram,1,1,exclusive,hungary,,,0,hungary,credited-by-mirror
Telegram: nstarikov_video,nstarikov_video,telegram,1,1,exclusive,hungary,,,0,hungary,credited-by-mirror
Telegram: kpnauka,kpnauka,telegram,1,1,exclusive,hungary,,,0,hungary,credited-by-mirror
Telegram: leib_hussar,leib_hussar,telegram,1,1,exclusive,hungary,,,0,hungary,credited-by-mirror
Telegram: gevorgyankarine,gevorgyankarine,telegram,1,1,exclusive,hungary,,,0,hungary,credited-by-mirror
Telegram: podcast_ukrainaru,podcast_ukrainaru,telegram,1,1,exclusive,hungary,,,0,hungary,credited-by-mirror
Telegram: federation_towers,federation_towers,telegram,1,1,exclusive,hungary,,,0,hungary,credited-by-mirror
Telegram: dosye_sk,dosye_sk,telegram,1,1,exclusive,hungary,,,0,hungary,credited-by-mirror
Telegram: deputatdumy,deputatdumy,telegram,1,1,exclusive,hungary,,,0,hungary,credited-by-mirror
Telegram: concertagency22,concertagency22,telegram,1,1,exclusive,hungary,,,0,hungary,credited-by-mirror
Telegram: yedkiy,yedkiy,telegram,1,1,exclusive,hungary,,,0,hungary,credited-by-mirror
MAX dolgareva,MAX dolgareva,max,1,1,exclusive,hungary,,,0,hungary,credited-by-mirror
Telegram: polk_1430,polk_1430,telegram,1,1,exclusive,hungary,,,0,hungary,credited-by-mirror
Telegram: consultashkent,consultashkent,telegram,1,1,exclusive,hungary,,,0,hungary,credited-by-mirror
MAX malekdudakov,MAX malekdudakov,max,1,1,exclusive,hungary,,,0,hungary,credited-by-mirror
MAX join/i-DmCPSXSxnQRfDLW8LghmJv1mRktQ2c2mtJF-luaOo,MAX join/i-DmCPSXSxnQRfDLW8LghmJv1mRktQ2c2mtJF-luaOo,max,1,1,exclusive,hungary,,,0,hungary,credited-by-mirror
MAX mintransrussia,MAX mintransrussia,max,1,1,exclusive,hungary,,,0,hungary,credited-by-mirror
MAX rybar_regions,MAX rybar_regions,max,1,1,exclusive,hungary,,,0,hungary,credited-by-mirror
Telegram: zapiskiamerikanista,zapiskiamerikanista,telegram,1,1,exclusive,hungary,,,0,hungary,credited-by-mirror
Telegram: A000MP97,A000MP97,telegram,1,1,exclusive,hungary,,,0,hungary,credited-by-mirror
Telegram: fadeystories,fadeystories,telegram,1,1,exclusive,hungary,,,0,hungary,credited-by-mirror
Telegram: szkeptikus,szkeptikus,telegram,1,1,exclusive,hungary,,,0,hungary,credited-by-mirror
MAX kommersantvrn,MAX kommersantvrn,max,1,1,exclusive,hungary,,,0,hungary,credited-by-mirror
Telegram: Kharkov_Perviy,Kharkov_Perviy,telegram,1,1,exclusive,hungary,,,0,hungary,credited-by-mirror
MAX gosnadzorru,MAX gosnadzorru,max,1,1,exclusive,hungary,,,0,hungary,credited-by-mirror
MAX vz,MAX vz,max,1,1,exclusive,hungary,,,0,hungary,credited-by-mirror
MAX annashafran,MAX annashafran,max,1,1,exclusive,hungary,,,0,hungary,credited-by-mirror
MAX join/zrTMI0SEXdtRtfIyTzuKNnX3LRQWSXrbUgXktpaKesU,MAX join/zrTMI0SEXdtRtfIyTzuKNnX3LRQWSXrbUgXktpaKesU,max,1,1,exclusive,hungary,,,0,hungary,credited-by-mirror
Telegram: DigitalSolider,DigitalSolider,telegram,1,1,exclusive,hungary,,,0,hungary,credited-by-mirror
Telegram: betweenprigov,betweenprigov,telegram,1,1,exclusive,hungary,,,0,hungary,credited-by-mirror
Telegram: speckorrespondent,speckorrespondent,telegram,1,1,exclusive,hungary,,,0,hungary,credited-by-mirror
MAX dumatv,MAX dumatv,max,1,1,exclusive,hungary,,,0,hungary,credited-by-mirror
MAX mincultrussia,MAX mincultrussia,max,1,1,exclusive,hungary,,,0,hungary,credited-by-mirror
Telegram: StillavinToday,StillavinToday,telegram,1,1,exclusive,hungary,,,0,hungary,credited-by-mirror
MAX join/nMRPRxK7yw-Ghovf4X51z4CPY-diy6JXHA8j4oWUcQA,MAX join/nMRPRxK7yw-Ghovf4X51z4CPY-diy6JXHA8j4oWUcQA,max,1,1,exclusive,hungary,,,0,hungary,credited-by-mirror
MAX roskazna,MAX roskazna,max,1,1,exclusive,hungary,,,0,hungary,credited-by-mirror
MAX cossack_pika,MAX cossack_pika,max,1,1,exclusive,hungary,,,0,hungary,credited-by-mirror
MAX fmba_rossii,MAX fmba_rossii,max,1,1,exclusive,hungary,,,0,hungary,credited-by-mirror
MAX mezhevichnikolay,MAX mezhevichnikolay,max,1,1,exclusive,hungary,,,0,hungary,credited-by-mirror
MAX Degtyarev_Info,MAX Degtyarev_Info,max,1,1,exclusive,hungary,,,0,hungary,credited-by-mirror
Telegram: magyarkultura,magyarkultura,telegram,1,1,exclusive,hungary,,,0,hungary,credited-by-mirror
Telegram: nucapb_pyc,nucapb_pyc,telegram,1,1,exclusive,hungary,,,0,hungary,credited-by-mirror
Telegram: tsargradtv_stream,tsargradtv_stream,telegram,1,1,exclusive,romania,,,0,romania,credited-by-mirror
Telegram: nechaev_official,nechaev_official,telegram,1,1,exclusive,romania,,,0,romania,credited-by-mirror
Telegram: tolk_tolk,tolk_tolk,telegram,1,1,exclusive,romania,,,0,romania,credited-by-mirror
Telegram: mash_gor,mash_gor,telegram,1,1,exclusive,romania,,,0,romania,credited-by-mirror
Telegram: otec_nikita,otec_nikita,telegram,1,1,exclusive,romania,,,0,romania,credited-by-mirror
Telegram: remeslaw,remeslaw,telegram,1,1,exclusive,romania,,,0,romania,credited-by-mirror
Telegram: sporssokratom,sporssokratom,telegram,1,1,exclusive,romania,,,0,romania,credited-by-mirror
Telegram: governorsjew,governorsjew,telegram,1,1,exclusive,romania,,,0,romania,credited-by-mirror
Telegram: needleraw,needleraw,telegram,1,1,exclusive,romania,,,0,romania,credited-by-mirror
Telegram: politic0n,politic0n,telegram,1,1,exclusive,romania,,,0,romania,credited-by-mirror
Telegram: minskctvby,minskctvby,telegram,1,1,exclusive,romania,,,0,romania,credited-by-mirror
Telegram: borisgeoenergetic,borisgeoenergetic,telegram,1,1,exclusive,romania,,,0,romania,credited-by-mirror
Telegram: ROMATRIXOFFChannel,ROMATRIXOFFChannel,telegram,1,1,exclusive,romania,,,0,romania,credited-by-mirror
Telegram: h1ghl1ghts,h1ghl1ghts,telegram,1,1,exclusive,romania,,,0,romania,credited-by-mirror
Telegram: SputnikAbkhazia,SputnikAbkhazia,telegram,1,1,exclusive,romania,,,0,romania,credited-by-mirror
Telegram: belarus_antifake,belarus_antifake,telegram,1,1,exclusive,romania,,,0,romania,credited-by-mirror
Telegram: ElenaPorubin,ElenaPorubin,telegram,1,1,exclusive,romania,,,0,romania,credited-by-mirror
Telegram: yaremshooter,yaremshooter,telegram,1,1,exclusive,romania,,,0,romania,credited-by-mirror
Telegram: mir_russkoi_mysli,mir_russkoi_mysli,telegram,1,1,exclusive,romania,,,0,romania,credited-by-mirror
Telegram: DanMVChiticNecenzurat,DanMVChiticNecenzurat,telegram,1,1,exclusive,romania,,,0,romania,credited-by-mirror
Telegram: tapokmusic,tapokmusic,telegram,1,1,exclusive,romania,,,0,romania,credited-by-mirror
Telegram: rf_history,rf_history,telegram,1,1,exclusive,romania,,,0,romania,credited-by-mirror
Telegram: Deputat_Malkevich,Deputat_Malkevich,telegram,1,1,exclusive,romania,,,0,romania,credited-by-mirror
Telegram: xydessa,xydessa,telegram,1,1,exclusive,romania,,,0,romania,credited-by-mirror
Telegram: ru_global,ru_global,telegram,1,1,exclusive,romania,,,0,romania,credited-by-mirror
Telegram: aviasalonmaks,aviasalonmaks,telegram,1,1,exclusive,romania,,,0,romania,credited-by-mirror
Telegram: rtvinews,rtvinews,telegram,1,1,exclusive,romania,,,0,romania,credited-by-mirror
Telegram: deputatmihailasca,deputatmihailasca,telegram,1,1,exclusive,romania,,,0,romania,credited-by-mirror
Telegram: migrpost,migrpost,telegram,1,1,exclusive,romania,,,0,romania,credited-by-mirror
Telegram: klimzhukoff,klimzhukoff,telegram,1,1,exclusive,romania,,,0,romania,credited-by-mirror
Telegram: kremlin_mother_expert,kremlin_mother_expert,telegram,1,1,exclusive,romania,,,0,romania,credited-by-mirror
Telegram: bespokegun,bespokegun,telegram,1,1,exclusive,romania,,,0,romania,credited-by-mirror
Telegram: live_mikolaev,live_mikolaev,telegram,1,1,exclusive,romania,,,0,romania,credited-by-mirror
Telegram: dixi_devil,dixi_devil,telegram,1,1,exclusive,romania,,,0,romania,credited-by-mirror
Telegram: basilicanews,basilicanews,telegram,1,1,exclusive,romania,,,0,romania,credited-by-mirror
Telegram: vashastaya,vashastaya,telegram,1,1,exclusive,romania,,,0,romania,credited-by-mirror
Telegram: dumabrief,dumabrief,telegram,1,1,exclusive,romania,,,0,romania,credited-by-mirror
Telegram: calintudose,calintudose,telegram,1,1,exclusive,romania,,,0,romania,credited-by-mirror
Telegram: covid19_moldova,covid19_moldova,telegram,1,1,exclusive,romania,,,0,romania,credited-by-mirror
Telegram: tuckerrus,tuckerrus,telegram,1,1,exclusive,romania,,,0,romania,credited-by-mirror
Telegram: MaximYusin,MaximYusin,telegram,1,1,exclusive,romania,,,0,romania,credited-by-mirror
Telegram: colonel_cassad,colonel_cassad,telegram,1,1,exclusive,romania,,,0,romania,credited-by-mirror
Telegram: ros_patriot,ros_patriot,telegram,1,1,exclusive,romania,,,0,romania,credited-by-mirror
Telegram: makonews_ru,makonews_ru,telegram,1,1,exclusive,romania,,,0,romania,credited-by-mirror
rospotrebnadzor.ru,rospotrebnadzor.ru,domain,1,1,exclusive,romania,,,0,romania,credited-by-mirror
Telegram: mesto_vstrechi_ntv,mesto_vstrechi_ntv,telegram,1,1,exclusive,romania,,,0,romania,credited-by-mirror
Telegram: combat_engineer,combat_engineer,telegram,1,1,exclusive,romania,,,0,romania,credited-by-mirror
Telegram: worldandwe,worldandwe,telegram,1,1,exclusive,romania,,,0,romania,credited-by-mirror
Telegram: truekpspbru,truekpspbru,telegram,1,1,exclusive,romania,,,0,romania,credited-by-mirror
Telegram: mediasrachi3,mediasrachi3,telegram,1,1,exclusive,romania,,,0,romania,credited-by-mirror
scrf.gov.ru,scrf.gov.ru,domain,1,1,exclusive,romania,,,0,romania,credited-by-mirror
Telegram: ZiuaMoldova,ZiuaMoldova,telegram,1,1,exclusive,romania,,,0,romania,credited-by-mirror
Telegram: RussianHohGirl,RussianHohGirl,telegram,1,1,exclusive,romania,,,0,romania,credited-by-mirror
Telegram: casadenebuni,casadenebuni,telegram,1,1,exclusive,romania,,,0,romania,credited-by-mirror
Telegram: kovcheg_noemi,kovcheg_noemi,telegram,1,1,exclusive,romania,,,0,romania,credited-by-mirror
Telegram: help_ukrs,help_ukrs,telegram,1,1,exclusive,romania,,,0,romania,credited-by-mirror
Telegram: mikhael_slam,mikhael_slam,telegram,1,1,exclusive,romania,,,0,romania,credited-by-mirror
Telegram: valdaiclub,valdaiclub,telegram,1,1,exclusive,romania,,,0,romania,credited-by-mirror
Telegram: ExpressAsia,ExpressAsia,telegram,1,1,exclusive,romania,,,0,romania,credited-by-mirror
Telegram: egoryakovleff,egoryakovleff,telegram,1,1,exclusive,romania,,,0,romania,credited-by-mirror
Telegram: On_War_On_War,On_War_On_War,telegram,1,1,exclusive,romania,,,0,romania,credited-by-mirror
Telegram: jnb_news,jnb_news,telegram,1,1,exclusive,romania,,,0,romania,credited-by-mirror
Telegram: voenacherclub,voenacherclub,telegram,1,1,exclusive,romania,,,0,romania,credited-by-mirror
Telegram: aur_moldova,aur_moldova,telegram,1,1,exclusive,romania,,,0,romania,credited-by-mirror
Telegram: akhmat_spn_bat_vaha,akhmat_spn_bat_vaha,telegram,1,1,exclusive,romania,,,0,romania,credited-by-mirror
Telegram: tatianaiovv,tatianaiovv,telegram,1,1,exclusive,romania,,,0,romania,credited-by-mirror
Telegram: Chitat_v_Sretenke,Chitat_v_Sretenke,telegram,1,1,exclusive,romania,,,0,romania,credited-by-mirror
Telegram: anatolieblog,anatolieblog,telegram,1,1,exclusive,romania,,,0,romania,credited-by-mirror
Telegram: despredemocratieinamerica,despredemocratieinamerica,telegram,1,1,exclusive,romania,,,0,romania,credited-by-mirror
Telegram: AnastasyBardina,AnastasyBardina,telegram,1,1,exclusive,romania,,,0,romania,credited-by-mirror
Telegram: suverenka,suverenka,telegram,1,1,exclusive,romania,,,0,romania,credited-by-mirror
Telegram: pani_gornoskul,pani_gornoskul,telegram,1,1,exclusive,romania,,,0,romania,credited-by-mirror
Telegram: eurasianvolk,eurasianvolk,telegram,1,1,exclusive,romania,,,0,romania,credited-by-mirror
Telegram: COGITOErgoSum2024,COGITOErgoSum2024,telegram,1,1,exclusive,romania,,,0,romania,credited-by-mirror
Telegram: infomil_live,infomil_live,telegram,1,1,exclusive,romania,,,0,romania,credited-by-mirror
Telegram: OttorjennayaVozvratih,OttorjennayaVozvratih,telegram,1,1,exclusive,romania,,,0,romania,credited-by-mirror
Telegram: federiuc,federiuc,telegram,1,1,exclusive,romania,,,0,romania,credited-by-mirror
Telegram: adekvatno_sumy,adekvatno_sumy,telegram,1,1,exclusive,romania,,,0,romania,credited-by-mirror
Telegram: bahur_diary,bahur_diary,telegram,1,1,exclusive,romania,,,0,romania,credited-by-mirror
Telegram: myachPRO,myachPRO,telegram,1,1,exclusive,romania,,,0,romania,credited-by-mirror
Telegram: Alexandr_Semenov,Alexandr_Semenov,telegram,1,1,exclusive,romania,,,0,romania,credited-by-mirror
Telegram: nikastrizhak,nikastrizhak,telegram,1,1,exclusive,romania,,,0,romania,credited-by-mirror
Telegram: tass_south,tass_south,telegram,1,1,exclusive,romania,,,0,romania,credited-by-mirror
Telegram: sovintern_ru,sovintern_ru,telegram,1,1,exclusive,romania,,,0,romania,credited-by-mirror
Telegram: war24022022,war24022022,telegram,1,1,exclusive,romania,,,0,romania,credited-by-mirror
MAX razin_ZOV,MAX razin_ZOV,max,1,1,exclusive,romania,,,0,romania,credited-by-mirror
Telegram: geranium_chronicles,geranium_chronicles,telegram,1,1,exclusive,romania,,,0,romania,credited-by-mirror
MAX bye_biden,MAX bye_biden,max,1,1,exclusive,romania,,,0,romania,credited-by-mirror
Telegram: Safir_Analytics,Safir_Analytics,telegram,1,1,exclusive,romania,,,0,romania,credited-by-mirror
Telegram: first_political,first_political,telegram,1,1,exclusive,romania,,,0,romania,credited-by-mirror
MAX RodionMiroshnik,MAX RodionMiroshnik,max,1,1,exclusive,romania,,,0,romania,credited-by-mirror
MAX join/QgKEPdCe-paA23bNmoHtiliTZsUcxP2fan5m0-wo-f4,MAX join/QgKEPdCe-paA23bNmoHtiliTZsUcxP2fan5m0-wo-f4,max,1,1,exclusive,romania,,,0,romania,credited-by-mirror
MAX vv_volodin,MAX vv_volodin,max,1,1,exclusive,romania,,,0,romania,credited-by-mirror
MAX er_molnia,MAX er_molnia,max,1,1,exclusive,romania,,,0,romania,credited-by-mirror
Telegram: kinbyrn,kinbyrn,telegram,1,1,exclusive,romania,,,0,romania,credited-by-mirror
MAX olympic_russia,MAX olympic_russia,max,1,1,exclusive,romania,,,0,romania,credited-by-mirror
MAX join/c2xJHCRreoSlqHb1OvtYgaZs4HHQfuxCVvoSXXjYL1E,MAX join/c2xJHCRreoSlqHb1OvtYgaZs4HHQfuxCVvoSXXjYL1E,max,1,1,exclusive,romania,,,0,romania,credited-by-mirror
Telegram: cyberpoolofsharks,cyberpoolofsharks,telegram,1,1,exclusive,romania,,,0,romania,credited-by-mirror
MAX fgymrussia,MAX fgymrussia,max,1,1,exclusive,romania,,,0,romania,credited-by-mirror
Telegram: galanintim,galanintim,telegram,1,1,exclusive,romania,,,0,romania,credited-by-mirror
Telegram: soyuzveteranovsledstviya,soyuzveteranovsledstviya,telegram,1,1,exclusive,romania,,,0,romania,credited-by-mirror
Telegram: rbtshki,rbtshki,telegram,1,1,exclusive,romania,,,0,romania,credited-by-mirror
MAX channel_smotri_media,MAX channel_smotri_media,max,1,1,exclusive,romania,,,0,romania,credited-by-mirror
Telegram: brekotin_sergey,brekotin_sergey,telegram,1,1,exclusive,romania,,,0,romania,credited-by-mirror
Telegram: russkiy_opolchenec,russkiy_opolchenec,telegram,1,1,exclusive,romania,,,0,romania,credited-by-mirror
MAX margaritasimonyan,MAX margaritasimonyan,max,1,1,exclusive,romania,,,0,romania,credited-by-mirror
Telegram: volnazona,volnazona,telegram,1,1,exclusive,slovakia,,,0,slovakia,credited-by-mirror
Telegram: gancoviny,gancoviny,telegram,1,1,exclusive,slovakia,,,0,slovakia,credited-by-mirror
Telegram: novoe_pokolenie_rs,novoe_pokolenie_rs,telegram,1,1,exclusive,slovakia,,,0,slovakia,credited-by-mirror
Telegram: televiziaslovannazivo,televiziaslovannazivo,telegram,1,1,exclusive,slovakia,,,0,slovakia,credited-by-mirror
Telegram: michalaganovska,michalaganovska,telegram,1,1,exclusive,slovakia,,,0,slovakia,credited-by-mirror
Telegram: gpkgovby,gpkgovby,telegram,1,1,exclusive,slovakia,,,0,slovakia,credited-by-mirror
Telegram: rbcbelgrad,rbcbelgrad,telegram,1,1,exclusive,slovakia,,,0,slovakia,credited-by-mirror
Telegram: sami_kak_deti,sami_kak_deti,telegram,1,1,exclusive,slovakia,,,0,slovakia,credited-by-mirror
Telegram: TrumpJr,TrumpJr,telegram,1,1,exclusive,slovakia,,,0,slovakia,credited-by-mirror
Telegram: robopappzivyclovek,robopappzivyclovek,telegram,1,1,exclusive,slovakia,,,0,slovakia,credited-by-mirror
Telegram: dannyKonfrontujeXko,dannyKonfrontujeXko,telegram,1,1,exclusive,slovakia,,,0,slovakia,credited-by-mirror
Telegram: gretanoe,gretanoe,telegram,1,1,exclusive,slovakia,,,0,slovakia,credited-by-mirror
Telegram: petragrebacova,petragrebacova,telegram,1,1,exclusive,slovakia,,,0,slovakia,credited-by-mirror
Telegram: piranablog,piranablog,telegram,1,1,exclusive,slovakia,,,0,slovakia,credited-by-mirror
Telegram: agroexpert_press,agroexpert_press,telegram,1,1,exclusive,slovakia,,,0,slovakia,credited-by-mirror
Telegram: academic_crack_z,academic_crack_z,telegram,1,1,exclusive,slovakia,,,0,slovakia,credited-by-mirror
Telegram: sevindex,sevindex,telegram,1,1,exclusive,slovakia,,,0,slovakia,credited-by-mirror
Telegram: moscow_tass,moscow_tass,telegram,1,1,exclusive,slovakia,,,0,slovakia,credited-by-mirror
Telegram: OilGasGame,OilGasGame,telegram,1,1,exclusive,slovakia,,,0,slovakia,credited-by-mirror
Telegram: Lendlizvolkova,Lendlizvolkova,telegram,1,1,exclusive,slovakia,,,0,slovakia,credited-by-mirror
Telegram: lgbtq_xyz,lgbtq_xyz,telegram,1,1,exclusive,slovakia,,,0,slovakia,credited-by-mirror
Telegram: EZOfit,EZOfit,telegram,1,1,exclusive,slovakia,,,0,slovakia,credited-by-mirror
Telegram: diomeddog,diomeddog,telegram,1,1,exclusive,slovakia,,,0,slovakia,credited-by-mirror
Telegram: SHOSlovensko,SHOSlovensko,telegram,1,1,exclusive,slovakia,,,0,slovakia,credited-by-mirror
Telegram: russianonwars,russianonwars,telegram,1,1,exclusive,slovakia,,,0,slovakia,credited-by-mirror
Telegram: Gorchakov_Fund,Gorchakov_Fund,telegram,1,1,exclusive,slovakia,,,0,slovakia,credited-by-mirror
Telegram: ru4chan,ru4chan,telegram,1,1,exclusive,slovakia,,,0,slovakia,credited-by-mirror
Telegram: mosdoms,mosdoms,telegram,1,1,exclusive,slovakia,,,0,slovakia,credited-by-mirror
Telegram: ne_caxar_live,ne_caxar_live,telegram,1,1,exclusive,slovakia,,,0,slovakia,credited-by-mirror
Telegram: rusmirmedia,rusmirmedia,telegram,1,1,exclusive,slovakia,,,0,slovakia,credited-by-mirror
Telegram: prlib,prlib,telegram,1,1,exclusive,slovakia,,,0,slovakia,credited-by-mirror
Telegram: rddm_official,rddm_official,telegram,1,1,exclusive,slovakia,,,0,slovakia,credited-by-mirror
Telegram: moskwa_life,moskwa_life,telegram,1,1,exclusive,slovakia,,,0,slovakia,credited-by-mirror
Telegram: youthrussia,youthrussia,telegram,1,1,exclusive,slovakia,,,0,slovakia,credited-by-mirror
Telegram: peterchmelo,peterchmelo,telegram,1,1,exclusive,slovakia,,,0,slovakia,credited-by-mirror
Telegram: sheptoon,sheptoon,telegram,1,1,exclusive,slovakia,,,0,slovakia,credited-by-mirror
Telegram: gor_bryansk,gor_bryansk,telegram,1,1,exclusive,slovakia,,,0,slovakia,credited-by-mirror
Telegram: vprossia,vprossia,telegram,1,1,exclusive,slovakia,,,0,slovakia,credited-by-mirror
Telegram: wfg2O24,wfg2O24,telegram,1,1,exclusive,slovakia,,,0,slovakia,credited-by-mirror
Telegram: tactical_13,tactical_13,telegram,1,1,exclusive,slovakia,,,0,slovakia,credited-by-mirror
meteorf.gov.ru,meteorf.gov.ru,domain,1,1,exclusive,slovakia,,,0,slovakia,credited-by-mirror
Telegram: lorettapinke,lorettapinke,telegram,1,1,exclusive,slovakia,,,0,slovakia,credited-by-mirror
Telegram: WSBOH_Official,WSBOH_Official,telegram,1,1,exclusive,slovakia,,,0,slovakia,credited-by-mirror
Telegram: ukol_z,ukol_z,telegram,1,1,exclusive,slovakia,,,0,slovakia,credited-by-mirror
Telegram: rabotaetlim,rabotaetlim,telegram,1,1,exclusive,slovakia,,,0,slovakia,credited-by-mirror
Telegram: russi_iran,russi_iran,telegram,1,1,exclusive,slovakia,,,0,slovakia,credited-by-mirror
Telegram: Life_underZoccupati,Life_underZoccupati,telegram,1,1,exclusive,slovakia,,,0,slovakia,credited-by-mirror
Telegram: papinoradio1076,papinoradio1076,telegram,1,1,exclusive,slovakia,,,0,slovakia,credited-by-mirror
Telegram: nepoucitelni,nepoucitelni,telegram,1,1,exclusive,slovakia,,,0,slovakia,credited-by-mirror
Telegram: gnoma77,gnoma77,telegram,1,1,exclusive,slovakia,,,0,slovakia,credited-by-mirror
Telegram: kkdolgov,kkdolgov,telegram,1,1,exclusive,slovakia,,,0,slovakia,credited-by-mirror
Telegram: DonbassMediaGroup,DonbassMediaGroup,telegram,1,1,exclusive,slovakia,,,0,slovakia,credited-by-mirror
Telegram: AzeSputnik,AzeSputnik,telegram,1,1,exclusive,slovakia,,,0,slovakia,credited-by-mirror
Telegram: EkaBalaskovaHD,EkaBalaskovaHD,telegram,1,1,exclusive,slovakia,,,0,slovakia,credited-by-mirror
Telegram: lanabadvan,lanabadvan,telegram,1,1,exclusive,slovakia,,,0,slovakia,credited-by-mirror
Telegram: radio22dc,radio22dc,telegram,1,1,exclusive,slovakia,,,0,slovakia,credited-by-mirror
Telegram: geopolitics_live,geopolitics_live,telegram,1,1,exclusive,slovakia,,,0,slovakia,credited-by-mirror
Telegram: metapolitika,metapolitika,telegram,1,1,exclusive,slovakia,,,0,slovakia,credited-by-mirror
Telegram: frontinusofficial,frontinusofficial,telegram,1,1,exclusive,slovakia,,,0,slovakia,credited-by-mirror
Telegram: revoluciajesloboda,revoluciajesloboda,telegram,1,1,exclusive,slovakia,,,0,slovakia,credited-by-mirror
Telegram: abnspravodajstvo,abnspravodajstvo,telegram,1,1,exclusive,slovakia,,,0,slovakia,credited-by-mirror
Telegram: hlavnydennik,hlavnydennik,telegram,1,1,exclusive,slovakia,,,0,slovakia,credited-by-mirror
Telegram: rsotmvideo,rsotmvideo,telegram,1,1,exclusive,slovakia,,,0,slovakia,credited-by-mirror
Telegram: kanalklubunekonvencnemysliacich,kanalklubunekonvencnemysliacich,telegram,1,1,exclusive,slovakia,,,0,slovakia,credited-by-mirror
Telegram: politikazdravie,politikazdravie,telegram,1,1,exclusive,slovakia,,,0,slovakia,credited-by-mirror
Telegram: kpdvru,kpdvru,telegram,1,1,exclusive,slovakia,,,0,slovakia,credited-by-mirror
Telegram: dzermant,dzermant,telegram,1,1,exclusive,slovakia,,,0,slovakia,credited-by-mirror
Telegram: stratagempro,stratagempro,telegram,1,1,exclusive,slovakia,,,0,slovakia,credited-by-mirror
Telegram: nelaliskova,nelaliskova,telegram,1,1,exclusive,slovakia,,,0,slovakia,credited-by-mirror
Telegram: soitbeginsvivalarevolution,soitbeginsvivalarevolution,telegram,1,1,exclusive,slovakia,,,0,slovakia,credited-by-mirror
Telegram: sanctionsrisk,sanctionsrisk,telegram,1,1,exclusive,slovakia,,,0,slovakia,credited-by-mirror
Telegram: ariadneknihy,ariadneknihy,telegram,1,1,exclusive,slovakia,,,0,slovakia,credited-by-mirror
Telegram: TartarieZije,TartarieZije,telegram,1,1,exclusive,slovakia,,,0,slovakia,credited-by-mirror
Telegram: KanalChemtrailsHaarp,KanalChemtrailsHaarp,telegram,1,1,exclusive,slovakia,,,0,slovakia,credited-by-mirror
Telegram: realfikisulik,realfikisulik,telegram,1,1,exclusive,slovakia,,,0,slovakia,credited-by-mirror
Telegram: cactus_bielli,cactus_bielli,telegram,1,1,exclusive,slovakia,,,0,slovakia,credited-by-mirror
Telegram: nationalprojectsru,nationalprojectsru,telegram,1,1,exclusive,slovakia,,,0,slovakia,credited-by-mirror
Telegram: lusisoficintula,lusisoficintula,telegram,1,1,exclusive,slovakia,,,0,slovakia,credited-by-mirror
Telegram: martin_b_official,martin_b_official,telegram,1,1,exclusive,slovakia,,,0,slovakia,credited-by-mirror
Telegram: ZlataCesko,ZlataCesko,telegram,1,1,exclusive,slovakia,,,0,slovakia,credited-by-mirror
Telegram: robinmg,robinmg,telegram,1,1,exclusive,slovakia,,,0,slovakia,credited-by-mirror
Telegram: miroilias,miroilias,telegram,1,1,exclusive,slovakia,,,0,slovakia,credited-by-mirror
Telegram: TG_spravy,TG_spravy,telegram,1,1,exclusive,slovakia,,,0,slovakia,credited-by-mirror
Telegram: TuckerCarlsonNetwork,TuckerCarlsonNetwork,telegram,1,1,exclusive,slovakia,,,0,slovakia,credited-by-mirror
Telegram: sportspravy_sk,sportspravy_sk,telegram,1,1,exclusive,slovakia,,,0,slovakia,credited-by-mirror
Telegram: richislovakia,richislovakia,telegram,1,1,exclusive,slovakia,,,0,slovakia,credited-by-mirror
Telegram: gibdd38region,gibdd38region,telegram,1,1,exclusive,slovakia,,,0,slovakia,credited-by-mirror
Telegram: CasusBelliint,CasusBelliint,telegram,1,1,exclusive,slovakia,,,0,slovakia,credited-by-mirror
Telegram: martindano1976,martindano1976,telegram,1,1,exclusive,slovakia,,,0,slovakia,credited-by-mirror
Telegram: zenyvsukni,zenyvsukni,telegram,1,1,exclusive,slovakia,,,0,slovakia,credited-by-mirror
Telegram: farsna,farsna,telegram,1,1,exclusive,slovakia,,,0,slovakia,credited-by-mirror
Telegram: zlatasovaofficial,zlatasovaofficial,telegram,1,1,exclusive,slovakia,,,0,slovakia,credited-by-mirror
Telegram: wyffest,wyffest,telegram,1,1,exclusive,slovakia,,,0,slovakia,credited-by-mirror
Telegram: apokalypsenews,apokalypsenews,telegram,1,1,exclusive,slovakia,,,0,slovakia,credited-by-mirror
Telegram: mskriminalistov,mskriminalistov,telegram,1,1,exclusive,slovakia,,,0,slovakia,credited-by-mirror
MAX minenergo_official,MAX minenergo_official,max,1,1,exclusive,slovakia,,,0,slovakia,credited-by-mirror
MAX olga_b_lyubimova,MAX olga_b_lyubimova,max,1,1,exclusive,slovakia,,,0,slovakia,credited-by-mirror
Telegram: revoluciapravda,revoluciapravda,telegram,1,1,exclusive,slovakia,,,0,slovakia,credited-by-mirror
Telegram: informburo_sfd,informburo_sfd,telegram,1,1,exclusive,slovakia,,,0,slovakia,credited-by-mirror
MAX kd_mid,MAX kd_mid,max,1,1,exclusive,slovakia,,,0,slovakia,credited-by-mirror
MAX mizulina,MAX mizulina,max,1,1,exclusive,slovakia,,,0,slovakia,credited-by-mirror
Telegram: annabelousovova,annabelousovova,telegram,1,1,exclusive,slovakia,,,0,slovakia,credited-by-mirror
MAX dvkp,MAX dvkp,max,1,1,exclusive,slovakia,,,0,slovakia,credited-by-mirror
Telegram: TGNoviny,TGNoviny,telegram,1,1,exclusive,slovakia,,,0,slovakia,credited-by-mirror
Telegram: hc_avtomobilist,hc_avtomobilist,telegram,1,1,exclusive,slovakia,,,0,slovakia,credited-by-mirror
