source,mirror,credits,relationship
1tv.ru,czechia,27,credited-by-mirror
1tv.ru,deutsch,744,credited-by-mirror
1tv.ru,hungary,35,credited-by-mirror
1tv.ru,moldova,33,credited-by-mirror
1tv.ru,poland,332,credited-by-mirror
1tv.ru,romania,19,credited-by-mirror
1tv.ru,slovakia,41,credited-by-mirror
MAX ASGasparyan,czechia,3,credited-by-mirror
MAX ASGasparyan,deutsch,40,credited-by-mirror
MAX ASGasparyan,moldova,17,credited-by-mirror
MAX ASGasparyan,poland,17,credited-by-mirror
MAX ASGasparyan,romania,2,credited-by-mirror
MAX Degtyarev_Info,hungary,1,credited-by-mirror
MAX DmitriySteshin,deutsch,22,credited-by-mirror
MAX DmitriySteshin,hungary,3,credited-by-mirror
MAX DmitriySteshin,moldova,4,credited-by-mirror
MAX DmitriySteshin,poland,7,credited-by-mirror
MAX DmitriySteshin,romania,3,credited-by-mirror
MAX DmitriySteshin,slovakia,1,credited-by-mirror
MAX EvPanina,deutsch,13,credited-by-mirror
MAX EvPanina,poland,3,credited-by-mirror
MAX FuneralTrust,czechia,1,credited-by-mirror
MAX GardeZ66,poland,3,credited-by-mirror
MAX GardeZ66,romania,2,credited-by-mirror
MAX KosachevKI,hungary,1,credited-by-mirror
MAX KosachevKI,romania,1,credited-by-mirror
MAX MID_Russia,czechia,3,credited-by-mirror
MAX MID_Russia,deutsch,84,credited-by-mirror
MAX MID_Russia,hungary,11,credited-by-mirror
MAX MID_Russia,moldova,23,credited-by-mirror
MAX MID_Russia,poland,9,credited-by-mirror
MAX MID_Russia,romania,13,credited-by-mirror
MAX MID_Russia,slovakia,5,credited-by-mirror
MAX MarAh,deutsch,33,credited-by-mirror
MAX MarAh,hungary,1,credited-by-mirror
MAX MarAh,moldova,3,credited-by-mirror
MAX MarAh,poland,7,credited-by-mirror
MAX MarAh,romania,1,credited-by-mirror
MAX MedvedevVesti,czechia,2,credited-by-mirror
MAX MedvedevVesti,deutsch,47,credited-by-mirror
MAX MedvedevVesti,hungary,7,credited-by-mirror
MAX MedvedevVesti,moldova,3,credited-by-mirror
MAX MedvedevVesti,poland,10,credited-by-mirror
MAX MedvedevVesti,romania,8,credited-by-mirror
MAX MedvedevVesti,slovakia,2,credited-by-mirror
MAX Mikle1On,czechia,6,credited-by-mirror
MAX Mikle1On,deutsch,191,credited-by-mirror
MAX Mikle1On,hungary,7,credited-by-mirror
MAX Mikle1On,moldova,6,credited-by-mirror
MAX Mikle1On,poland,58,credited-by-mirror
MAX Mikle1On,romania,10,credited-by-mirror
MAX Mikle1On,slovakia,1,credited-by-mirror
MAX NeoficialniyBeZsonoV,deutsch,34,credited-by-mirror
MAX NeoficialniyBeZsonoV,hungary,4,credited-by-mirror
MAX NeoficialniyBeZsonoV,moldova,5,credited-by-mirror
MAX NeoficialniyBeZsonoV,poland,13,credited-by-mirror
MAX NeoficialniyBeZsonoV,romania,4,credited-by-mirror
MAX OstashkoNews,czechia,9,credited-by-mirror
MAX OstashkoNews,deutsch,430,credited-by-mirror
MAX OstashkoNews,hungary,16,credited-by-mirror
MAX OstashkoNews,moldova,21,credited-by-mirror
MAX OstashkoNews,poland,88,credited-by-mirror
MAX OstashkoNews,romania,27,credited-by-mirror
MAX OstashkoNews,slovakia,16,credited-by-mirror
MAX PanchenkoNews,czechia,8,credited-by-mirror
MAX PanchenkoNews,deutsch,34,credited-by-mirror
MAX PanchenkoNews,hungary,15,credited-by-mirror
MAX PanchenkoNews,moldova,7,credited-by-mirror
MAX PanchenkoNews,poland,53,credited-by-mirror
MAX PanchenkoNews,romania,12,credited-by-mirror
MAX PanchenkoNews,slovakia,13,credited-by-mirror
MAX RT,czechia,9,credited-by-mirror
MAX RT,deutsch,178,credited-by-mirror
MAX RT,hungary,15,credited-by-mirror
MAX RT,moldova,20,credited-by-mirror
MAX RT,poland,75,credited-by-mirror
MAX RT,romania,22,credited-by-mirror
MAX RT,slovakia,12,credited-by-mirror
MAX RVvoenkor,czechia,6,credited-by-mirror
MAX RVvoenkor,deutsch,210,credited-by-mirror
MAX RVvoenkor,hungary,13,credited-by-mirror
MAX RVvoenkor,moldova,8,credited-by-mirror
MAX RVvoenkor,poland,49,credited-by-mirror
MAX RVvoenkor,romania,18,credited-by-mirror
MAX RVvoenkor,slovakia,7,credited-by-mirror
MAX RodionMiroshnik,romania,1,credited-by-mirror
MAX RosgvardOfficial,deutsch,8,credited-by-mirror
MAX RosgvardOfficial,hungary,1,credited-by-mirror
MAX RosgvardOfficial,romania,1,credited-by-mirror
MAX RtrDonetsk,czechia,1,credited-by-mirror
MAX RtrDonetsk,deutsch,35,credited-by-mirror
MAX RtrDonetsk,hungary,4,credited-by-mirror
MAX RtrDonetsk,poland,7,credited-by-mirror
MAX RtrDonetsk,romania,1,credited-by-mirror
MAX Rybar,czechia,4,credited-by-mirror
MAX Rybar,deutsch,100,credited-by-mirror
MAX Rybar,hungary,4,credited-by-mirror
MAX Rybar,moldova,21,credited-by-mirror
MAX Rybar,poland,16,credited-by-mirror
MAX Rybar,romania,18,credited-by-mirror
MAX Rybar,slovakia,2,credited-by-mirror
MAX SMIcrimea,czechia,3,credited-by-mirror
MAX SMIcrimea,deutsch,16,credited-by-mirror
MAX SMIcrimea,poland,8,credited-by-mirror
MAX SMIcrimea,romania,5,credited-by-mirror
MAX SMIcrimea,slovakia,2,credited-by-mirror
MAX SergeyKolyasnikov,deutsch,28,credited-by-mirror
MAX SergeyKolyasnikov,poland,6,credited-by-mirror
MAX SergeyKolyasnikov,romania,3,credited-by-mirror
MAX Skabeeva,czechia,1,credited-by-mirror
MAX Skabeeva,deutsch,112,credited-by-mirror
MAX Skabeeva,hungary,8,credited-by-mirror
MAX Skabeeva,moldova,6,credited-by-mirror
MAX Skabeeva,poland,47,credited-by-mirror
MAX Skabeeva,romania,10,credited-by-mirror
MAX Skabeeva,slovakia,4,credited-by-mirror
MAX SolovievLive,czechia,8,credited-by-mirror
MAX SolovievLive,deutsch,257,credited-by-mirror
MAX SolovievLive,hungary,31,credited-by-mirror
MAX SolovievLive,moldova,11,credited-by-mirror
MAX SolovievLive,poland,73,credited-by-mirror
MAX SolovievLive,romania,22,credited-by-mirror
MAX SolovievLive,slovakia,13,credited-by-mirror
MAX VA_Nikonov,deutsch,8,credited-by-mirror
MAX VA_Nikonov,poland,6,credited-by-mirror
MAX VOENSLED,deutsch,9,credited-by-mirror
MAX WarGonzo,czechia,4,credited-by-mirror
MAX WarGonzo,deutsch,25,credited-by-mirror
MAX WarGonzo,hungary,3,credited-by-mirror
MAX WarGonzo,poland,19,credited-by-mirror
MAX WarGonzo,romania,2,credited-by-mirror
MAX WarGonzo,slovakia,1,credited-by-mirror
MAX Warhronika,deutsch,15,credited-by-mirror
MAX Warhronika,moldova,4,credited-by-mirror
MAX Warhronika,poland,9,credited-by-mirror
MAX Warhronika,romania,6,credited-by-mirror
MAX Yunashev_Live,czechia,1,credited-by-mirror
MAX Yunashev_Live,deutsch,21,credited-by-mirror
MAX Yunashev_Live,hungary,1,credited-by-mirror
MAX Yunashev_Live,poland,9,credited-by-mirror
MAX Yunashev_Live,romania,1,credited-by-mirror
MAX aif,czechia,9,credited-by-mirror
MAX aif,deutsch,413,credited-by-mirror
MAX aif,hungary,29,credited-by-mirror
MAX aif,moldova,15,credited-by-mirror
MAX aif,poland,68,credited-by-mirror
MAX aif,romania,31,credited-by-mirror
MAX aif,slovakia,20,credited-by-mirror
MAX aklintsevich,poland,4,credited-by-mirror
MAX alekseystefanov,czechia,1,credited-by-mirror
MAX alekseystefanov,romania,1,credited-by-mirror
MAX alexey_pushkov,hungary,2,credited-by-mirror
MAX alexey_pushkov,poland,4,credited-by-mirror
MAX alexey_pushkov,romania,1,credited-by-mirror
MAX annashafran,hungary,1,credited-by-mirror
MAX arx_spn,czechia,1,credited-by-mirror
MAX arx_spn,deutsch,54,credited-by-mirror
MAX arx_spn,poland,9,credited-by-mirror
MAX arx_spn,romania,2,credited-by-mirror
MAX astrahandm,deutsch,15,credited-by-mirror
MAX avtodorgk,deutsch,93,credited-by-mirror
MAX baltnews,czechia,6,credited-by-mirror
MAX baltnews,deutsch,109,credited-by-mirror
MAX baltnews,hungary,16,credited-by-mirror
MAX baltnews,moldova,16,credited-by-mirror
MAX baltnews,poland,68,credited-by-mirror
MAX baltnews,romania,18,credited-by-mirror
MAX baltnews,slovakia,9,credited-by-mirror
MAX barantchik,deutsch,40,credited-by-mirror
MAX barantchik,poland,8,credited-by-mirror
MAX barantchik,romania,7,credited-by-mirror
MAX baza,czechia,4,credited-by-mirror
MAX baza,moldova,5,credited-by-mirror
MAX baza,poland,4,credited-by-mirror
MAX baza,romania,2,credited-by-mirror
MAX baza,slovakia,2,credited-by-mirror
MAX bbbreaking,czechia,3,credited-by-mirror
MAX bbbreaking,deutsch,38,credited-by-mirror
MAX bbbreaking,hungary,7,credited-by-mirror
MAX bbbreaking,moldova,3,credited-by-mirror
MAX bbbreaking,poland,13,credited-by-mirror
MAX bbbreaking,romania,4,credited-by-mirror
MAX bbbreaking,slovakia,1,credited-by-mirror
MAX belarusian_silovik,deutsch,58,credited-by-mirror
MAX belarusian_silovik,hungary,5,credited-by-mirror
MAX belarusian_silovik,moldova,3,credited-by-mirror
MAX belarusian_silovik,poland,13,credited-by-mirror
MAX belarusian_silovik,romania,4,credited-by-mirror
MAX belarusian_silovik,slovakia,2,credited-by-mirror
MAX bye_biden,romania,1,credited-by-mirror
MAX channel_a_kuzichev,poland,3,credited-by-mirror
MAX channel_a_kuzichev,romania,1,credited-by-mirror
MAX channel_kommunist,czechia,1,credited-by-mirror
MAX channel_smotri_media,romania,1,credited-by-mirror
MAX club225580481,deutsch,9,credited-by-mirror
MAX club225580481,hungary,1,credited-by-mirror
MAX colonelcassad,czechia,1,credited-by-mirror
MAX colonelcassad,deutsch,49,credited-by-mirror
MAX colonelcassad,hungary,1,credited-by-mirror
MAX colonelcassad,poland,7,credited-by-mirror
MAX colonelcassad,romania,7,credited-by-mirror
MAX cossack_pika,hungary,1,credited-by-mirror
MAX customs_rus,poland,6,credited-by-mirror
MAX cyberpolice,czechia,1,credited-by-mirror
MAX denazi_UA,czechia,1,credited-by-mirror
MAX denazi_UA,deutsch,43,credited-by-mirror
MAX denazi_UA,hungary,1,credited-by-mirror
MAX denazi_UA,poland,23,credited-by-mirror
MAX denazi_UA,romania,5,credited-by-mirror
MAX denazi_UA,slovakia,3,credited-by-mirror
MAX dimsmirnov175,czechia,6,credited-by-mirror
MAX dimsmirnov175,deutsch,102,credited-by-mirror
MAX dimsmirnov175,hungary,14,credited-by-mirror
MAX dimsmirnov175,moldova,5,credited-by-mirror
MAX dimsmirnov175,poland,34,credited-by-mirror
MAX dimsmirnov175,romania,7,credited-by-mirror
MAX dimsmirnov175,slovakia,5,credited-by-mirror
MAX dolg,poland,4,credited-by-mirror
MAX dolg,romania,1,credited-by-mirror
MAX dolgareva,hungary,1,credited-by-mirror
MAX dumatv,hungary,1,credited-by-mirror
MAX dva_majors,czechia,2,credited-by-mirror
MAX dva_majors,deutsch,46,credited-by-mirror
MAX dva_majors,hungary,1,credited-by-mirror
MAX dva_majors,poland,12,credited-by-mirror
MAX dva_majors,romania,7,credited-by-mirror
MAX dva_majors,slovakia,2,credited-by-mirror
MAX dvkp,slovakia,1,credited-by-mirror
MAX epoddubny,czechia,1,credited-by-mirror
MAX epoddubny,deutsch,35,credited-by-mirror
MAX epoddubny,hungary,1,credited-by-mirror
MAX epoddubny,moldova,8,credited-by-mirror
MAX epoddubny,poland,12,credited-by-mirror
MAX epoddubny,romania,8,credited-by-mirror
MAX epoddubny,slovakia,2,credited-by-mirror
MAX er_molnia,romania,1,credited-by-mirror
MAX evgeniy_lisitsyn,czechia,3,credited-by-mirror
MAX evgeniy_lisitsyn,deutsch,73,credited-by-mirror
MAX evgeniy_lisitsyn,hungary,3,credited-by-mirror
MAX evgeniy_lisitsyn,moldova,3,credited-by-mirror
MAX evgeniy_lisitsyn,poland,22,credited-by-mirror
MAX evgeniy_lisitsyn,romania,3,credited-by-mirror
MAX evgeniy_lisitsyn,slovakia,1,credited-by-mirror
MAX fgymrussia,romania,1,credited-by-mirror
MAX fmba_rossii,hungary,1,credited-by-mirror
MAX golosmordora,poland,4,credited-by-mirror
MAX golosmordora,romania,1,credited-by-mirror
MAX gosnadzorru,hungary,1,credited-by-mirror
MAX government_rus,czechia,1,credited-by-mirror
MAX government_rus,hungary,1,credited-by-mirror
MAX government_rus,romania,1,credited-by-mirror
MAX heroesofZ,czechia,1,credited-by-mirror
MAX heroesofZ,poland,3,credited-by-mirror
MAX id5024997961_biz,czechia,3,credited-by-mirror
MAX id5024997961_biz,deutsch,97,credited-by-mirror
MAX id5024997961_biz,hungary,8,credited-by-mirror
MAX id5024997961_biz,moldova,5,credited-by-mirror
MAX id5024997961_biz,poland,22,credited-by-mirror
MAX id5024997961_biz,romania,2,credited-by-mirror
MAX id5024997961_biz,slovakia,1,credited-by-mirror
MAX id7708731561_gos,czechia,1,credited-by-mirror
MAX infocentrskrf,deutsch,12,credited-by-mirror
MAX inosmi,czechia,6,credited-by-mirror
MAX inosmi,deutsch,80,credited-by-mirror
MAX inosmi,hungary,12,credited-by-mirror
MAX inosmi,moldova,4,credited-by-mirror
MAX inosmi,poland,39,credited-by-mirror
MAX inosmi,romania,10,credited-by-mirror
MAX inosmi,slovakia,8,credited-by-mirror
MAX ivanmezyukho,czechia,1,credited-by-mirror
MAX ivanmezyukho,deutsch,28,credited-by-mirror
MAX ivanmezyukho,hungary,3,credited-by-mirror
MAX ivanmezyukho,moldova,3,credited-by-mirror
MAX ivanmezyukho,poland,3,credited-by-mirror
MAX ivanmezyukho,romania,3,credited-by-mirror
MAX ivolk,czechia,1,credited-by-mirror
MAX izolentalive,czechia,3,credited-by-mirror
MAX izolentalive,deutsch,17,credited-by-mirror
MAX izolentalive,poland,4,credited-by-mirror
MAX izvestia,czechia,10,credited-by-mirror
MAX izvestia,deutsch,219,credited-by-mirror
MAX izvestia,hungary,18,credited-by-mirror
MAX izvestia,moldova,23,credited-by-mirror
MAX izvestia,poland,55,credited-by-mirror
MAX izvestia,romania,20,credited-by-mirror
MAX izvestia,slovakia,18,credited-by-mirror
MAX join/-MUM-hT-MR5eeSzlC9H9hYcvRYMrvvowyYMgzHCo8S4,deutsch,10,credited-by-mirror
MAX join/QgKEPdCe-paA23bNmoHtiliTZsUcxP2fan5m0-wo-f4,romania,1,credited-by-mirror
MAX join/c2xJHCRreoSlqHb1OvtYgaZs4HHQfuxCVvoSXXjYL1E,romania,1,credited-by-mirror
MAX join/i-DmCPSXSxnQRfDLW8LghmJv1mRktQ2c2mtJF-luaOo,hungary,1,credited-by-mirror
MAX join/m3xonQo6fcxLGk46NO2soXc7dGhe3sHKnLrcLNawaWk,czechia,1,credited-by-mirror
MAX join/nMRPRxK7yw-Ghovf4X51z4CPY-diy6JXHA8j4oWUcQA,hungary,1,credited-by-mirror
MAX join/zrTMI0SEXdtRtfIyTzuKNnX3LRQWSXrbUgXktpaKesU,hungary,1,credited-by-mirror
MAX kanzlerdaddy,deutsch,96,credited-by-mirror
MAX kanzlerdaddy,hungary,1,credited-by-mirror
MAX kanzlerdaddy,poland,5,credited-by-mirror
MAX kanzlerdaddy,slovakia,1,credited-by-mirror
MAX kavkaz_tass,czechia,2,credited-by-mirror
MAX kavkaz_tass,deutsch,11,credited-by-mirror
MAX kd_mid,slovakia,1,credited-by-mirror
MAX kommersant,czechia,17,credited-by-mirror
MAX kommersant,deutsch,272,credited-by-mirror
MAX kommersant,hungary,37,credited-by-mirror
MAX kommersant,moldova,31,credited-by-mirror
MAX kommersant,poland,41,credited-by-mirror
MAX kommersant,romania,31,credited-by-mirror
MAX kommersant,slovakia,15,credited-by-mirror
MAX kommersant_volga,hungary,2,credited-by-mirror
MAX kommersantvrn,hungary,1,credited-by-mirror
MAX konstantinzatulin,deutsch,33,credited-by-mirror
MAX konstantinzatulin,moldova,15,credited-by-mirror
MAX konstantinzatulin,poland,7,credited-by-mirror
MAX konstantinzatulin,romania,2,credited-by-mirror
MAX kornilov1968,czechia,1,credited-by-mirror
MAX kornilov1968,deutsch,97,credited-by-mirror
MAX kornilov1968,hungary,6,credited-by-mirror
MAX kornilov1968,poland,74,credited-by-mirror
MAX kornilov1968,romania,2,credited-by-mirror
MAX kots,czechia,3,credited-by-mirror
MAX kots,deutsch,47,credited-by-mirror
MAX kots,hungary,3,credited-by-mirror
MAX kots,moldova,8,credited-by-mirror
MAX kots,poland,13,credited-by-mirror
MAX kots,romania,7,credited-by-mirror
MAX kots,slovakia,5,credited-by-mirror
MAX lapshamedia,deutsch,12,credited-by-mirror
MAX lomovka,czechia,11,credited-by-mirror
MAX lomovka,deutsch,456,credited-by-mirror
MAX lomovka,hungary,42,credited-by-mirror
MAX lomovka,moldova,45,credited-by-mirror
MAX lomovka,poland,113,credited-by-mirror
MAX lomovka,romania,38,credited-by-mirror
MAX lomovka,slovakia,30,credited-by-mirror
MAX lomovka_reg,hungary,1,credited-by-mirror
MAX lomovka_reg,romania,1,credited-by-mirror
MAX lost_armour,deutsch,27,credited-by-mirror
MAX lugovoyandrey,czechia,1,credited-by-mirror
MAX lv_sputniknews_ru,czechia,34,credited-by-mirror
MAX lv_sputniknews_ru,deutsch,124,credited-by-mirror
MAX lv_sputniknews_ru,hungary,27,credited-by-mirror
MAX lv_sputniknews_ru,moldova,18,credited-by-mirror
MAX lv_sputniknews_ru,poland,102,credited-by-mirror
MAX lv_sputniknews_ru,romania,43,credited-by-mirror
MAX lv_sputniknews_ru,slovakia,24,credited-by-mirror
MAX makslifeoff,czechia,15,credited-by-mirror
MAX makslifeoff,deutsch,230,credited-by-mirror
MAX makslifeoff,hungary,37,credited-by-mirror
MAX makslifeoff,moldova,28,credited-by-mirror
MAX makslifeoff,poland,55,credited-by-mirror
MAX makslifeoff,romania,35,credited-by-mirror
MAX makslifeoff,slovakia,10,credited-by-mirror
MAX malekdudakov,hungary,1,credited-by-mirror
MAX mardanaka,deutsch,24,credited-by-mirror
MAX mardanaka,hungary,1,credited-by-mirror
MAX mardanaka,poland,8,credited-by-mirror
MAX mardanaka,romania,3,credited-by-mirror
MAX mardanaka,slovakia,1,credited-by-mirror
MAX margaritasimonyan,romania,1,credited-by-mirror
MAX mash,deutsch,26,credited-by-mirror
MAX mash,hungary,3,credited-by-mirror
MAX mash,moldova,4,credited-by-mirror
MAX mash,poland,11,credited-by-mirror
MAX mash,romania,7,credited-by-mirror
MAX mash,slovakia,2,credited-by-mirror
MAX mash_siberia,czechia,1,credited-by-mirror
MAX maximgrigoryev,deutsch,12,credited-by-mirror
MAX maximgrigoryev,hungary,2,credited-by-mirror
MAX maximgrigoryev,romania,1,credited-by-mirror
MAX medvedev_max,poland,4,credited-by-mirror
MAX mezhevichnikolay,hungary,1,credited-by-mirror
MAX milinfolive,czechia,4,credited-by-mirror
MAX milinfolive,deutsch,60,credited-by-mirror
MAX milinfolive,hungary,1,credited-by-mirror
MAX milinfolive,poland,7,credited-by-mirror
MAX milinfolive,romania,4,credited-by-mirror
MAX mincultrussia,hungary,1,credited-by-mirror
MAX minenergo_official,slovakia,1,credited-by-mirror
MAX minobrnauki,czechia,1,credited-by-mirror
MAX minobrnauki,romania,1,credited-by-mirror
MAX minsport_russia,czechia,3,credited-by-mirror
MAX minsport_russia,hungary,4,credited-by-mirror
MAX minsport_russia,poland,4,credited-by-mirror
MAX minsport_russia,romania,3,credited-by-mirror
MAX mintransrussia,hungary,1,credited-by-mirror
MAX mir_tass,czechia,15,credited-by-mirror
MAX mir_tass,deutsch,210,credited-by-mirror
MAX mir_tass,hungary,44,credited-by-mirror
MAX mir_tass,moldova,21,credited-by-mirror
MAX mir_tass,poland,55,credited-by-mirror
MAX mir_tass,romania,19,credited-by-mirror
MAX mir_tass,slovakia,14,credited-by-mirror
MAX mizulina,slovakia,1,credited-by-mirror
MAX mk,czechia,15,credited-by-mirror
MAX mk,deutsch,134,credited-by-mirror
MAX mk,hungary,23,credited-by-mirror
MAX mk,moldova,8,credited-by-mirror
MAX mk,poland,38,credited-by-mirror
MAX mk,romania,7,credited-by-mirror
MAX mk,slovakia,6,credited-by-mirror
MAX morf,czechia,5,credited-by-mirror
MAX morf,deutsch,56,credited-by-mirror
MAX morf,hungary,1,credited-by-mirror
MAX morf,romania,1,credited-by-mirror
MAX mvd_skfo,poland,4,credited-by-mirror
MAX newsfrontnotes,deutsch,16,credited-by-mirror
MAX newsfrontnotes,hungary,2,credited-by-mirror
MAX newsfrontnotes,poland,10,credited-by-mirror
MAX newsfrontnotes,romania,1,credited-by-mirror
MAX newsfrontnotes,slovakia,2,credited-by-mirror
MAX ntv,czechia,4,credited-by-mirror
MAX ntv,deutsch,61,credited-by-mirror
MAX ntv,hungary,7,credited-by-mirror
MAX ntv,moldova,3,credited-by-mirror
MAX ntv,poland,22,credited-by-mirror
MAX ntv,romania,5,credited-by-mirror
MAX ntv,slovakia,1,credited-by-mirror
MAX obstanovkalnr,deutsch,20,credited-by-mirror
MAX obyasnayemrf,poland,3,credited-by-mirror
MAX olegtsarov,czechia,1,credited-by-mirror
MAX olegtsarov,deutsch,72,credited-by-mirror
MAX olegtsarov,hungary,2,credited-by-mirror
MAX olegtsarov,poland,7,credited-by-mirror
MAX olegtsarov,romania,1,credited-by-mirror
MAX olegtsarov,slovakia,1,credited-by-mirror
MAX olga_b_lyubimova,slovakia,1,credited-by-mirror
MAX olympic_russia,romania,1,credited-by-mirror
MAX opersvodki,deutsch,10,credited-by-mirror
MAX oplottv,deutsch,8,credited-by-mirror
MAX oplottv,romania,1,credited-by-mirror
MAX oprf_official,czechia,1,credited-by-mirror
MAX oprf_official,hungary,2,credited-by-mirror
MAX oprf_official,romania,2,credited-by-mirror
MAX oprf_official,slovakia,1,credited-by-mirror
MAX pdm_news,deutsch,20,credited-by-mirror
MAX pdm_news,hungary,2,credited-by-mirror
MAX pdm_news,romania,2,credited-by-mirror
MAX pdm_news,slovakia,2,credited-by-mirror
MAX pervush1nb,deutsch,14,credited-by-mirror
MAX pervush1nb,hungary,1,credited-by-mirror
MAX pervush1nb,poland,3,credited-by-mirror
MAX pervush1nb,romania,1,credited-by-mirror
MAX politjoystic,czechia,2,credited-by-mirror
MAX politnavigator,czechia,10,credited-by-mirror
MAX politnavigator,deutsch,691,credited-by-mirror
MAX politnavigator,hungary,64,credited-by-mirror
MAX politnavigator,moldova,86,credited-by-mirror
MAX politnavigator,poland,214,credited-by-mirror
MAX politnavigator,romania,102,credited-by-mirror
MAX politnavigator,slovakia,21,credited-by-mirror
MAX popovrtr,deutsch,9,credited-by-mirror
MAX popovrtr,hungary,1,credited-by-mirror
MAX prilepin_official,deutsch,14,credited-by-mirror
MAX prilepin_official,moldova,3,credited-by-mirror
MAX prilepin_official,romania,2,credited-by-mirror
MAX prime1,czechia,3,credited-by-mirror
MAX prime1,deutsch,19,credited-by-mirror
MAX prime1,hungary,9,credited-by-mirror
MAX prime1,poland,8,credited-by-mirror
MAX prime1,romania,2,credited-by-mirror
MAX prime1,slovakia,1,credited-by-mirror
MAX radio_sputnik,czechia,4,credited-by-mirror
MAX radio_sputnik,deutsch,75,credited-by-mirror
MAX radio_sputnik,hungary,1,credited-by-mirror
MAX radio_sputnik,moldova,11,credited-by-mirror
MAX radio_sputnik,poland,45,credited-by-mirror
MAX radio_sputnik,romania,18,credited-by-mirror
MAX radio_sputnik,slovakia,5,credited-by-mirror
MAX radiogovoritmsk,czechia,1,credited-by-mirror
MAX ramzayiegokomanda,deutsch,84,credited-by-mirror
MAX ramzayiegokomanda,hungary,2,credited-by-mirror
MAX ramzayiegokomanda,moldova,3,credited-by-mirror
MAX ramzayiegokomanda,poland,13,credited-by-mirror
MAX ramzayiegokomanda,romania,9,credited-by-mirror
MAX rasstriga,czechia,1,credited-by-mirror
MAX razin_ZOV,romania,1,credited-by-mirror
MAX razvozhaev,hungary,1,credited-by-mirror
MAX razvozhaev,romania,1,credited-by-mirror
MAX rbc,czechia,29,credited-by-mirror
MAX rbc,deutsch,359,credited-by-mirror
MAX rbc,hungary,84,credited-by-mirror
MAX rbc,moldova,37,credited-by-mirror
MAX rbc,poland,74,credited-by-mirror
MAX rbc,romania,46,credited-by-mirror
MAX rbc,slovakia,16,credited-by-mirror
MAX readovkanews,czechia,7,credited-by-mirror
MAX readovkanews,deutsch,50,credited-by-mirror
MAX readovkanews,hungary,9,credited-by-mirror
MAX readovkanews,moldova,11,credited-by-mirror
MAX readovkanews,poland,16,credited-by-mirror
MAX readovkanews,romania,4,credited-by-mirror
MAX readovkanews,slovakia,1,credited-by-mirror
MAX rentv_news,czechia,5,credited-by-mirror
MAX rentv_news,deutsch,78,credited-by-mirror
MAX rentv_news,hungary,7,credited-by-mirror
MAX rentv_news,moldova,6,credited-by-mirror
MAX rentv_news,poland,8,credited-by-mirror
MAX rentv_news,romania,4,credited-by-mirror
MAX rentv_news,slovakia,1,credited-by-mirror
MAX ria,czechia,9,credited-by-mirror
MAX ria,deutsch,257,credited-by-mirror
MAX ria,hungary,21,credited-by-mirror
MAX ria,moldova,29,credited-by-mirror
MAX ria,poland,76,credited-by-mirror
MAX ria,romania,25,credited-by-mirror
MAX ria,slovakia,26,credited-by-mirror
MAX riacrimea,deutsch,48,credited-by-mirror
MAX riacrimea,hungary,2,credited-by-mirror
MAX riacrimea,poland,9,credited-by-mirror
MAX riacrimea,romania,4,credited-by-mirror
MAX riacrimea,slovakia,1,credited-by-mirror
MAX rogozin_do,deutsch,12,credited-by-mirror
MAX rogozin_do,poland,4,credited-by-mirror
MAX rogozin_do,romania,2,credited-by-mirror
MAX rogozin_do,slovakia,1,credited-by-mirror
MAX romagolovanov,deutsch,9,credited-by-mirror
MAX romagolovanov,romania,1,credited-by-mirror
MAX roskazna,hungary,1,credited-by-mirror
MAX rosnedra,deutsch,9,credited-by-mirror
MAX rossotrudnichestvo,czechia,4,credited-by-mirror
MAX rossotrudnichestvo,deutsch,12,credited-by-mirror
MAX rossotrudnichestvo,hungary,5,credited-by-mirror
MAX rossotrudnichestvo,moldova,11,credited-by-mirror
MAX rossotrudnichestvo,poland,3,credited-by-mirror
MAX rossotrudnichestvo,romania,1,credited-by-mirror
MAX rossotrudnichestvo,slovakia,2,credited-by-mirror
MAX ruptlyalert,czechia,5,credited-by-mirror
MAX ruptlyalert,deutsch,66,credited-by-mirror
MAX ruptlyalert,hungary,6,credited-by-mirror
MAX ruptlyalert,poland,38,credited-by-mirror
MAX ruptlyalert,romania,7,credited-by-mirror
MAX ruptlyalert,slovakia,10,credited-by-mirror
MAX rybar_regions,hungary,1,credited-by-mirror
MAX shot,czechia,4,credited-by-mirror
MAX shot,deutsch,25,credited-by-mirror
MAX shot,hungary,2,credited-by-mirror
MAX shot,moldova,4,credited-by-mirror
MAX shot,poland,6,credited-by-mirror
MAX shot,romania,1,credited-by-mirror
MAX shot,slovakia,1,credited-by-mirror
MAX skarnauhov,deutsch,17,credited-by-mirror
MAX skarnauhov,hungary,1,credited-by-mirror
MAX skarnauhov,poland,5,credited-by-mirror
MAX skarnauhov,romania,1,credited-by-mirror
MAX sladkovplus,czechia,1,credited-by-mirror
MAX sladkovplus,deutsch,46,credited-by-mirror
MAX sladkovplus,hungary,1,credited-by-mirror
MAX sladkovplus,romania,1,credited-by-mirror
MAX slavaded1337,poland,4,credited-by-mirror
MAX sledcom_press,czechia,1,credited-by-mirror
MAX sledcom_press,deutsch,36,credited-by-mirror
MAX sledcom_press,hungary,1,credited-by-mirror
MAX sledcom_press,poland,4,credited-by-mirror
MAX sledcom_press,romania,1,credited-by-mirror
MAX special_authors,deutsch,28,credited-by-mirror
MAX special_authors,hungary,6,credited-by-mirror
MAX special_authors,poland,14,credited-by-mirror
MAX special_authors,romania,3,credited-by-mirror
MAX special_authors,slovakia,2,credited-by-mirror
MAX sportrian,czechia,1,credited-by-mirror
MAX sportrian,hungary,1,credited-by-mirror
MAX sportrian,romania,1,credited-by-mirror
MAX sputniklive,czechia,3,credited-by-mirror
MAX sputniklive,deutsch,116,credited-by-mirror
MAX sputniklive,hungary,13,credited-by-mirror
MAX sputniklive,moldova,81,credited-by-mirror
MAX sputniklive,poland,42,credited-by-mirror
MAX sputniklive,romania,24,credited-by-mirror
MAX sputniklive,slovakia,2,credited-by-mirror
MAX sputnikmd,moldova,924,credited-by-mirror
MAX tass_agency,czechia,13,credited-by-mirror
MAX tass_agency,deutsch,352,credited-by-mirror
MAX tass_agency,hungary,26,credited-by-mirror
MAX tass_agency,moldova,35,credited-by-mirror
MAX tass_agency,poland,58,credited-by-mirror
MAX tass_agency,romania,31,credited-by-mirror
MAX tass_agency,slovakia,19,credited-by-mirror
MAX tass_live,czechia,2,credited-by-mirror
MAX tass_live,deutsch,52,credited-by-mirror
MAX tass_live,hungary,7,credited-by-mirror
MAX tass_live,poland,5,credited-by-mirror
MAX tass_live,romania,3,credited-by-mirror
MAX tass_live,slovakia,2,credited-by-mirror
MAX tribyna_ru,czechia,1,credited-by-mirror
MAX tribyna_ru,slovakia,1,credited-by-mirror
MAX truekpru,czechia,4,credited-by-mirror
MAX truekpru,deutsch,55,credited-by-mirror
MAX truekpru,hungary,5,credited-by-mirror
MAX truekpru,moldova,3,credited-by-mirror
MAX truekpru,poland,18,credited-by-mirror
MAX truekpru,romania,6,credited-by-mirror
MAX truekpru,slovakia,2,credited-by-mirror
MAX tsargrad,czechia,3,credited-by-mirror
MAX tsargrad,deutsch,175,credited-by-mirror
MAX tsargrad,hungary,12,credited-by-mirror
MAX tsargrad,moldova,9,credited-by-mirror
MAX tsargrad,poland,43,credited-by-mirror
MAX tsargrad,romania,11,credited-by-mirror
MAX tsargrad,slovakia,9,credited-by-mirror
MAX ttambyl,deutsch,13,credited-by-mirror
MAX tv1,czechia,7,credited-by-mirror
MAX tv1,deutsch,59,credited-by-mirror
MAX tv1,hungary,5,credited-by-mirror
MAX tv1,poland,25,credited-by-mirror
MAX tv1,romania,9,credited-by-mirror
MAX tv1,slovakia,4,credited-by-mirror
MAX tv360,czechia,1,credited-by-mirror
MAX tv360,hungary,1,credited-by-mirror
MAX tvbrics,czechia,1,credited-by-mirror
MAX tvc,czechia,3,credited-by-mirror
MAX tvc,deutsch,134,credited-by-mirror
MAX tvc,hungary,3,credited-by-mirror
MAX tvc,moldova,10,credited-by-mirror
MAX tvc,poland,39,credited-by-mirror
MAX tvc,romania,11,credited-by-mirror
MAX tvc,slovakia,9,credited-by-mirror
MAX tvcrimea24,czechia,1,credited-by-mirror
MAX tvcrimea24,deutsch,11,credited-by-mirror
MAX tvcrimea24,poland,3,credited-by-mirror
MAX tvcrimea24,romania,1,credited-by-mirror
MAX ug_tass,deutsch,12,credited-by-mirror
MAX ug_tass,hungary,1,credited-by-mirror
MAX ukr_2025_ru,czechia,20,credited-by-mirror
MAX ukr_2025_ru,deutsch,926,credited-by-mirror
MAX ukr_2025_ru,hungary,34,credited-by-mirror
MAX ukr_2025_ru,moldova,43,credited-by-mirror
MAX ukr_2025_ru,poland,183,credited-by-mirror
MAX ukr_2025_ru,romania,37,credited-by-mirror
MAX ukr_2025_ru,slovakia,13,credited-by-mirror
MAX ura_ru,czechia,3,credited-by-mirror
MAX ura_ru,deutsch,9,credited-by-mirror
MAX ura_ru,hungary,1,credited-by-mirror
MAX url_mash,czechia,1,credited-by-mirror
MAX va_konstantinov,deutsch,9,credited-by-mirror
MAX valentinbogdanov,deutsch,10,credited-by-mirror
MAX vedomctvorf,czechia,1,credited-by-mirror
MAX vedomosti,czechia,1,credited-by-mirror
MAX vedomosti,deutsch,33,credited-by-mirror
MAX vedomosti,hungary,9,credited-by-mirror
MAX vedomosti,romania,4,credited-by-mirror
MAX vedomosti,slovakia,3,credited-by-mirror
MAX vesti,czechia,3,credited-by-mirror
MAX vesti,deutsch,144,credited-by-mirror
MAX vesti,hungary,7,credited-by-mirror
MAX vesti,moldova,8,credited-by-mirror
MAX vesti,poland,26,credited-by-mirror
MAX vesti,romania,13,credited-by-mirror
MAX vesti,slovakia,10,credited-by-mirror
MAX vesti_crimea,deutsch,11,credited-by-mirror
MAX vesti_dezhurnaya_chast,czechia,2,credited-by-mirror
MAX vesti_dezhurnaya_chast,deutsch,20,credited-by-mirror
MAX vesti_dezhurnaya_chast,hungary,1,credited-by-mirror
MAX vesti_dezhurnaya_chast,poland,4,credited-by-mirror
MAX vityzeva,czechia,1,credited-by-mirror
MAX vityzeva,deutsch,49,credited-by-mirror
MAX vityzeva,hungary,1,credited-by-mirror
MAX vityzeva,moldova,3,credited-by-mirror
MAX vityzeva,poland,16,credited-by-mirror
MAX vityzeva,romania,4,credited-by-mirror
MAX vityzeva,slovakia,1,credited-by-mirror
MAX vnnews,czechia,1,credited-by-mirror
MAX voenkorKotenok,deutsch,21,credited-by-mirror
MAX voenkorKotenok,hungary,4,credited-by-mirror
MAX voenkorKotenok,moldova,3,credited-by-mirror
MAX voenkorKotenok,poland,3,credited-by-mirror
MAX voenkorKotenok,romania,6,credited-by-mirror
MAX voenkorKotenok,slovakia,2,credited-by-mirror
MAX voenkorkhayrullin,poland,3,credited-by-mirror
MAX voenkorkhayrullin,romania,2,credited-by-mirror
MAX voenkorkhayrullin,slovakia,1,credited-by-mirror
MAX voin_dv,czechia,4,credited-by-mirror
MAX voin_dv,deutsch,29,credited-by-mirror
MAX voin_dv,hungary,7,credited-by-mirror
MAX voin_dv,moldova,4,credited-by-mirror
MAX voin_dv,poland,17,credited-by-mirror
MAX voin_dv,romania,8,credited-by-mirror
MAX voin_dv,slovakia,6,credited-by-mirror
MAX vr_medinskiy,czechia,1,credited-by-mirror
MAX vv_volodin,romania,1,credited-by-mirror
MAX vysokygovorit,deutsch,11,credited-by-mirror
MAX vysokygovorit,hungary,1,credited-by-mirror
MAX vz,hungary,1,credited-by-mirror
MAX warfakes,czechia,2,credited-by-mirror
MAX warfakes,deutsch,20,credited-by-mirror
MAX warfakes,hungary,2,credited-by-mirror
MAX warfakes,moldova,6,credited-by-mirror
MAX warfakes,poland,3,credited-by-mirror
MAX warfakes,romania,2,credited-by-mirror
MAX warfakes,slovakia,1,credited-by-mirror
MAX warhistoryalconafter,czechia,3,credited-by-mirror
MAX warhistoryalconafter,deutsch,89,credited-by-mirror
MAX warhistoryalconafter,hungary,4,credited-by-mirror
MAX warhistoryalconafter,moldova,3,credited-by-mirror
MAX warhistoryalconafter,poland,19,credited-by-mirror
MAX warhistoryalconafter,romania,3,credited-by-mirror
MAX warhistoryalconafter,slovakia,1,credited-by-mirror
MAX youlistenedmayak,deutsch,8,credited-by-mirror
MAX youlistenedmayak,slovakia,1,credited-by-mirror
MAX yurasumy,czechia,1,credited-by-mirror
MAX yurasumy,deutsch,144,credited-by-mirror
MAX yurasumy,hungary,3,credited-by-mirror
MAX yurasumy,poland,3,credited-by-mirror
MAX yurasumy,romania,2,credited-by-mirror
MAX zvezda_analytics,czechia,5,credited-by-mirror
MAX zvezda_analytics,deutsch,58,credited-by-mirror
MAX zvezda_analytics,hungary,4,credited-by-mirror
MAX zvezda_analytics,moldova,9,credited-by-mirror
MAX zvezda_analytics,poland,29,credited-by-mirror
MAX zvezda_analytics,romania,10,credited-by-mirror
MAX zvezda_analytics,slovakia,2,credited-by-mirror
MAX zvezdanews,czechia,6,credited-by-mirror
MAX zvezdanews,deutsch,74,credited-by-mirror
MAX zvezdanews,hungary,11,credited-by-mirror
MAX zvezdanews,moldova,5,credited-by-mirror
MAX zvezdanews,poland,35,credited-by-mirror
MAX zvezdanews,romania,9,credited-by-mirror
MAX zvezdanews,slovakia,10,credited-by-mirror
Telegram: A000MP97,hungary,1,credited-by-mirror
Telegram: AC24cz,czechia,16,credited-by-mirror
Telegram: AC24cz,slovakia,18,credited-by-mirror
Telegram: ARKadyrov,hungary,1,credited-by-mirror
Telegram: ARKadyrov,romania,1,credited-by-mirror
Telegram: ASGasparyan,czechia,11,credited-by-mirror
Telegram: ASGasparyan,deutsch,210,credited-by-mirror
Telegram: ASGasparyan,hungary,33,credited-by-mirror
Telegram: ASGasparyan,moldova,201,credited-by-mirror
Telegram: ASGasparyan,poland,117,credited-by-mirror
Telegram: ASGasparyan,romania,35,credited-by-mirror
Telegram: ASGasparyan,slovakia,20,credited-by-mirror
Telegram: ASupersharij,moldova,38,credited-by-mirror
Telegram: ASupersharij,romania,1,credited-by-mirror
Telegram: ASupersharij,slovakia,1,credited-by-mirror
Telegram: ASuslov_ZOV,moldova,3,credited-by-mirror
Telegram: A_L_D_Z,hungary,1,credited-by-mirror
Telegram: A_L_D_Z,slovakia,1,credited-by-mirror
Telegram: A_S_Sukonkin,czechia,1,credited-by-mirror
Telegram: A_S_Sukonkin,deutsch,8,credited-by-mirror
Telegram: A_S_Sukonkin,poland,3,credited-by-mirror
Telegram: A_S_Sukonkin,romania,3,credited-by-mirror
Telegram: Abbasdjuma,czechia,6,credited-by-mirror
Telegram: Abbasdjuma,deutsch,96,credited-by-mirror
Telegram: Abbasdjuma,hungary,10,credited-by-mirror
Telegram: Abbasdjuma,moldova,3,credited-by-mirror
Telegram: Abbasdjuma,poland,29,credited-by-mirror
Telegram: Abbasdjuma,slovakia,2,credited-by-mirror
Telegram: AbsicherungNachwelt,deutsch,36,credited-by-mirror
Telegram: Absurdnsvet,czechia,71,credited-by-mirror
Telegram: Absurdnsvet,slovakia,9,credited-by-mirror
Telegram: AbzalovD,czechia,2,credited-by-mirror
Telegram: AbzalovD,deutsch,35,credited-by-mirror
Telegram: AbzalovD,hungary,6,credited-by-mirror
Telegram: AbzalovD,poland,7,credited-by-mirror
Telegram: AbzalovD,romania,2,credited-by-mirror
Telegram: AbzalovD,slovakia,3,credited-by-mirror
Telegram: ActualNewsMoldova,moldova,2,credited-by-mirror
Telegram: AetherCosmologyczsk,czechia,126,credited-by-mirror
Telegram: AfroPouchkine,deutsch,9,credited-by-mirror
Telegram: AfroPouchkine,hungary,3,credited-by-mirror
Telegram: AfroPouchkine,romania,1,credited-by-mirror
Telegram: AfroPouchkine,slovakia,1,credited-by-mirror
Telegram: Agdchan,czechia,3,credited-by-mirror
Telegram: Agdchan,deutsch,117,credited-by-mirror
Telegram: Agdchan,hungary,28,credited-by-mirror
Telegram: Agdchan,moldova,20,credited-by-mirror
Telegram: Agdchan,poland,27,credited-by-mirror
Telegram: Agdchan,romania,8,credited-by-mirror
Telegram: Agdchan,slovakia,19,credited-by-mirror
Telegram: AgnieszkawUSA,poland,16,credited-by-mirror
Telegram: Akoinak,czechia,3,credited-by-mirror
Telegram: Akoinak,slovakia,224,credited-by-mirror
Telegram: Aksenov82,czechia,3,credited-by-mirror
Telegram: Aksenov82,deutsch,41,credited-by-mirror
Telegram: Aksenov82,moldova,3,credited-by-mirror
Telegram: Aksenov82,poland,10,credited-by-mirror
Telegram: Aksenov82,romania,2,credited-by-mirror
Telegram: Aksenov82,slovakia,1,credited-by-mirror
Telegram: Alekhin_Telega,czechia,4,credited-by-mirror
Telegram: Alekhin_Telega,deutsch,93,credited-by-mirror
Telegram: Alekhin_Telega,hungary,24,credited-by-mirror
Telegram: Alekhin_Telega,moldova,9,credited-by-mirror
Telegram: Alekhin_Telega,poland,44,credited-by-mirror
Telegram: Alekhin_Telega,romania,5,credited-by-mirror
Telegram: Alekhin_Telega,slovakia,11,credited-by-mirror
Telegram: AleksandrPasechnik,czechia,1,credited-by-mirror
Telegram: AleksandrRar,hungary,2,credited-by-mirror
Telegram: AleksandrRar,romania,1,credited-by-mirror
Telegram: AleksandrSemchenko,moldova,4,credited-by-mirror
Telegram: AleksandrSemchenko,poland,3,credited-by-mirror
Telegram: AleksandrSemchenko,slovakia,1,credited-by-mirror
Telegram: Alexandr_Semenov,romania,1,credited-by-mirror
Telegram: All_of_Siberia,czechia,1,credited-by-mirror
Telegram: AllesAusserMainstream,deutsch,8,credited-by-mirror
Telegram: Alsaa_plus_EN,czechia,1,credited-by-mirror
Telegram: AnastasyBardina,romania,1,credited-by-mirror
Telegram: AnatoliTcaci,moldova,24,credited-by-mirror
Telegram: AnatoliTcaci,romania,2,credited-by-mirror
Telegram: Andrey_Nagibin_n,hungary,1,credited-by-mirror
Telegram: AnettGatzka,deutsch,38,credited-by-mirror
Telegram: AnleitungenTelegram,deutsch,24,credited-by-mirror
Telegram: Anna_Jurjevna,czechia,1,credited-by-mirror
Telegram: Anna_Jurjevna,deutsch,42,credited-by-mirror
Telegram: Anna_Jurjevna,hungary,2,credited-by-mirror
Telegram: Anna_Jurjevna,moldova,5,credited-by-mirror
Telegram: Anna_Jurjevna,poland,12,credited-by-mirror
Telegram: Anna_Jurjevna,romania,1,credited-by-mirror
Telegram: Anna_Jurjevna,slovakia,2,credited-by-mirror
Telegram: AnonymousSchweizOrginal,deutsch,47,credited-by-mirror
Telegram: AntiSpiegel,deutsch,87,credited-by-mirror
Telegram: AptiAlaudinovAKHMAT,deutsch,12,credited-by-mirror
Telegram: AptiAlaudinovAKHMAT,hungary,1,credited-by-mirror
Telegram: AptiAlaudinovAKHMAT,moldova,21,credited-by-mirror
Telegram: AptiAlaudinovAKHMAT,poland,6,credited-by-mirror
Telegram: AstronautaDePapelao,czechia,1,credited-by-mirror
Telegram: Ateobreaking,moldova,2,credited-by-mirror
Telegram: Atomflot_official,czechia,1,credited-by-mirror
Telegram: AugenAufMA,deutsch,22,credited-by-mirror
Telegram: Aviahub34,deutsch,9,credited-by-mirror
Telegram: Awakening2009,czechia,3,credited-by-mirror
Telegram: AzarenokCTV,moldova,4,credited-by-mirror
Telegram: AzarenokCTV,poland,10,credited-by-mirror
Telegram: AzeSputnik,slovakia,1,credited-by-mirror
Telegram: BFMnews,moldova,23,credited-by-mirror
Telegram: BFMnews,slovakia,1,credited-by-mirror
Telegram: BIOpotraviny,czechia,1,credited-by-mirror
Telegram: BIoomberg,czechia,1,credited-by-mirror
Telegram: BIoomberg,deutsch,20,credited-by-mirror
Telegram: BIoomberg,hungary,6,credited-by-mirror
Telegram: BIoomberg,poland,2,credited-by-mirror
Telegram: BIoomberg,romania,1,credited-by-mirror
Telegram: BIoomberg,slovakia,1,credited-by-mirror
Telegram: BN4JeyTQ6RVkMTNk,czechia,17385,credited-by-mirror
Telegram: BN4JeyTQ6RVkMTNk,slovakia,2,credited-by-mirror
Telegram: BRATzaBRATA_PRAVDA,slovakia,291,credited-by-mirror
Telegram: BTGR_NEVSKIY,czechia,1,credited-by-mirror
Telegram: BTGR_NEVSKIY,deutsch,10,credited-by-mirror
Telegram: BTGR_NEVSKIY,poland,2,credited-by-mirror
Telegram: Barbarossa_SMGI,deutsch,70,credited-by-mirror
Telegram: BeatrixvStorch,deutsch,22,credited-by-mirror
Telegram: BeforeOurTime,czechia,1,credited-by-mirror
Telegram: Belarus_VPO,czechia,6,credited-by-mirror
Telegram: Belarus_VPO,deutsch,93,credited-by-mirror
Telegram: Belarus_VPO,hungary,10,credited-by-mirror
Telegram: Belarus_VPO,moldova,12,credited-by-mirror
Telegram: Belarus_VPO,poland,242,credited-by-mirror
Telegram: Belarus_VPO,romania,39,credited-by-mirror
Telegram: Belarus_VPO,slovakia,8,credited-by-mirror
Telegram: BelozerTV,czechia,1,credited-by-mirror
Telegram: Berlin247nachrichten,deutsch,1080,credited-by-mirror
Telegram: Berlinspeaks,deutsch,287,credited-by-mirror
Telegram: BestOfAFD,deutsch,18,credited-by-mirror
Telegram: BezPressu,czechia,3,credited-by-mirror
Telegram: BezPressu,slovakia,24,credited-by-mirror
Telegram: Bieg_mysli,poland,1797,credited-by-mirror
Telegram: Bielsk_Podlaski,poland,2597,credited-by-mirror
Telegram: BifFidU,deutsch,9696,credited-by-mirror
Telegram: BismarcksAlptraume,deutsch,70,credited-by-mirror
Telegram: BlackAudit,moldova,2,credited-by-mirror
Telegram: Bodlak,czechia,11,credited-by-mirror
Telegram: BrandenburgTVinfo,deutsch,38,credited-by-mirror
Telegram: Bratislavalive,slovakia,3,credited-by-mirror
Telegram: BuninCo,moldova,3,credited-by-mirror
Telegram: BuninCo,romania,2,credited-by-mirror
Telegram: CIS91,moldova,41,credited-by-mirror
Telegram: CMS_DD,deutsch,1328,credited-by-mirror
Telegram: CMS_DD_Funny_Curious_Videos,deutsch,16,credited-by-mirror
Telegram: CNconspiracynewsroom,deutsch,90,credited-by-mirror
Telegram: COGITOErgoSum2024,romania,1,credited-by-mirror
Telegram: COMPACTMagazinTV,deutsch,46,credited-by-mirror
Telegram: CasusBellihistory,czechia,5,credited-by-mirror
Telegram: CasusBellihistory,slovakia,10,credited-by-mirror
Telegram: CasusBelliint,slovakia,1,credited-by-mirror
Telegram: Cbpub,moldova,5,credited-by-mirror
Telegram: ChDambiev,czechia,9,credited-by-mirror
Telegram: ChDambiev,deutsch,111,credited-by-mirror
Telegram: ChDambiev,hungary,1,credited-by-mirror
Telegram: ChDambiev,moldova,2,credited-by-mirror
Telegram: ChDambiev,poland,43,credited-by-mirror
Telegram: ChDambiev,romania,8,credited-by-mirror
Telegram: ChDambiev,slovakia,2,credited-by-mirror
Telegram: ChannelOne_official,czechia,1,credited-by-mirror
Telegram: ChannelOne_official,deutsch,17,credited-by-mirror
Telegram: ChannelOne_official,hungary,2,credited-by-mirror
Telegram: ChannelOne_official,poland,5,credited-by-mirror
Telegram: Channel_No6,poland,4,credited-by-mirror
Telegram: Chesnakov,hungary,1,credited-by-mirror
Telegram: ChisinauTriumf,moldova,3,credited-by-mirror
Telegram: Chitat_v_Sretenke,romania,1,credited-by-mirror
Telegram: Christusbewusstsein,deutsch,18,credited-by-mirror
Telegram: CommradeLenin,poland,3,credited-by-mirror
Telegram: CompactMagazin,deutsch,41,credited-by-mirror
Telegram: CompromatSNG,moldova,9,credited-by-mirror
Telegram: Conciencia_Mundial,czechia,1,credited-by-mirror
Telegram: CongresulCivic,moldova,8,credited-by-mirror
Telegram: CongresulCivic,romania,6,credited-by-mirror
Telegram: ConsiliulPublicMD,moldova,3,credited-by-mirror
Telegram: ConspiracyHedge,moldova,5,credited-by-mirror
Telegram: Contora_Pishet,czechia,1,credited-by-mirror
Telegram: Contora_Pishet,hungary,2,credited-by-mirror
Telegram: Contora_Pishet,poland,8,credited-by-mirror
Telegram: Contora_Pishet,romania,3,credited-by-mirror
Telegram: DCaraman,moldova,2,credited-by-mirror
Telegram: DDDDoffiziell,deutsch,176,credited-by-mirror
Telegram: DDrobnitski,czechia,1,credited-by-mirror
Telegram: DDrobnitski,deutsch,48,credited-by-mirror
Telegram: DDrobnitski,hungary,8,credited-by-mirror
Telegram: DDrobnitski,poland,6,credited-by-mirror
Telegram: DDrobnitski,romania,6,credited-by-mirror
Telegram: DDrobnitski,slovakia,1,credited-by-mirror
Telegram: DEKurier,deutsch,10,credited-by-mirror
Telegram: DKbleskovky,czechia,2,credited-by-mirror
Telegram: DKbleskovky,slovakia,112,credited-by-mirror
Telegram: DKulko,czechia,1,credited-by-mirror
Telegram: DKulko,deutsch,16,credited-by-mirror
Telegram: DKulko,poland,6,credited-by-mirror
Telegram: DKulko,romania,1,credited-by-mirror
Telegram: DSdarialive,deutsch,8,credited-by-mirror
Telegram: DanDiaconu,romania,3,credited-by-mirror
Telegram: DanMVChiticNecenzurat,romania,1,credited-by-mirror
Telegram: DanielPrinzOffiziell,deutsch,125,credited-by-mirror
Telegram: DanieleGanser,deutsch,221,credited-by-mirror
Telegram: DeFreundschaftRu,deutsch,6526,credited-by-mirror
Telegram: Degtyarev_Info,deutsch,11,credited-by-mirror
Telegram: Degtyarev_Info,hungary,20,credited-by-mirror
Telegram: Degtyarev_Info,moldova,8,credited-by-mirror
Telegram: Degtyarev_Info,poland,6,credited-by-mirror
Telegram: Degtyarev_Info,romania,5,credited-by-mirror
Telegram: Degtyarev_Info,slovakia,1,credited-by-mirror
Telegram: DeinEntertainment,deutsch,19,credited-by-mirror
Telegram: Demotermine,deutsch,22,credited-by-mirror
Telegram: DennisNYB1,czechia,1,credited-by-mirror
Telegram: DeputatZhuravlev,czechia,39,credited-by-mirror
Telegram: DeputatZhuravlev,deutsch,574,credited-by-mirror
Telegram: DeputatZhuravlev,hungary,77,credited-by-mirror
Telegram: DeputatZhuravlev,moldova,33,credited-by-mirror
Telegram: DeputatZhuravlev,poland,244,credited-by-mirror
Telegram: DeputatZhuravlev,romania,49,credited-by-mirror
Telegram: DeputatZhuravlev,slovakia,41,credited-by-mirror
Telegram: Deputat_Malkevich,romania,1,credited-by-mirror
Telegram: Deutsch_Russische_Freunde,deutsch,9,credited-by-mirror
Telegram: DieFrontNews,deutsch,39,credited-by-mirror
Telegram: DieZeit_de,deutsch,17,credited-by-mirror
Telegram: DigitalSolider,hungary,1,credited-by-mirror
Telegram: DmitriySimes,czechia,1,credited-by-mirror
Telegram: DmitriySimes,deutsch,14,credited-by-mirror
Telegram: DmitriySimes,hungary,8,credited-by-mirror
Telegram: DmitriySimes,poland,14,credited-by-mirror
Telegram: DmitriySimes,romania,1,credited-by-mirror
Telegram: DmitriySteshin,czechia,7,credited-by-mirror
Telegram: DmitriySteshin,deutsch,168,credited-by-mirror
Telegram: DmitriySteshin,hungary,7,credited-by-mirror
Telegram: DmitriySteshin,moldova,6,credited-by-mirror
Telegram: DmitriySteshin,poland,58,credited-by-mirror
Telegram: DmitriySteshin,romania,7,credited-by-mirror
Telegram: DmitriySteshin,slovakia,3,credited-by-mirror
Telegram: DnevnikDesantnika,deutsch,11,credited-by-mirror
Telegram: DobroInform,deutsch,8,credited-by-mirror
Telegram: DobroInform,moldova,24,credited-by-mirror
Telegram: DobroInform,poland,3,credited-by-mirror
Telegram: DobroInform,romania,1,credited-by-mirror
Telegram: Doctor222555,deutsch,15,credited-by-mirror
Telegram: Doctor222555,hungary,2,credited-by-mirror
Telegram: Doctor222555,poland,7,credited-by-mirror
Telegram: Doctor222555,romania,1,credited-by-mirror
Telegram: DonJTrump,hungary,1,credited-by-mirror
Telegram: DonbassDevushka,czechia,6,credited-by-mirror
Telegram: DonbassDevushka,hungary,1,credited-by-mirror
Telegram: DonbassINFO,deutsch,603,credited-by-mirror
Telegram: DonbassMediaGroup,slovakia,1,credited-by-mirror
Telegram: DonskoyCossack,moldova,7,credited-by-mirror
Telegram: DonskoyCossack,romania,2,credited-by-mirror
Telegram: DruschbaFM,deutsch,18050,credited-by-mirror
Telegram: DusanStriz,slovakia,77,credited-by-mirror
Telegram: DvizhenieRusov,poland,3,credited-by-mirror
Telegram: DvuglavyiOrel,poland,3,credited-by-mirror
Telegram: DvuglavyiOrel,romania,1,credited-by-mirror
Telegram: EZOfit,slovakia,1,credited-by-mirror
Telegram: East_Watchman,czechia,1,credited-by-mirror
Telegram: EditaFeferonka,czechia,10128,credited-by-mirror
Telegram: EduardZdorov,moldova,6,credited-by-mirror
Telegram: EisernerVorhang,deutsch,271,credited-by-mirror
Telegram: EkaBalaskovaHD,slovakia,1,credited-by-mirror
Telegram: ElenaPorubin,romania,1,credited-by-mirror
Telegram: EmbRusiaEnArgRu,deutsch,10,credited-by-mirror
Telegram: Emilia_friends,hungary,1,credited-by-mirror
Telegram: Erich_Weise,deutsch,990,credited-by-mirror
Telegram: EurasiaWorld,moldova,5,credited-by-mirror
Telegram: EvPanina,czechia,11,credited-by-mirror
Telegram: EvPanina,deutsch,295,credited-by-mirror
Telegram: EvPanina,hungary,96,credited-by-mirror
Telegram: EvPanina,moldova,47,credited-by-mirror
Telegram: EvPanina,poland,141,credited-by-mirror
Telegram: EvPanina,romania,63,credited-by-mirror
Telegram: EvPanina,slovakia,35,credited-by-mirror
Telegram: EvaHermanOffiziell,deutsch,91,credited-by-mirror
Telegram: Evnshatun,czechia,1,credited-by-mirror
Telegram: Evnshatun,deutsch,12,credited-by-mirror
Telegram: Evnshatun,hungary,2,credited-by-mirror
Telegram: Evnshatun,moldova,27,credited-by-mirror
Telegram: Evnshatun,poland,5,credited-by-mirror
Telegram: Evnshatun,romania,15,credited-by-mirror
Telegram: ExpressAsia,romania,1,credited-by-mirror
Telegram: FDS_sport,moldova,4,credited-by-mirror
Telegram: FE_RicoPodcast,czechia,1,credited-by-mirror
Telegram: FGNews07,deutsch,15,credited-by-mirror
Telegram: FaktenFriedenFreiheit,deutsch,11,credited-by-mirror
Telegram: Falk_Nachrichten_offiziell,deutsch,84,credited-by-mirror
Telegram: FilatovCorr,deutsch,60,credited-by-mirror
Telegram: FilatovCorr,hungary,2,credited-by-mirror
Telegram: FilatovCorr,moldova,3,credited-by-mirror
Telegram: FilatovCorr,poland,2,credited-by-mirror
Telegram: Fleischwolf18,deutsch,62,credited-by-mirror
Telegram: FlorianGeyer2024,deutsch,1070,credited-by-mirror
Telegram: Fluieras,moldova,1521,credited-by-mirror
Telegram: Folgedemplan,deutsch,1159,credited-by-mirror
Telegram: Fotescu_Vadim,moldova,4,credited-by-mirror
Telegram: FrMaWa,deutsch,258,credited-by-mirror
Telegram: FreePeopleGermany,deutsch,95,credited-by-mirror
Telegram: Free_Energy_Tesla,czechia,4,credited-by-mirror
Telegram: FreedomMoldova,moldova,39,credited-by-mirror
Telegram: FreieMedienTV,deutsch,21,credited-by-mirror
Telegram: FreiheitDerGedanken,deutsch,13,credited-by-mirror
Telegram: FriedensstifterLIVE,deutsch,331,credited-by-mirror
Telegram: From_Masha_withLOVE,deutsch,33,credited-by-mirror
Telegram: GGIu2G,deutsch,14,credited-by-mirror
Telegram: GHZFriedrichMaik,czechia,1,credited-by-mirror
Telegram: GHZFriedrichMaik,deutsch,614,credited-by-mirror
Telegram: GK_RF_Bonn,deutsch,27,credited-by-mirror
Telegram: GK_RF_Salzburg,deutsch,9,credited-by-mirror
Telegram: GWisnewski,deutsch,12,credited-by-mirror
Telegram: G_o_R_ru,slovakia,2,credited-by-mirror
Telegram: GaGauZia_v_efire,moldova,8,credited-by-mirror
Telegram: GagTalk,deutsch,10,credited-by-mirror
Telegram: GagTalk,poland,2,credited-by-mirror
Telegram: GardeZ66,czechia,24,credited-by-mirror
Telegram: GardeZ66,deutsch,522,credited-by-mirror
Telegram: GardeZ66,hungary,127,credited-by-mirror
Telegram: GardeZ66,moldova,46,credited-by-mirror
Telegram: GardeZ66,poland,181,credited-by-mirror
Telegram: GardeZ66,romania,49,credited-by-mirror
Telegram: GardeZ66,slovakia,48,credited-by-mirror
Telegram: GeRussia,deutsch,10,credited-by-mirror
Telegram: GeheimesWissenDerEliten,deutsch,1195,credited-by-mirror
Telegram: Geopolitika_de,deutsch,344,credited-by-mirror
Telegram: Geopolitika_pl,poland,33,credited-by-mirror
Telegram: GermanyHeute,deutsch,6046,credited-by-mirror
Telegram: GesundUndGut,deutsch,38,credited-by-mirror
Telegram: Gigin_Vadim,czechia,1,credited-by-mirror
Telegram: Gigin_Vadim,hungary,2,credited-by-mirror
Telegram: Gigin_Vadim,poland,4,credited-by-mirror
Telegram: Gigin_Vadim,slovakia,2,credited-by-mirror
Telegram: Gillotina,deutsch,10,credited-by-mirror
Telegram: GoldenAgeDE,deutsch,11,credited-by-mirror
Telegram: Gorchakov_Fund,slovakia,1,credited-by-mirror
Telegram: GrafinyaNegoduet,czechia,16,credited-by-mirror
Telegram: GrafinyaNegoduet,deutsch,120,credited-by-mirror
Telegram: GrafinyaNegoduet,hungary,70,credited-by-mirror
Telegram: GrafinyaNegoduet,moldova,67,credited-by-mirror
Telegram: GrafinyaNegoduet,poland,66,credited-by-mirror
Telegram: GrafinyaNegoduet,romania,36,credited-by-mirror
Telegram: GrafinyaNegoduet,slovakia,35,credited-by-mirror
Telegram: Grantoed_by,czechia,2,credited-by-mirror
Telegram: Grantoed_by,poland,2,credited-by-mirror
Telegram: Grantoed_by,slovakia,1,credited-by-mirror
Telegram: Greatwarchannel,hungary,1,credited-by-mirror
Telegram: GrigoryPetushkov,czechia,1,credited-by-mirror
Telegram: GrigoryPetushkov,romania,1,credited-by-mirror
Telegram: Grigory_Karasin,czechia,2,credited-by-mirror
Telegram: Grigory_Karasin,deutsch,26,credited-by-mirror
Telegram: Grigory_Karasin,hungary,7,credited-by-mirror
Telegram: Grigory_Karasin,poland,8,credited-by-mirror
Telegram: Grigory_Karasin,romania,1,credited-by-mirror
Telegram: Grigory_Karasin,slovakia,2,credited-by-mirror
Telegram: GruppePoppel,hungary,1,credited-by-mirror
Telegram: HKickl,deutsch,8,credited-by-mirror
Telegram: Habitat_Verdadero,czechia,1,credited-by-mirror
Telegram: Haintz,deutsch,962,credited-by-mirror
Telegram: HalkinMoldav,moldova,98,credited-by-mirror
Telegram: Hard_Blog_Line,hungary,1,credited-by-mirror
Telegram: Hard_Blog_Line,poland,2,credited-by-mirror
Telegram: HersonVestnik,czechia,23,credited-by-mirror
Telegram: HersonVestnik,deutsch,235,credited-by-mirror
Telegram: HersonVestnik,hungary,50,credited-by-mirror
Telegram: HersonVestnik,moldova,20,credited-by-mirror
Telegram: HersonVestnik,poland,119,credited-by-mirror
Telegram: HersonVestnik,romania,32,credited-by-mirror
Telegram: HersonVestnik,slovakia,29,credited-by-mirror
Telegram: Hinshtein,hungary,2,credited-by-mirror
Telegram: Hinshtein,poland,5,credited-by-mirror
Telegram: Hinweise_Rueckrufe,deutsch,19,credited-by-mirror
Telegram: HistorySlavs,poland,8,credited-by-mirror
Telegram: HolistischeGesundheitHeilung,deutsch,318,credited-by-mirror
Telegram: HouseOfCardsEurope,hungary,1,credited-by-mirror
Telegram: HouseOfCardsEurope,poland,2,credited-by-mirror
Telegram: Humor_and_Politics,moldova,6,credited-by-mirror
Telegram: Humor_and_Politics,poland,4,credited-by-mirror
Telegram: III_SESTRY,deutsch,15,credited-by-mirror
Telegram: III_SESTRY,poland,137,credited-by-mirror
Telegram: III_SESTRY,slovakia,1,credited-by-mirror
Telegram: INFO_STOP_COVID,czechia,8,credited-by-mirror
Telegram: INFO_STOP_COVID,slovakia,8,credited-by-mirror
Telegram: ITundSicherheit,deutsch,17,credited-by-mirror
Telegram: IUFJchan,moldova,4,credited-by-mirror
Telegram: I_am_love_and_light,czechia,3,credited-by-mirror
Telegram: InfoDefMagyarok,hungary,6683,credited-by-mirror
Telegram: InfoDefenseRUM,moldova,13,credited-by-mirror
Telegram: InfoDefenseRUM,romania,4457,credited-by-mirror
Telegram: InfoDefenseRUS,czechia,2,credited-by-mirror
Telegram: InfoDefenseRUS,deutsch,23,credited-by-mirror
Telegram: InfoDefenseRUS,hungary,4,credited-by-mirror
Telegram: InfoDefenseRUS,poland,7,credited-by-mirror
Telegram: InfoDefenseRUS,romania,3,credited-by-mirror
Telegram: InfoDefenseRUS,slovakia,1,credited-by-mirror
Telegram: InfoVojnaOfficial,czechia,18,credited-by-mirror
Telegram: InfoVojnaOfficial,slovakia,184,credited-by-mirror
Telegram: InfodefSpectrum,czechia,75,credited-by-mirror
Telegram: InfodefSpectrum,deutsch,1332,credited-by-mirror
Telegram: InfodefSpectrum,hungary,648,credited-by-mirror
Telegram: InfodefSpectrum,moldova,141,credited-by-mirror
Telegram: InfodefSpectrum,poland,452,credited-by-mirror
Telegram: InfodefSpectrum,romania,262,credited-by-mirror
Telegram: InfodefSpectrum,slovakia,91,credited-by-mirror
Telegram: InfodefenseCZE,czechia,10767,credited-by-mirror
Telegram: Infrarot_Medien,deutsch,30,credited-by-mirror
Telegram: IngSVO,hungary,2,credited-by-mirror
Telegram: IngSVO,poland,2,credited-by-mirror
Telegram: IrinaVolk_MVD,czechia,3,credited-by-mirror
Telegram: IrinaVolk_MVD,deutsch,30,credited-by-mirror
Telegram: IrinaVolk_MVD,hungary,1,credited-by-mirror
Telegram: IrinaVolk_MVD,moldova,4,credited-by-mirror
Telegram: IrinaVolk_MVD,poland,11,credited-by-mirror
Telegram: IrinaVolk_MVD,slovakia,1,credited-by-mirror
Telegram: Irna_ru,moldova,11,credited-by-mirror
Telegram: IronHelmets,hungary,1,credited-by-mirror
Telegram: IronHelmets,poland,3,credited-by-mirror
Telegram: IrrsinnigeWelt,deutsch,15,credited-by-mirror
Telegram: IvanPanea,moldova,4,credited-by-mirror
Telegram: Ivan_Sergeevich_Prikhodko,czechia,3,credited-by-mirror
Telegram: Ivan_Sergeevich_Prikhodko,poland,4,credited-by-mirror
Telegram: Ivan_Sergeevich_Prikhodko,romania,2,credited-by-mirror
Telegram: Ivorytowers,hungary,1,credited-by-mirror
Telegram: Iza_Bela2,slovakia,57,credited-by-mirror
Telegram: JSbeznahubku,czechia,1,credited-by-mirror
Telegram: JSbeznahubku,slovakia,4,credited-by-mirror
Telegram: JScovid1984,czechia,2,credited-by-mirror
Telegram: JScovid1984,slovakia,12,credited-by-mirror
Telegram: Janasedm,czechia,2,credited-by-mirror
Telegram: Janasedm,slovakia,2,credited-by-mirror
Telegram: JindrichRajchl_PRO,czechia,28,credited-by-mirror
Telegram: JindrichRajchl_PRO,slovakia,1,credited-by-mirror
Telegram: JokerDPR,czechia,1,credited-by-mirror
Telegram: JokerDPR,hungary,1,credited-by-mirror
Telegram: JokerDPR,poland,12,credited-by-mirror
Telegram: JokerDPR,romania,1,credited-by-mirror
Telegram: JuditaLassakova,slovakia,24,credited-by-mirror
Telegram: KIMMARINA,czechia,2,credited-by-mirror
Telegram: KIMMARINA,deutsch,17,credited-by-mirror
Telegram: KIMMARINA,hungary,5,credited-by-mirror
Telegram: KIMMARINA,moldova,6,credited-by-mirror
Telegram: KIMMARINA,romania,1,credited-by-mirror
Telegram: KIMMARINA,slovakia,4,credited-by-mirror
Telegram: KSVORF,moldova,5,credited-by-mirror
Telegram: KULTURNYJ_SHOK,deutsch,9,credited-by-mirror
Telegram: KULTURNYJ_SHOK,hungary,1,credited-by-mirror
Telegram: KULTURNYJ_SHOK,poland,4,credited-by-mirror
Telegram: Kampf_fuer_unsere_Zukunft,deutsch,295,credited-by-mirror
Telegram: KanalChemtrailsHaarp,slovakia,1,credited-by-mirror
Telegram: Karma_Sever,moldova,2,credited-by-mirror
Telegram: Kartenaufdeckung,deutsch,650,credited-by-mirror
Telegram: Kdvinsky,romania,1,credited-by-mirror
Telegram: Kdvinsky,slovakia,1,credited-by-mirror
Telegram: Kerch_Today,deutsch,20,credited-by-mirror
Telegram: Kerch_Today,poland,15,credited-by-mirror
Telegram: Kharkov_Perviy,hungary,1,credited-by-mirror
Telegram: Kharkov_Z_news,hungary,1,credited-by-mirror
Telegram: Kharkov_Z_news,poland,2,credited-by-mirror
Telegram: KilezMore,deutsch,38,credited-by-mirror
Telegram: KillMilk_Official,moldova,3,credited-by-mirror
Telegram: KlagemauerTV,deutsch,11,credited-by-mirror
Telegram: Kosachev62,czechia,4,credited-by-mirror
Telegram: Kosachev62,deutsch,134,credited-by-mirror
Telegram: Kosachev62,hungary,13,credited-by-mirror
Telegram: Kosachev62,moldova,18,credited-by-mirror
Telegram: Kosachev62,poland,38,credited-by-mirror
Telegram: Kosachev62,romania,16,credited-by-mirror
Telegram: Kosachev62,slovakia,6,credited-by-mirror
Telegram: Kosicelive,slovakia,8,credited-by-mirror
Telegram: KotNaMirotvorze,czechia,1,credited-by-mirror
Telegram: KotNaMirotvorze,deutsch,16,credited-by-mirror
Telegram: KotNaMirotvorze,hungary,1,credited-by-mirror
Telegram: KotNaMirotvorze,moldova,35,credited-by-mirror
Telegram: KotNaMirotvorze,poland,9,credited-by-mirror
Telegram: KotNaMirotvorze,romania,20,credited-by-mirror
Telegram: KotNaMirotvorze,slovakia,3,credited-by-mirror
Telegram: KpMoldova,moldova,9362,credited-by-mirror
Telegram: L0HMATIY,czechia,1,credited-by-mirror
Telegram: L0HMATIY,deutsch,43,credited-by-mirror
Telegram: L0HMATIY,hungary,5,credited-by-mirror
Telegram: L0HMATIY,moldova,15,credited-by-mirror
Telegram: L0HMATIY,poland,34,credited-by-mirror
Telegram: L0HMATIY,romania,11,credited-by-mirror
Telegram: L0HMATIY,slovakia,1,credited-by-mirror
Telegram: LIONMediaNews,deutsch,23,credited-by-mirror
Telegram: LSlaier,hungary,1,credited-by-mirror
Telegram: LSlaier,romania,1,credited-by-mirror
Telegram: LadislavKamenicky,slovakia,23,credited-by-mirror
Telegram: Lahme_Ente,deutsch,1762,credited-by-mirror
Telegram: LaskyplnyGalaktickyKontakt,czechia,2,credited-by-mirror
Telegram: LastOfRus,czechia,1,credited-by-mirror
Telegram: LastOfRus,deutsch,14,credited-by-mirror
Telegram: LastOfRus,hungary,1,credited-by-mirror
Telegram: LastOfRus,moldova,3,credited-by-mirror
Telegram: LastOfRus,poland,4,credited-by-mirror
Telegram: LastOfRus,romania,1,credited-by-mirror
Telegram: LastOfRus,slovakia,2,credited-by-mirror
Telegram: LatajacyHolender,poland,3387,credited-by-mirror
Telegram: LauraAbolichannel,slovakia,3,credited-by-mirror
Telegram: Lendlizvolkova,slovakia,1,credited-by-mirror
Telegram: LenkaBogarova,slovakia,2,credited-by-mirror
Telegram: Lesnik300,moldova,4,credited-by-mirror
Telegram: LexcentoundiciVeritas,czechia,1,credited-by-mirror
Telegram: Liberaveritas2,czechia,3,credited-by-mirror
Telegram: Libertas_info_cz,czechia,29336,credited-by-mirror
Telegram: Life_underZoccupati,slovakia,1,credited-by-mirror
Telegram: ListyOsy,czechia,2,credited-by-mirror
Telegram: Losevatalks,czechia,2,credited-by-mirror
Telegram: Losevatalks,deutsch,12,credited-by-mirror
Telegram: Losevatalks,moldova,6,credited-by-mirror
Telegram: Losevatalks,poland,13,credited-by-mirror
Telegram: LubosBlahaSmer,czechia,66,credited-by-mirror
Telegram: LubosBlahaSmer,slovakia,73,credited-by-mirror
Telegram: Lubos_D,czechia,1854,credited-by-mirror
Telegram: Lubos_D,slovakia,8,credited-by-mirror
Telegram: Lunay14,czechia,1,credited-by-mirror
Telegram: Lunay14,deutsch,13,credited-by-mirror
Telegram: LussiList,czechia,4168,credited-by-mirror
Telegram: LussiList,slovakia,2,credited-by-mirror
Telegram: MARKmobil,deutsch,24,credited-by-mirror
Telegram: MAYDNR,czechia,10,credited-by-mirror
Telegram: MAYDNR,deutsch,147,credited-by-mirror
Telegram: MAYDNR,hungary,20,credited-by-mirror
Telegram: MAYDNR,moldova,17,credited-by-mirror
Telegram: MAYDNR,poland,62,credited-by-mirror
Telegram: MAYDNR,romania,12,credited-by-mirror
Telegram: MAYDNR,slovakia,10,credited-by-mirror
Telegram: MDNationalArmy,moldova,5,credited-by-mirror
Telegram: MDNationalArmy,romania,2,credited-by-mirror
Telegram: MD_referendum2024,moldova,5,credited-by-mirror
Telegram: MEZHEVICH_N_M,hungary,2,credited-by-mirror
Telegram: MEZHEVICH_N_M,moldova,5,credited-by-mirror
Telegram: MEZHEVICH_N_M,poland,3,credited-by-mirror
Telegram: MEZHEVICH_N_M,romania,1,credited-by-mirror
Telegram: MEZHEVICH_N_M,slovakia,1,credited-by-mirror
Telegram: MFARussia,deutsch,16,credited-by-mirror
Telegram: MFARussia,romania,1,credited-by-mirror
Telegram: MFA_NN,czechia,1,credited-by-mirror
Telegram: MFA_NN,hungary,1,credited-by-mirror
Telegram: MGzpravy,czechia,41286,credited-by-mirror
Telegram: MID_Kaliningrad,czechia,1,credited-by-mirror
Telegram: MID_Russia,czechia,64,credited-by-mirror
Telegram: MID_Russia,deutsch,1049,credited-by-mirror
Telegram: MID_Russia,hungary,115,credited-by-mirror
Telegram: MID_Russia,moldova,237,credited-by-mirror
Telegram: MID_Russia,poland,256,credited-by-mirror
Telegram: MID_Russia,romania,144,credited-by-mirror
Telegram: MID_Russia,slovakia,62,credited-by-mirror
Telegram: MIR24MOLDOVA,moldova,125,credited-by-mirror
Telegram: MIrvMomente,deutsch,28,credited-by-mirror
Telegram: MIrvMomente,hungary,11,credited-by-mirror
Telegram: MIrvMomente,moldova,4,credited-by-mirror
Telegram: MIrvMomente,poland,8,credited-by-mirror
Telegram: MIrvMomente,romania,10,credited-by-mirror
Telegram: MIrvMomente,slovakia,3,credited-by-mirror
Telegram: MOLDOVA_L,moldova,8,credited-by-mirror
Telegram: MakarenkoLive,poland,2,credited-by-mirror
Telegram: MaksLifeOff,czechia,15,credited-by-mirror
Telegram: MaksLifeOff,deutsch,334,credited-by-mirror
Telegram: MaksLifeOff,hungary,64,credited-by-mirror
Telegram: MaksLifeOff,moldova,36,credited-by-mirror
Telegram: MaksLifeOff,poland,115,credited-by-mirror
Telegram: MaksLifeOff,romania,50,credited-by-mirror
Telegram: MaksLifeOff,slovakia,29,credited-by-mirror
Telegram: MarekGeci,slovakia,41,credited-by-mirror
Telegram: MariaVladimirovnaZakharova,czechia,15,credited-by-mirror
Telegram: MariaVladimirovnaZakharova,deutsch,416,credited-by-mirror
Telegram: MariaVladimirovnaZakharova,hungary,24,credited-by-mirror
Telegram: MariaVladimirovnaZakharova,moldova,70,credited-by-mirror
Telegram: MariaVladimirovnaZakharova,poland,87,credited-by-mirror
Telegram: MariaVladimirovnaZakharova,romania,36,credited-by-mirror
Telegram: MariaVladimirovnaZakharova,slovakia,13,credited-by-mirror
Telegram: MarianLupuRM,moldova,7,credited-by-mirror
Telegram: Marina_Tauber,moldova,5,credited-by-mirror
Telegram: Marinaslovo,czechia,4,credited-by-mirror
Telegram: Marinaslovo,deutsch,137,credited-by-mirror
Telegram: Marinaslovo,hungary,8,credited-by-mirror
Telegram: Marinaslovo,moldova,15,credited-by-mirror
Telegram: Marinaslovo,poland,49,credited-by-mirror
Telegram: Marinaslovo,romania,2,credited-by-mirror
Telegram: Marinaslovo,slovakia,5,credited-by-mirror
Telegram: MatrixHungary,hungary,1,credited-by-mirror
Telegram: MaximYusin,romania,1,credited-by-mirror
Telegram: Mecklenburger_Petersburger,deutsch,11,credited-by-mirror
Telegram: Mecklenburger_Petersburger,poland,2,credited-by-mirror
Telegram: MediaKiller2021,czechia,1,credited-by-mirror
Telegram: Media_Post_UA,moldova,2,credited-by-mirror
Telegram: Media_Post_UA,poland,2,credited-by-mirror
Telegram: Media_Post_UA,romania,1,credited-by-mirror
Telegram: Medienrundschau,deutsch,3770,credited-by-mirror
Telegram: Medienzensur,deutsch,45,credited-by-mirror
Telegram: MedvedevVesti,czechia,4,credited-by-mirror
Telegram: MedvedevVesti,deutsch,145,credited-by-mirror
Telegram: MedvedevVesti,hungary,7,credited-by-mirror
Telegram: MedvedevVesti,moldova,5,credited-by-mirror
Telegram: MedvedevVesti,poland,66,credited-by-mirror
Telegram: MedvedevVesti,romania,1,credited-by-mirror
Telegram: MedvedevVesti,slovakia,2,credited-by-mirror
Telegram: MegaFunnyVids,deutsch,25,credited-by-mirror
Telegram: MegaVata,moldova,50,credited-by-mirror
Telegram: MeineDNEWS,deutsch,1878,credited-by-mirror
Telegram: Mestb_Dobroj_Voli,deutsch,17,credited-by-mirror
Telegram: Mestb_Dobroj_Voli,poland,2,credited-by-mirror
Telegram: Mestb_Dobroj_Voli,romania,1,credited-by-mirror
Telegram: Metametrica,czechia,1,credited-by-mirror
Telegram: Metametrica,deutsch,8,credited-by-mirror
Telegram: Metametrica,hungary,2,credited-by-mirror
Telegram: Metametrica,moldova,2,credited-by-mirror
Telegram: MherVardani,hungary,1,credited-by-mirror
Telegram: Mihailvlah,moldova,13,credited-by-mirror
Telegram: Mikle1On,czechia,71,credited-by-mirror
Telegram: Mikle1On,deutsch,1690,credited-by-mirror
Telegram: Mikle1On,hungary,146,credited-by-mirror
Telegram: Mikle1On,moldova,99,credited-by-mirror
Telegram: Mikle1On,poland,756,credited-by-mirror
Telegram: Mikle1On,romania,115,credited-by-mirror
Telegram: Mikle1On,slovakia,50,credited-by-mirror
Telegram: MilThemeZ,czechia,29,credited-by-mirror
Telegram: MilThemeZ,deutsch,522,credited-by-mirror
Telegram: MilThemeZ,hungary,60,credited-by-mirror
Telegram: MilThemeZ,moldova,29,credited-by-mirror
Telegram: MilThemeZ,poland,290,credited-by-mirror
Telegram: MilThemeZ,romania,69,credited-by-mirror
Telegram: MilThemeZ,slovakia,20,credited-by-mirror
Telegram: MilitaerNews,deutsch,26,credited-by-mirror
Telegram: MilitaryThemeZ,czechia,1,credited-by-mirror
Telegram: MilitaryThemeZ,poland,2,credited-by-mirror
Telegram: Mintrans_Russia,moldova,5,credited-by-mirror
Telegram: Mintrans_Russia,poland,2,credited-by-mirror
Telegram: MinuteHistoryChanel,hungary,1,credited-by-mirror
Telegram: MinuteHistoryChanel,moldova,2,credited-by-mirror
Telegram: MinuteHistoryChanel,romania,1,credited-by-mirror
Telegram: Miro_Del,czechia,8,credited-by-mirror
Telegram: Miro_Del,slovakia,2657,credited-by-mirror
Telegram: Mishavlah1978,moldova,3,credited-by-mirror
Telegram: Moldav_svyaz,moldova,324,credited-by-mirror
Telegram: MoldovaAdevarata,moldova,1292,credited-by-mirror
Telegram: MoldovaPolitics,moldova,3556,credited-by-mirror
Telegram: MoldovaSecurityPlatform,moldova,86,credited-by-mirror
Telegram: MoldovaSecurityPlatform,romania,36,credited-by-mirror
Telegram: Moldova_actually,moldova,6,credited-by-mirror
Telegram: Moldova_times,moldova,44,credited-by-mirror
Telegram: MoldoveniRU,moldova,35,credited-by-mirror
Telegram: MonitoringMD,moldova,43,credited-by-mirror
Telegram: Morskaya_Pehota_Russia,hungary,1,credited-by-mirror
Telegram: MoskalkovSB,deutsch,12,credited-by-mirror
Telegram: MoskalkovSB,hungary,1,credited-by-mirror
Telegram: MoskalkovSB,moldova,3,credited-by-mirror
Telegram: MoskalkovSB,poland,2,credited-by-mirror
Telegram: MoskalkovSB,romania,1,credited-by-mirror
Telegram: MusicaVeritas,czechia,1,credited-by-mirror
Telegram: NODonKRecords2,czechia,2,credited-by-mirror
Telegram: NSDVDnepre,hungary,2,credited-by-mirror
Telegram: NSDVKharkove,czechia,1,credited-by-mirror
Telegram: NSDVKharkove,hungary,1,credited-by-mirror
Telegram: NSDVKharkove,poland,2,credited-by-mirror
Telegram: NSDVKharkove,romania,1,credited-by-mirror
Telegram: NSDVKharkove,slovakia,1,credited-by-mirror
Telegram: NSDVNikolaeve,hungary,1,credited-by-mirror
Telegram: NabojPravdy,czechia,3,credited-by-mirror
Telegram: NachrichtenWelt,deutsch,7692,credited-by-mirror
Telegram: Nachrichtenwelt_TV,deutsch,206,credited-by-mirror
Telegram: NasonovLive,czechia,37,credited-by-mirror
Telegram: NasonovLive,deutsch,361,credited-by-mirror
Telegram: NasonovLive,hungary,115,credited-by-mirror
Telegram: NasonovLive,moldova,30,credited-by-mirror
Telegram: NasonovLive,poland,143,credited-by-mirror
Telegram: NasonovLive,romania,33,credited-by-mirror
Telegram: NasonovLive,slovakia,55,credited-by-mirror
Telegram: NeBrigada,hungary,2,credited-by-mirror
Telegram: NeBrigada,poland,4,credited-by-mirror
Telegram: Nemzeti_InternetFigyelo,hungary,1,credited-by-mirror
Telegram: NewNovorossia,czechia,1,credited-by-mirror
Telegram: NewNovorossia,hungary,1,credited-by-mirror
Telegram: NewNovorossia,romania,1,credited-by-mirror
Telegram: News1717,deutsch,26,credited-by-mirror
Telegram: NewsEconomics,hungary,1,credited-by-mirror
Telegram: NewsEconomics,moldova,5,credited-by-mirror
Telegram: NicolaiLilinRUS,czechia,1,credited-by-mirror
Telegram: NicolaiLilinRUS,hungary,1,credited-by-mirror
Telegram: NicolaiLilinRUS,slovakia,1,credited-by-mirror
Telegram: NikitaVasiliev,czechia,3,credited-by-mirror
Telegram: NikitaVasiliev,deutsch,103,credited-by-mirror
Telegram: NikitaVasiliev,hungary,11,credited-by-mirror
Telegram: NikitaVasiliev,moldova,6,credited-by-mirror
Telegram: NikitaVasiliev,poland,50,credited-by-mirror
Telegram: NikitaVasiliev,romania,9,credited-by-mirror
Telegram: NikitaVasiliev,slovakia,6,credited-by-mirror
Telegram: No_Pasaran2022,deutsch,18,credited-by-mirror
Telegram: Noi_md,moldova,8,credited-by-mirror
Telegram: Noi_md,romania,1,credited-by-mirror
Telegram: NorthernFront_NATO,czechia,1,credited-by-mirror
Telegram: NorthernFront_NATO,poland,5,credited-by-mirror
Telegram: Novoeizdanie,moldova,6,credited-by-mirror
Telegram: Novoeizdanie,romania,12,credited-by-mirror
Telegram: Nuoviso,deutsch,11,credited-by-mirror
Telegram: ODznova,slovakia,2,credited-by-mirror
Telegram: OParzany,moldova,5,credited-by-mirror
Telegram: Obnakyxne,moldova,25,credited-by-mirror
Telegram: OdessaRussi,hungary,1,credited-by-mirror
Telegram: OdessaRussi,moldova,187,credited-by-mirror
Telegram: OdessaRussi,romania,1,credited-by-mirror
Telegram: OdessitBodelan,romania,2,credited-by-mirror
Telegram: Odnostalco,moldova,3,credited-by-mirror
Telegram: OilGasGame,slovakia,1,credited-by-mirror
Telegram: Oleg_Blokhin,deutsch,10,credited-by-mirror
Telegram: Oleg_Blokhin,poland,2,credited-by-mirror
Telegram: Olej_w_Glowie,poland,39173,credited-by-mirror
Telegram: OlgaJanigova,slovakia,3,credited-by-mirror
Telegram: On_War_On_War,romania,1,credited-by-mirror
Telegram: OpenUkraine,czechia,1,credited-by-mirror
Telegram: OpenUkraine,deutsch,10,credited-by-mirror
Telegram: OpenUkraine,hungary,3,credited-by-mirror
Telegram: OpenUkraine,moldova,33,credited-by-mirror
Telegram: OstashkoMusic,poland,3,credited-by-mirror
Telegram: OttorjennayaVozvratih,romania,1,credited-by-mirror
Telegram: OvertonMagazin,deutsch,330,credited-by-mirror
Telegram: PLOCHYPODCAST,czechia,2,credited-by-mirror
Telegram: PR0RU_BY,moldova,20,credited-by-mirror
Telegram: PRAWDZIWAHISTORIA,poland,8,credited-by-mirror
Telegram: PROpaganda_GlobalePolitik,deutsch,16,credited-by-mirror
Telegram: PalestynaWolna,poland,20,credited-by-mirror
Telegram: PanSwiridow,hungary,1,credited-by-mirror
Telegram: PanSwiridow,poland,13,credited-by-mirror
Telegram: ParkEarth,czechia,1,credited-by-mirror
Telegram: PatrickLancaterNewsToday,deutsch,15,credited-by-mirror
Telegram: PatrickLancaterNewsToday,poland,7,credited-by-mirror
Telegram: PatrickLancaterNewsToday,romania,1,credited-by-mirror
Telegram: Pavlova_Maria_live,poland,2,credited-by-mirror
Telegram: PellegriniOfficial,slovakia,204,credited-by-mirror
Telegram: Peter211180,czechia,1,credited-by-mirror
Telegram: Petya_perviy,moldova,139,credited-by-mirror
Telegram: PhantomSchweiz,deutsch,35,credited-by-mirror
Telegram: PoDrugiejStronie,poland,453,credited-by-mirror
Telegram: PochopTo_Sk,slovakia,2,credited-by-mirror
Telegram: PointNews,moldova,14,credited-by-mirror
Telegram: Pol_Apost,hungary,1,credited-by-mirror
Telegram: PoliTube_news,moldova,98,credited-by-mirror
Telegram: PolitiaDeFrontieraRM,moldova,6,credited-by-mirror
Telegram: Politia_Republicii_Moldova,moldova,24,credited-by-mirror
Telegram: PolitickyNekorektniVtipy,czechia,1,credited-by-mirror
Telegram: Politinn,hungary,2,credited-by-mirror
Telegram: Politinn,moldova,4,credited-by-mirror
Telegram: Politinn,romania,2,credited-by-mirror
Telegram: PolitischeBilder,deutsch,419,credited-by-mirror
Telegram: Politische_Nachrichten,deutsch,235,credited-by-mirror
Telegram: Politnavigator,czechia,269,credited-by-mirror
Telegram: Politnavigator,deutsch,4759,credited-by-mirror
Telegram: Politnavigator,hungary,827,credited-by-mirror
Telegram: Politnavigator,moldova,866,credited-by-mirror
Telegram: Politnavigator,poland,1985,credited-by-mirror
Telegram: Politnavigator,romania,701,credited-by-mirror
Telegram: Politnavigator,slovakia,342,credited-by-mirror
Telegram: PolskaHistoriaIGeopolityka,poland,25,credited-by-mirror
Telegram: PomyslyCiekawostkiFantazje,poland,526,credited-by-mirror
Telegram: PowiernictwoKresowe,poland,5,credited-by-mirror
Telegram: Pozyteczne_Smiglo,poland,406,credited-by-mirror
Telegram: PravdaEliferova,czechia,1,credited-by-mirror
Telegram: PravdaEliferova,hungary,1,credited-by-mirror
Telegram: PravdaEliferova,poland,2,credited-by-mirror
Telegram: PravdaEliferova,romania,1,credited-by-mirror
Telegram: PravdaEliferova,slovakia,1,credited-by-mirror
Telegram: PravdaGagauzia,moldova,5,credited-by-mirror
Telegram: Pravda_i_kotiki,deutsch,34,credited-by-mirror
Telegram: Pravda_i_kotiki,hungary,2,credited-by-mirror
Telegram: Pravda_i_kotiki,moldova,6,credited-by-mirror
Telegram: Pravda_i_kotiki,poland,7,credited-by-mirror
Telegram: Pravda_i_kotiki,romania,1,credited-by-mirror
Telegram: Pravda_i_kotiki,slovakia,1,credited-by-mirror
Telegram: Prikhodko1970,czechia,1,credited-by-mirror
Telegram: Primaria_Chisinau,moldova,8,credited-by-mirror
Telegram: Primaria_Chisinau,romania,1,credited-by-mirror
Telegram: ProRU_BY,moldova,1094,credited-by-mirror
Telegram: ProgramowanieLinux,poland,34,credited-by-mirror
Telegram: Proudnarodnihrdosti,czechia,22,credited-by-mirror
Telegram: Proudnarodnihrdosti,slovakia,61,credited-by-mirror
Telegram: PsyOpsMemes,hungary,1,credited-by-mirror
Telegram: PushilinDenis,czechia,1,credited-by-mirror
Telegram: Putin_tramp_migranty_oreshnik,czechia,1,credited-by-mirror
Telegram: Putin_tramp_migranty_oreshnik,deutsch,10,credited-by-mirror
Telegram: Putin_tramp_migranty_oreshnik,hungary,4,credited-by-mirror
Telegram: Putin_tramp_migranty_oreshnik,poland,3,credited-by-mirror
Telegram: Putin_tramp_migranty_oreshnik,slovakia,1,credited-by-mirror
Telegram: Putin_tramp_mobilizaciya_migrant,hungary,3,credited-by-mirror
Telegram: Putin_tramp_mobilizaciya_migrant,poland,4,credited-by-mirror
Telegram: Putin_tramp_mobilizaciya_migrant,slovakia,1,credited-by-mirror
Telegram: QFSQwantum,deutsch,13,credited-by-mirror
Telegram: QMartinCornel,czechia,1,credited-by-mirror
Telegram: QMartinCornel,slovakia,1,credited-by-mirror
Telegram: QWWG1WGA16PLUS1,deutsch,29,credited-by-mirror
Telegram: QlobalChange,deutsch,122,credited-by-mirror
Telegram: RA_Friede,deutsch,11,credited-by-mirror
Telegram: REJ00000,slovakia,41,credited-by-mirror
Telegram: RIAKremlinpool,deutsch,47,credited-by-mirror
Telegram: RIAKremlinpool,hungary,17,credited-by-mirror
Telegram: RIAKremlinpool,poland,6,credited-by-mirror
Telegram: RIAKremlinpool,slovakia,6,credited-by-mirror
Telegram: RKadyrov_95,deutsch,12,credited-by-mirror
Telegram: RKadyrov_95,moldova,7,credited-by-mirror
Telegram: RKadyrov_95,poland,19,credited-by-mirror
Telegram: ROMATRIXOFFChannel,romania,1,credited-by-mirror
Telegram: RSOTMLIFE,hungary,1,credited-by-mirror
Telegram: RSOTMLIFE,romania,1,credited-by-mirror
Telegram: RSOTMLIFE,slovakia,1,credited-by-mirror
Telegram: RSaponkov,czechia,1,credited-by-mirror
Telegram: RSaponkov,deutsch,79,credited-by-mirror
Telegram: RSaponkov,hungary,3,credited-by-mirror
Telegram: RSaponkov,poland,25,credited-by-mirror
Telegram: RSaponkov,romania,4,credited-by-mirror
Telegram: RUkatehon,czechia,3,credited-by-mirror
Telegram: RUkatehon,deutsch,8,credited-by-mirror
Telegram: RUkatehon,hungary,4,credited-by-mirror
Telegram: RUkatehon,poland,7,credited-by-mirror
Telegram: RUkatehon,romania,3,credited-by-mirror
Telegram: RUkatehon,slovakia,3,credited-by-mirror
Telegram: RVIORF,hungary,1,credited-by-mirror
Telegram: RVIORF,poland,2,credited-by-mirror
Telegram: RVSsu,deutsch,26,credited-by-mirror
Telegram: RVvoenkor,czechia,189,credited-by-mirror
Telegram: RVvoenkor,deutsch,3641,credited-by-mirror
Telegram: RVvoenkor,hungary,526,credited-by-mirror
Telegram: RVvoenkor,moldova,218,credited-by-mirror
Telegram: RVvoenkor,poland,838,credited-by-mirror
Telegram: RVvoenkor,romania,235,credited-by-mirror
Telegram: RVvoenkor,slovakia,246,credited-by-mirror
Telegram: RWApodcast,czechia,1,credited-by-mirror
Telegram: RadarPolitic,moldova,8,credited-by-mirror
Telegram: RadarPolitic,romania,2,credited-by-mirror
Telegram: RadioStydoba,czechia,1,credited-by-mirror
Telegram: RadioStydoba,hungary,2,credited-by-mirror
Telegram: RadioStydoba,moldova,7,credited-by-mirror
Telegram: RadioStydoba,poland,3,credited-by-mirror
Telegram: RadioStydoba,slovakia,3,credited-by-mirror
Telegram: RadioUniversum,czechia,3,credited-by-mirror
Telegram: RavQdzierskiOfficial,poland,11,credited-by-mirror
Telegram: Ravreba,czechia,2,credited-by-mirror
Telegram: RealDonaldoTrumpo,czechia,365,credited-by-mirror
Telegram: Reghina_Apostolova,moldova,3,credited-by-mirror
Telegram: ReportersLive,czechia,1,credited-by-mirror
Telegram: ReportersLive,romania,2,credited-by-mirror
Telegram: Republic_Of_GaGauzia,moldova,450,credited-by-mirror
Telegram: Republic_Of_GaGauzia,romania,1,credited-by-mirror
Telegram: RepublicaUnirii,moldova,5,credited-by-mirror
Telegram: RepublicaUnirii,romania,6,credited-by-mirror
Telegram: Republlic_Of_GaGauZia,moldova,355,credited-by-mirror
Telegram: RiceBowlSociety,czechia,2,credited-by-mirror
Telegram: RingsandMoons,czechia,1,credited-by-mirror
Telegram: RitmEvraz,czechia,1,credited-by-mirror
Telegram: RitmEvraz,hungary,1,credited-by-mirror
Telegram: RitmEvraz,moldova,9,credited-by-mirror
Telegram: RobertKennedyJr_Official,slovakia,2,credited-by-mirror
Telegram: RobertMerva_kanal,czechia,3,credited-by-mirror
Telegram: RobertMerva_kanal,slovakia,75,credited-by-mirror
Telegram: Rodina_Bratstvo,hungary,1,credited-by-mirror
Telegram: Rodina_Bratstvo,romania,1,credited-by-mirror
Telegram: Rodina_Bratstvo,slovakia,1,credited-by-mirror
Telegram: Rodna_hrouda_ZaR,czechia,4,credited-by-mirror
Telegram: Rogandar,moldova,321,credited-by-mirror
Telegram: Rogatkinlive,deutsch,8,credited-by-mirror
Telegram: Rogatkinlive,poland,3,credited-by-mirror
Telegram: RosgvardOfficial,czechia,5,credited-by-mirror
Telegram: RosgvardOfficial,deutsch,70,credited-by-mirror
Telegram: RosgvardOfficial,hungary,1,credited-by-mirror
Telegram: RosgvardOfficial,moldova,8,credited-by-mirror
Telegram: RosgvardOfficial,poland,13,credited-by-mirror
Telegram: RosgvardOfficial,romania,1,credited-by-mirror
Telegram: RosgvardOfficial,slovakia,1,credited-by-mirror
Telegram: Rosleshoz_official,hungary,1,credited-by-mirror
Telegram: Rosyjskiespecjaly,poland,89,credited-by-mirror
Telegram: Rot_Okt,deutsch,127,credited-by-mirror
Telegram: RtrDonetsk,czechia,17,credited-by-mirror
Telegram: RtrDonetsk,deutsch,414,credited-by-mirror
Telegram: RtrDonetsk,hungary,28,credited-by-mirror
Telegram: RtrDonetsk,moldova,15,credited-by-mirror
Telegram: RtrDonetsk,poland,64,credited-by-mirror
Telegram: RtrDonetsk,romania,13,credited-by-mirror
Telegram: RtrDonetsk,slovakia,15,credited-by-mirror
Telegram: RuAS_Org,deutsch,20555,credited-by-mirror
Telegram: RuMaksim,poland,3,credited-by-mirror
Telegram: RusBotWien_DE,deutsch,512,credited-by-mirror
Telegram: RusBotWien_RU,czechia,1,credited-by-mirror
Telegram: RusBotWien_RU,deutsch,76,credited-by-mirror
Telegram: RusBotWien_RU,hungary,2,credited-by-mirror
Telegram: RusBotWien_RU,poland,2,credited-by-mirror
Telegram: RusBotschaft,deutsch,2133,credited-by-mirror
Telegram: RusConsulGen,deutsch,10,credited-by-mirror
Telegram: RusEmbDeu,deutsch,83,credited-by-mirror
Telegram: RusEmbDeu,poland,8,credited-by-mirror
Telegram: RusEmbDeu,romania,1,credited-by-mirror
Telegram: RusEmbDeu,slovakia,1,credited-by-mirror
Telegram: RusEmbHungary,hungary,645,credited-by-mirror
Telegram: RusEmbMd,moldova,233,credited-by-mirror
Telegram: RusEmbUK,czechia,1,credited-by-mirror
Telegram: RusEmbassyMinsk,deutsch,11,credited-by-mirror
Telegram: RusEmbassyMinsk,hungary,3,credited-by-mirror
Telegram: RusEmbassyMinsk,poland,3,credited-by-mirror
Telegram: RusEmbassyMinsk,slovakia,2,credited-by-mirror
Telegram: RusLuxEmb,deutsch,9,credited-by-mirror
Telegram: RusMissionOSCE,czechia,1,credited-by-mirror
Telegram: RusMissionOSCE,deutsch,30,credited-by-mirror
Telegram: RusMissionOSCE,hungary,1,credited-by-mirror
Telegram: RusMissionOSCE,moldova,4,credited-by-mirror
Telegram: RusMissionOSCE,poland,4,credited-by-mirror
Telegram: RuskiStatek,poland,11291,credited-by-mirror
Telegram: Ruslan_Marmazov_1968,poland,2,credited-by-mirror
Telegram: RussiaDailyDE,deutsch,14176,credited-by-mirror
Telegram: RussiaGeneva,czechia,1,credited-by-mirror
Telegram: RussiaGeneva,deutsch,289,credited-by-mirror
Telegram: RussiaGeneva,hungary,1,credited-by-mirror
Telegram: RussiaGeneva,moldova,10,credited-by-mirror
Telegram: RussiaGeneva,poland,6,credited-by-mirror
Telegram: RussiaGeneva,romania,1,credited-by-mirror
Telegram: RussiaGeneva,slovakia,1,credited-by-mirror
Telegram: RussiaInIsrael,deutsch,17,credited-by-mirror
Telegram: RussiaInIsrael,hungary,1,credited-by-mirror
Telegram: RussiaInIsrael,poland,3,credited-by-mirror
Telegram: RussiaMyVmeste,poland,3,credited-by-mirror
Telegram: Russia_heroes,deutsch,20,credited-by-mirror
Telegram: Russia_heroes,hungary,3,credited-by-mirror
Telegram: Russia_heroes,moldova,2,credited-by-mirror
Telegram: Russia_heroes,poland,10,credited-by-mirror
Telegram: Russiaanews,czechia,1,credited-by-mirror
Telegram: Russiaanews,poland,3,credited-by-mirror
Telegram: Russiaanews,romania,3,credited-by-mirror
Telegram: Russiaanews,slovakia,2,credited-by-mirror
Telegram: Russiacalling,czechia,1,credited-by-mirror
Telegram: Russiacalling,deutsch,20,credited-by-mirror
Telegram: Russiacalling,hungary,1,credited-by-mirror
Telegram: Russiacalling,moldova,5,credited-by-mirror
Telegram: Russiacalling,poland,12,credited-by-mirror
Telegram: Russiacalling,romania,4,credited-by-mirror
Telegram: Russiacalling,slovakia,1,credited-by-mirror
Telegram: RussianCanadianNews,moldova,479,credited-by-mirror
Telegram: RussianHohGirl,romania,1,credited-by-mirror
Telegram: RussianMissionEU,deutsch,22,credited-by-mirror
Telegram: RussianMissionEU,hungary,3,credited-by-mirror
Telegram: RussianMissionEU,romania,1,credited-by-mirror
Telegram: Russian_Embassy_Mongolia,czechia,1,credited-by-mirror
Telegram: RusskajaIdea,hungary,1,credited-by-mirror
Telegram: RusslandUrlaub,deutsch,100,credited-by-mirror
Telegram: Rybar_HU,hungary,3478,credited-by-mirror
Telegram: SATanIRA_official,slovakia,7,credited-by-mirror
Telegram: SC360Media,deutsch,8,credited-by-mirror
Telegram: SHOSlovensko,slovakia,1,credited-by-mirror
Telegram: SIL0VIKI,deutsch,17,credited-by-mirror
Telegram: SIL0VIKI,hungary,1,credited-by-mirror
Telegram: SIL0VIKI,poland,9,credited-by-mirror
Telegram: SIL0VIKI,romania,1,credited-by-mirror
Telegram: SMERSD,czechia,1,credited-by-mirror
Telegram: SMERSD,slovakia,902,credited-by-mirror
Telegram: SMIcrimea,czechia,20,credited-by-mirror
Telegram: SMIcrimea,deutsch,202,credited-by-mirror
Telegram: SMIcrimea,hungary,36,credited-by-mirror
Telegram: SMIcrimea,moldova,35,credited-by-mirror
Telegram: SMIcrimea,poland,94,credited-by-mirror
Telegram: SMIcrimea,romania,22,credited-by-mirror
Telegram: SMIcrimea,slovakia,20,credited-by-mirror
Telegram: STRATEGICANALYST,poland,3,credited-by-mirror
Telegram: SVOfpv,czechia,1,credited-by-mirror
Telegram: SWIAT_JEST_INNY,poland,113,credited-by-mirror
Telegram: Safir_Analytics,romania,1,credited-by-mirror
Telegram: SavennaM,slovakia,63,credited-by-mirror
Telegram: ScharfschuetzenBewegung1,deutsch,9,credited-by-mirror
Telegram: Secrets_of_Vinakos,moldova,5,credited-by-mirror
Telegram: Separ13_13,moldova,6,credited-by-mirror
Telegram: SergeyKolyasnikov,czechia,13,credited-by-mirror
Telegram: SergeyKolyasnikov,deutsch,699,credited-by-mirror
Telegram: SergeyKolyasnikov,hungary,38,credited-by-mirror
Telegram: SergeyKolyasnikov,moldova,54,credited-by-mirror
Telegram: SergeyKolyasnikov,poland,93,credited-by-mirror
Telegram: SergeyKolyasnikov,romania,26,credited-by-mirror
Telegram: SergeyKolyasnikov,slovakia,19,credited-by-mirror
Telegram: Sib_army,czechia,1,credited-by-mirror
Telegram: Sladkov_plus,czechia,14,credited-by-mirror
Telegram: Sladkov_plus,deutsch,236,credited-by-mirror
Telegram: Sladkov_plus,hungary,13,credited-by-mirror
Telegram: Sladkov_plus,moldova,6,credited-by-mirror
Telegram: Sladkov_plus,poland,75,credited-by-mirror
Telegram: Sladkov_plus,romania,13,credited-by-mirror
Telegram: Sladkov_plus,slovakia,4,credited-by-mirror
Telegram: Slava_Za_Rostov,hungary,1,credited-by-mirror
Telegram: Slava_Za_Rostov,moldova,3,credited-by-mirror
Telegram: SlobodaPrejavu,czechia,3,credited-by-mirror
Telegram: SlobodaPrejavu,slovakia,862,credited-by-mirror
Telegram: SlobodnyVysielac,czechia,1,credited-by-mirror
Telegram: SlobodnyVysielac,slovakia,12,credited-by-mirror
Telegram: SlovenskaTajnaOchrana,czechia,1,credited-by-mirror
Telegram: SlovenskaTajnaOchrana,slovakia,2,credited-by-mirror
Telegram: Slovensko_slovakom,czechia,3,credited-by-mirror
Telegram: Slovensko_slovakom,slovakia,953,credited-by-mirror
Telegram: SlowianskaPoezjaSpiewana,poland,10,credited-by-mirror
Telegram: Soldaten_und_Reservisten,deutsch,11,credited-by-mirror
Telegram: SolovievLive,czechia,141,credited-by-mirror
Telegram: SolovievLive,deutsch,3432,credited-by-mirror
Telegram: SolovievLive,hungary,970,credited-by-mirror
Telegram: SolovievLive,moldova,338,credited-by-mirror
Telegram: SolovievLive,poland,1133,credited-by-mirror
Telegram: SolovievLive,romania,257,credited-by-mirror
Telegram: SolovievLive,slovakia,341,credited-by-mirror
Telegram: SonOfMonarchy,deutsch,20,credited-by-mirror
Telegram: SonOfMonarchy,hungary,4,credited-by-mirror
Telegram: SonOfMonarchy,moldova,2,credited-by-mirror
Telegram: SonOfMonarchy,poland,11,credited-by-mirror
Telegram: SonOfMonarchy,romania,1,credited-by-mirror
Telegram: Sonnendoku,czechia,6,credited-by-mirror
Telegram: Sonnendokumentation,czechia,19,credited-by-mirror
Telegram: SportKomitetGD,czechia,1,credited-by-mirror
Telegram: SportKomitetGD,hungary,3,credited-by-mirror
Telegram: SportKomitetGD,moldova,5,credited-by-mirror
Telegram: SputnikARM,moldova,6,credited-by-mirror
Telegram: SputnikAbkhazia,romania,1,credited-by-mirror
Telegram: SputnikGeorgia,hungary,1,credited-by-mirror
Telegram: SputnikGeorgia,moldova,17,credited-by-mirror
Telegram: SputnikGeorgia,slovakia,1,credited-by-mirror
Telegram: Sputnik_global,poland,2,credited-by-mirror
Telegram: Stefan_III_cel_Mare,moldova,52,credited-by-mirror
Telegram: StillavinToday,hungary,1,credited-by-mirror
Telegram: Stop5G_cz,czechia,12,credited-by-mirror
Telegram: Stop5G_cz,slovakia,3,credited-by-mirror
Telegram: StopChildVac,czechia,8,credited-by-mirror
Telegram: StopHating_Russia,czechia,2,credited-by-mirror
Telegram: StoppRamstein,deutsch,74,credited-by-mirror
Telegram: Stopparazitom,czechia,1,credited-by-mirror
Telegram: Stopparazitom,slovakia,1,credited-by-mirror
Telegram: StranaRosatom,hungary,1,credited-by-mirror
Telegram: SvetKolemNas,czechia,13,credited-by-mirror
Telegram: SvetloVTmach,czechia,1,credited-by-mirror
Telegram: SvobodnyZivyClovekSuveren,czechia,1,credited-by-mirror
Telegram: Svobodny_vysilac,czechia,2,credited-by-mirror
Telegram: Svobodny_vysilac,slovakia,4,credited-by-mirror
Telegram: SvodkiFrontov,poland,2,credited-by-mirror
Telegram: SwissVatnik,deutsch,15,credited-by-mirror
Telegram: SwissVatnik,moldova,2,credited-by-mirror
Telegram: SwissVatnik,poland,2,credited-by-mirror
Telegram: TASS_europe,czechia,14,credited-by-mirror
Telegram: TASS_europe,deutsch,2062,credited-by-mirror
Telegram: TASS_europe,hungary,155,credited-by-mirror
Telegram: TASS_europe,moldova,22,credited-by-mirror
Telegram: TASS_europe,poland,70,credited-by-mirror
Telegram: TASS_europe,romania,12,credited-by-mirror
Telegram: TASS_europe,slovakia,81,credited-by-mirror
Telegram: TGNoviny,slovakia,1,credited-by-mirror
Telegram: TG_spravy,slovakia,1,credited-by-mirror
Telegram: TO_patrioti,slovakia,2,credited-by-mirror
Telegram: TRADICNIRODINAZS,czechia,3,credited-by-mirror
Telegram: TabrizSuper,czechia,1,credited-by-mirror
Telegram: TabrizSuper,poland,2,credited-by-mirror
Telegram: TakGovorilKamkin,czechia,1,credited-by-mirror
Telegram: TartariaHistoryChannel,czechia,1,credited-by-mirror
Telegram: Tartaria_sk,slovakia,2,credited-by-mirror
Telegram: TartarieZije,slovakia,1,credited-by-mirror
Telegram: Tatarinov_R,moldova,157,credited-by-mirror
Telegram: Tatarinov_Rus,moldova,8,credited-by-mirror
Telegram: Tauride_Republic,czechia,2,credited-by-mirror
Telegram: Tauride_Republic,deutsch,42,credited-by-mirror
Telegram: Tauride_Republic,moldova,9,credited-by-mirror
Telegram: Tauride_Republic,poland,33,credited-by-mirror
Telegram: Tauride_Republic,slovakia,1,credited-by-mirror
Telegram: Taynaya_kantselyariya,czechia,1,credited-by-mirror
Telegram: Taynaya_kantselyariya,deutsch,9,credited-by-mirror
Telegram: Taynaya_kantselyariya,moldova,19,credited-by-mirror
Telegram: Taynaya_kantselyariya,poland,2,credited-by-mirror
Telegram: Taynaya_kantselyariya,romania,1,credited-by-mirror
Telegram: Technologicznie,poland,4,credited-by-mirror
Telegram: TheConspiracyHole,czechia,1,credited-by-mirror
Telegram: TheEconomisto,hungary,1,credited-by-mirror
Telegram: TheIslanderNews,czechia,3,credited-by-mirror
Telegram: TheLeagueOfGentlemen,poland,2,credited-by-mirror
Telegram: TheLeagueOfGentlemen,romania,2,credited-by-mirror
Telegram: The_Reaper_says,czechia,1,credited-by-mirror
Telegram: The_Wrong_Side,czechia,2,credited-by-mirror
Telegram: The_Wrong_Side,deutsch,99,credited-by-mirror
Telegram: The_Wrong_Side,hungary,9,credited-by-mirror
Telegram: The_Wrong_Side,moldova,12,credited-by-mirror
Telegram: The_Wrong_Side,poland,36,credited-by-mirror
Telegram: The_Wrong_Side,romania,12,credited-by-mirror
Telegram: The_Wrong_Side,slovakia,10,credited-by-mirror
Telegram: TiQToQBQQms,deutsch,12,credited-by-mirror
Telegram: TikTokTrump45,czechia,17,credited-by-mirror
Telegram: TomLausen,deutsch,9,credited-by-mirror
Telegram: Tom_Texas,deutsch,330,credited-by-mirror
Telegram: Tomasz_Szmydt,poland,75,credited-by-mirror
Telegram: Top20radioNews,deutsch,8,credited-by-mirror
Telegram: TreasuryofRussia,deutsch,10,credited-by-mirror
Telegram: TreasuryofRussia,hungary,4,credited-by-mirror
Telegram: TreasuryofRussia,poland,2,credited-by-mirror
Telegram: TreasuryofRussia,romania,1,credited-by-mirror
Telegram: TrumpJr,slovakia,1,credited-by-mirror
Telegram: TuckerCarlsonNetwork,slovakia,1,credited-by-mirror
Telegram: TuckerKarIson,moldova,36,credited-by-mirror
Telegram: UAVDEV,czechia,1,credited-by-mirror
Telegram: UAVDEV,hungary,1,credited-by-mirror
Telegram: UKsiu,moldova,35,credited-by-mirror
Telegram: UaOnlii,hungary,1,credited-by-mirror
Telegram: Ubersicht_Ukraine_Kanal,deutsch,8653,credited-by-mirror
Telegram: Ugol_Zrenija,moldova,5,credited-by-mirror
Telegram: Ukr_G_M,czechia,1,credited-by-mirror
Telegram: Ukr_G_M,poland,2,credited-by-mirror
Telegram: Ukr_G_M,slovakia,1,credited-by-mirror
Telegram: UkraineistkeinStaat,deutsch,10,credited-by-mirror
Telegram: Ukrainian_format,czechia,1,credited-by-mirror
Telegram: Ungureanu112,moldova,136,credited-by-mirror
Telegram: Ungureanu112,romania,8,credited-by-mirror
Telegram: Unre_Al_Mailman,czechia,7,credited-by-mirror
Telegram: Unre_Al_Mailman,slovakia,4,credited-by-mirror
Telegram: UnzensiertV2,deutsch,17,credited-by-mirror
Telegram: VA_Nikonov,czechia,7,credited-by-mirror
Telegram: VA_Nikonov,deutsch,94,credited-by-mirror
Telegram: VA_Nikonov,hungary,22,credited-by-mirror
Telegram: VA_Nikonov,moldova,4,credited-by-mirror
Telegram: VA_Nikonov,poland,23,credited-by-mirror
Telegram: VA_Nikonov,romania,7,credited-by-mirror
Telegram: VA_Nikonov,slovakia,11,credited-by-mirror
Telegram: VDV106Moskva,hungary,1,credited-by-mirror
Telegram: VIP_VIP_204,moldova,11,credited-by-mirror
Telegram: VOENSLED,czechia,3,credited-by-mirror
Telegram: VOENSLED,deutsch,26,credited-by-mirror
Telegram: VOENSLED,hungary,1,credited-by-mirror
Telegram: VOENSLED,slovakia,1,credited-by-mirror
Telegram: VPlatonLife,moldova,36,credited-by-mirror
Telegram: VSMihalych67,czechia,1,credited-by-mirror
Telegram: VSMihalych67,deutsch,49,credited-by-mirror
Telegram: VSMihalych67,hungary,5,credited-by-mirror
Telegram: VSMihalych67,moldova,17,credited-by-mirror
Telegram: VSMihalych67,poland,40,credited-by-mirror
Telegram: VSMihalych67,romania,14,credited-by-mirror
Telegram: VSMihalych67,slovakia,3,credited-by-mirror
Telegram: VTPryanik,poland,2,credited-by-mirror
Telegram: ValentinCimpoes,moldova,4,credited-by-mirror
Telegram: Varjag2007,czechia,2,credited-by-mirror
Telegram: Varjag2007,deutsch,19,credited-by-mirror
Telegram: Varjag2007,hungary,6,credited-by-mirror
Telegram: Varjag2007,poland,14,credited-by-mirror
Telegram: Varjag2007,romania,2,credited-by-mirror
Telegram: Varjag2007,slovakia,2,credited-by-mirror
Telegram: VasiletsDmitriy,deutsch,8,credited-by-mirror
Telegram: VasiletsDmitriy,moldova,3,credited-by-mirror
Telegram: VasiletsDmitriy,poland,2,credited-by-mirror
Telegram: VasiletsDmitriy,romania,4,credited-by-mirror
Telegram: Vbrone31,poland,2,credited-by-mirror
Telegram: Vcentresob,hungary,1,credited-by-mirror
Telegram: Vcentresob,poland,2,credited-by-mirror
Telegram: VictorPruteanu,romania,4,credited-by-mirror
Telegram: Victoria_Furtuna,moldova,8,credited-by-mirror
Telegram: VideoTranslateProjects,deutsch,25,credited-by-mirror
Telegram: ViennaMissionRu,deutsch,75,credited-by-mirror
Telegram: ViennaMissionRu,hungary,1,credited-by-mirror
Telegram: VilagHelyzeteBlog,hungary,3135,credited-by-mirror
Telegram: Vinogradov74,moldova,3,credited-by-mirror
Telegram: Vivoterra,deutsch,22,credited-by-mirror
Telegram: VladimirTupin,deutsch,8,credited-by-mirror
Telegram: VoZmezdie2022,hungary,1,credited-by-mirror
Telegram: VoZmezdie2022,moldova,9,credited-by-mirror
Telegram: VoZmezdie2022,poland,4,credited-by-mirror
Telegram: VoZmezdie2022,romania,2,credited-by-mirror
Telegram: Vspomni_o_Voine,poland,2,credited-by-mirror
Telegram: WBDSL,poland,9,credited-by-mirror
Telegram: WJEDNOSCISILAIMOCKANAL,poland,55,credited-by-mirror
Telegram: WSBOH_Official,slovakia,1,credited-by-mirror
Telegram: WaldgangAlbdruck,deutsch,15,credited-by-mirror
Telegram: WangHouzi,czechia,3,credited-by-mirror
Telegram: WangHouzi,slovakia,8,credited-by-mirror
Telegram: WarDonbass,czechia,33,credited-by-mirror
Telegram: WarDonbass,deutsch,525,credited-by-mirror
Telegram: WarDonbass,hungary,88,credited-by-mirror
Telegram: WarDonbass,moldova,111,credited-by-mirror
Telegram: WarDonbass,poland,295,credited-by-mirror
Telegram: WarDonbass,romania,41,credited-by-mirror
Telegram: WarDonbass,slovakia,37,credited-by-mirror
Telegram: WarInMyEyes,slovakia,2,credited-by-mirror
Telegram: Warhronika,deutsch,84,credited-by-mirror
Telegram: Warhronika,hungary,1,credited-by-mirror
Telegram: Warhronika,moldova,5,credited-by-mirror
Telegram: Warhronika,poland,59,credited-by-mirror
Telegram: Warhronika,romania,16,credited-by-mirror
Telegram: Warhronika,slovakia,2,credited-by-mirror
Telegram: WestFernsehen2Q21,deutsch,13,credited-by-mirror
Telegram: WiadomosciCzasowOstatecznych,poland,8,credited-by-mirror
Telegram: WirSindViele_Demo,deutsch,8,credited-by-mirror
Telegram: World_Sanctions,czechia,14,credited-by-mirror
Telegram: World_Sanctions,deutsch,98,credited-by-mirror
Telegram: World_Sanctions,hungary,20,credited-by-mirror
Telegram: World_Sanctions,poland,41,credited-by-mirror
Telegram: World_Sanctions,romania,12,credited-by-mirror
Telegram: World_Sanctions,slovakia,10,credited-by-mirror
Telegram: XarkovshayaRus,moldova,4,credited-by-mirror
Telegram: Yakovenko_ZOV,hungary,1,credited-by-mirror
Telegram: YourNewsTalk,czechia,1,credited-by-mirror
Telegram: YourNewsTalk,deutsch,15,credited-by-mirror
Telegram: YourNewsTalk,hungary,3,credited-by-mirror
Telegram: YourNewsTalk,poland,6,credited-by-mirror
Telegram: YourNewsTalk,romania,5,credited-by-mirror
Telegram: Yunashev_Live,czechia,5,credited-by-mirror
Telegram: Yunashev_Live,deutsch,59,credited-by-mirror
Telegram: Yunashev_Live,hungary,39,credited-by-mirror
Telegram: Yunashev_Live,moldova,11,credited-by-mirror
Telegram: Yunashev_Live,poland,21,credited-by-mirror
Telegram: Yunashev_Live,romania,5,credited-by-mirror
Telegram: Yunashev_Live,slovakia,14,credited-by-mirror
Telegram: YuriyGotsanyuk,czechia,1,credited-by-mirror
Telegram: YuriyGotsanyuk,deutsch,16,credited-by-mirror
Telegram: YuriyGotsanyuk,hungary,1,credited-by-mirror
Telegram: YuriyGotsanyuk,poland,3,credited-by-mirror
Telegram: ZOV_Voevoda,czechia,6,credited-by-mirror
Telegram: ZOV_Voevoda,deutsch,24,credited-by-mirror
Telegram: ZOV_Voevoda,hungary,2,credited-by-mirror
Telegram: ZOV_Voevoda,poland,24,credited-by-mirror
Telegram: ZOV_Voevoda,romania,5,credited-by-mirror
Telegram: ZOV_Voevoda,slovakia,2,credited-by-mirror
Telegram: ZV_official_ZV,czechia,3,credited-by-mirror
Telegram: ZV_official_ZV,slovakia,14,credited-by-mirror
Telegram: Zaharov_IG,moldova,5,credited-by-mirror
Telegram: ZalaAero,czechia,1,credited-by-mirror
Telegram: ZalaAero,poland,5,credited-by-mirror
Telegram: Zanoza,moldova,2,credited-by-mirror
Telegram: ZdraviaRozumJaS,czechia,3,credited-by-mirror
Telegram: ZdraviaRozumJaS,slovakia,6,credited-by-mirror
Telegram: ZdrowieNatura,poland,9,credited-by-mirror
Telegram: ZeRada1,czechia,1,credited-by-mirror
Telegram: ZeRada1,deutsch,22,credited-by-mirror
Telegram: ZeRada1,hungary,9,credited-by-mirror
Telegram: ZeRada1,moldova,13,credited-by-mirror
Telegram: ZeRada1,poland,11,credited-by-mirror
Telegram: ZeRada1,romania,5,credited-by-mirror
Telegram: ZeRada1,slovakia,2,credited-by-mirror
Telegram: Zerkalo_NewZ,czechia,1,credited-by-mirror
Telegram: Zerkalo_NewZ,romania,1,credited-by-mirror
Telegram: Zerkalo_NewZ,slovakia,3,credited-by-mirror
Telegram: ZhivetZheBelarus,deutsch,8,credited-by-mirror
Telegram: ZhivetZheBelarus,moldova,2,credited-by-mirror
Telegram: ZhivetZheBelarus,poland,11,credited-by-mirror
Telegram: ZiuaMoldova,romania,1,credited-by-mirror
Telegram: ZlataCesko,slovakia,1,credited-by-mirror
Telegram: ZvodkaOnline,slovakia,141,credited-by-mirror
Telegram: a_kuzichev,czechia,6,credited-by-mirror
Telegram: a_kuzichev,deutsch,132,credited-by-mirror
Telegram: a_kuzichev,hungary,24,credited-by-mirror
Telegram: a_kuzichev,moldova,22,credited-by-mirror
Telegram: a_kuzichev,poland,51,credited-by-mirror
Telegram: a_kuzichev,romania,28,credited-by-mirror
Telegram: a_kuzichev,slovakia,10,credited-by-mirror
Telegram: abcorrespondent,slovakia,3,credited-by-mirror
Telegram: abnspravodajstvo,slovakia,1,credited-by-mirror
Telegram: absatzmedia,moldova,61,credited-by-mirror
Telegram: absatzmedia,poland,12,credited-by-mirror
Telegram: absatzmedia,romania,1,credited-by-mirror
Telegram: absatzmedia,slovakia,1,credited-by-mirror
Telegram: absurdnisvet,czechia,226,credited-by-mirror
Telegram: absurdnisvet,slovakia,4,credited-by-mirror
Telegram: academic_crack_z,slovakia,1,credited-by-mirror
Telegram: accidenteMoldova,moldova,3,credited-by-mirror
Telegram: acer120_lj,hungary,1,credited-by-mirror
Telegram: adampuskar,slovakia,3,credited-by-mirror
Telegram: adekvatno_sumy,romania,1,credited-by-mirror
Telegram: aeronaut_bel,poland,2,credited-by-mirror
Telegram: aeronetnews,czechia,463,credited-by-mirror
Telegram: af_livechannel,czechia,1,credited-by-mirror
Telegram: africaninitiative,czechia,8,credited-by-mirror
Telegram: africaninitiative,deutsch,195,credited-by-mirror
Telegram: africaninitiative,hungary,8,credited-by-mirror
Telegram: africaninitiative,moldova,7,credited-by-mirror
Telegram: africaninitiative,poland,12,credited-by-mirror
Telegram: africaninitiative,romania,5,credited-by-mirror
Telegram: africaninitiative,slovakia,3,credited-by-mirror
Telegram: agenarmageddon,hungary,1,credited-by-mirror
Telegram: agendarussia,hungary,1,credited-by-mirror
Telegram: agnieszkapiwar,poland,49,credited-by-mirror
Telegram: agroexpert_press,slovakia,1,credited-by-mirror
Telegram: agurulev,czechia,2,credited-by-mirror
Telegram: agurulev,deutsch,24,credited-by-mirror
Telegram: agurulev,hungary,1,credited-by-mirror
Telegram: agurulev,poland,14,credited-by-mirror
Telegram: agurulev,romania,2,credited-by-mirror
Telegram: agurulev,slovakia,1,credited-by-mirror
Telegram: aif_vo,hungary,2,credited-by-mirror
Telegram: aifmd,moldova,3533,credited-by-mirror
Telegram: aifmoldova,moldova,19,credited-by-mirror
Telegram: aifonline,czechia,2,credited-by-mirror
Telegram: aifonline,deutsch,51,credited-by-mirror
Telegram: aifonline,hungary,9,credited-by-mirror
Telegram: aifonline,moldova,8,credited-by-mirror
Telegram: aifonline,poland,18,credited-by-mirror
Telegram: aifonline,romania,6,credited-by-mirror
Telegram: aifonline,slovakia,10,credited-by-mirror
Telegram: aigle_o,poland,2,credited-by-mirror
Telegram: airsitrep,deutsch,14,credited-by-mirror
Telegram: airsitrep,poland,21,credited-by-mirror
Telegram: airsitrep,romania,6,credited-by-mirror
Telegram: akademijasrbija,hungary,1,credited-by-mirror
Telegram: akashevarova,deutsch,8,credited-by-mirror
Telegram: akashevarova,poland,3,credited-by-mirror
Telegram: akhmat_spn_bat_vaha,romania,1,credited-by-mirror
Telegram: akimapachev,poland,3,credited-by-mirror
Telegram: akkuSTOP,hungary,1,credited-by-mirror
Telegram: aklintsevich,czechia,23,credited-by-mirror
Telegram: aklintsevich,deutsch,380,credited-by-mirror
Telegram: aklintsevich,hungary,77,credited-by-mirror
Telegram: aklintsevich,moldova,32,credited-by-mirror
Telegram: aklintsevich,poland,192,credited-by-mirror
Telegram: aklintsevich,romania,52,credited-by-mirror
Telegram: aklintsevich,slovakia,23,credited-by-mirror
Telegram: aktaxcz,czechia,311,credited-by-mirror
Telegram: akwblog,czechia,1,credited-by-mirror
Telegram: akwblog,slovakia,10,credited-by-mirror
Telegram: akwsk,czechia,32,credited-by-mirror
Telegram: akwsk,slovakia,95,credited-by-mirror
Telegram: albert_Zabavsky,hungary,1,credited-by-mirror
Telegram: aldark0se,poland,2,credited-by-mirror
Telegram: ale_kazakov,hungary,1,credited-by-mirror
Telegram: ale_kazakov,romania,1,credited-by-mirror
Telegram: aleksandr_skif,deutsch,11,credited-by-mirror
Telegram: aleksandr_skif,poland,7,credited-by-mirror
Telegram: aleksandr_skif,romania,1,credited-by-mirror
Telegram: aleksandrprohanov,deutsch,10,credited-by-mirror
Telegram: aleksandrprohanov,moldova,2,credited-by-mirror
Telegram: aleksandrprohanov,poland,3,credited-by-mirror
Telegram: alekseystefanov,czechia,2,credited-by-mirror
Telegram: alekseystefanov,deutsch,50,credited-by-mirror
Telegram: alekseystefanov,hungary,4,credited-by-mirror
Telegram: alekseystefanov,moldova,4,credited-by-mirror
Telegram: alekseystefanov,poland,44,credited-by-mirror
Telegram: alekseystefanov,romania,3,credited-by-mirror
Telegram: alekseystefanov,slovakia,2,credited-by-mirror
Telegram: alenaarshinova,moldova,35,credited-by-mirror
Telegram: alexander_riabov,slovakia,173,credited-by-mirror
Telegram: alexanderwallasch,deutsch,16,credited-by-mirror
Telegram: alexandr_malkevich,czechia,20,credited-by-mirror
Telegram: alexandr_malkevich,deutsch,270,credited-by-mirror
Telegram: alexandr_malkevich,hungary,37,credited-by-mirror
Telegram: alexandr_malkevich,moldova,36,credited-by-mirror
Telegram: alexandr_malkevich,poland,111,credited-by-mirror
Telegram: alexandr_malkevich,romania,17,credited-by-mirror
Telegram: alexandr_malkevich,slovakia,10,credited-by-mirror
Telegram: alexandruversinin,moldova,34,credited-by-mirror
Telegram: alexbobrowski,czechia,9,credited-by-mirror
Telegram: alexbobrowski,deutsch,176,credited-by-mirror
Telegram: alexbobrowski,hungary,27,credited-by-mirror
Telegram: alexbobrowski,moldova,6,credited-by-mirror
Telegram: alexbobrowski,poland,52,credited-by-mirror
Telegram: alexbobrowski,romania,17,credited-by-mirror
Telegram: alexbobrowski,slovakia,15,credited-by-mirror
Telegram: alexcorinenco,moldova,20,credited-by-mirror
Telegram: alexeilungu,moldova,93,credited-by-mirror
Telegram: alexey_pushkov,czechia,21,credited-by-mirror
Telegram: alexey_pushkov,deutsch,432,credited-by-mirror
Telegram: alexey_pushkov,hungary,128,credited-by-mirror
Telegram: alexey_pushkov,moldova,13,credited-by-mirror
Telegram: alexey_pushkov,poland,130,credited-by-mirror
Telegram: alexey_pushkov,romania,55,credited-by-mirror
Telegram: alexey_pushkov,slovakia,48,credited-by-mirror
Telegram: alexparkerlives,poland,2,credited-by-mirror
Telegram: aliancenarodnichsil,czechia,11,credited-by-mirror
Telegram: aliancenarodnichsil,slovakia,1,credited-by-mirror
Telegram: almanah_md,moldova,3,credited-by-mirror
Telegram: alphaingenium,moldova,21,credited-by-mirror
Telegram: alphaingenium,slovakia,1,credited-by-mirror
Telegram: alter_vij,czechia,1,credited-by-mirror
Telegram: alter_vij,deutsch,21,credited-by-mirror
Telegram: alter_vij,hungary,4,credited-by-mirror
Telegram: alter_vij,moldova,4,credited-by-mirror
Telegram: alter_vij,poland,20,credited-by-mirror
Telegram: alter_vij,romania,4,credited-by-mirror
Telegram: alter_vij,slovakia,1,credited-by-mirror
Telegram: altimurLA,hungary,1,credited-by-mirror
Telegram: ambasadarusiei,romania,731,credited-by-mirror
Telegram: ambrus_drc,hungary,1,credited-by-mirror
Telegram: analizbezgranic,moldova,3,credited-by-mirror
Telegram: analizbezgranic,romania,1,credited-by-mirror
Telegram: analogos_technik,czechia,2,credited-by-mirror
Telegram: analytik_news,deutsch,2805,credited-by-mirror
Telegram: anatolieblog,romania,1,credited-by-mirror
Telegram: anb_028,moldova,9,credited-by-mirror
Telegram: andrejdanko,slovakia,64,credited-by-mirror
Telegram: andrew_kots,czechia,1,credited-by-mirror
Telegram: anna_news,czechia,70,credited-by-mirror
Telegram: anna_news,deutsch,1069,credited-by-mirror
Telegram: anna_news,hungary,128,credited-by-mirror
Telegram: anna_news,moldova,102,credited-by-mirror
Telegram: anna_news,poland,415,credited-by-mirror
Telegram: anna_news,romania,95,credited-by-mirror
Telegram: anna_news,slovakia,79,credited-by-mirror
Telegram: annabelousovova,slovakia,1,credited-by-mirror
Telegram: annakubalainfo,poland,320,credited-by-mirror
Telegram: annasmaslom,deutsch,19,credited-by-mirror
Telegram: annasmaslom,hungary,2,credited-by-mirror
Telegram: annasmaslom,poland,5,credited-by-mirror
Telegram: annasmaslom,slovakia,1,credited-by-mirror
Telegram: annatsivileva,czechia,1,credited-by-mirror
Telegram: annatsivileva,deutsch,8,credited-by-mirror
Telegram: annatsivileva,hungary,1,credited-by-mirror
Telegram: annatsivileva,moldova,2,credited-by-mirror
Telegram: annatsivileva,poland,2,credited-by-mirror
Telegram: anonfromusa,moldova,22,credited-by-mirror
Telegram: anonsshevchenko,hungary,1,credited-by-mirror
Telegram: anonymousnews_org,deutsch,11,credited-by-mirror
Telegram: anrbc,hungary,1,credited-by-mirror
Telegram: antifalivland,czechia,1,credited-by-mirror
Telegram: antifalivland,deutsch,21,credited-by-mirror
Telegram: antifalivland,hungary,1,credited-by-mirror
Telegram: antifalivland,poland,12,credited-by-mirror
Telegram: antifalivland,romania,1,credited-by-mirror
Telegram: antifalivland,slovakia,1,credited-by-mirror
Telegram: antifishechki,hungary,1,credited-by-mirror
Telegram: antifishechki,moldova,24,credited-by-mirror
Telegram: antiilluminaten,deutsch,254,credited-by-mirror
Telegram: antimaidanmd,moldova,29,credited-by-mirror
Telegram: antistoelzer,deutsch,11,credited-by-mirror
Telegram: antykapitalizm2,poland,3,credited-by-mirror
Telegram: anymoreideas,poland,158,credited-by-mirror
Telegram: apleonkov,czechia,3,credited-by-mirror
Telegram: apleonkov,deutsch,38,credited-by-mirror
Telegram: apleonkov,hungary,5,credited-by-mirror
Telegram: apleonkov,moldova,14,credited-by-mirror
Telegram: apleonkov,poland,34,credited-by-mirror
Telegram: apleonkov,romania,4,credited-by-mirror
Telegram: apleonkov,slovakia,1,credited-by-mirror
Telegram: apokalypsenews,slovakia,1,credited-by-mirror
Telegram: apolut,deutsch,27,credited-by-mirror
Telegram: arbaletgovorit,deutsch,12,credited-by-mirror
Telegram: arbaletgovorit,moldova,26,credited-by-mirror
Telegram: arbat,czechia,1,credited-by-mirror
Telegram: arbat,moldova,2,credited-by-mirror
Telegram: arbat,slovakia,1,credited-by-mirror
Telegram: archivarius_dz,deutsch,33,credited-by-mirror
Telegram: archivarius_dz,poland,4,credited-by-mirror
Telegram: archiwumVam,poland,5,credited-by-mirror
Telegram: ariadneknihy,slovakia,1,credited-by-mirror
Telegram: armmagazin,czechia,4,credited-by-mirror
Telegram: armmagazin,slovakia,13,credited-by-mirror
Telegram: armscontrolrus,deutsch,12,credited-by-mirror
Telegram: armscontrolrus,poland,4,credited-by-mirror
Telegram: armscontrolrus,romania,5,credited-by-mirror
Telegram: arrussia,czechia,13,credited-by-mirror
Telegram: arrussia,deutsch,111,credited-by-mirror
Telegram: arrussia,hungary,14,credited-by-mirror
Telegram: arrussia,moldova,11,credited-by-mirror
Telegram: arrussia,poland,63,credited-by-mirror
Telegram: arrussia,romania,16,credited-by-mirror
Telegram: arrussia,slovakia,11,credited-by-mirror
Telegram: artelfilms,slovakia,2,credited-by-mirror
Telegram: artursocialista,slovakia,60,credited-by-mirror
Telegram: asphaltt,czechia,1,credited-by-mirror
Telegram: asphaltt,deutsch,13,credited-by-mirror
Telegram: asphaltt,hungary,3,credited-by-mirror
Telegram: asphaltt,moldova,6,credited-by-mirror
Telegram: asphaltt,poland,10,credited-by-mirror
Telegram: asphaltt,romania,4,credited-by-mirror
Telegram: asphaltt,slovakia,1,credited-by-mirror
Telegram: assangesrache,deutsch,18,credited-by-mirror
Telegram: astoianoglo,moldova,67,credited-by-mirror
Telegram: astoianoglo,romania,9,credited-by-mirror
Telegram: astrahandm,czechia,3,credited-by-mirror
Telegram: astrahandm,deutsch,109,credited-by-mirror
Telegram: astrahandm,hungary,7,credited-by-mirror
Telegram: astrahandm,moldova,4,credited-by-mirror
Telegram: astrahandm,poland,20,credited-by-mirror
Telegram: astrahandm,romania,1,credited-by-mirror
Telegram: astrahandm,slovakia,3,credited-by-mirror
Telegram: astramilitarum,deutsch,8,credited-by-mirror
Telegram: astramilitarum,hungary,1,credited-by-mirror
Telegram: astramilitarum,poland,2,credited-by-mirror
Telegram: astramilitarum,romania,1,credited-by-mirror
Telegram: astroobserwacje,poland,152,credited-by-mirror
Telegram: asyaemeliyanova,hungary,2,credited-by-mirror
Telegram: asyaemeliyanova,moldova,2,credited-by-mirror
Telegram: asyaemeliyanova,romania,1,credited-by-mirror
Telegram: auf1tv,deutsch,2080,credited-by-mirror
Telegram: aufbruchfrieden,deutsch,462,credited-by-mirror
Telegram: aufgewacht_shop,deutsch,73,credited-by-mirror
Telegram: aur_moldova,romania,1,credited-by-mirror
Telegram: automobil_md,moldova,16,credited-by-mirror
Telegram: avatkov,deutsch,14,credited-by-mirror
Telegram: avatkov,hungary,1,credited-by-mirror
Telegram: avatkov,slovakia,1,credited-by-mirror
Telegram: aviasalonmaks,romania,1,credited-by-mirror
Telegram: avm74BC,moldova,3,credited-by-mirror
Telegram: avm74BC,romania,1,credited-by-mirror
Telegram: avtodorgk,deutsch,152,credited-by-mirror
Telegram: avturow,deutsch,12,credited-by-mirror
Telegram: avturow,moldova,21,credited-by-mirror
Telegram: avturow,poland,4,credited-by-mirror
Telegram: avturow,romania,1,credited-by-mirror
Telegram: avturow,slovakia,2,credited-by-mirror
Telegram: avzmeyevskiy,czechia,1,credited-by-mirror
Telegram: bahur_diary,romania,1,credited-by-mirror
Telegram: balkan_pro,slovakia,2,credited-by-mirror
Telegram: balkanar,czechia,19,credited-by-mirror
Telegram: balkanar,deutsch,106,credited-by-mirror
Telegram: balkanar,hungary,178,credited-by-mirror
Telegram: balkanar,moldova,29,credited-by-mirror
Telegram: balkanar,poland,20,credited-by-mirror
Telegram: balkanar,romania,91,credited-by-mirror
Telegram: balkanar,slovakia,38,credited-by-mirror
Telegram: balkancentre,moldova,89,credited-by-mirror
Telegram: balkancentre,romania,18,credited-by-mirror
Telegram: balkanist2019,czechia,1,credited-by-mirror
Telegram: balkanist2019,hungary,1,credited-by-mirror
Telegram: balkanist2019,romania,1,credited-by-mirror
Telegram: balkanossiper,hungary,1,credited-by-mirror
Telegram: balkanossiper,slovakia,2,credited-by-mirror
Telegram: balti24_md,moldova,9,credited-by-mirror
Telegram: balti_online,moldova,19,credited-by-mirror
Telegram: baltnews,czechia,110,credited-by-mirror
Telegram: baltnews,deutsch,1286,credited-by-mirror
Telegram: baltnews,hungary,383,credited-by-mirror
Telegram: baltnews,moldova,169,credited-by-mirror
Telegram: baltnews,poland,865,credited-by-mirror
Telegram: baltnews,romania,138,credited-by-mirror
Telegram: baltnews,slovakia,169,credited-by-mirror
Telegram: bamway,hungary,1,credited-by-mirror
Telegram: bamway,slovakia,1,credited-by-mirror
Telegram: banki_oil,moldova,5,credited-by-mirror
Telegram: banksta,czechia,2,credited-by-mirror
Telegram: banksta,deutsch,25,credited-by-mirror
Telegram: banksta,hungary,4,credited-by-mirror
Telegram: banksta,moldova,17,credited-by-mirror
Telegram: banksta,poland,5,credited-by-mirror
Telegram: banksta,romania,5,credited-by-mirror
Telegram: banksta,slovakia,4,credited-by-mirror
Telegram: barantchik,czechia,43,credited-by-mirror
Telegram: barantchik,deutsch,941,credited-by-mirror
Telegram: barantchik,hungary,192,credited-by-mirror
Telegram: barantchik,moldova,98,credited-by-mirror
Telegram: barantchik,poland,368,credited-by-mirror
Telegram: barantchik,romania,171,credited-by-mirror
Telegram: barantchik,slovakia,98,credited-by-mirror
Telegram: barucker,deutsch,12,credited-by-mirror
Telegram: basilicanews,romania,1,credited-by-mirror
Telegram: bastrikin_tvorchestvo,deutsch,10,credited-by-mirror
Telegram: bastrikin_tvorchestvo,hungary,3,credited-by-mirror
Telegram: bastrikin_tvorchestvo,poland,3,credited-by-mirror
Telegram: bastrikin_tvorchestvo,romania,2,credited-by-mirror
Telegram: bastrikin_tvorchestvo,slovakia,1,credited-by-mirror
Telegram: basurin_e,deutsch,29,credited-by-mirror
Telegram: basurin_e,hungary,9,credited-by-mirror
Telegram: basurin_e,moldova,2,credited-by-mirror
Telegram: basurin_e,poland,9,credited-by-mirror
Telegram: basurin_e,romania,1,credited-by-mirror
Telegram: basurin_e,slovakia,3,credited-by-mirror
Telegram: batalyon_vostok,deutsch,24,credited-by-mirror
Telegram: batalyon_vostok,poland,3,credited-by-mirror
Telegram: batka_ru,moldova,10,credited-by-mirror
Telegram: batyachitaet,moldova,5,credited-by-mirror
Telegram: batyachitaet,poland,2,credited-by-mirror
Telegram: baxmut2023,moldova,2,credited-by-mirror
Telegram: bayraktar1070,czechia,1,credited-by-mirror
Telegram: bayraktar1070,deutsch,84,credited-by-mirror
Telegram: bayraktar1070,hungary,20,credited-by-mirror
Telegram: bayraktar1070,moldova,4,credited-by-mirror
Telegram: bayraktar1070,poland,22,credited-by-mirror
Telegram: bayraktar1070,romania,8,credited-by-mirror
Telegram: bayraktar1070,slovakia,9,credited-by-mirror
Telegram: baza_sport,czechia,1,credited-by-mirror
Telegram: baza_sport,hungary,1,credited-by-mirror
Telegram: baza_sport,moldova,2,credited-by-mirror
Telegram: bazabazon,czechia,9,credited-by-mirror
Telegram: bazabazon,deutsch,135,credited-by-mirror
Telegram: bazabazon,hungary,18,credited-by-mirror
Telegram: bazabazon,moldova,20,credited-by-mirror
Telegram: bazabazon,poland,53,credited-by-mirror
Telegram: bazabazon,romania,17,credited-by-mirror
Telegram: bazabazon,slovakia,11,credited-by-mirror
Telegram: bbbreaking,czechia,74,credited-by-mirror
Telegram: bbbreaking,deutsch,1131,credited-by-mirror
Telegram: bbbreaking,hungary,255,credited-by-mirror
Telegram: bbbreaking,moldova,113,credited-by-mirror
Telegram: bbbreaking,poland,459,credited-by-mirror
Telegram: bbbreaking,romania,115,credited-by-mirror
Telegram: bbbreaking,slovakia,98,credited-by-mirror
Telegram: bbcrussian,moldova,5,credited-by-mirror
Telegram: bear007,hungary,1,credited-by-mirror
Telegram: bear007,poland,3,credited-by-mirror
Telegram: bear007,romania,1,credited-by-mirror
Telegram: beard_tim,moldova,3,credited-by-mirror
Telegram: beard_tim,romania,1,credited-by-mirror
Telegram: bedezsolt,hungary,110,credited-by-mirror
Telegram: bekezdesek,hungary,2,credited-by-mirror
Telegram: bel_buj,hungary,1,credited-by-mirror
Telegram: belarus_antifake,romania,1,credited-by-mirror
Telegram: belarusian_silovik,czechia,22,credited-by-mirror
Telegram: belarusian_silovik,deutsch,491,credited-by-mirror
Telegram: belarusian_silovik,hungary,128,credited-by-mirror
Telegram: belarusian_silovik,moldova,51,credited-by-mirror
Telegram: belarusian_silovik,poland,281,credited-by-mirror
Telegram: belarusian_silovik,romania,71,credited-by-mirror
Telegram: belarusian_silovik,slovakia,51,credited-by-mirror
Telegram: belta_telegramm,poland,3,credited-by-mirror
Telegram: beltskienovosti,moldova,9,credited-by-mirror
Telegram: belvestnik,czechia,1,credited-by-mirror
Telegram: belvestnik,deutsch,19,credited-by-mirror
Telegram: belvestnik,hungary,2,credited-by-mirror
Telegram: belvestnik,poland,75,credited-by-mirror
Telegram: belvestnik,romania,2,credited-by-mirror
Telegram: berislavinfo,poland,2,credited-by-mirror
Telegram: berlinertelegraphofiziell,deutsch,9,credited-by-mirror
Telegram: bespokegun,romania,1,credited-by-mirror
Telegram: betweenprigov,hungary,1,credited-by-mirror
Telegram: bialywywiad,poland,5147,credited-by-mirror
Telegram: bigtransfer2024,czechia,1,credited-by-mirror
Telegram: bigtransfer2024,deutsch,27,credited-by-mirror
Telegram: bigtransfer2024,hungary,5,credited-by-mirror
Telegram: bigtransfer2024,moldova,3,credited-by-mirror
Telegram: bigtransfer2024,poland,15,credited-by-mirror
Telegram: bigtransfer2024,romania,2,credited-by-mirror
Telegram: bigtransfer2024,slovakia,2,credited-by-mirror
Telegram: bimmold,moldova,3,credited-by-mirror
Telegram: bio_genie,moldova,2,credited-by-mirror
Telegram: biologia_pl,poland,8,credited-by-mirror
Telegram: biounhype,moldova,3,credited-by-mirror
Telegram: bip_pl,poland,66,credited-by-mirror
Telegram: bitteltv,deutsch,11,credited-by-mirror
Telegram: bjoernbanane,deutsch,24,credited-by-mirror
Telegram: blackhussars,poland,2,credited-by-mirror
Telegram: blago_svoim,czechia,4,credited-by-mirror
Telegram: bleibtstark,deutsch,9,credited-by-mirror
Telegram: block_ru,czechia,3,credited-by-mirror
Telegram: block_ru,deutsch,60,credited-by-mirror
Telegram: block_ru,poland,15,credited-by-mirror
Telegram: block_ru,romania,2,credited-by-mirror
Telegram: blocul_victoriei,moldova,4,credited-by-mirror
Telegram: bloggermd,moldova,11,credited-by-mirror
Telegram: bloggermd,romania,5,credited-by-mirror
Telegram: bloknot_rossii,moldova,2,credited-by-mirror
Telegram: bloknotmd,moldova,77,credited-by-mirror
Telegram: blondinka_dk,czechia,1,credited-by-mirror
Telegram: blondinka_dk,deutsch,42,credited-by-mirror
Telegram: blondinka_dk,hungary,3,credited-by-mirror
Telegram: blondinka_dk,poland,6,credited-by-mirror
Telegram: bloodysx,hungary,1,credited-by-mirror
Telegram: bmpd_cast,czechia,2,credited-by-mirror
Telegram: bmpd_cast,deutsch,36,credited-by-mirror
Telegram: bmpd_cast,poland,13,credited-by-mirror
Telegram: bmpd_cast,romania,5,credited-by-mirror
Telegram: bogatirs3,moldova,7,credited-by-mirror
Telegram: boldscholz,deutsch,8,credited-by-mirror
Telegram: bolecon,moldova,3,credited-by-mirror
Telegram: bolshiepushki,czechia,1,credited-by-mirror
Telegram: bolshiepushki,hungary,1,credited-by-mirror
Telegram: bolshiepushki,poland,3,credited-by-mirror
Telegram: bolshiepushki,romania,1,credited-by-mirror
Telegram: bolshiepushki,slovakia,1,credited-by-mirror
Telegram: bomber_fighter,deutsch,11,credited-by-mirror
Telegram: borisZprahy,czechia,1,credited-by-mirror
Telegram: boris_rozhin,czechia,67,credited-by-mirror
Telegram: boris_rozhin,deutsch,1879,credited-by-mirror
Telegram: boris_rozhin,hungary,154,credited-by-mirror
Telegram: boris_rozhin,moldova,145,credited-by-mirror
Telegram: boris_rozhin,poland,456,credited-by-mirror
Telegram: boris_rozhin,romania,150,credited-by-mirror
Telegram: boris_rozhin,slovakia,79,credited-by-mirror
Telegram: borischernyshov,moldova,2,credited-by-mirror
Telegram: borisgeoenergetic,romania,1,credited-by-mirror
Telegram: borisvolosatii,moldova,16,credited-by-mirror
Telegram: borisvolosatii,romania,15,credited-by-mirror
Telegram: botcharov,hungary,1,credited-by-mirror
Telegram: botcharov,moldova,91,credited-by-mirror
Telegram: breakingmash,czechia,32,credited-by-mirror
Telegram: breakingmash,deutsch,290,credited-by-mirror
Telegram: breakingmash,hungary,40,credited-by-mirror
Telegram: breakingmash,moldova,49,credited-by-mirror
Telegram: breakingmash,poland,132,credited-by-mirror
Telegram: breakingmash,romania,27,credited-by-mirror
Telegram: breakingmash,slovakia,34,credited-by-mirror
Telegram: breege_time_20zz,czechia,1,credited-by-mirror
Telegram: breege_time_20zz,deutsch,24,credited-by-mirror
Telegram: breege_time_20zz,hungary,2,credited-by-mirror
Telegram: breege_time_20zz,moldova,2,credited-by-mirror
Telegram: breege_time_20zz,poland,7,credited-by-mirror
Telegram: breege_time_20zz,romania,1,credited-by-mirror
Telegram: breege_time_20zz,slovakia,1,credited-by-mirror
Telegram: brekotin_sergey,romania,1,credited-by-mirror
Telegram: brekotins,deutsch,12,credited-by-mirror
Telegram: brekotins,moldova,3,credited-by-mirror
Telegram: bricknotes,czechia,1,credited-by-mirror
Telegram: brics_info,czechia,6,credited-by-mirror
Telegram: briefMD,moldova,11,credited-by-mirror
Telegram: brieflyru,czechia,1,credited-by-mirror
Telegram: brieflyru,hungary,1,credited-by-mirror
Telegram: briefsmi,moldova,3,credited-by-mirror
Telegram: brjanskij_nemez,deutsch,12,credited-by-mirror
Telegram: bronya_03,czechia,1,credited-by-mirror
Telegram: brosok_mangusta_Z,czechia,2,credited-by-mirror
Telegram: brosok_mangusta_Z,hungary,2,credited-by-mirror
Telegram: brosok_mangusta_Z,poland,4,credited-by-mirror
Telegram: brosok_mangusta_Z,romania,2,credited-by-mirror
Telegram: brosok_mangusta_Z,slovakia,1,credited-by-mirror
Telegram: brusakov,poland,2,credited-by-mirror
Telegram: brussinf,czechia,10,credited-by-mirror
Telegram: brussinf,deutsch,61,credited-by-mirror
Telegram: brussinf,hungary,7,credited-by-mirror
Telegram: brussinf,moldova,5,credited-by-mirror
Telegram: brussinf,poland,38,credited-by-mirror
Telegram: brussinf,romania,8,credited-by-mirror
Telegram: brussinf,slovakia,3,credited-by-mirror
Telegram: bsw_vernunft_und_gerechtigkeit,deutsch,9,credited-by-mirror
Telegram: btr80,czechia,24,credited-by-mirror
Telegram: btr80,deutsch,439,credited-by-mirror
Telegram: btr80,hungary,108,credited-by-mirror
Telegram: btr80,moldova,24,credited-by-mirror
Telegram: btr80,poland,145,credited-by-mirror
Telegram: btr80,romania,42,credited-by-mirror
Telegram: btr80,slovakia,50,credited-by-mirror
Telegram: bullenundbaeren,deutsch,419,credited-by-mirror
Telegram: bunte_nachrichtenagentur,deutsch,24,credited-by-mirror
Telegram: bye_biden,deutsch,24,credited-by-mirror
Telegram: bye_biden,moldova,5,credited-by-mirror
Telegram: bye_biden,poland,4,credited-by-mirror
Telegram: bye_biden,romania,2,credited-by-mirror
Telegram: bzb_brics_sport,slovakia,44,credited-by-mirror
Telegram: bzbbrics,slovakia,11,credited-by-mirror
Telegram: cactus_bielli,slovakia,1,credited-by-mirror
Telegram: calintudose,romania,1,credited-by-mirror
Telegram: canal5_md,romania,3,credited-by-mirror
Telegram: canal5ru,moldova,472,credited-by-mirror
Telegram: cas_sa_krati,czechia,34,credited-by-mirror
Telegram: cas_sa_krati,slovakia,1,credited-by-mirror
Telegram: casadenebuni,romania,1,credited-by-mirror
Telegram: casadenebunilor,romania,3,credited-by-mirror
Telegram: casusbelliarchiv,slovakia,77,credited-by-mirror
Telegram: casusbellilive,czechia,45,credited-by-mirror
Telegram: casusbellilive,slovakia,22353,credited-by-mirror
Telegram: casusbellilivephoto,slovakia,2,credited-by-mirror
Telegram: casusbellimaps,slovakia,3809,credited-by-mirror
Telegram: casusbellivideo,slovakia,46,credited-by-mirror
Telegram: caucasar,czechia,3,credited-by-mirror
Telegram: caucasar,deutsch,65,credited-by-mirror
Telegram: caucasar,hungary,20,credited-by-mirror
Telegram: caucasar,moldova,55,credited-by-mirror
Telegram: caucasar,poland,11,credited-by-mirror
Telegram: caucasar,romania,16,credited-by-mirror
Telegram: caucasar,slovakia,7,credited-by-mirror
Telegram: cb_economics,moldova,2,credited-by-mirror
Telegram: cb_economics,romania,1,credited-by-mirror
Telegram: centerCSP,hungary,2,credited-by-mirror
Telegram: centralbank_russia,hungary,1,credited-by-mirror
Telegram: centralbank_russia,moldova,24,credited-by-mirror
Telegram: cerebra_education,czechia,1,credited-by-mirror
Telegram: cesi_a_slovaci_na_telegramu,czechia,11,credited-by-mirror
Telegram: cesi_a_slovaci_na_telegramu,slovakia,2,credited-by-mirror
Telegram: cesi_slovaci_v_Srbsku,czechia,2,credited-by-mirror
Telegram: ceskadomobrana,slovakia,78,credited-by-mirror
Telegram: ceskaovce,czechia,1,credited-by-mirror
Telegram: ceskytesin_chranme_nase_deti,czechia,904,credited-by-mirror
Telegram: ceskytesin_chranme_nase_deti,slovakia,1,credited-by-mirror
Telegram: cestazivota,czechia,22,credited-by-mirror
Telegram: cgtn_russian,hungary,2,credited-by-mirror
Telegram: chadayevru,deutsch,11,credited-by-mirror
Telegram: chadayevru,hungary,1,credited-by-mirror
Telegram: chadayevru,poland,3,credited-by-mirror
Telegram: chcemeslobodu,slovakia,2,credited-by-mirror
Telegram: chesnokmedia,romania,2,credited-by-mirror
Telegram: chestnyjdetektiv,czechia,1,credited-by-mirror
Telegram: chisinau_info1,moldova,11,credited-by-mirror
Telegram: chisinau_lectorium,moldova,9,credited-by-mirror
Telegram: chisinau_lectorium,romania,6,credited-by-mirror
Telegram: chita_negazetaZab,czechia,1,credited-by-mirror
Telegram: chita_negazetaZab,hungary,1,credited-by-mirror
Telegram: chita_negazetaZab,poland,3,credited-by-mirror
Telegram: chita_negazetaZab,romania,1,credited-by-mirror
Telegram: chita_negazetaZab,slovakia,1,credited-by-mirror
Telegram: chp_donetska,hungary,2,credited-by-mirror
Telegram: chpsevas_news,moldova,4,credited-by-mirror
Telegram: chsreal,moldova,5,credited-by-mirror
Telegram: chubashenko,moldova,301,credited-by-mirror
Telegram: chubashenko,romania,1,credited-by-mirror
Telegram: chvkmedia,czechia,5,credited-by-mirror
Telegram: chvkmedia,deutsch,55,credited-by-mirror
Telegram: chvkmedia,hungary,4,credited-by-mirror
Telegram: chvkmedia,poland,23,credited-by-mirror
Telegram: chvkmedia,romania,5,credited-by-mirror
Telegram: chvkmedia,slovakia,2,credited-by-mirror
Telegram: ciekawemapy,poland,4,credited-by-mirror
Telegram: cikrossii,czechia,4,credited-by-mirror
Telegram: cikrossii,deutsch,15,credited-by-mirror
Telegram: cikrossii,hungary,4,credited-by-mirror
Telegram: cikrossii,moldova,9,credited-by-mirror
Telegram: cikrossii,poland,7,credited-by-mirror
Telegram: cikrossii,romania,7,credited-by-mirror
Telegram: cikrossii,slovakia,1,credited-by-mirror
Telegram: citarnyaknihy,czechia,1,credited-by-mirror
Telegram: ckpsikanal,czechia,1,credited-by-mirror
Telegram: clubpravda,hungary,2,credited-by-mirror
Telegram: cmiye,moldova,5,credited-by-mirror
Telegram: coNemateVedet,czechia,6139,credited-by-mirror
Telegram: coNemateVedet,slovakia,2,credited-by-mirror
Telegram: cogutandrei,moldova,4,credited-by-mirror
Telegram: colonel_cassad,romania,1,credited-by-mirror
Telegram: combat_engineer,romania,1,credited-by-mirror
Telegram: comradepelevin,hungary,1,credited-by-mirror
Telegram: concertagency22,hungary,1,credited-by-mirror
Telegram: condottieros,czechia,2,credited-by-mirror
Telegram: condottieros,deutsch,10,credited-by-mirror
Telegram: condottieros,hungary,1,credited-by-mirror
Telegram: condottieros,moldova,220,credited-by-mirror
Telegram: condottieros,poland,8,credited-by-mirror
Telegram: condottieros,romania,3,credited-by-mirror
Telegram: congresulmoldovenesc,moldova,8,credited-by-mirror
Telegram: consulatulrus,romania,3,credited-by-mirror
Telegram: consultashkent,hungary,1,credited-by-mirror
Telegram: coolnews1,czechia,1,credited-by-mirror
Telegram: coolnews1,deutsch,14,credited-by-mirror
Telegram: coolnews1,moldova,13,credited-by-mirror
Telegram: coolnews1,poland,4,credited-by-mirror
Telegram: coolnews1,romania,2,credited-by-mirror
Telegram: coolnews1,slovakia,2,credited-by-mirror
Telegram: corona55,czechia,2,credited-by-mirror
Telegram: corpsafrica,hungary,1,credited-by-mirror
Telegram: corpsafrica,poland,2,credited-by-mirror
Telegram: corpsafrica,romania,2,credited-by-mirror
Telegram: corrkosarev,deutsch,10,credited-by-mirror
Telegram: cortadorZ,deutsch,9,credited-by-mirror
Telegram: cortadorZ,poland,4,credited-by-mirror
Telegram: cossack_pika,czechia,3,credited-by-mirror
Telegram: cossack_pika,deutsch,27,credited-by-mirror
Telegram: cossack_pika,hungary,9,credited-by-mirror
Telegram: cossack_pika,moldova,3,credited-by-mirror
Telegram: cossack_pika,poland,21,credited-by-mirror
Telegram: cossack_pika,romania,4,credited-by-mirror
Telegram: cossack_pika,slovakia,6,credited-by-mirror
Telegram: covid19_moldova,romania,1,credited-by-mirror
Telegram: covidlogika,czechia,25,credited-by-mirror
Telegram: covidlogika,slovakia,12,credited-by-mirror
Telegram: cpp082,poland,2,credited-by-mirror
Telegram: craZybear2022,deutsch,12285,credited-by-mirror
Telegram: crimeainform,poland,2,credited-by-mirror
Telegram: crimsondigest,czechia,2,credited-by-mirror
Telegram: crimsondigest,deutsch,17,credited-by-mirror
Telegram: crimsondigest,hungary,4,credited-by-mirror
Telegram: crimsondigest,poland,3,credited-by-mirror
Telegram: crimsondigest,romania,2,credited-by-mirror
Telegram: crimsondigest,slovakia,1,credited-by-mirror
Telegram: crocus_jirik_tresh_svo,moldova,25,credited-by-mirror
Telegram: crocus_svo_scott_tresh,moldova,4,credited-by-mirror
Telegram: crystal_book,czechia,5,credited-by-mirror
Telegram: crystal_book,deutsch,42,credited-by-mirror
Telegram: crystal_book,hungary,5,credited-by-mirror
Telegram: crystal_book,poland,5,credited-by-mirror
Telegram: crystal_book,romania,1,credited-by-mirror
Telegram: crystal_book,slovakia,37,credited-by-mirror
Telegram: ctchannelpublic,hungary,1,credited-by-mirror
Telegram: ctchannelpublic,poland,3,credited-by-mirror
Telegram: ctchannelpublic,romania,2,credited-by-mirror
Telegram: ctotoznayu,deutsch,38,credited-by-mirror
Telegram: ctotoznayu,hungary,4,credited-by-mirror
Telegram: ctotoznayu,moldova,11,credited-by-mirror
Telegram: ctotoznayu,poland,12,credited-by-mirror
Telegram: ctotoznayu,romania,1,credited-by-mirror
Telegram: ctotoznayu,slovakia,2,credited-by-mirror
Telegram: cultrf,czechia,4,credited-by-mirror
Telegram: cultrf,deutsch,67,credited-by-mirror
Telegram: cultrf,hungary,5,credited-by-mirror
Telegram: cultrf,moldova,24,credited-by-mirror
Telegram: cultrf,poland,15,credited-by-mirror
Telegram: cultrf,romania,2,credited-by-mirror
Telegram: cultrf,slovakia,1,credited-by-mirror
Telegram: culturnenko,poland,4,credited-by-mirror
Telegram: cumatru,moldova,50,credited-by-mirror
Telegram: cumatru,romania,17,credited-by-mirror
Telegram: customs_bel,poland,2,credited-by-mirror
Telegram: customs_rf,czechia,3,credited-by-mirror
Telegram: customs_rf,deutsch,36,credited-by-mirror
Telegram: customs_rf,hungary,1,credited-by-mirror
Telegram: customs_rf,moldova,13,credited-by-mirror
Telegram: customs_rf,poland,16,credited-by-mirror
Telegram: customs_rf,romania,2,credited-by-mirror
Telegram: cuteandfunvideos,deutsch,121,credited-by-mirror
Telegram: cvrcky_nezeru,czechia,1,credited-by-mirror
Telegram: cvrcky_nezeru,slovakia,1,credited-by-mirror
Telegram: cvrckynezeru,czechia,1,credited-by-mirror
Telegram: cx_md,moldova,9,credited-by-mirror
Telegram: cyberpoolofsharks,romania,1,credited-by-mirror
Telegram: cybersotnik,czechia,1,credited-by-mirror
Telegram: cybersotnik,deutsch,9,credited-by-mirror
Telegram: cybersotnik,romania,1,credited-by-mirror
Telegram: cz24news,czechia,352,credited-by-mirror
Telegram: cz24news,slovakia,28,credited-by-mirror
Telegram: czerwpig,poland,5,credited-by-mirror
Telegram: d_ogneev,hungary,1,credited-by-mirror
Telegram: dagmarkramplova,slovakia,5,credited-by-mirror
Telegram: dagranovsky,czechia,1,credited-by-mirror
Telegram: dagranovsky,poland,3,credited-by-mirror
Telegram: dan_dnr,czechia,1,credited-by-mirror
Telegram: dan_dnr,deutsch,13,credited-by-mirror
Telegram: danielmikusekpolska,poland,68,credited-by-mirror
Telegram: danijelsheran,deutsch,57,credited-by-mirror
Telegram: dannyKonfrontujeXko,slovakia,1,credited-by-mirror
Telegram: dannykollar,czechia,4,credited-by-mirror
Telegram: dannykollar,slovakia,47,credited-by-mirror
Telegram: darkzotovland,czechia,3,credited-by-mirror
Telegram: darkzotovland,deutsch,21,credited-by-mirror
Telegram: darkzotovland,hungary,6,credited-by-mirror
Telegram: darkzotovland,poland,7,credited-by-mirror
Telegram: darkzotovland,romania,6,credited-by-mirror
Telegram: darkzotovland,slovakia,2,credited-by-mirror
Telegram: darpaandcia,deutsch,8,credited-by-mirror
Telegram: datelsk,slovakia,47,credited-by-mirror
Telegram: daydaynews,poland,2,credited-by-mirror
Telegram: daydaynews,romania,1,credited-by-mirror
Telegram: dbaturin,hungary,1,credited-by-mirror
Telegram: dbaturin,poland,2,credited-by-mirror
Telegram: dbkrieg,deutsch,2505,credited-by-mirror
Telegram: dddjournalism,hungary,1,credited-by-mirror
Telegram: dddjournalism,romania,1,credited-by-mirror
Telegram: de24one,moldova,2,credited-by-mirror
Telegram: de_adler,deutsch,10,credited-by-mirror
Telegram: deakdaniel,hungary,78,credited-by-mirror
Telegram: degtyarevonamur,hungary,1,credited-by-mirror
Telegram: dein_kolumnist,deutsch,10,credited-by-mirror
Telegram: demidov_mger,hungary,1,credited-by-mirror
Telegram: demidov_mger,poland,2,credited-by-mirror
Telegram: demidov_mger,slovakia,1,credited-by-mirror
Telegram: denazi_UA,czechia,102,credited-by-mirror
Telegram: denazi_UA,deutsch,1614,credited-by-mirror
Telegram: denazi_UA,hungary,287,credited-by-mirror
Telegram: denazi_UA,moldova,133,credited-by-mirror
Telegram: denazi_UA,poland,655,credited-by-mirror
Telegram: denazi_UA,romania,125,credited-by-mirror
Telegram: denazi_UA,slovakia,141,credited-by-mirror
Telegram: dennikstandard,slovakia,3905,credited-by-mirror
Telegram: dennis_riehle_news,deutsch,554,credited-by-mirror
Telegram: denyaleto,czechia,2,credited-by-mirror
Telegram: denyaleto,deutsch,43,credited-by-mirror
Telegram: denyaleto,hungary,1,credited-by-mirror
Telegram: denyaleto,poland,2,credited-by-mirror
Telegram: depese_ze_Zeme,czechia,5478,credited-by-mirror
Telegram: depese_ze_Zeme,slovakia,1,credited-by-mirror
Telegram: deputatdumy,hungary,1,credited-by-mirror
Telegram: deputatmihailasca,romania,1,credited-by-mirror
Telegram: der_andere_blickwinkel,deutsch,14,credited-by-mirror
Telegram: designersmil,hungary,2,credited-by-mirror
Telegram: designersmil,moldova,4,credited-by-mirror
Telegram: designersmil,poland,7,credited-by-mirror
Telegram: despredemocratieinamerica,romania,1,credited-by-mirror
Telegram: dfhumor,moldova,89,credited-by-mirror
Telegram: dialecticaXXI,romania,2,credited-by-mirror
Telegram: dianafangrup,romania,4,credited-by-mirror
Telegram: dieBerlinerMauer,deutsch,10,credited-by-mirror
Telegram: digitalarmyrus,czechia,1,credited-by-mirror
Telegram: dillfrash,hungary,1,credited-by-mirror
Telegram: dillfrash,poland,5,credited-by-mirror
Telegram: dillfrash,romania,1,credited-by-mirror
Telegram: dimoglonina,moldova,60,credited-by-mirror
Telegram: dimonundmir,deutsch,15,credited-by-mirror
Telegram: dimonundmir,hungary,2,credited-by-mirror
Telegram: dimonundmir,poland,7,credited-by-mirror
Telegram: dimonundmir,romania,1,credited-by-mirror
Telegram: dimonundmir,slovakia,1,credited-by-mirror
Telegram: dimsmirnov175,czechia,116,credited-by-mirror
Telegram: dimsmirnov175,deutsch,2337,credited-by-mirror
Telegram: dimsmirnov175,hungary,665,credited-by-mirror
Telegram: dimsmirnov175,moldova,182,credited-by-mirror
Telegram: dimsmirnov175,poland,822,credited-by-mirror
Telegram: dimsmirnov175,romania,146,credited-by-mirror
Telegram: dimsmirnov175,slovakia,267,credited-by-mirror
Telegram: diomeddog,slovakia,1,credited-by-mirror
Telegram: diplosource,deutsch,14,credited-by-mirror
Telegram: diplosource,hungary,1,credited-by-mirror
Telegram: diplosource,poland,3,credited-by-mirror
Telegram: diplosource,romania,1,credited-by-mirror
Telegram: diplosource,slovakia,1,credited-by-mirror
Telegram: direktkontakt_de_ru,czechia,1,credited-by-mirror
Telegram: direktkontakt_de_ru,deutsch,47,credited-by-mirror
Telegram: disputPmrRu,moldova,27,credited-by-mirror
Telegram: disputPmrRu,poland,2,credited-by-mirror
Telegram: diviziya15,poland,2,credited-by-mirror
Telegram: dixi_devil,romania,1,credited-by-mirror
Telegram: diza_donbass,deutsch,9,credited-by-mirror
Telegram: dmitrynikotin,moldova,5,credited-by-mirror
Telegram: dmitrynikotin,romania,1,credited-by-mirror
Telegram: dmz_welcome,czechia,1,credited-by-mirror
Telegram: dneprdk,hungary,1,credited-by-mirror
Telegram: dntreadonme,hungary,2,credited-by-mirror
Telegram: dntreadonme,moldova,3,credited-by-mirror
Telegram: dntreadonme,romania,1,credited-by-mirror
Telegram: dnzkul,deutsch,12,credited-by-mirror
Telegram: doc_media,czechia,1,credited-by-mirror
Telegram: dolg_z,deutsch,15,credited-by-mirror
Telegram: dolg_z,hungary,2,credited-by-mirror
Telegram: dolg_z,poland,5,credited-by-mirror
Telegram: dolgareva,poland,2,credited-by-mirror
Telegram: dolgarevaanna,czechia,2,credited-by-mirror
Telegram: dolgarevaanna,deutsch,17,credited-by-mirror
Telegram: dolgarevaanna,hungary,2,credited-by-mirror
Telegram: dolgarevaanna,moldova,2,credited-by-mirror
Telegram: dolgarevaanna,poland,6,credited-by-mirror
Telegram: dollsv2,moldova,9,credited-by-mirror
Telegram: don_partizan,czechia,1,credited-by-mirror
Telegram: don_partizan,deutsch,11,credited-by-mirror
Telegram: don_partizan,hungary,2,credited-by-mirror
Telegram: don_partizan,moldova,3,credited-by-mirror
Telegram: don_partizan,poland,5,credited-by-mirror
Telegram: don_partizan,romania,6,credited-by-mirror
Telegram: don_partizan,slovakia,1,credited-by-mirror
Telegram: donaldcourter,romania,3,credited-by-mirror
Telegram: donbass24_7,slovakia,3,credited-by-mirror
Telegram: donbassr,czechia,1,credited-by-mirror
Telegram: donbassr,deutsch,20,credited-by-mirror
Telegram: donbassr,hungary,1,credited-by-mirror
Telegram: donbassr,moldova,5,credited-by-mirror
Telegram: donbassr,poland,7,credited-by-mirror
Telegram: donbassr,romania,1,credited-by-mirror
Telegram: donrf22,poland,2,credited-by-mirror
Telegram: doposlednego_ukrainca1,moldova,7,credited-by-mirror
Telegram: dostawcy,poland,20,credited-by-mirror
Telegram: dostojneslovensko,slovakia,15,credited-by-mirror
Telegram: dosye_sk,hungary,1,credited-by-mirror
Telegram: dpol_un,deutsch,9,credited-by-mirror
Telegram: dpol_un,poland,2,credited-by-mirror
Telegram: dr_alex_sosnowski,czechia,10,credited-by-mirror
Telegram: dr_alex_sosnowski,deutsch,1200,credited-by-mirror
Telegram: dr_alex_sosnowski,hungary,50,credited-by-mirror
Telegram: dr_alex_sosnowski,moldova,7,credited-by-mirror
Telegram: dr_alex_sosnowski,poland,53,credited-by-mirror
Telegram: dr_alex_sosnowski,romania,9,credited-by-mirror
Telegram: dr_alex_sosnowski,slovakia,23,credited-by-mirror
Telegram: dragosgalbur,moldova,11,credited-by-mirror
Telegram: drjonastoegel,deutsch,10,credited-by-mirror
Telegram: drkrzysztofkarczewski,poland,5,credited-by-mirror
Telegram: drugoeeto,czechia,1,credited-by-mirror
Telegram: drugoeeto,deutsch,9,credited-by-mirror
Telegram: drugoeeto,moldova,114,credited-by-mirror
Telegram: druschbainfos,deutsch,44,credited-by-mirror
Telegram: duma_gov_ru,czechia,2,credited-by-mirror
Telegram: duma_gov_ru,deutsch,24,credited-by-mirror
Telegram: duma_gov_ru,hungary,1,credited-by-mirror
Telegram: duma_gov_ru,poland,3,credited-by-mirror
Telegram: duma_gov_ru,romania,1,credited-by-mirror
Telegram: duma_gov_ru,slovakia,8,credited-by-mirror
Telegram: dumabrief,romania,1,credited-by-mirror
Telegram: dumatv,czechia,4,credited-by-mirror
Telegram: dumatv,deutsch,44,credited-by-mirror
Telegram: dumatv,hungary,3,credited-by-mirror
Telegram: dumatv,moldova,5,credited-by-mirror
Telegram: dumatv,poland,19,credited-by-mirror
Telegram: dumatv,romania,3,credited-by-mirror
Telegram: dumatv,slovakia,11,credited-by-mirror
Telegram: durodora,hungary,2,credited-by-mirror
Telegram: dva_majors,czechia,71,credited-by-mirror
Telegram: dva_majors,deutsch,1599,credited-by-mirror
Telegram: dva_majors,hungary,180,credited-by-mirror
Telegram: dva_majors,moldova,211,credited-by-mirror
Telegram: dva_majors,poland,568,credited-by-mirror
Telegram: dva_majors,romania,347,credited-by-mirror
Telegram: dva_majors,slovakia,88,credited-by-mirror
Telegram: dva_mjors_kOrtiZoL,poland,2,credited-by-mirror
Telegram: dva_mjors_kOrtiZoL,romania,1,credited-by-mirror
Telegram: dzermant,slovakia,1,credited-by-mirror
Telegram: ebredes2017,hungary,15393,credited-by-mirror
Telegram: ebredezok,hungary,13,credited-by-mirror
Telegram: econopocalypse,hungary,1,credited-by-mirror
Telegram: econopocalypse,slovakia,1,credited-by-mirror
Telegram: editor_in_chief_DPR,czechia,5,credited-by-mirror
Telegram: editor_in_chief_DPR,deutsch,27,credited-by-mirror
Telegram: editor_in_chief_DPR,poland,7,credited-by-mirror
Telegram: editor_in_chief_DPR,romania,2,credited-by-mirror
Telegram: eduardpetrof,deutsch,14,credited-by-mirror
Telegram: eduardpetrof,hungary,2,credited-by-mirror
Telegram: eduardpetrof,poland,7,credited-by-mirror
Telegram: eduardpetrof,romania,3,credited-by-mirror
Telegram: egor_belyachkov_ueberOesterreich,deutsch,10,credited-by-mirror
Telegram: egoryakovleff,romania,1,credited-by-mirror
Telegram: ehrlichalexander,deutsch,103,credited-by-mirror
Telegram: eingeSCHENKt,deutsch,8,credited-by-mirror
Telegram: eisragenda,moldova,18,credited-by-mirror
Telegram: ejdailyru,hungary,2,credited-by-mirror
Telegram: ejdailyru,poland,4,credited-by-mirror
Telegram: ejdailyru,romania,1,credited-by-mirror
Telegram: ekaterina_mizulina,deutsch,19,credited-by-mirror
Telegram: ekaterina_mizulina,poland,2,credited-by-mirror
Telegram: ekaterina_mizulina,romania,1,credited-by-mirror
Telegram: ekaterinaaltabaeva,deutsch,9,credited-by-mirror
Telegram: electionmoldova,moldova,3,credited-by-mirror
Telegram: elon_musk_en,poland,24,credited-by-mirror
Telegram: embrusaz,hungary,1,credited-by-mirror
Telegram: embrusturkey,czechia,1,credited-by-mirror
Telegram: embrusturkey,hungary,1,credited-by-mirror
Telegram: embrusturkey,romania,1,credited-by-mirror
Telegram: embrusturkey,slovakia,1,credited-by-mirror
Telegram: enewsmd,moldova,457,credited-by-mirror
Telegram: enewsmd,romania,1,credited-by-mirror
Telegram: epochtimesde,deutsch,9,credited-by-mirror
Telegram: epoddubny,czechia,19,credited-by-mirror
Telegram: epoddubny,deutsch,314,credited-by-mirror
Telegram: epoddubny,hungary,22,credited-by-mirror
Telegram: epoddubny,moldova,21,credited-by-mirror
Telegram: epoddubny,poland,155,credited-by-mirror
Telegram: epoddubny,romania,56,credited-by-mirror
Telegram: epoddubny,slovakia,11,credited-by-mirror
Telegram: equilibriumnews,hungary,1,credited-by-mirror
Telegram: er_molnia,czechia,1,credited-by-mirror
Telegram: er_molnia,deutsch,17,credited-by-mirror
Telegram: er_molnia,hungary,2,credited-by-mirror
Telegram: er_molnia,poland,3,credited-by-mirror
Telegram: er_molnia,romania,1,credited-by-mirror
Telegram: ereport,slovakia,37,credited-by-mirror
Telegram: erik_kalinak,slovakia,5,credited-by-mirror
Telegram: estlatlitv,hungary,2,credited-by-mirror
Telegram: estlatlitv,poland,5,credited-by-mirror
Telegram: estlatlitv,romania,1,credited-by-mirror
Telegram: estlatlitv,slovakia,1,credited-by-mirror
Telegram: eticamedia,deutsch,10,credited-by-mirror
Telegram: etonashpotok,hungary,1,credited-by-mirror
Telegram: etvideocontent,deutsch,43,credited-by-mirror
Telegram: eurasiaexpert,deutsch,18,credited-by-mirror
Telegram: eurasiaexpert,hungary,6,credited-by-mirror
Telegram: eurasiaexpert,moldova,22,credited-by-mirror
Telegram: eurasiaexpert,poland,30,credited-by-mirror
Telegram: eurasiaexpert,romania,6,credited-by-mirror
Telegram: eurasiaexpert,slovakia,3,credited-by-mirror
Telegram: eurasiaexpress,czechia,1,credited-by-mirror
Telegram: eurasiaexpress,moldova,4,credited-by-mirror
Telegram: eurasiaexpress,romania,1,credited-by-mirror
Telegram: eurasiaexpress,slovakia,1,credited-by-mirror
Telegram: eurasiamoldova,moldova,74,credited-by-mirror
Telegram: eurasianvolk,romania,1,credited-by-mirror
Telegram: evgeniy_lisitsyn,czechia,18,credited-by-mirror
Telegram: evgeniy_lisitsyn,deutsch,392,credited-by-mirror
Telegram: evgeniy_lisitsyn,hungary,42,credited-by-mirror
Telegram: evgeniy_lisitsyn,moldova,24,credited-by-mirror
Telegram: evgeniy_lisitsyn,poland,115,credited-by-mirror
Telegram: evgeniy_lisitsyn,romania,19,credited-by-mirror
Telegram: evgeniy_lisitsyn,slovakia,18,credited-by-mirror
Telegram: evgenyprimakov,poland,2,credited-by-mirror
Telegram: evgheniagutul,moldova,65,credited-by-mirror
Telegram: evropar,czechia,43,credited-by-mirror
Telegram: evropar,deutsch,248,credited-by-mirror
Telegram: evropar,hungary,127,credited-by-mirror
Telegram: evropar,moldova,10,credited-by-mirror
Telegram: evropar,poland,104,credited-by-mirror
Telegram: evropar,romania,19,credited-by-mirror
Telegram: evropar,slovakia,36,credited-by-mirror
Telegram: ew_energywave,moldova,3,credited-by-mirror
Telegram: ew_energywave,romania,2,credited-by-mirror
Telegram: exclusive_ukraina_ru,czechia,3,credited-by-mirror
Telegram: exclusive_ukraina_ru,deutsch,47,credited-by-mirror
Telegram: exclusive_ukraina_ru,hungary,9,credited-by-mirror
Telegram: exclusive_ukraina_ru,moldova,4,credited-by-mirror
Telegram: exclusive_ukraina_ru,poland,20,credited-by-mirror
Telegram: exclusive_ukraina_ru,romania,3,credited-by-mirror
Telegram: exclusive_ukraina_ru,slovakia,4,credited-by-mirror
Telegram: expensive_hurma,czechia,1,credited-by-mirror
Telegram: expensive_hurma,hungary,1,credited-by-mirror
Telegram: expensive_hurma,moldova,3,credited-by-mirror
Telegram: expensive_hurma,poland,2,credited-by-mirror
Telegram: expensive_hurma,romania,2,credited-by-mirror
Telegram: expensive_hurma,slovakia,1,credited-by-mirror
Telegram: explaining,moldova,7,credited-by-mirror
Telegram: exsuscitati,deutsch,125,credited-by-mirror
Telegram: extraplus_sk,slovakia,2,credited-by-mirror
Telegram: extremism_71,hungary,1,credited-by-mirror
Telegram: extremism_71,romania,1,credited-by-mirror
Telegram: extremism_71,slovakia,1,credited-by-mirror
Telegram: ezhkinkot,hungary,1,credited-by-mirror
Telegram: ezhkinkot,slovakia,1,credited-by-mirror
Telegram: fabnewsjp,poland,7,credited-by-mirror
Telegram: fadeystories,hungary,1,credited-by-mirror
Telegram: faeasfokus,moldova,4,credited-by-mirror
Telegram: fanitomasa,poland,86,credited-by-mirror
Telegram: farsna,slovakia,1,credited-by-mirror
Telegram: favt_ru,moldova,2,credited-by-mirror
Telegram: favt_ru,poland,4,credited-by-mirror
Telegram: fctkobdotu,deutsch,31,credited-by-mirror
Telegram: federation_towers,hungary,1,credited-by-mirror
Telegram: federiuc,romania,1,credited-by-mirror
Telegram: fedsfm_ru,czechia,3,credited-by-mirror
Telegram: fedsfm_ru,deutsch,26,credited-by-mirror
Telegram: fedsfm_ru,hungary,2,credited-by-mirror
Telegram: fedsfm_ru,moldova,4,credited-by-mirror
Telegram: fedsfm_ru,poland,4,credited-by-mirror
Telegram: fedsfm_ru,romania,1,credited-by-mirror
Telegram: fedsfm_ru,slovakia,1,credited-by-mirror
Telegram: fenix_zije,czechia,1,credited-by-mirror
Telegram: fest2024,czechia,1,credited-by-mirror
Telegram: fest2024,slovakia,12,credited-by-mirror
Telegram: fgupgdn,deutsch,9,credited-by-mirror
Telegram: fgupgdn,hungary,1,credited-by-mirror
Telegram: fgupgdn,moldova,3,credited-by-mirror
Telegram: fifthrepublic,czechia,10,credited-by-mirror
Telegram: fifthrepublic,deutsch,49,credited-by-mirror
Telegram: fifthrepublic,hungary,15,credited-by-mirror
Telegram: fifthrepublic,moldova,2,credited-by-mirror
Telegram: fifthrepublic,poland,20,credited-by-mirror
Telegram: fifthrepublic,romania,16,credited-by-mirror
Telegram: fifthrepublic,slovakia,15,credited-by-mirror
Telegram: fighter_bomber,moldova,3,credited-by-mirror
Telegram: fighter_bomber,romania,1,credited-by-mirror
Telegram: filatvladimir,moldova,214,credited-by-mirror
Telegram: filatvladimir,romania,13,credited-by-mirror
Telegram: findefehler,deutsch,43,credited-by-mirror
Telegram: finkrolik,moldova,13,credited-by-mirror
Telegram: first_political,romania,1,credited-by-mirror
Telegram: fish_gov_ru,deutsch,10,credited-by-mirror
Telegram: fish_gov_ru,moldova,2,credited-by-mirror
Telegram: fish_gov_ru,poland,3,credited-by-mirror
Telegram: fktdeutsch,deutsch,232,credited-by-mirror
Telegram: fktdur,deutsch,206,credited-by-mirror
Telegram: fktgeschichte,deutsch,82,credited-by-mirror
Telegram: fmba_of_russia,hungary,2,credited-by-mirror
Telegram: fmba_of_russia,moldova,6,credited-by-mirror
Telegram: forbesrussia,moldova,4,credited-by-mirror
Telegram: forpestZ,moldova,3,credited-by-mirror
Telegram: forumlidu,czechia,1,credited-by-mirror
Telegram: fotopolitika,moldova,51,credited-by-mirror
Telegram: foxandraven,moldova,5,credited-by-mirror
Telegram: foxandraven,slovakia,1,credited-by-mirror
Telegram: freefromukraine,moldova,164,credited-by-mirror
Telegram: freiesachsen,deutsch,12,credited-by-mirror
Telegram: frontbird,czechia,4,credited-by-mirror
Telegram: frontbird,deutsch,26,credited-by-mirror
Telegram: frontbird,hungary,11,credited-by-mirror
Telegram: frontbird,moldova,9,credited-by-mirror
Telegram: frontbird,poland,22,credited-by-mirror
Telegram: frontbird,romania,20,credited-by-mirror
Telegram: frontbird,slovakia,6,credited-by-mirror
Telegram: frontinusofficial,slovakia,1,credited-by-mirror
Telegram: frontline_pvt,czechia,1,credited-by-mirror
Telegram: fruehwaldinformiert,deutsch,717,credited-by-mirror
Telegram: fsinrussia,czechia,3,credited-by-mirror
Telegram: fsinrussia,deutsch,34,credited-by-mirror
Telegram: fsinrussia,hungary,3,credited-by-mirror
Telegram: fsinrussia,moldova,11,credited-by-mirror
Telegram: fsinrussia,poland,6,credited-by-mirror
Telegram: fsinrussia,romania,4,credited-by-mirror
Telegram: fsk_today,czechia,2,credited-by-mirror
Telegram: fsk_today,deutsch,41,credited-by-mirror
Telegram: fsk_today,hungary,11,credited-by-mirror
Telegram: fsk_today,moldova,4,credited-by-mirror
Telegram: fsk_today,poland,34,credited-by-mirror
Telegram: fsk_today,romania,5,credited-by-mirror
Telegram: fsk_today,slovakia,12,credited-by-mirror
Telegram: fssp_gov,czechia,1,credited-by-mirror
Telegram: fsvps_official,czechia,1,credited-by-mirror
Telegram: fsvps_official,deutsch,17,credited-by-mirror
Telegram: fsvps_official,hungary,4,credited-by-mirror
Telegram: fsvps_official,moldova,5,credited-by-mirror
Telegram: fsvps_official,poland,5,credited-by-mirror
Telegram: fsvps_official,romania,5,credited-by-mirror
Telegram: fsvps_official,slovakia,3,credited-by-mirror
Telegram: fvuchannal,czechia,1,credited-by-mirror
Telegram: fvuchannal,hungary,4,credited-by-mirror
Telegram: fvuchannal,poland,7,credited-by-mirror
Telegram: gabrielcalin,moldova,20,credited-by-mirror
Telegram: gabrielcalin,romania,1,credited-by-mirror
Telegram: gagauziaofficial,moldova,19,credited-by-mirror
Telegram: gagauziarun,moldova,243,credited-by-mirror
Telegram: gagauziyaland,moldova,14,credited-by-mirror
Telegram: gagauzmedianews,moldova,3,credited-by-mirror
Telegram: gagauznewsmd,hungary,1,credited-by-mirror
Telegram: gagauznewsmd,moldova,428,credited-by-mirror
Telegram: gagauznewsmd,romania,2,credited-by-mirror
Telegram: gagauzreal,moldova,353,credited-by-mirror
Telegram: gagauztv,moldova,321,credited-by-mirror
Telegram: galanintim,romania,1,credited-by-mirror
Telegram: galerievylecenych_cz,czechia,1,credited-by-mirror
Telegram: gancoviny,slovakia,1,credited-by-mirror
Telegram: gardatinaraRM,moldova,4,credited-by-mirror
Telegram: gazetaru,czechia,1,credited-by-mirror
Telegram: gazetaru,deutsch,9,credited-by-mirror
Telegram: gazetaru,moldova,5,credited-by-mirror
Telegram: gazetaru,poland,2,credited-by-mirror
Telegram: gazprom,moldova,2,credited-by-mirror
Telegram: gazprom,romania,1,credited-by-mirror
Telegram: gcrfa,hungary,1,credited-by-mirror
Telegram: gcrfa,poland,3,credited-by-mirror
Telegram: gdzie_pojsc_warszawa,poland,16,credited-by-mirror
Telegram: genIvanSevcik,slovakia,37,credited-by-mirror
Telegram: general_governor,hungary,1,credited-by-mirror
Telegram: general_governor,romania,1,credited-by-mirror
Telegram: genovarus,czechia,1,credited-by-mirror
Telegram: genovarus,poland,2,credited-by-mirror
Telegram: genprocrf,czechia,3,credited-by-mirror
Telegram: genprocrf,deutsch,49,credited-by-mirror
Telegram: genprocrf,hungary,1,credited-by-mirror
Telegram: genprocrf,moldova,4,credited-by-mirror
Telegram: genprocrf,poland,15,credited-by-mirror
Telegram: genprocrf,romania,1,credited-by-mirror
Telegram: genshtab24,moldova,21,credited-by-mirror
Telegram: geoengineeringslovakiachemtrails,slovakia,7,credited-by-mirror
Telegram: geonrgru,czechia,1,credited-by-mirror
Telegram: geonrgru,deutsch,27,credited-by-mirror
Telegram: geonrgru,hungary,4,credited-by-mirror
Telegram: geonrgru,moldova,41,credited-by-mirror
Telegram: geonrgru,romania,1,credited-by-mirror
Telegram: geonrgru,slovakia,5,credited-by-mirror
Telegram: geopolitics_live,slovakia,1,credited-by-mirror
Telegram: geopolitics_prime,hungary,1,credited-by-mirror
Telegram: geopolitika_civilizacii,poland,3,credited-by-mirror
Telegram: geopolitika_civilizacii,romania,1,credited-by-mirror
Telegram: george_rooke,poland,2,credited-by-mirror
Telegram: georgeivensiya,moldova,2,credited-by-mirror
Telegram: georgy_ma,hungary,2,credited-by-mirror
Telegram: georgy_ma,romania,1,credited-by-mirror
Telegram: geostrategrus,moldova,2,credited-by-mirror
Telegram: geran231,moldova,6,credited-by-mirror
Telegram: geraniran,moldova,13,credited-by-mirror
Telegram: geranium_chronicles,romania,1,credited-by-mirror
Telegram: gerilla_franciaorszag,hungary,769,credited-by-mirror
Telegram: germansadulaev,deutsch,13,credited-by-mirror
Telegram: germansadulaev,moldova,3,credited-by-mirror
Telegram: germansadulaev,romania,1,credited-by-mirror
Telegram: gerodot_history,hungary,1,credited-by-mirror
Telegram: gesund_durch_natur,deutsch,143,credited-by-mirror
Telegram: gesundheitstipps_at,deutsch,15,credited-by-mirror
Telegram: gesundistbesser,deutsch,24,credited-by-mirror
Telegram: gevorgyankarine,hungary,1,credited-by-mirror
Telegram: gibdd38region,slovakia,1,credited-by-mirror
Telegram: gidilicaolga,moldova,98,credited-by-mirror
Telegram: gidilicaolga,romania,25,credited-by-mirror
Telegram: gilxl,czechia,1,credited-by-mirror
Telegram: gkdebrecen,hungary,16,credited-by-mirror
Telegram: gkrrus,czechia,1,credited-by-mirror
Telegram: glavmedia,moldova,16,credited-by-mirror
Telegram: glavpolit,czechia,23,credited-by-mirror
Telegram: glavpolit,deutsch,361,credited-by-mirror
Telegram: glavpolit,hungary,56,credited-by-mirror
Telegram: glavpolit,moldova,28,credited-by-mirror
Telegram: glavpolit,poland,146,credited-by-mirror
Telegram: glavpolit,romania,28,credited-by-mirror
Telegram: glavpolit,slovakia,30,credited-by-mirror
Telegram: gleberve,deutsch,10,credited-by-mirror
Telegram: gleberve,hungary,1,credited-by-mirror
Telegram: gleberve,poland,3,credited-by-mirror
Telegram: global_affairs_byelena,deutsch,470,credited-by-mirror
Telegram: glossamd,moldova,15,credited-by-mirror
Telegram: gluckrichard,czechia,1,credited-by-mirror
Telegram: gluckrichard,slovakia,39,credited-by-mirror
Telegram: gnoma77,slovakia,1,credited-by-mirror
Telegram: go338,poland,2,credited-by-mirror
Telegram: godeye_ru,moldova,2,credited-by-mirror
Telegram: godeye_ru,romania,1,credited-by-mirror
Telegram: gogoKremlin,hungary,1,credited-by-mirror
Telegram: golosmordora,czechia,9,credited-by-mirror
Telegram: golosmordora,deutsch,158,credited-by-mirror
Telegram: golosmordora,hungary,11,credited-by-mirror
Telegram: golosmordora,moldova,18,credited-by-mirror
Telegram: golosmordora,poland,44,credited-by-mirror
Telegram: golosmordora,romania,10,credited-by-mirror
Telegram: golosmordora,slovakia,11,credited-by-mirror
Telegram: golosmordora1,czechia,1,credited-by-mirror
Telegram: golosmordora1,deutsch,51,credited-by-mirror
Telegram: golosmordora1,hungary,12,credited-by-mirror
Telegram: golosmordora1,moldova,5,credited-by-mirror
Telegram: golosmordora1,poland,17,credited-by-mirror
Telegram: golosmordora1,romania,10,credited-by-mirror
Telegram: golosmordora1,slovakia,3,credited-by-mirror
Telegram: golovatiuc,moldova,11,credited-by-mirror
Telegram: gontagheorghe,moldova,7,credited-by-mirror
Telegram: gontagheorghe,romania,2,credited-by-mirror
Telegram: gor_bryansk,slovakia,1,credited-by-mirror
Telegram: gorlovka6tv,czechia,1,credited-by-mirror
Telegram: gorlovka6tv,deutsch,60,credited-by-mirror
Telegram: gorlovka6tv,hungary,6,credited-by-mirror
Telegram: gorlovka6tv,moldova,17,credited-by-mirror
Telegram: gorlovka6tv,poland,44,credited-by-mirror
Telegram: gosplandcookies,hungary,1,credited-by-mirror
Telegram: gosplandcookies,slovakia,1,credited-by-mirror
Telegram: gospodarkaIpolityka,poland,96,credited-by-mirror
Telegram: government_rus,deutsch,17,credited-by-mirror
Telegram: government_rus,hungary,15,credited-by-mirror
Telegram: government_rus,moldova,21,credited-by-mirror
Telegram: government_rus,poland,8,credited-by-mirror
Telegram: government_rus,romania,2,credited-by-mirror
Telegram: government_rus,slovakia,2,credited-by-mirror
Telegram: governorsjew,romania,1,credited-by-mirror
Telegram: govoritMoldova,moldova,9,credited-by-mirror
Telegram: govoritmd,moldova,2,credited-by-mirror
Telegram: govoritmilonov,deutsch,34,credited-by-mirror
Telegram: govoritmilonov,hungary,4,credited-by-mirror
Telegram: govoritmilonov,moldova,9,credited-by-mirror
Telegram: govoritmilonov,poland,15,credited-by-mirror
Telegram: govoritmilonov,romania,4,credited-by-mirror
Telegram: gowithRussia,czechia,1,credited-by-mirror
Telegram: gowithRussia,hungary,1,credited-by-mirror
Telegram: gpkgovby,slovakia,1,credited-by-mirror
Telegram: gr_nazarenko,czechia,3,credited-by-mirror
Telegram: gr_nazarenko,deutsch,14,credited-by-mirror
Telegram: gr_nazarenko,moldova,4,credited-by-mirror
Telegram: gr_nazarenko,poland,4,credited-by-mirror
Telegram: gr_nazarenko,romania,1,credited-by-mirror
Telegram: grahamphillipsreportagerus,czechia,1,credited-by-mirror
Telegram: grahamphillipsreportagerus,deutsch,10,credited-by-mirror
Telegram: grahamphillipsreportagerus,hungary,3,credited-by-mirror
Telegram: grahamphillipsreportagerus,poland,5,credited-by-mirror
Telegram: grahamphillipsreportagerus,romania,2,credited-by-mirror
Telegram: grahamphillipsreportagerus,slovakia,6,credited-by-mirror
Telegram: grajdaninmoldovi,moldova,3294,credited-by-mirror
Telegram: grangers_2020,moldova,34,credited-by-mirror
Telegram: greatawakeningmagyarok,hungary,16835,credited-by-mirror
Telegram: grebanystyd,moldova,3,credited-by-mirror
Telegram: gretanoe,slovakia,1,credited-by-mirror
Telegram: grey_zone,poland,2,credited-by-mirror
Telegram: gridchina_a_a,poland,8,credited-by-mirror
Telegram: grigorov_prav,deutsch,8,credited-by-mirror
Telegram: grigorov_prav,poland,4,credited-by-mirror
Telegram: grishkafilippov,czechia,6,credited-by-mirror
Telegram: grishkafilippov,deutsch,16,credited-by-mirror
Telegram: grishkafilippov,hungary,1,credited-by-mirror
Telegram: grishkafilippov,poland,8,credited-by-mirror
Telegram: grishkafilippov,romania,1,credited-by-mirror
Telegram: grodnosliv,poland,5,credited-by-mirror
Telegram: gruboprostiite,romania,1,credited-by-mirror
Telegram: gruboprostiite,slovakia,1,credited-by-mirror
Telegram: gtimenov,hungary,2,credited-by-mirror
Telegram: gtimenov,romania,1,credited-by-mirror
Telegram: gtimenov,slovakia,1,credited-by-mirror
Telegram: gumvdskfo,hungary,1,credited-by-mirror
Telegram: gumvdskfo,poland,4,credited-by-mirror
Telegram: gumvdskfo,romania,1,credited-by-mirror
Telegram: gussmurin,slovakia,2,credited-by-mirror
Telegram: gusto_murin,slovakia,9,credited-by-mirror
Telegram: gutsul_evghenia,moldova,5,credited-by-mirror
Telegram: gvozdi5,hungary,1,credited-by-mirror
Telegram: gyimesi,slovakia,9,credited-by-mirror
Telegram: h1ghl1ghts,romania,1,credited-by-mirror
Telegram: haborukonfliktus,hungary,7,credited-by-mirror
Telegram: hackberegini,czechia,1,credited-by-mirror
Telegram: hackberegini,deutsch,42,credited-by-mirror
Telegram: hackberegini,moldova,3,credited-by-mirror
Telegram: hackberegini,poland,17,credited-by-mirror
Telegram: happinessismyway,deutsch,55,credited-by-mirror
Telegram: haqqin_azz,hungary,1,credited-by-mirror
Telegram: haqqin_azz,slovakia,1,credited-by-mirror
Telegram: harabin,czechia,9,credited-by-mirror
Telegram: harabin,slovakia,27,credited-by-mirror
Telegram: harry_homolsky,czechia,2,credited-by-mirror
Telegram: harry_homolsky,deutsch,68,credited-by-mirror
Telegram: harry_homolsky,hungary,9,credited-by-mirror
Telegram: harry_homolsky,moldova,5,credited-by-mirror
Telegram: harry_homolsky,poland,20,credited-by-mirror
Telegram: harry_homolsky,romania,1,credited-by-mirror
Telegram: harry_homolsky,slovakia,3,credited-by-mirror
Telegram: hazdenecaz,moldova,6,credited-by-mirror
Telegram: hc_avtomobilist,slovakia,1,credited-by-mirror
Telegram: heWhiteWolf,deutsch,15,credited-by-mirror
Telegram: heiko_schoening,deutsch,38,credited-by-mirror
Telegram: help_ukrs,romania,1,credited-by-mirror
Telegram: heroesofZ,czechia,2,credited-by-mirror
Telegram: heroesofZ,deutsch,27,credited-by-mirror
Telegram: heroesofZ,hungary,5,credited-by-mirror
Telegram: heroesofZ,poland,8,credited-by-mirror
Telegram: heroesofZ,romania,2,credited-by-mirror
Telegram: heroesofZ,slovakia,1,credited-by-mirror
Telegram: hirekpentrado,hungary,3,credited-by-mirror
Telegram: hirurgnw,czechia,1,credited-by-mirror
Telegram: historiaStatek,poland,83,credited-by-mirror
Telegram: historiaprawdziwymioczami,poland,2244,credited-by-mirror
Telegram: historiographe,czechia,2,credited-by-mirror
Telegram: historiographe,deutsch,39,credited-by-mirror
Telegram: historiographe,hungary,16,credited-by-mirror
Telegram: historiographe,moldova,54,credited-by-mirror
Telegram: historiographe,poland,34,credited-by-mirror
Telegram: historiographe,romania,3,credited-by-mirror
Telegram: historiographe,slovakia,1,credited-by-mirror
Telegram: historyWWII,deutsch,15,credited-by-mirror
Telegram: historyWWII,moldova,2,credited-by-mirror
Telegram: historyWWII,poland,6,credited-by-mirror
Telegram: historyWWII,romania,1,credited-by-mirror
Telegram: historyrussia_org,slovakia,14,credited-by-mirror
Telegram: hlasnadeje,czechia,9,credited-by-mirror
Telegram: hlavnespravy1,slovakia,13,credited-by-mirror
Telegram: hlavnydennik,slovakia,1,credited-by-mirror
Telegram: holmogortalks,hungary,2,credited-by-mirror
Telegram: holmogortalks,slovakia,1,credited-by-mirror
Telegram: horizont_telegram,deutsch,8,credited-by-mirror
Telegram: hraniteli_odessi,moldova,22,credited-by-mirror
Telegram: hricalubos,slovakia,56,credited-by-mirror
Telegram: hrunmorgov,moldova,70,credited-by-mirror
Telegram: hypebioun,moldova,3,credited-by-mirror
Telegram: i_curtain,czechia,1,credited-by-mirror
Telegram: i_curtain,hungary,1,credited-by-mirror
Telegram: i_curtain,poland,2,credited-by-mirror
Telegram: i_curtain,slovakia,1,credited-by-mirror
Telegram: ia_rossa,deutsch,44,credited-by-mirror
Telegram: ia_rossa,poland,7,credited-by-mirror
Telegram: ia_steklomoy,czechia,1,credited-by-mirror
Telegram: ia_steklomoy,deutsch,30,credited-by-mirror
Telegram: ia_steklomoy,hungary,7,credited-by-mirror
Telegram: ia_steklomoy,moldova,7,credited-by-mirror
Telegram: ia_steklomoy,poland,14,credited-by-mirror
Telegram: ia_steklomoy,romania,4,credited-by-mirror
Telegram: ia_steklomoy,slovakia,2,credited-by-mirror
Telegram: iamsniper,poland,2,credited-by-mirror
Telegram: iarexru,hungary,1,credited-by-mirror
Telegram: iarexru,poland,2,credited-by-mirror
Telegram: iaroslavlistovistorik,czechia,1,credited-by-mirror
Telegram: iaroslavlistovistorik,poland,3,credited-by-mirror
Telegram: iaroslavlistovistorik,romania,2,credited-by-mirror
Telegram: ichicu,romania,2,credited-by-mirror
Telegram: icom_russia,czechia,2,credited-by-mirror
Telegram: icom_russia,hungary,1,credited-by-mirror
Telegram: iden123,slovakia,6,credited-by-mirror
Telegram: ieofficial,poland,6,credited-by-mirror
Telegram: igor_korotchenko,hungary,1,credited-by-mirror
Telegram: igor_korotchenko,poland,2,credited-by-mirror
Telegram: igor_korotchenko,romania,3,credited-by-mirror
Telegram: igordodon,moldova,172,credited-by-mirror
Telegram: igpshenich,hungary,2,credited-by-mirror
Telegram: igpshenich,slovakia,2,credited-by-mirror
Telegram: iikhu,moldova,11,credited-by-mirror
Telegram: ilanshor,moldova,124,credited-by-mirror
Telegram: ilonaekonom,czechia,4,credited-by-mirror
Telegram: imemo_ran,hungary,1,credited-by-mirror
Telegram: imerkouri,deutsch,22,credited-by-mirror
Telegram: imerkouri,hungary,9,credited-by-mirror
Telegram: imerkouri,moldova,3,credited-by-mirror
Telegram: imerkouri,poland,4,credited-by-mirror
Telegram: imerkouri,romania,2,credited-by-mirror
Telegram: imerkouri,slovakia,4,credited-by-mirror
Telegram: imnotbozhena,czechia,2,credited-by-mirror
Telegram: imnotbozhena,hungary,1,credited-by-mirror
Telegram: imnotbozhena,moldova,3,credited-by-mirror
Telegram: imnotbozhena,romania,1,credited-by-mirror
Telegram: imnotbozhena,slovakia,1,credited-by-mirror
Telegram: imperiabook,czechia,2,credited-by-mirror
Telegram: imperiabook,deutsch,16,credited-by-mirror
Telegram: imperiabook,hungary,3,credited-by-mirror
Telegram: imperiabook,moldova,3,credited-by-mirror
Telegram: imperiabook,poland,8,credited-by-mirror
Telegram: imperiabook,romania,4,credited-by-mirror
Telegram: imperiabook,slovakia,3,credited-by-mirror
Telegram: imperiumtalk,deutsch,11,credited-by-mirror
Telegram: imperiumtalk,hungary,3,credited-by-mirror
Telegram: imperiumtalk,moldova,8,credited-by-mirror
Telegram: imperiumtalk,poland,4,credited-by-mirror
Telegram: imperiumtalk,romania,1,credited-by-mirror
Telegram: imperiumtalk,slovakia,1,credited-by-mirror
Telegram: impfen_nein_danke,deutsch,11,credited-by-mirror
Telegram: impfschaede,deutsch,183,credited-by-mirror
Telegram: imsindi_z,moldova,153,credited-by-mirror
Telegram: incorrectcz,czechia,11,credited-by-mirror
Telegram: indeec1937,moldova,2,credited-by-mirror
Telegram: indexMD,moldova,11,credited-by-mirror
Telegram: indexMD,romania,2,credited-by-mirror
Telegram: indexMLD,romania,4,credited-by-mirror
Telegram: india_Za,hungary,1,credited-by-mirror
Telegram: india_Za,poland,4,credited-by-mirror
Telegram: infantmilitario,czechia,173,credited-by-mirror
Telegram: infantmilitario,deutsch,3147,credited-by-mirror
Telegram: infantmilitario,hungary,335,credited-by-mirror
Telegram: infantmilitario,moldova,99,credited-by-mirror
Telegram: infantmilitario,poland,1035,credited-by-mirror
Telegram: infantmilitario,romania,243,credited-by-mirror
Telegram: infantmilitario,slovakia,112,credited-by-mirror
Telegram: infocentrskrf,czechia,11,credited-by-mirror
Telegram: infocentrskrf,deutsch,128,credited-by-mirror
Telegram: infocentrskrf,hungary,6,credited-by-mirror
Telegram: infocentrskrf,moldova,5,credited-by-mirror
Telegram: infocentrskrf,poland,33,credited-by-mirror
Telegram: infocentrskrf,romania,5,credited-by-mirror
Telegram: infocentrskrf,slovakia,2,credited-by-mirror
Telegram: infodefGERMANY,deutsch,8690,credited-by-mirror
Telegram: infodefPOLAND,poland,3480,credited-by-mirror
Telegram: infokju,poland,7415,credited-by-mirror
Telegram: infomil_live,romania,1,credited-by-mirror
Telegram: infoquelleDE,deutsch,23,credited-by-mirror
Telegram: inforMEF,czechia,2,credited-by-mirror
Telegram: inforMEF,deutsch,19,credited-by-mirror
Telegram: inforMEF,hungary,5,credited-by-mirror
Telegram: inforMEF,poland,3,credited-by-mirror
Telegram: inforMEF,romania,3,credited-by-mirror
Telegram: inforMEF,slovakia,3,credited-by-mirror
Telegram: informacniblok,czechia,1,credited-by-mirror
Telegram: informburo_sfd,slovakia,1,credited-by-mirror
Telegram: infostreams,moldova,7,credited-by-mirror
Telegram: infowarpolska,poland,3,credited-by-mirror
Telegram: infrarotmediensicht,deutsch,17,credited-by-mirror
Telegram: infrarotsichtinsdunkel,deutsch,246,credited-by-mirror
Telegram: ingjurajorsagirujido,czechia,1,credited-by-mirror
Telegram: ingjurajorsagirujido,slovakia,5,credited-by-mirror
Telegram: inners_of_the_politics,deutsch,9,credited-by-mirror
Telegram: inners_of_the_politics,moldova,2,credited-by-mirror
Telegram: inners_of_the_politics,poland,4,credited-by-mirror
Telegram: inners_of_the_politics,romania,3,credited-by-mirror
Telegram: ino_tv,czechia,80,credited-by-mirror
Telegram: ino_tv,deutsch,1459,credited-by-mirror
Telegram: ino_tv,hungary,211,credited-by-mirror
Telegram: ino_tv,moldova,21,credited-by-mirror
Telegram: ino_tv,poland,343,credited-by-mirror
Telegram: ino_tv,romania,89,credited-by-mirror
Telegram: ino_tv,slovakia,95,credited-by-mirror
Telegram: inosmichannel,czechia,118,credited-by-mirror
Telegram: inosmichannel,deutsch,1306,credited-by-mirror
Telegram: inosmichannel,hungary,285,credited-by-mirror
Telegram: inosmichannel,moldova,73,credited-by-mirror
Telegram: inosmichannel,poland,770,credited-by-mirror
Telegram: inosmichannel,romania,86,credited-by-mirror
Telegram: inosmichannel,slovakia,120,credited-by-mirror
Telegram: inostranets_v_RF,slovakia,2,credited-by-mirror
Telegram: inovacerepubliky,czechia,1,credited-by-mirror
Telegram: inovacerepubliky,slovakia,13,credited-by-mirror
Telegram: insider_2024,moldova,198,credited-by-mirror
Telegram: insider_md,moldova,1605,credited-by-mirror
Telegram: institutisop,slovakia,6,credited-by-mirror
Telegram: intelslava,hungary,1,credited-by-mirror
Telegram: interfaxonline,hungary,1,credited-by-mirror
Telegram: interfaxonline,moldova,32,credited-by-mirror
Telegram: interfaxonline,slovakia,1,credited-by-mirror
Telegram: interfresh,poland,15,credited-by-mirror
Telegram: intrendo,moldova,7,credited-by-mirror
Telegram: intuition2036,hungary,2,credited-by-mirror
Telegram: investigativnyblogSK,czechia,38,credited-by-mirror
Telegram: investigativnyblogSK,slovakia,253,credited-by-mirror
Telegram: ioanima,czechia,1,credited-by-mirror
Telegram: ionceban,moldova,6,credited-by-mirror
Telegram: ionceban,romania,2,credited-by-mirror
Telegram: ionitatelegram,moldova,5,credited-by-mirror
Telegram: ionitatelegram,romania,6,credited-by-mirror
Telegram: ipn_md,moldova,8,credited-by-mirror
Telegram: iportaL24,czechia,2,credited-by-mirror
Telegram: irenedrama,poland,2,credited-by-mirror
Telegram: iron_wind,deutsch,13,credited-by-mirror
Telegram: iron_wind,poland,2,credited-by-mirror
Telegram: isshishkin,deutsch,12,credited-by-mirror
Telegram: isshishkin,hungary,4,credited-by-mirror
Telegram: isshishkin,moldova,4,credited-by-mirror
Telegram: isshishkin,poland,9,credited-by-mirror
Telegram: isshishkin,romania,6,credited-by-mirror
Telegram: istorex_ru,moldova,3,credited-by-mirror
Telegram: istorex_ru,romania,2,credited-by-mirror
Telegram: istrkalkglk,deutsch,21,credited-by-mirror
Telegram: istrkalkglk,hungary,5,credited-by-mirror
Telegram: istrkalkglk,poland,11,credited-by-mirror
Telegram: istrkalkglk,romania,3,credited-by-mirror
Telegram: itsalwayssunnyinmoscow,deutsch,9,credited-by-mirror
Telegram: itsalwayssunnyinmoscow,hungary,3,credited-by-mirror
Telegram: itsalwayssunnyinmoscow,moldova,8,credited-by-mirror
Telegram: itsalwayssunnyinmoscow,poland,10,credited-by-mirror
Telegram: iuriemuntean,moldova,45,credited-by-mirror
Telegram: iuriemuntean,romania,13,credited-by-mirror
Telegram: ivanovnamd,moldova,144,credited-by-mirror
Telegram: izolentalive,czechia,11,credited-by-mirror
Telegram: izolentalive,deutsch,89,credited-by-mirror
Telegram: izolentalive,hungary,13,credited-by-mirror
Telegram: izolentalive,moldova,16,credited-by-mirror
Telegram: izolentalive,poland,27,credited-by-mirror
Telegram: izolentalive,romania,4,credited-by-mirror
Telegram: izolentalive,slovakia,6,credited-by-mirror
Telegram: izru_live,hungary,1,credited-by-mirror
Telegram: izvestia,czechia,169,credited-by-mirror
Telegram: izvestia,deutsch,2787,credited-by-mirror
Telegram: izvestia,hungary,856,credited-by-mirror
Telegram: izvestia,moldova,595,credited-by-mirror
Telegram: izvestia,poland,828,credited-by-mirror
Telegram: izvestia,romania,243,credited-by-mirror
Telegram: izvestia,slovakia,396,credited-by-mirror
Telegram: izvestia_ru,czechia,20,credited-by-mirror
Telegram: izvestia_ru,deutsch,319,credited-by-mirror
Telegram: izvestia_ru,hungary,130,credited-by-mirror
Telegram: izvestia_ru,moldova,44,credited-by-mirror
Telegram: izvestia_ru,poland,96,credited-by-mirror
Telegram: izvestia_ru,romania,23,credited-by-mirror
Telegram: izvestia_ru,slovakia,42,credited-by-mirror
Telegram: jakub_vajdulak_republika,slovakia,2,credited-by-mirror
Telegram: jakubzieba_ruscz,czechia,12,credited-by-mirror
Telegram: jakubzieba_ruscz,slovakia,10,credited-by-mirror
Telegram: janajanyova,slovakia,9,credited-by-mirror
Telegram: jankalavsky,slovakia,10,credited-by-mirror
Telegram: jankecskes,slovakia,39,credited-by-mirror
Telegram: jarek53,czechia,11395,credited-by-mirror
Telegram: jarek53,slovakia,2,credited-by-mirror
Telegram: jasnowidzsiostryjasnowidzki,poland,917,credited-by-mirror
Telegram: jaxtellersk,czechia,8,credited-by-mirror
Telegram: jaxtellersk,slovakia,33,credited-by-mirror
Telegram: jednotaslovanov,slovakia,2,credited-by-mirror
Telegram: jiznimorava,czechia,128,credited-by-mirror
Telegram: jiznimorava,slovakia,17,credited-by-mirror
Telegram: jjm_komentare,czechia,2,credited-by-mirror
Telegram: jnb_news,romania,1,credited-by-mirror
Telegram: jozefvi,slovakia,5,credited-by-mirror
Telegram: jtf_shor,moldova,4,credited-by-mirror
Telegram: jukov_online,moldova,163,credited-by-mirror
Telegram: kabezki,czechia,1,credited-by-mirror
Telegram: kadmitriev,czechia,1,credited-by-mirror
Telegram: kadmitriev,deutsch,16,credited-by-mirror
Telegram: kadmitriev,hungary,3,credited-by-mirror
Telegram: kadmitriev,romania,2,credited-by-mirror
Telegram: kadmitriev,slovakia,1,credited-by-mirror
Telegram: kanalklubunekonvencnemysliacich,slovakia,1,credited-by-mirror
Telegram: kanzlerdaddy,czechia,9,credited-by-mirror
Telegram: kanzlerdaddy,deutsch,691,credited-by-mirror
Telegram: kanzlerdaddy,hungary,16,credited-by-mirror
Telegram: kanzlerdaddy,moldova,7,credited-by-mirror
Telegram: kanzlerdaddy,poland,33,credited-by-mirror
Telegram: kanzlerdaddy,romania,4,credited-by-mirror
Telegram: kanzlerdaddy,slovakia,3,credited-by-mirror
Telegram: kanzlerdaddyDE,deutsch,2689,credited-by-mirror
Telegram: karavana33,slovakia,1038,credited-by-mirror
Telegram: karnazytski,hungary,4,credited-by-mirror
Telegram: karnazytski,poland,2,credited-by-mirror
Telegram: karnazytski,romania,2,credited-by-mirror
Telegram: karnazytski,slovakia,4,credited-by-mirror
Telegram: kasimovklub,poland,2,credited-by-mirror
Telegram: kastyukevich_live,czechia,2,credited-by-mirror
Telegram: kastyukevich_live,deutsch,41,credited-by-mirror
Telegram: kastyukevich_live,hungary,1,credited-by-mirror
Telegram: kastyukevich_live,moldova,8,credited-by-mirror
Telegram: kastyukevich_live,poland,11,credited-by-mirror
Telegram: kastyukevich_live,romania,3,credited-by-mirror
Telegram: kastyukevich_live,slovakia,1,credited-by-mirror
Telegram: katerinakonecna,czechia,1,credited-by-mirror
Telegram: katerinakonecna,slovakia,10,credited-by-mirror
Telegram: katkarothnevedalova,slovakia,7,credited-by-mirror
Telegram: kavkaz_tass,deutsch,31,credited-by-mirror
Telegram: kavkaz_tass,hungary,3,credited-by-mirror
Telegram: kavkaz_tass,moldova,4,credited-by-mirror
Telegram: kavkaz_tass,poland,5,credited-by-mirror
Telegram: kavkaz_tass,romania,6,credited-by-mirror
Telegram: kavkaz_tass,slovakia,2,credited-by-mirror
Telegram: kazakovaolga_rf,poland,2,credited-by-mirror
Telegram: kazakovaolga_rf,slovakia,1,credited-by-mirror
Telegram: kbrvdvkr,czechia,2,credited-by-mirror
Telegram: kbrvdvkr,poland,4,credited-by-mirror
Telegram: kcpn2014,czechia,1,credited-by-mirror
Telegram: kcpn2014,deutsch,15,credited-by-mirror
Telegram: kd_mid,czechia,3,credited-by-mirror
Telegram: kd_mid,deutsch,11,credited-by-mirror
Telegram: kd_mid,hungary,3,credited-by-mirror
Telegram: kd_mid,poland,3,credited-by-mirror
Telegram: kd_mid,slovakia,1,credited-by-mirror
Telegram: kedmi,czechia,5,credited-by-mirror
Telegram: kedmi,moldova,9,credited-by-mirror
Telegram: kenjebsen,deutsch,43,credited-by-mirror
Telegram: kfm936,hungary,1,credited-by-mirror
Telegram: kfm936,moldova,3,credited-by-mirror
Telegram: kgb_mssr,moldova,13,credited-by-mirror
Telegram: kinbyrn,romania,1,credited-by-mirror
Telegram: kinouroki_by,czechia,1,credited-by-mirror
Telegram: kinouroki_by,hungary,1,credited-by-mirror
Telegram: kinouroki_by,romania,1,credited-by-mirror
Telegram: kinouroki_by,slovakia,1,credited-by-mirror
Telegram: kirasazonova,deutsch,11,credited-by-mirror
Telegram: kirasazonova,poland,2,credited-by-mirror
Telegram: kirboristorik,hungary,1,credited-by-mirror
Telegram: kitelpodeda,hungary,1,credited-by-mirror
Telegram: kitelpodeda,romania,1,credited-by-mirror
Telegram: kkdolgov,slovakia,1,credited-by-mirror
Telegram: klaTVCeskoSlovensko,czechia,7,credited-by-mirror
Telegram: klaTVCeskoSlovensko,slovakia,8,credited-by-mirror
Telegram: klaTV_hu,hungary,9,credited-by-mirror
Telegram: klartext_rheinmain,deutsch,12,credited-by-mirror
Telegram: klimzhukoff,romania,1,credited-by-mirror
Telegram: klubnarodnogoedinstva,deutsch,11,credited-by-mirror
Telegram: klubnarodnogoedinstva,hungary,1,credited-by-mirror
Telegram: knigeek,czechia,1,credited-by-mirror
Telegram: knijnij_den,hungary,1,credited-by-mirror
Telegram: knistavka,czechia,1,credited-by-mirror
Telegram: knyaz_cherkasky,hungary,2,credited-by-mirror
Telegram: kollektiv_a,hungary,1,credited-by-mirror
Telegram: komandanews,deutsch,16,credited-by-mirror
Telegram: komentarecesko,czechia,3,credited-by-mirror
Telegram: komitetnacinter,czechia,2,credited-by-mirror
Telegram: komitetnacinter,deutsch,24,credited-by-mirror
Telegram: komitetnacinter,poland,15,credited-by-mirror
Telegram: kommersant,czechia,15,credited-by-mirror
Telegram: kommersant,deutsch,352,credited-by-mirror
Telegram: kommersant,hungary,83,credited-by-mirror
Telegram: kommersant,moldova,91,credited-by-mirror
Telegram: kommersant,poland,100,credited-by-mirror
Telegram: kommersant,romania,42,credited-by-mirror
Telegram: kommersant,slovakia,38,credited-by-mirror
Telegram: kommersant_kavkaz,moldova,3,credited-by-mirror
Telegram: kommersant_siberia,deutsch,19,credited-by-mirror
Telegram: kommersant_siberia,moldova,8,credited-by-mirror
Telegram: kommersant_siberia,poland,3,credited-by-mirror
Telegram: kommersant_volga,deutsch,20,credited-by-mirror
Telegram: kommersant_volga,hungary,2,credited-by-mirror
Telegram: kommersant_volga,moldova,3,credited-by-mirror
Telegram: kommersant_volga,poland,5,credited-by-mirror
Telegram: kommersant_volga,romania,2,credited-by-mirror
Telegram: kommersant_volga,slovakia,1,credited-by-mirror
Telegram: kommersantural,hungary,1,credited-by-mirror
Telegram: kommersantural,moldova,20,credited-by-mirror
Telegram: kommersantvrn,czechia,1,credited-by-mirror
Telegram: kommersantvrn,deutsch,36,credited-by-mirror
Telegram: kommersantvrn,hungary,2,credited-by-mirror
Telegram: kommersantvrn,moldova,4,credited-by-mirror
Telegram: kommersantvrn,poland,6,credited-by-mirror
Telegram: kommunist,czechia,7,credited-by-mirror
Telegram: kommunist,deutsch,169,credited-by-mirror
Telegram: kommunist,hungary,15,credited-by-mirror
Telegram: kommunist,moldova,7,credited-by-mirror
Telegram: kommunist,poland,69,credited-by-mirror
Telegram: kommunist,romania,15,credited-by-mirror
Telegram: kommunist,slovakia,7,credited-by-mirror
Telegram: kommunistischeorganisation,deutsch,59,credited-by-mirror
Telegram: konstantinzatulin,czechia,6,credited-by-mirror
Telegram: konstantinzatulin,deutsch,65,credited-by-mirror
Telegram: konstantinzatulin,hungary,24,credited-by-mirror
Telegram: konstantinzatulin,moldova,54,credited-by-mirror
Telegram: konstantinzatulin,poland,17,credited-by-mirror
Telegram: konstantinzatulin,romania,18,credited-by-mirror
Telegram: konstantinzatulin,slovakia,18,credited-by-mirror
Telegram: konzerva,slovakia,2,credited-by-mirror
Telegram: koppreport,deutsch,9,credited-by-mirror
Telegram: kornet_7,moldova,2,credited-by-mirror
Telegram: kornilov1968,czechia,55,credited-by-mirror
Telegram: kornilov1968,deutsch,911,credited-by-mirror
Telegram: kornilov1968,hungary,88,credited-by-mirror
Telegram: kornilov1968,moldova,31,credited-by-mirror
Telegram: kornilov1968,poland,757,credited-by-mirror
Telegram: kornilov1968,romania,51,credited-by-mirror
Telegram: kornilov1968,slovakia,46,credited-by-mirror
Telegram: korrespondomi,deutsch,78,credited-by-mirror
Telegram: korrzakadrom,deutsch,10,credited-by-mirror
Telegram: korrzakadrom,poland,2,credited-by-mirror
Telegram: korsunov_now,czechia,1,credited-by-mirror
Telegram: korsunov_now,hungary,2,credited-by-mirror
Telegram: korsunov_now,poland,2,credited-by-mirror
Telegram: korsunov_now,slovakia,2,credited-by-mirror
Telegram: koszturandras,hungary,6,credited-by-mirror
Telegram: kotleba_proti_systemu,slovakia,3,credited-by-mirror
Telegram: kotletipmr,moldova,32,credited-by-mirror
Telegram: kotreal,poland,4,credited-by-mirror
Telegram: kotreal,romania,2,credited-by-mirror
Telegram: kovcheg_noemi,romania,1,credited-by-mirror
Telegram: kovitidi,deutsch,17,credited-by-mirror
Telegram: kovitidi,poland,9,credited-by-mirror
Telegram: kozacha23,moldova,4,credited-by-mirror
Telegram: kozakrichala,deutsch,15,credited-by-mirror
Telegram: kozakrichala,hungary,1,credited-by-mirror
Telegram: kozakrichala,moldova,262,credited-by-mirror
Telegram: kozakrichala,poland,4,credited-by-mirror
Telegram: kozakrichala,romania,1,credited-by-mirror
Telegram: kozlov38,czechia,1,credited-by-mirror
Telegram: kpdvru,slovakia,1,credited-by-mirror
Telegram: kpnauka,hungary,1,credited-by-mirror
Telegram: kpvmoldove,moldova,89,credited-by-mirror
Telegram: kraken_media,hungary,2,credited-by-mirror
Telegram: kraken_media,moldova,4,credited-by-mirror
Telegram: kraken_media,slovakia,1,credited-by-mirror
Telegram: kramnikcat,deutsch,10,credited-by-mirror
Telegram: kramnikcat,hungary,2,credited-by-mirror
Telegram: kramnikcat,poland,3,credited-by-mirror
Telegram: krasniydom,hungary,1,credited-by-mirror
Telegram: krasniydom,moldova,2,credited-by-mirror
Telegram: krasniydom,poland,2,credited-by-mirror
Telegram: krasniydom,romania,1,credited-by-mirror
Telegram: kremlin_mother_expert,romania,1,credited-by-mirror
Telegram: kremlin_sekret,hungary,1,credited-by-mirror
Telegram: kremlinprachka,deutsch,32,credited-by-mirror
Telegram: kremlinprachka,poland,7,credited-by-mirror
Telegram: kriegskinder_de,deutsch,147,credited-by-mirror
Telegram: krimski,hungary,1,credited-by-mirror
Telegram: krimski,romania,1,credited-by-mirror
Telegram: krondor_analytics,czechia,2,credited-by-mirror
Telegram: krondor_analytics,hungary,3,credited-by-mirror
Telegram: krondor_analytics,romania,1,credited-by-mirror
Telegram: krondor_analytics,slovakia,1,credited-by-mirror
Telegram: krujka_md,moldova,401,credited-by-mirror
Telegram: krzysztofbosak,poland,41,credited-by-mirror
Telegram: ksbspravy,czechia,1,credited-by-mirror
Telegram: ksbspravy,slovakia,1938,credited-by-mirror
Telegram: kscm_cz,czechia,4,credited-by-mirror
Telegram: ksors_hu,hungary,1,credited-by-mirror
Telegram: ktoslive,poland,47,credited-by-mirror
Telegram: kukufffka,deutsch,11,credited-by-mirror
Telegram: kukufffka,moldova,8,credited-by-mirror
Telegram: kulovy_blesk_cz,czechia,14,credited-by-mirror
Telegram: kupiansknash,czechia,1,credited-by-mirror
Telegram: kurier_news,poland,1293,credited-by-mirror
Telegram: kursRF,czechia,1,credited-by-mirror
Telegram: kursRF,hungary,1,credited-by-mirror
Telegram: kursRF,poland,2,credited-by-mirror
Telegram: kursRF,romania,1,credited-by-mirror
Telegram: kursRF,slovakia,2,credited-by-mirror
Telegram: kvint_sertorii,hungary,1,credited-by-mirror
Telegram: kvint_sertorii,romania,1,credited-by-mirror
Telegram: kvmalofeev,czechia,4,credited-by-mirror
Telegram: kvmalofeev,deutsch,61,credited-by-mirror
Telegram: kvmalofeev,hungary,10,credited-by-mirror
Telegram: kvmalofeev,moldova,12,credited-by-mirror
Telegram: kvmalofeev,poland,20,credited-by-mirror
Telegram: kvmalofeev,romania,10,credited-by-mirror
Telegram: kvmalofeev,slovakia,6,credited-by-mirror
Telegram: kyber_net,czechia,1,credited-by-mirror
Telegram: kyber_net,moldova,2,credited-by-mirror
Telegram: kyber_net,poland,2,credited-by-mirror
Telegram: kyber_net,slovakia,1,credited-by-mirror
Telegram: lady_north,deutsch,12,credited-by-mirror
Telegram: lady_north,poland,6,credited-by-mirror
Telegram: lajdak_oficjalny,poland,297,credited-by-mirror
Telegram: lanabadvan,slovakia,1,credited-by-mirror
Telegram: lantosjanos,hungary,1,credited-by-mirror
Telegram: lapshamedia,czechia,1,credited-by-mirror
Telegram: lapshamedia,deutsch,9,credited-by-mirror
Telegram: larazadelosgigantes,czechia,12,credited-by-mirror
Telegram: latebuimistru,moldova,353,credited-by-mirror
Telegram: lebedeva_xeniya,deutsch,12,credited-by-mirror
Telegram: lebedeva_xeniya,hungary,1,credited-by-mirror
Telegram: lebedeva_xeniya,poland,6,credited-by-mirror
Telegram: lebedeva_xeniya,romania,1,credited-by-mirror
Telegram: leceni24,czechia,6,credited-by-mirror
Telegram: leftbank247,moldova,6,credited-by-mirror
Telegram: legal_system,poland,2,credited-by-mirror
Telegram: legend24tv,poland,3,credited-by-mirror
Telegram: legitimniy,deutsch,33,credited-by-mirror
Telegram: legitimniy,hungary,2,credited-by-mirror
Telegram: legitimniy,moldova,52,credited-by-mirror
Telegram: legitimniy,poland,6,credited-by-mirror
Telegram: legitimniy,romania,1,credited-by-mirror
Telegram: legitimniy,slovakia,2,credited-by-mirror
Telegram: leib_hussar,hungary,1,credited-by-mirror
Telegram: lentadnya,moldova,14,credited-by-mirror
Telegram: letoPISET1,moldova,2,credited-by-mirror
Telegram: lgbelarussegodnya,poland,2,credited-by-mirror
Telegram: lgbtq_xyz,slovakia,1,credited-by-mirror
Telegram: lianalaga,czechia,4,credited-by-mirror
Telegram: lianalaga,slovakia,96,credited-by-mirror
Telegram: liberman_bella,hungary,1,credited-by-mirror
Telegram: liberman_bella,romania,1,credited-by-mirror
Telegram: liberman_bella,slovakia,1,credited-by-mirror
Telegram: liepsenverlag,deutsch,109,credited-by-mirror
Telegram: lifenews,hungary,1,credited-by-mirror
Telegram: lifenews,slovakia,1,credited-by-mirror
Telegram: linkezeitung,deutsch,25,credited-by-mirror
Telegram: lipca11,poland,2418,credited-by-mirror
Telegram: liptakp,slovakia,5,credited-by-mirror
Telegram: lisnevschi,moldova,12,credited-by-mirror
Telegram: lisnevschi,romania,1,credited-by-mirror
Telegram: litsemeriemd,moldova,3,credited-by-mirror
Telegram: live_chisinau,moldova,144,credited-by-mirror
Telegram: live_mikolaev,romania,1,credited-by-mirror
Telegram: liviazkonzervy,slovakia,21,credited-by-mirror
Telegram: logikamarkova,czechia,9,credited-by-mirror
Telegram: logikamarkova,deutsch,478,credited-by-mirror
Telegram: logikamarkova,hungary,79,credited-by-mirror
Telegram: logikamarkova,moldova,47,credited-by-mirror
Telegram: logikamarkova,poland,185,credited-by-mirror
Telegram: logikamarkova,romania,76,credited-by-mirror
Telegram: logikamarkova,slovakia,52,credited-by-mirror
Telegram: lomovka_reg,czechia,4,credited-by-mirror
Telegram: lomovka_reg,deutsch,47,credited-by-mirror
Telegram: lomovka_reg,hungary,6,credited-by-mirror
Telegram: lomovka_reg,moldova,9,credited-by-mirror
Telegram: lomovka_reg,poland,18,credited-by-mirror
Telegram: lomovka_reg,romania,4,credited-by-mirror
Telegram: lomovka_reg,slovakia,2,credited-by-mirror
Telegram: lomovkaa,czechia,286,credited-by-mirror
Telegram: lomovkaa,deutsch,5032,credited-by-mirror
Telegram: lomovkaa,hungary,1232,credited-by-mirror
Telegram: lomovkaa,moldova,816,credited-by-mirror
Telegram: lomovkaa,poland,1718,credited-by-mirror
Telegram: lomovkaa,romania,480,credited-by-mirror
Telegram: lomovkaa,slovakia,569,credited-by-mirror
Telegram: lorettapinke,slovakia,1,credited-by-mirror
Telegram: lost_armour,czechia,1,credited-by-mirror
Telegram: lost_armour,deutsch,153,credited-by-mirror
Telegram: lost_armour,poland,4,credited-by-mirror
Telegram: lost_armour,romania,1,credited-by-mirror
Telegram: lost_armour,slovakia,2,credited-by-mirror
Telegram: lubohudo,czechia,8,credited-by-mirror
Telegram: lubohudo,slovakia,5,credited-by-mirror
Telegram: lubomirvolnyoficialni,czechia,13,credited-by-mirror
Telegram: lubomirvolnyoficialni,slovakia,18,credited-by-mirror
Telegram: lucansky,slovakia,13,credited-by-mirror
Telegram: luchianiuc_com,moldova,38,credited-by-mirror
Telegram: luchianiuc_com,romania,2,credited-by-mirror
Telegram: lugovoyandrey,czechia,11,credited-by-mirror
Telegram: lugovoyandrey,deutsch,78,credited-by-mirror
Telegram: lugovoyandrey,hungary,4,credited-by-mirror
Telegram: lugovoyandrey,moldova,18,credited-by-mirror
Telegram: lugovoyandrey,poland,26,credited-by-mirror
Telegram: lugovoyandrey,romania,15,credited-by-mirror
Telegram: lugovoyandrey,slovakia,2,credited-by-mirror
Telegram: luka_ebkov,moldova,6,credited-by-mirror
Telegram: luka_ebkov,romania,1,credited-by-mirror
Telegram: lukasmachala,czechia,2,credited-by-mirror
Telegram: lukasmachala,slovakia,109,credited-by-mirror
Telegram: lumeanoua,czechia,5,credited-by-mirror
Telegram: lusisoficintula,slovakia,1,credited-by-mirror
Telegram: m_razdelny,poland,4,credited-by-mirror
Telegram: machtfrieden,deutsch,10,credited-by-mirror
Telegram: macklemachtgutelaune,deutsch,91,credited-by-mirror
Telegram: madam_secretar,hungary,1,credited-by-mirror
Telegram: madam_secretar,moldova,2,credited-by-mirror
Telegram: madam_secretar,poland,3,credited-by-mirror
Telegram: maeiexplica,moldova,20,credited-by-mirror
Telegram: maeklegutelaune,deutsch,9,credited-by-mirror
Telegram: maester,czechia,1,credited-by-mirror
Telegram: maester,deutsch,9,credited-by-mirror
Telegram: maester,hungary,4,credited-by-mirror
Telegram: maester,poland,3,credited-by-mirror
Telegram: maester,romania,2,credited-by-mirror
Telegram: maester,slovakia,2,credited-by-mirror
Telegram: magazinslovensko1,czechia,2,credited-by-mirror
Telegram: magazinslovensko1,slovakia,2,credited-by-mirror
Telegram: magnapolonia,poland,4,credited-by-mirror
Telegram: magyar325411km2,hungary,1,credited-by-mirror
Telegram: magyarbtamas,hungary,12,credited-by-mirror
Telegram: magyarjelen,hungary,102,credited-by-mirror
Telegram: magyarkultura,hungary,1,credited-by-mirror
Telegram: majercakerik,slovakia,4,credited-by-mirror
Telegram: majky369,czechia,6,credited-by-mirror
Telegram: makonews_ru,romania,1,credited-by-mirror
Telegram: malekdudakov,czechia,35,credited-by-mirror
Telegram: malekdudakov,deutsch,351,credited-by-mirror
Telegram: malekdudakov,hungary,101,credited-by-mirror
Telegram: malekdudakov,moldova,7,credited-by-mirror
Telegram: malekdudakov,poland,67,credited-by-mirror
Telegram: malekdudakov,romania,40,credited-by-mirror
Telegram: malekdudakov,slovakia,31,credited-by-mirror
Telegram: malkevich_live,czechia,3,credited-by-mirror
Telegram: malkevich_live,deutsch,67,credited-by-mirror
Telegram: malkevich_live,hungary,6,credited-by-mirror
Telegram: malkevich_live,moldova,5,credited-by-mirror
Telegram: malkevich_live,poland,33,credited-by-mirror
Telegram: malkevich_live,romania,4,credited-by-mirror
Telegram: malkevich_live,slovakia,2,credited-by-mirror
Telegram: malkevich_news,deutsch,15,credited-by-mirror
Telegram: malkevich_news,hungary,1,credited-by-mirror
Telegram: malkevich_news,moldova,3,credited-by-mirror
Telegram: malkevich_news,poland,20,credited-by-mirror
Telegram: malkevich_news,romania,6,credited-by-mirror
Telegram: malkevich_news,slovakia,2,credited-by-mirror
Telegram: malvovabelova,deutsch,13,credited-by-mirror
Telegram: malvovabelova,moldova,2,credited-by-mirror
Telegram: malvovabelova,poland,7,credited-by-mirror
Telegram: mankurt_pas,moldova,3,credited-by-mirror
Telegram: mankurt_pas,romania,1,credited-by-mirror
Telegram: mardanaka,czechia,61,credited-by-mirror
Telegram: mardanaka,deutsch,868,credited-by-mirror
Telegram: mardanaka,hungary,180,credited-by-mirror
Telegram: mardanaka,moldova,79,credited-by-mirror
Telegram: mardanaka,poland,372,credited-by-mirror
Telegram: mardanaka,romania,88,credited-by-mirror
Telegram: mardanaka,slovakia,94,credited-by-mirror
Telegram: margaritasimonyan,deutsch,31,credited-by-mirror
Telegram: margaritasimonyan,hungary,1,credited-by-mirror
Telegram: margaritasimonyan,moldova,14,credited-by-mirror
Telegram: margaritasimonyan,poland,2,credited-by-mirror
Telegram: margaritasimonyan,romania,4,credited-by-mirror
Telegram: margaritasimonyan,slovakia,2,credited-by-mirror
Telegram: mariabutina,poland,19,credited-by-mirror
Telegram: marianduris,slovakia,248,credited-by-mirror
Telegram: marianmagatoficialny,czechia,1,credited-by-mirror
Telegram: marianmagatoficialny,slovakia,5,credited-by-mirror
Telegram: marienka144,czechia,7,credited-by-mirror
Telegram: marina_mt_official,moldova,7,credited-by-mirror
Telegram: marochkolive,czechia,11,credited-by-mirror
Telegram: marochkolive,deutsch,362,credited-by-mirror
Telegram: marochkolive,hungary,13,credited-by-mirror
Telegram: marochkolive,moldova,28,credited-by-mirror
Telegram: marochkolive,poland,86,credited-by-mirror
Telegram: marochkolive,romania,21,credited-by-mirror
Telegram: marochkolive,slovakia,2,credited-by-mirror
Telegram: marsalMalinovskij,czechia,5901,credited-by-mirror
Telegram: marsalMalinovskij,slovakia,6,credited-by-mirror
Telegram: marsbar_firmament_und_natur,czechia,3,credited-by-mirror
Telegram: martin_b_official,slovakia,1,credited-by-mirror
Telegram: martin_news123,czechia,2,credited-by-mirror
Telegram: martinasimkovicova,slovakia,57,credited-by-mirror
Telegram: martindano1976,slovakia,1,credited-by-mirror
Telegram: martinsellnerIB,deutsch,12,credited-by-mirror
Telegram: martynov2021,moldova,14,credited-by-mirror
Telegram: maryananaumova,czechia,3,credited-by-mirror
Telegram: maryananaumova,deutsch,59,credited-by-mirror
Telegram: maryananaumova,hungary,1,credited-by-mirror
Telegram: maryananaumova,moldova,4,credited-by-mirror
Telegram: maryananaumova,poland,6,credited-by-mirror
Telegram: maryananaumova,romania,1,credited-by-mirror
Telegram: maryananaumova,slovakia,1,credited-by-mirror
Telegram: mash_donbass,czechia,3,credited-by-mirror
Telegram: mash_donbass,deutsch,66,credited-by-mirror
Telegram: mash_donbass,hungary,2,credited-by-mirror
Telegram: mash_donbass,poland,2,credited-by-mirror
Telegram: mash_donbass,romania,1,credited-by-mirror
Telegram: mash_donbass,slovakia,2,credited-by-mirror
Telegram: mash_gor,romania,1,credited-by-mirror
Telegram: mash_siberia,hungary,1,credited-by-mirror
Telegram: mash_siberia,moldova,2,credited-by-mirror
Telegram: mash_siberia,poland,13,credited-by-mirror
Telegram: mash_siberia,romania,2,credited-by-mirror
Telegram: mash_siberia,slovakia,1,credited-by-mirror
Telegram: mashkomnata,czechia,1,credited-by-mirror
Telegram: mashkomnata,deutsch,13,credited-by-mirror
Telegram: mashkomnata,hungary,1,credited-by-mirror
Telegram: mashkomnata,moldova,3,credited-by-mirror
Telegram: mashkomnata,poland,2,credited-by-mirror
Telegram: mashnasporte,deutsch,9,credited-by-mirror
Telegram: matveevkomment,hungary,1,credited-by-mirror
Telegram: maximgrigoryev,czechia,9,credited-by-mirror
Telegram: maximgrigoryev,deutsch,162,credited-by-mirror
Telegram: maximgrigoryev,hungary,20,credited-by-mirror
Telegram: maximgrigoryev,moldova,11,credited-by-mirror
Telegram: maximgrigoryev,poland,40,credited-by-mirror
Telegram: maximgrigoryev,romania,14,credited-by-mirror
Telegram: maximgrigoryev,slovakia,6,credited-by-mirror
Telegram: may_9_ru,hungary,1,credited-by-mirror
Telegram: may_9_ru,poland,3,credited-by-mirror
Telegram: may_9_ru,romania,1,credited-by-mirror
Telegram: may_9_ru,slovakia,2,credited-by-mirror
Telegram: mayday_7700,czechia,1,credited-by-mirror
Telegram: mayday_7700,deutsch,22,credited-by-mirror
Telegram: mayday_7700,hungary,1,credited-by-mirror
Telegram: mayday_7700,poland,13,credited-by-mirror
Telegram: mayday_7700,romania,2,credited-by-mirror
Telegram: mchs_official,czechia,2,credited-by-mirror
Telegram: mchs_official,deutsch,37,credited-by-mirror
Telegram: mchs_official,moldova,2,credited-by-mirror
Telegram: mchs_official,poland,10,credited-by-mirror
Telegram: mchs_official,romania,1,credited-by-mirror
Telegram: mcrepostworld,czechia,1,credited-by-mirror
Telegram: mcx_ru,moldova,4,credited-by-mirror
Telegram: mcx_ru,romania,1,credited-by-mirror
Telegram: md_krot,moldova,6399,credited-by-mirror
Telegram: mdprotest,moldova,393,credited-by-mirror
Telegram: mdprotest,romania,155,credited-by-mirror
Telegram: mdsputnikmd,moldova,20882,credited-by-mirror
Telegram: mdsputnikmd,romania,503,credited-by-mirror
Telegram: media_merkushev,hungary,1,credited-by-mirror
Telegram: media_merkushev,romania,1,credited-by-mirror
Telegram: media_merkushev,slovakia,1,credited-by-mirror
Telegram: mediamvd,czechia,2,credited-by-mirror
Telegram: mediamvd,deutsch,62,credited-by-mirror
Telegram: mediamvd,hungary,1,credited-by-mirror
Telegram: mediamvd,moldova,17,credited-by-mirror
Telegram: mediamvd,poland,19,credited-by-mirror
Telegram: mediamvd,romania,1,credited-by-mirror
Telegram: mediasrachi3,romania,1,credited-by-mirror
Telegram: mediatech,moldova,2,credited-by-mirror
Telegram: medvedev_note,deutsch,34,credited-by-mirror
Telegram: medvedev_note,hungary,2,credited-by-mirror
Telegram: medvedev_note,slovakia,1,credited-by-mirror
Telegram: medvedev_telegram,czechia,5,credited-by-mirror
Telegram: medvedev_telegram,deutsch,53,credited-by-mirror
Telegram: medvedev_telegram,hungary,5,credited-by-mirror
Telegram: medvedev_telegram,moldova,4,credited-by-mirror
Telegram: medvedev_telegram,poland,22,credited-by-mirror
Telegram: medvedev_telegram,romania,3,credited-by-mirror
Telegram: medvedev_telegram,slovakia,4,credited-by-mirror
Telegram: melian_dialog,poland,5,credited-by-mirror
Telegram: memeckask,czechia,12,credited-by-mirror
Telegram: memeckask,slovakia,19,credited-by-mirror
Telegram: memetic_narrations,poland,22,credited-by-mirror
Telegram: memetyka_pl,poland,13,credited-by-mirror
Telegram: mendeleevolympiad,hungary,2,credited-by-mirror
Telegram: merussiatg,deutsch,14,credited-by-mirror
Telegram: merussiatg,moldova,20,credited-by-mirror
Telegram: merussiatg,poland,3,credited-by-mirror
Telegram: merussiatg,romania,1,credited-by-mirror
Telegram: mesto_vstrechi_ntv,romania,1,credited-by-mirror
Telegram: met_26966,moldova,19,credited-by-mirror
Telegram: met_26966,romania,16,credited-by-mirror
Telegram: metapolitika,slovakia,1,credited-by-mirror
Telegram: mezhevichnikolay,hungary,1,credited-by-mirror
Telegram: mezyukho,czechia,3,credited-by-mirror
Telegram: mezyukho,deutsch,149,credited-by-mirror
Telegram: mezyukho,hungary,35,credited-by-mirror
Telegram: mezyukho,moldova,15,credited-by-mirror
Telegram: mezyukho,poland,41,credited-by-mirror
Telegram: mezyukho,romania,20,credited-by-mirror
Telegram: mezyukho,slovakia,14,credited-by-mirror
Telegram: michailmistal,poland,9,credited-by-mirror
Telegram: michalaganovska,slovakia,1,credited-by-mirror
Telegram: michalapetr,czechia,902,credited-by-mirror
Telegram: michalsharksvobodnykanal,czechia,33,credited-by-mirror
Telegram: michalsharksvobodnykanal,slovakia,1,credited-by-mirror
Telegram: michalzoldy,slovakia,291,credited-by-mirror
Telegram: michiQmichi,czechia,4,credited-by-mirror
Telegram: michiQmichi,slovakia,1,credited-by-mirror
Telegram: mig41,czechia,10,credited-by-mirror
Telegram: mig41,deutsch,246,credited-by-mirror
Telegram: mig41,hungary,90,credited-by-mirror
Telegram: mig41,moldova,28,credited-by-mirror
Telegram: mig41,poland,74,credited-by-mirror
Telegram: mig41,romania,16,credited-by-mirror
Telegram: mig41,slovakia,16,credited-by-mirror
Telegram: migrpost,romania,1,credited-by-mirror
Telegram: mihail_sovetskij,hungary,1,credited-by-mirror
Telegram: mihail_sovetskij,romania,1,credited-by-mirror
Telegram: mihail_sovetskij,slovakia,1,credited-by-mirror
Telegram: mihazank,hungary,4,credited-by-mirror
Telegram: mikayelbad,moldova,5,credited-by-mirror
Telegram: mikayelbad,romania,1,credited-by-mirror
Telegram: mikhael_slam,romania,1,credited-by-mirror
Telegram: mikhail_semyonov,moldova,2,credited-by-mirror
Telegram: milan_uhrik,slovakia,137,credited-by-mirror
Telegram: milankrajcacz,czechia,485,credited-by-mirror
Telegram: milanmazurek,slovakia,57,credited-by-mirror
Telegram: milchronicles,czechia,2,credited-by-mirror
Telegram: milchronicles,deutsch,85,credited-by-mirror
Telegram: milchronicles,hungary,1,credited-by-mirror
Telegram: milchronicles,moldova,3,credited-by-mirror
Telegram: milchronicles,poland,31,credited-by-mirror
Telegram: milchronicles,romania,5,credited-by-mirror
Telegram: milchronicles,slovakia,1,credited-by-mirror
Telegram: milinfolive,czechia,70,credited-by-mirror
Telegram: milinfolive,deutsch,1037,credited-by-mirror
Telegram: milinfolive,hungary,33,credited-by-mirror
Telegram: milinfolive,moldova,26,credited-by-mirror
Telegram: milinfolive,poland,278,credited-by-mirror
Telegram: milinfolive,romania,65,credited-by-mirror
Telegram: milinfolive,slovakia,24,credited-by-mirror
Telegram: milioptimist,deutsch,13,credited-by-mirror
Telegram: milioptimist,hungary,1,credited-by-mirror
Telegram: militarymaps,czechia,1,credited-by-mirror
Telegram: militarymaps,deutsch,20,credited-by-mirror
Telegram: militarymaps,moldova,4,credited-by-mirror
Telegram: militarymaps,poland,19,credited-by-mirror
Telegram: militarymaps,romania,2,credited-by-mirror
Telegram: militarymaps,slovakia,1,credited-by-mirror
Telegram: millettvcrimea,czechia,6,credited-by-mirror
Telegram: millettvcrimea,deutsch,73,credited-by-mirror
Telegram: millettvcrimea,hungary,1,credited-by-mirror
Telegram: millettvcrimea,moldova,26,credited-by-mirror
Telegram: millettvcrimea,poland,12,credited-by-mirror
Telegram: millettvcrimea,romania,2,credited-by-mirror
Telegram: mimisramova,czechia,11,credited-by-mirror
Telegram: mimisramova,slovakia,652,credited-by-mirror
Telegram: mimozanadaje,poland,21,credited-by-mirror
Telegram: mincultrussia,czechia,4,credited-by-mirror
Telegram: mincultrussia,deutsch,42,credited-by-mirror
Telegram: mincultrussia,hungary,7,credited-by-mirror
Telegram: mincultrussia,moldova,10,credited-by-mirror
Telegram: mincultrussia,poland,10,credited-by-mirror
Telegram: mincultrussia,romania,1,credited-by-mirror
Telegram: mincultrussia,slovakia,2,credited-by-mirror
Telegram: minec_russia,deutsch,26,credited-by-mirror
Telegram: minec_russia,hungary,3,credited-by-mirror
Telegram: minec_russia,slovakia,1,credited-by-mirror
Telegram: minfin,moldova,3,credited-by-mirror
Telegram: minjust_russia,czechia,1,credited-by-mirror
Telegram: minjust_russia,deutsch,11,credited-by-mirror
Telegram: minjust_russia,hungary,1,credited-by-mirror
Telegram: minjust_russia,moldova,5,credited-by-mirror
Telegram: minjust_russia,poland,2,credited-by-mirror
Telegram: minobrnaukiofficial,czechia,5,credited-by-mirror
Telegram: minobrnaukiofficial,deutsch,48,credited-by-mirror
Telegram: minobrnaukiofficial,hungary,8,credited-by-mirror
Telegram: minobrnaukiofficial,moldova,9,credited-by-mirror
Telegram: minobrnaukiofficial,poland,7,credited-by-mirror
Telegram: minobrnaukiofficial,romania,3,credited-by-mirror
Telegram: minobrnaukiofficial,slovakia,3,credited-by-mirror
Telegram: minpravda,hungary,2,credited-by-mirror
Telegram: minpromtorg_ru,moldova,2,credited-by-mirror
Telegram: minpromtorg_ru,poland,2,credited-by-mirror
Telegram: minprosrf,czechia,1,credited-by-mirror
Telegram: minprosrf,deutsch,24,credited-by-mirror
Telegram: minprosrf,hungary,4,credited-by-mirror
Telegram: minprosrf,moldova,24,credited-by-mirror
Telegram: minprosrf,poland,7,credited-by-mirror
Telegram: minprosrf,romania,4,credited-by-mirror
Telegram: minskctvby,romania,1,credited-by-mirror
Telegram: minsport_russia,czechia,1,credited-by-mirror
Telegram: minsport_russia,deutsch,14,credited-by-mirror
Telegram: minsport_russia,hungary,13,credited-by-mirror
Telegram: minsport_russia,moldova,25,credited-by-mirror
Telegram: minsport_russia,poland,6,credited-by-mirror
Telegram: minsport_russia,romania,4,credited-by-mirror
Telegram: minstroyrf,czechia,1,credited-by-mirror
Telegram: minstroyrf,deutsch,10,credited-by-mirror
Telegram: minstroyrf,hungary,2,credited-by-mirror
Telegram: minstroyrf,poland,2,credited-by-mirror
Telegram: mintrudrf,deutsch,11,credited-by-mirror
Telegram: mintrudrf,moldova,3,credited-by-mirror
Telegram: mintrudrf,poland,2,credited-by-mirror
Telegram: minvostok,moldova,2,credited-by-mirror
Telegram: minzdrav_ru,deutsch,38,credited-by-mirror
Telegram: minzdrav_ru,hungary,6,credited-by-mirror
Telegram: minzdrav_ru,moldova,4,credited-by-mirror
Telegram: minzdrav_ru,poland,5,credited-by-mirror
Telegram: minzdrav_ru,romania,1,credited-by-mirror
Telegram: mir24tv,moldova,17,credited-by-mirror
Telegram: mir_russkoi_mysli,romania,1,credited-by-mirror
Telegram: mirgagauzia,moldova,514,credited-by-mirror
Telegram: miroheredos,slovakia,70,credited-by-mirror
Telegram: miroilias,slovakia,1,credited-by-mirror
Telegram: miroshnik_r,czechia,16,credited-by-mirror
Telegram: miroshnik_r,deutsch,125,credited-by-mirror
Telegram: miroshnik_r,hungary,14,credited-by-mirror
Telegram: miroshnik_r,moldova,2,credited-by-mirror
Telegram: miroshnik_r,poland,49,credited-by-mirror
Telegram: miroshnik_r,romania,5,credited-by-mirror
Telegram: miroshnik_r,slovakia,5,credited-by-mirror
Telegram: miroslavkamensky,czechia,7,credited-by-mirror
Telegram: miroslavkamensky,slovakia,4922,credited-by-mirror
Telegram: miroslavsuja,slovakia,71,credited-by-mirror
Telegram: mk_ru,czechia,7,credited-by-mirror
Telegram: mk_ru,deutsch,168,credited-by-mirror
Telegram: mk_ru,hungary,31,credited-by-mirror
Telegram: mk_ru,moldova,15,credited-by-mirror
Telegram: mk_ru,poland,51,credited-by-mirror
Telegram: mk_ru,romania,11,credited-by-mirror
Telegram: mk_ru,slovakia,14,credited-by-mirror
Telegram: mkhusnullin,poland,7,credited-by-mirror
Telegram: mkill_pmr,moldova,72,credited-by-mirror
Telegram: mmdpravdakterabolicz,czechia,22,credited-by-mirror
Telegram: mnews_ru,poland,3,credited-by-mirror
Telegram: mod_russia,czechia,100,credited-by-mirror
Telegram: mod_russia,deutsch,708,credited-by-mirror
Telegram: mod_russia,hungary,28,credited-by-mirror
Telegram: mod_russia,moldova,132,credited-by-mirror
Telegram: mod_russia,poland,364,credited-by-mirror
Telegram: mod_russia,romania,37,credited-by-mirror
Telegram: mod_russia,slovakia,21,credited-by-mirror
Telegram: mol_noua,moldova,21,credited-by-mirror
Telegram: mold_politika,moldova,31,credited-by-mirror
Telegram: moldavskii_piston,moldova,2888,credited-by-mirror
Telegram: moldavskiyefir,moldova,24,credited-by-mirror
Telegram: moldjest,moldova,5,credited-by-mirror
Telegram: moldova_acum,moldova,10,credited-by-mirror
Telegram: moldova_alba,moldova,3,credited-by-mirror
Telegram: moldova_cenzura,moldova,4,credited-by-mirror
Telegram: moldova_first,moldova,24,credited-by-mirror
Telegram: moldova_first,romania,2,credited-by-mirror
Telegram: moldovacenter,moldova,36,credited-by-mirror
Telegram: moldovaelections,moldova,643,credited-by-mirror
Telegram: moldovaeterna,moldova,10,credited-by-mirror
Telegram: moldovaeterna,romania,1,credited-by-mirror
Telegram: moldovaexpress,moldova,4769,credited-by-mirror
Telegram: moldovalibera,moldova,5,credited-by-mirror
Telegram: moldovanews24,moldova,5,credited-by-mirror
Telegram: moldovarcnk,moldova,8,credited-by-mirror
Telegram: moldovatelegraph,moldova,54,credited-by-mirror
Telegram: moldovatelegraph,romania,12,credited-by-mirror
Telegram: molniyamoldovi,moldova,5,credited-by-mirror
Telegram: molotov_akhmat,czechia,1,credited-by-mirror
Telegram: molotov_akhmat,moldova,3,credited-by-mirror
Telegram: molotov_akhmat,romania,1,credited-by-mirror
Telegram: molva_news,moldova,42,credited-by-mirror
Telegram: monitor_strategiczny,poland,40,credited-by-mirror
Telegram: morarinews,moldova,49,credited-by-mirror
Telegram: morarinews,romania,4,credited-by-mirror
Telegram: morflot_gov,hungary,1,credited-by-mirror
Telegram: morflot_gov,moldova,2,credited-by-mirror
Telegram: moscow_laundry,hungary,1,credited-by-mirror
Telegram: moscow_laundry,slovakia,1,credited-by-mirror
Telegram: moscow_tass,slovakia,1,credited-by-mirror
Telegram: moscowtimes_ru,moldova,3,credited-by-mirror
Telegram: mosdoms,slovakia,1,credited-by-mirror
Telegram: mosgibdd77,poland,2,credited-by-mirror
Telegram: moskwa_life,slovakia,1,credited-by-mirror
Telegram: moyarossiyade,deutsch,126,credited-by-mirror
Telegram: moyseenkomoldovasegodnya,moldova,7,credited-by-mirror
Telegram: mr_buimistr,moldova,113,credited-by-mirror
Telegram: mriya24,moldova,15,credited-by-mirror
Telegram: msimonyan,hungary,1,credited-by-mirror
Telegram: msimonyan_literature,hungary,1,credited-by-mirror
Telegram: msk_live,moldova,2,credited-by-mirror
Telegram: mskriminalistov,slovakia,1,credited-by-mirror
Telegram: multi_XAM,poland,6,credited-by-mirror
Telegram: multipolar_news,deutsch,393,credited-by-mirror
Telegram: museumofvsu,czechia,1,credited-by-mirror
Telegram: muzeypobedy,deutsch,38,credited-by-mirror
Telegram: muzeypobedy,moldova,4,credited-by-mirror
Telegram: muzeypobedy,poland,2,credited-by-mirror
Telegram: muzeypobedy,romania,2,credited-by-mirror
Telegram: muzeypobedy,slovakia,1,credited-by-mirror
Telegram: mv6566,moldova,917,credited-by-mirror
Telegram: mv6566,romania,1,credited-by-mirror
Telegram: mv6566,slovakia,1,credited-by-mirror
Telegram: myachPRO,romania,1,credited-by-mirror
Telegram: mydonetsklive,poland,2,credited-by-mirror
Telegram: myslpolska,poland,3,credited-by-mirror
Telegram: mysly,moldova,10,credited-by-mirror
Telegram: nabludatels,moldova,2,credited-by-mirror
Telegram: nachhallvonhelgoland,deutsch,1079,credited-by-mirror
Telegram: naehavshie,moldova,18,credited-by-mirror
Telegram: namarshe,czechia,1,credited-by-mirror
Telegram: namarshe,deutsch,43,credited-by-mirror
Telegram: namarshe,hungary,1,credited-by-mirror
Telegram: namarshe,moldova,4,credited-by-mirror
Telegram: namarshe,poland,20,credited-by-mirror
Telegram: namarshe,romania,11,credited-by-mirror
Telegram: namarshe,slovakia,1,credited-by-mirror
Telegram: narodnakoalicia,slovakia,2,credited-by-mirror
Telegram: narodnyodboj,czechia,4,credited-by-mirror
Telegram: narodnyodboj,slovakia,760,credited-by-mirror
Telegram: nas_to_za_shoo,moldova,2,credited-by-mirror
Telegram: nash_prezident_putin,czechia,1,credited-by-mirror
Telegram: nashdonbass,czechia,1,credited-by-mirror
Telegram: nashdonbass,deutsch,11,credited-by-mirror
Telegram: nashdonbass,hungary,3,credited-by-mirror
Telegram: nashdonbass,poland,4,credited-by-mirror
Telegram: naspravdiinfo,czechia,41,credited-by-mirror
Telegram: naspravdiinfo,deutsch,433,credited-by-mirror
Telegram: naspravdiinfo,hungary,102,credited-by-mirror
Telegram: naspravdiinfo,moldova,49,credited-by-mirror
Telegram: naspravdiinfo,poland,271,credited-by-mirror
Telegram: naspravdiinfo,romania,51,credited-by-mirror
Telegram: naspravdiinfo,slovakia,53,credited-by-mirror
Telegram: nastrahy_prirody,czechia,4,credited-by-mirror
Telegram: nastrahy_prirody,slovakia,2,credited-by-mirror
Telegram: natatanshina,czechia,1,credited-by-mirror
Telegram: natatanshina,poland,3,credited-by-mirror
Telegram: nationalprojectsru,slovakia,1,credited-by-mirror
Telegram: nationconsunion,hungary,1,credited-by-mirror
Telegram: nationconsunion,romania,1,credited-by-mirror
Telegram: nationkurs,moldova,2,credited-by-mirror
Telegram: nato_rus,czechia,1,credited-by-mirror
Telegram: nato_rus,deutsch,55,credited-by-mirror
Telegram: nato_rus,hungary,1,credited-by-mirror
Telegram: nato_rus,poland,3,credited-by-mirror
Telegram: nato_rus,romania,1,credited-by-mirror
Telegram: naukapobezhdatZ,romania,3,credited-by-mirror
Telegram: naukowy_tg,poland,13,credited-by-mirror
Telegram: nciprussia,deutsch,16,credited-by-mirror
Telegram: nciprussia,hungary,2,credited-by-mirror
Telegram: nciprussia,romania,1,credited-by-mirror
Telegram: ndp_pl,poland,8800,credited-by-mirror
Telegram: neCT24,czechia,20720,credited-by-mirror
Telegram: neCT24,slovakia,18,credited-by-mirror
Telegram: ne_caxar_live,slovakia,1,credited-by-mirror
Telegram: ne_nado_blah_blah,moldova,26,credited-by-mirror
Telegram: ne_nado_blah_blah,romania,5,credited-by-mirror
Telegram: ne_rybar,czechia,1,credited-by-mirror
Telegram: necenzu,czechia,2,credited-by-mirror
Telegram: nechaev_official,romania,1,credited-by-mirror
Telegram: needleraw,romania,1,credited-by-mirror
Telegram: negumanitarnaya_pomosch_Z,czechia,1,credited-by-mirror
Telegram: negumanitarnaya_pomosch_Z,hungary,1,credited-by-mirror
Telegram: negumanitarnaya_pomosch_Z,slovakia,1,credited-by-mirror
Telegram: neinsider,czechia,3,credited-by-mirror
Telegram: neinsider,deutsch,24,credited-by-mirror
Telegram: neinsider,hungary,1,credited-by-mirror
Telegram: neinsider,poland,8,credited-by-mirror
Telegram: neinsider,romania,3,credited-by-mirror
Telegram: nelaliskova,slovakia,1,credited-by-mirror
Telegram: nemdnews,moldova,1765,credited-by-mirror
Telegram: nemeZ1da_ru,poland,2,credited-by-mirror
Telegram: nemeZ1da_ru,romania,2,credited-by-mirror
Telegram: nemogumolchati,moldova,16,credited-by-mirror
Telegram: neoficialniybezsonov,czechia,71,credited-by-mirror
Telegram: neoficialniybezsonov,deutsch,778,credited-by-mirror
Telegram: neoficialniybezsonov,hungary,213,credited-by-mirror
Telegram: neoficialniybezsonov,moldova,107,credited-by-mirror
Telegram: neoficialniybezsonov,poland,415,credited-by-mirror
Telegram: neoficialniybezsonov,romania,98,credited-by-mirror
Telegram: neoficialniybezsonov,slovakia,105,credited-by-mirror
Telegram: nepoucitelni,slovakia,1,credited-by-mirror
Telegram: nespime,czechia,4,credited-by-mirror
Telegram: nespime,slovakia,1,credited-by-mirror
Telegram: nesterovskiyblog,moldova,3,credited-by-mirror
Telegram: neueZeit2026,deutsch,189,credited-by-mirror
Telegram: neuesausrussland,deutsch,2022,credited-by-mirror
Telegram: neuigkeiten_de,deutsch,2977,credited-by-mirror
Telegram: neuranews,moldova,3,credited-by-mirror
Telegram: nevolf,czechia,1,credited-by-mirror
Telegram: nevolf,hungary,1,credited-by-mirror
Telegram: nevolf,moldova,10,credited-by-mirror
Telegram: nevolf,poland,23,credited-by-mirror
Telegram: nevolf,romania,1,credited-by-mirror
Telegram: new_militarycolumnist,czechia,39,credited-by-mirror
Telegram: new_militarycolumnist,deutsch,1595,credited-by-mirror
Telegram: new_militarycolumnist,hungary,115,credited-by-mirror
Telegram: new_militarycolumnist,moldova,58,credited-by-mirror
Telegram: new_militarycolumnist,poland,425,credited-by-mirror
Telegram: new_militarycolumnist,romania,123,credited-by-mirror
Telegram: new_militarycolumnist,slovakia,55,credited-by-mirror
Telegram: news1aktuell,deutsch,17,credited-by-mirror
Telegram: news22_extra,czechia,200,credited-by-mirror
Telegram: news_1tv,czechia,37,credited-by-mirror
Telegram: news_1tv,deutsch,462,credited-by-mirror
Telegram: news_1tv,hungary,171,credited-by-mirror
Telegram: news_1tv,moldova,141,credited-by-mirror
Telegram: news_1tv,poland,180,credited-by-mirror
Telegram: news_1tv,romania,58,credited-by-mirror
Telegram: news_1tv,slovakia,75,credited-by-mirror
Telegram: news_22_faraon,czechia,11255,credited-by-mirror
Telegram: news_aus_oesterreich,deutsch,97,credited-by-mirror
Telegram: news_forfree,czechia,6,credited-by-mirror
Telegram: news_forfree,deutsch,39,credited-by-mirror
Telegram: news_forfree,hungary,5,credited-by-mirror
Telegram: news_forfree,moldova,3,credited-by-mirror
Telegram: news_forfree,poland,12,credited-by-mirror
Telegram: news_forfree,romania,2,credited-by-mirror
Telegram: news_forfree,slovakia,5,credited-by-mirror
Telegram: news_kremlin,deutsch,12,credited-by-mirror
Telegram: news_kremlin,hungary,4,credited-by-mirror
Telegram: news_kremlin,moldova,3,credited-by-mirror
Telegram: news_kremlin,poland,2,credited-by-mirror
Telegram: news_kremlin,slovakia,8,credited-by-mirror
Telegram: news_kremlin_deu,deutsch,20,credited-by-mirror
Telegram: news_matchtv,hungary,2,credited-by-mirror
Telegram: newsfactory_pl,poland,10883,credited-by-mirror
Telegram: newsfrontnotes,czechia,46,credited-by-mirror
Telegram: newsfrontnotes,deutsch,703,credited-by-mirror
Telegram: newsfrontnotes,hungary,91,credited-by-mirror
Telegram: newsfrontnotes,moldova,66,credited-by-mirror
Telegram: newsfrontnotes,poland,291,credited-by-mirror
Telegram: newsfrontnotes,romania,46,credited-by-mirror
Telegram: newsfrontnotes,slovakia,47,credited-by-mirror
Telegram: newsmakerlive,moldova,11,credited-by-mirror
Telegram: newsmd112,moldova,17,credited-by-mirror
Telegram: newsmd24,moldova,4076,credited-by-mirror
Telegram: nichtmehralle,deutsch,37,credited-by-mirror
Telegram: niemeyeroffiziell,deutsch,11,credited-by-mirror
Telegram: nikastrizhak,romania,1,credited-by-mirror
Telegram: nikitabsg,czechia,1,credited-by-mirror
Telegram: nikitabsg,deutsch,29,credited-by-mirror
Telegram: nikitabsg,hungary,2,credited-by-mirror
Telegram: nikitabsg,poland,7,credited-by-mirror
Telegram: nikitabsg,romania,1,credited-by-mirror
Telegram: nikolaylishin,hungary,1,credited-by-mirror
Telegram: ninavatt90,moldova,120,credited-by-mirror
Telegram: ninavatt90,slovakia,1,credited-by-mirror
Telegram: nmakeeva,moldova,3,credited-by-mirror
Telegram: nmakeevaZ,moldova,6,credited-by-mirror
Telegram: nocommentsk,slovakia,7,credited-by-mirror
Telegram: node_of_time_DE,deutsch,11338,credited-by-mirror
Telegram: node_of_time_RUS,czechia,20,credited-by-mirror
Telegram: node_of_time_RUS,deutsch,479,credited-by-mirror
Telegram: node_of_time_RUS,hungary,56,credited-by-mirror
Telegram: node_of_time_RUS,moldova,15,credited-by-mirror
Telegram: node_of_time_RUS,poland,49,credited-by-mirror
Telegram: node_of_time_RUS,romania,13,credited-by-mirror
Telegram: node_of_time_RUS,slovakia,29,credited-by-mirror
Telegram: nonetutto,moldova,2,credited-by-mirror
Telegram: norinea,poland,3,credited-by-mirror
Telegram: norma_sport,hungary,1,credited-by-mirror
Telegram: norma_sport,moldova,2,credited-by-mirror
Telegram: nos_chanel,czechia,3,credited-by-mirror
Telegram: nos_chanel,deutsch,28,credited-by-mirror
Telegram: nos_chanel,hungary,3,credited-by-mirror
Telegram: nos_chanel,moldova,3,credited-by-mirror
Telegram: nos_chanel,poland,10,credited-by-mirror
Telegram: nos_chanel,romania,3,credited-by-mirror
Telegram: nos_chanel,slovakia,4,credited-by-mirror
Telegram: nosovichchannel,czechia,2,credited-by-mirror
Telegram: nosovichchannel,deutsch,8,credited-by-mirror
Telegram: nosovichchannel,hungary,2,credited-by-mirror
Telegram: nosovichchannel,moldova,25,credited-by-mirror
Telegram: nosovichchannel,poland,7,credited-by-mirror
Telegram: nosovichchannel,romania,4,credited-by-mirror
Telegram: nosovichchannel,slovakia,2,credited-by-mirror
Telegram: notes_veterans,czechia,3,credited-by-mirror
Telegram: notes_veterans,deutsch,269,credited-by-mirror
Telegram: notes_veterans,hungary,20,credited-by-mirror
Telegram: notes_veterans,moldova,31,credited-by-mirror
Telegram: notes_veterans,poland,65,credited-by-mirror
Telegram: notes_veterans,romania,18,credited-by-mirror
Telegram: notes_veterans,slovakia,15,credited-by-mirror
Telegram: novakelod,hungary,6,credited-by-mirror
Telegram: novoe_pokolenie_rs,slovakia,1,credited-by-mirror
Telegram: novorosinform,hungary,1,credited-by-mirror
Telegram: novosti_efir,deutsch,9,credited-by-mirror
Telegram: novosti_efir,moldova,4,credited-by-mirror
Telegram: novosti_efir,poland,2,credited-by-mirror
Telegram: novosti_kursk_voina,moldova,36,credited-by-mirror
Telegram: novosti_svo_russia,moldova,107,credited-by-mirror
Telegram: novosti_svo_russia,romania,1,credited-by-mirror
Telegram: novy_matrix_lm,slovakia,5,credited-by-mirror
Telegram: nowosti_news24,czechia,4,credited-by-mirror
Telegram: nowosti_news24,deutsch,18,credited-by-mirror
Telegram: nowosti_news24,hungary,3,credited-by-mirror
Telegram: nowosti_news24,moldova,3,credited-by-mirror
Telegram: nowosti_news24,poland,40,credited-by-mirror
Telegram: nowosti_news24,romania,5,credited-by-mirror
Telegram: nstarikov_video,hungary,1,credited-by-mirror
Telegram: nstarikovru,czechia,32,credited-by-mirror
Telegram: nstarikovru,deutsch,1034,credited-by-mirror
Telegram: nstarikovru,hungary,156,credited-by-mirror
Telegram: nstarikovru,moldova,123,credited-by-mirror
Telegram: nstarikovru,poland,292,credited-by-mirror
Telegram: nstarikovru,romania,95,credited-by-mirror
Telegram: nstarikovru,slovakia,51,credited-by-mirror
Telegram: ntvnews,czechia,49,credited-by-mirror
Telegram: ntvnews,deutsch,933,credited-by-mirror
Telegram: ntvnews,hungary,175,credited-by-mirror
Telegram: ntvnews,moldova,88,credited-by-mirror
Telegram: ntvnews,poland,276,credited-by-mirror
Telegram: ntvnews,romania,62,credited-by-mirror
Telegram: ntvnews,slovakia,93,credited-by-mirror
Telegram: ntvspb,czechia,1,credited-by-mirror
Telegram: ntvspb,poland,2,credited-by-mirror
Telegram: ntvweekly,czechia,4,credited-by-mirror
Telegram: ntvweekly,deutsch,95,credited-by-mirror
Telegram: ntvweekly,hungary,17,credited-by-mirror
Telegram: ntvweekly,poland,24,credited-by-mirror
Telegram: ntvweekly,romania,2,credited-by-mirror
Telegram: ntvweekly,slovakia,7,credited-by-mirror
Telegram: nucapb_pyc,hungary,1,credited-by-mirror
Telegram: nwsru,czechia,1,credited-by-mirror
Telegram: nwsru,deutsch,16,credited-by-mirror
Telegram: nwsru,hungary,3,credited-by-mirror
Telegram: nwsru,moldova,3,credited-by-mirror
Telegram: nwsru,poland,8,credited-by-mirror
Telegram: nwsru,romania,1,credited-by-mirror
Telegram: nwsru,slovakia,1,credited-by-mirror
Telegram: nymagazinromania,romania,6,credited-by-mirror
Telegram: o_andrey_tkachev,czechia,1,credited-by-mirror
Telegram: o_andrey_tkachev,poland,2,credited-by-mirror
Telegram: oboronka_channel,czechia,1,credited-by-mirror
Telegram: oboronka_channel,hungary,1,credited-by-mirror
Telegram: oboronka_channel,romania,3,credited-by-mirror
Telegram: oboronka_channel,slovakia,1,credited-by-mirror
Telegram: obrazbuduschego2,czechia,1,credited-by-mirror
Telegram: obrazbuduschego2,hungary,2,credited-by-mirror
Telegram: obrazbuduschego2,moldova,19,credited-by-mirror
Telegram: obrazbuduschego2,poland,9,credited-by-mirror
Telegram: obrazbuduschego2,romania,1,credited-by-mirror
Telegram: obrazbuduschego2,slovakia,2,credited-by-mirror
Telegram: observatorul,moldova,10,credited-by-mirror
Telegram: observatorul,romania,2,credited-by-mirror
Telegram: obshina_ru,czechia,1,credited-by-mirror
Telegram: obshina_ru,hungary,1,credited-by-mirror
Telegram: obshina_ru,romania,1,credited-by-mirror
Telegram: obshina_ru,slovakia,1,credited-by-mirror
Telegram: obstanovkalnr,deutsch,16,credited-by-mirror
Telegram: obyasnayemrf,czechia,1,credited-by-mirror
Telegram: obyasnayemrf,deutsch,48,credited-by-mirror
Telegram: obyasnayemrf,hungary,3,credited-by-mirror
Telegram: obyasnayemrf,moldova,27,credited-by-mirror
Telegram: obyasnayemrf,poland,13,credited-by-mirror
Telegram: obyasnayemrf,romania,3,credited-by-mirror
Telegram: obyasnayemrf,slovakia,5,credited-by-mirror
Telegram: octagonmedia,moldova,3,credited-by-mirror
Telegram: ocurillovcoch,slovakia,7,credited-by-mirror
Telegram: odessa_hero,hungary,2,credited-by-mirror
Telegram: odessa_hero,romania,1,credited-by-mirror
Telegram: odessa_infonews,moldova,3,credited-by-mirror
Telegram: odessa_infonews,romania,1,credited-by-mirror
Telegram: odessa_typical,moldova,5,credited-by-mirror
Telegram: odintov_md,moldova,2,credited-by-mirror
Telegram: odna_rodyna,moldova,3,credited-by-mirror
Telegram: official_vfp,hungary,1,credited-by-mirror
Telegram: ogon_media,poland,3,credited-by-mirror
Telegram: olamhazeh,czechia,1,credited-by-mirror
Telegram: olegcosih,moldova,10,credited-by-mirror
Telegram: olegcosih,romania,6,credited-by-mirror
Telegram: oleglurie,hungary,1,credited-by-mirror
Telegram: oleglurie,romania,1,credited-by-mirror
Telegram: olegmorozov0511,czechia,1,credited-by-mirror
Telegram: olegmorozov0511,romania,1,credited-by-mirror
Telegram: olegtsarov,czechia,175,credited-by-mirror
Telegram: olegtsarov,deutsch,1976,credited-by-mirror
Telegram: olegtsarov,hungary,601,credited-by-mirror
Telegram: olegtsarov,moldova,185,credited-by-mirror
Telegram: olegtsarov,poland,724,credited-by-mirror
Telegram: olegtsarov,romania,249,credited-by-mirror
Telegram: olegtsarov,slovakia,229,credited-by-mirror
Telegram: olegyasynsky,czechia,2,credited-by-mirror
Telegram: olegyasynsky,deutsch,12,credited-by-mirror
Telegram: olegyasynsky,hungary,3,credited-by-mirror
Telegram: olegyasynsky,moldova,2,credited-by-mirror
Telegram: olegyasynsky,poland,4,credited-by-mirror
Telegram: olegyasynsky,romania,2,credited-by-mirror
Telegram: olegyasynsky,slovakia,1,credited-by-mirror
Telegram: oleseastamate,romania,2,credited-by-mirror
Telegram: olga_b_lyubimova,czechia,2,credited-by-mirror
Telegram: olga_b_lyubimova,deutsch,11,credited-by-mirror
Telegram: olga_b_lyubimova,hungary,1,credited-by-mirror
Telegram: olga_b_lyubimova,moldova,2,credited-by-mirror
Telegram: olga_b_lyubimova,poland,5,credited-by-mirror
Telegram: olga_b_lyubimova,romania,2,credited-by-mirror
Telegram: olga_b_lyubimova,slovakia,1,credited-by-mirror
Telegram: olgavyazovskaya2014,czechia,1,credited-by-mirror
Telegram: olgavyazovskaya2014,poland,7,credited-by-mirror
Telegram: olgavyazovskaya2014,slovakia,1,credited-by-mirror
Telegram: oliverflesch,deutsch,14,credited-by-mirror
Telegram: oliverjanich,deutsch,27,credited-by-mirror
Telegram: olmoh72,poland,2,credited-by-mirror
Telegram: olpzs,slovakia,2,credited-by-mirror
Telegram: olympic_russia,czechia,2,credited-by-mirror
Telegram: olympic_russia,hungary,9,credited-by-mirror
Telegram: olympic_russia,moldova,4,credited-by-mirror
Telegram: olympic_russia,poland,7,credited-by-mirror
Telegram: olympic_russia,romania,5,credited-by-mirror
Telegram: olympic_russia,slovakia,2,credited-by-mirror
Telegram: ombudsmanrf,czechia,1,credited-by-mirror
Telegram: ombudsmanrf,deutsch,12,credited-by-mirror
Telegram: ombudsmanrf,poland,7,credited-by-mirror
Telegram: ombudsmanrf,slovakia,2,credited-by-mirror
Telegram: omulnostruionbulgac,moldova,5,credited-by-mirror
Telegram: omulnostruionbulgac,romania,3,credited-by-mirror
Telegram: onciu,moldova,81,credited-by-mirror
Telegram: onciu,romania,1119,credited-by-mirror
Telegram: ondutymd,moldova,135,credited-by-mirror
Telegram: onf_front,deutsch,13,credited-by-mirror
Telegram: onf_front,poland,2,credited-by-mirror
Telegram: onlinemd24,moldova,241,credited-by-mirror
Telegram: ontnews,moldova,2,credited-by-mirror
Telegram: ontnews,poland,4,credited-by-mirror
Telegram: ontnews,romania,1,credited-by-mirror
Telegram: openworldfoundation,slovakia,66,credited-by-mirror
Telegram: oper_goblin,poland,2,credited-by-mirror
Telegram: oper_goblin,slovakia,1,credited-by-mirror
Telegram: operline_ru,poland,4,credited-by-mirror
Telegram: opersvodki,czechia,18,credited-by-mirror
Telegram: opersvodki,deutsch,237,credited-by-mirror
Telegram: opersvodki,hungary,13,credited-by-mirror
Telegram: opersvodki,moldova,15,credited-by-mirror
Telegram: opersvodki,poland,66,credited-by-mirror
Telegram: opersvodki,romania,13,credited-by-mirror
Telegram: opersvodki,slovakia,8,credited-by-mirror
Telegram: oplotdvizh,czechia,12,credited-by-mirror
Telegram: oplotdvizh,deutsch,271,credited-by-mirror
Telegram: oplotdvizh,hungary,25,credited-by-mirror
Telegram: oplotdvizh,moldova,29,credited-by-mirror
Telegram: oplotdvizh,poland,91,credited-by-mirror
Telegram: oplotdvizh,romania,22,credited-by-mirror
Telegram: oplotdvizh,slovakia,17,credited-by-mirror
Telegram: oplottv,czechia,8,credited-by-mirror
Telegram: oplottv,deutsch,111,credited-by-mirror
Telegram: oplottv,hungary,9,credited-by-mirror
Telegram: oplottv,moldova,27,credited-by-mirror
Telegram: oplottv,poland,32,credited-by-mirror
Telegram: oplottv,romania,4,credited-by-mirror
Telegram: oplottv,slovakia,2,credited-by-mirror
Telegram: oprf_official,czechia,1,credited-by-mirror
Telegram: oprf_official,deutsch,79,credited-by-mirror
Telegram: oprf_official,hungary,3,credited-by-mirror
Telegram: oprf_official,moldova,17,credited-by-mirror
Telegram: oprf_official,poland,20,credited-by-mirror
Telegram: oprf_official,romania,3,credited-by-mirror
Telegram: optimistkavshtatskom,moldova,4,credited-by-mirror
Telegram: optimistkavshtatskom,poland,10,credited-by-mirror
Telegram: orda_mordora,poland,2,credited-by-mirror
Telegram: orda_mordora,romania,1,credited-by-mirror
Telegram: orhoresistanse,hungary,1,credited-by-mirror
Telegram: orionex2,czechia,3,credited-by-mirror
Telegram: oroszhaz,hungary,1,credited-by-mirror
Telegram: oroszhirek,hungary,12,credited-by-mirror
Telegram: oroszokazigazsagoldalan,hungary,38054,credited-by-mirror
Telegram: oroszspecialiskatonaihadmuvelet,hungary,7126,credited-by-mirror
Telegram: oskarrozsaofficial,slovakia,50,credited-by-mirror
Telegram: ostashkonews,czechia,385,credited-by-mirror
Telegram: ostashkonews,deutsch,6094,credited-by-mirror
Telegram: ostashkonews,hungary,1121,credited-by-mirror
Telegram: ostashkonews,moldova,623,credited-by-mirror
Telegram: ostashkonews,poland,2611,credited-by-mirror
Telegram: ostashkonews,romania,527,credited-by-mirror
Telegram: ostashkonews,slovakia,553,credited-by-mirror
Telegram: ostcapital,czechia,1,credited-by-mirror
Telegram: ostcapital,deutsch,33,credited-by-mirror
Telegram: ostcapital,hungary,6,credited-by-mirror
Telegram: ostcapital,moldova,6,credited-by-mirror
Telegram: ostcapital,poland,7,credited-by-mirror
Telegram: ostcapital,slovakia,2,credited-by-mirror
Telegram: osteuropakanal,deutsch,137,credited-by-mirror
Telegram: ostnews_faktencheck,deutsch,9101,credited-by-mirror
Telegram: osviceni,czechia,1,credited-by-mirror
Telegram: otec_nikita,romania,1,credited-by-mirror
Telegram: otevriociazacnimyslet,slovakia,20,credited-by-mirror
Telegram: otevrisvoumysl,czechia,6,credited-by-mirror
Telegram: otevrisvoumysl,slovakia,7,credited-by-mirror
Telegram: otlichno_md,moldova,6,credited-by-mirror
Telegram: otpervogolitsa,slovakia,56,credited-by-mirror
Telegram: otryadkovpaka,czechia,37,credited-by-mirror
Telegram: otryadkovpaka,deutsch,530,credited-by-mirror
Telegram: otryadkovpaka,hungary,127,credited-by-mirror
Telegram: otryadkovpaka,moldova,146,credited-by-mirror
Telegram: otryadkovpaka,poland,269,credited-by-mirror
Telegram: otryadkovpaka,romania,68,credited-by-mirror
Telegram: otryadkovpaka,slovakia,35,credited-by-mirror
Telegram: oversized_shirts,czechia,1,credited-by-mirror
Telegram: oversized_shirts,hungary,1,credited-by-mirror
Telegram: oversized_shirts,romania,1,credited-by-mirror
Telegram: oversized_shirts,slovakia,1,credited-by-mirror
Telegram: pacalasitindala,moldova,26,credited-by-mirror
Telegram: panchenkodi,deutsch,64,credited-by-mirror
Telegram: panchenkodi,hungary,6,credited-by-mirror
Telegram: panchenkodi,moldova,39,credited-by-mirror
Telegram: panchenkodi,poland,25,credited-by-mirror
Telegram: panchenkodi,romania,11,credited-by-mirror
Telegram: panchenkodi,slovakia,2,credited-by-mirror
Telegram: pandorapmr,moldova,9,credited-by-mirror
Telegram: pani_gornoskul,romania,1,credited-by-mirror
Telegram: pankalla,deutsch,9,credited-by-mirror
Telegram: papinoradio1076,slovakia,1,credited-by-mirror
Telegram: paralelne,czechia,10,credited-by-mirror
Telegram: paralelne,slovakia,1,credited-by-mirror
Telegram: partiarodinaofficial,czechia,1,credited-by-mirror
Telegram: partiarodinaofficial,slovakia,1,credited-by-mirror
Telegram: partigiano_bella_chao,czechia,1,credited-by-mirror
Telegram: pashatoday_new,moldova,2,credited-by-mirror
Telegram: patriot137,moldova,4,credited-by-mirror
Telegram: patriot137,romania,8,credited-by-mirror
Telegram: patriotymoldovy,moldova,2,credited-by-mirror
Telegram: paulapuskarova,slovakia,6,credited-by-mirror
Telegram: pavaliali,czechia,35,credited-by-mirror
Telegram: pavaliali,slovakia,4,credited-by-mirror
Telegram: pavel_kapusta1,czechia,1,credited-by-mirror
Telegram: pavel_kapusta1,slovakia,85,credited-by-mirror
Telegram: pavelkamas,czechia,2,credited-by-mirror
Telegram: pavelkamas,slovakia,20,credited-by-mirror
Telegram: pavlivm,hungary,1,credited-by-mirror
Telegram: pavucinanv,slovakia,7,credited-by-mirror
Telegram: paxterramusica,deutsch,71,credited-by-mirror
Telegram: pbesedin,deutsch,9,credited-by-mirror
Telegram: pbesedin,hungary,2,credited-by-mirror
Telegram: pbesedin,poland,3,credited-by-mirror
Telegram: pbesedin,slovakia,4,credited-by-mirror
Telegram: pbesedinreal,czechia,1,credited-by-mirror
Telegram: pbesedinreal,deutsch,16,credited-by-mirror
Telegram: pbesedinreal,hungary,4,credited-by-mirror
Telegram: pbesedinreal,moldova,2,credited-by-mirror
Telegram: pbesedinreal,poland,3,credited-by-mirror
Telegram: pbesedinreal,slovakia,3,credited-by-mirror
Telegram: pboehringer,deutsch,92,credited-by-mirror
Telegram: pdmnews,czechia,27,credited-by-mirror
Telegram: pdmnews,deutsch,259,credited-by-mirror
Telegram: pdmnews,hungary,42,credited-by-mirror
Telegram: pdmnews,moldova,39,credited-by-mirror
Telegram: pdmnews,poland,93,credited-by-mirror
Telegram: pdmnews,romania,16,credited-by-mirror
Telegram: pdmnews,slovakia,24,credited-by-mirror
Telegram: peach_blossombazi,moldova,4,credited-by-mirror
Telegram: pentrualegericinstite,moldova,4,credited-by-mirror
Telegram: peresidok,czechia,1,credited-by-mirror
Telegram: pervush1nb,czechia,1,credited-by-mirror
Telegram: pervush1nb,deutsch,74,credited-by-mirror
Telegram: pervush1nb,hungary,18,credited-by-mirror
Telegram: pervush1nb,moldova,9,credited-by-mirror
Telegram: pervush1nb,poland,17,credited-by-mirror
Telegram: pervush1nb,romania,7,credited-by-mirror
Telegram: pervush1nb,slovakia,2,credited-by-mirror
Telegram: pesets_podkralsya_neZametno,czechia,1,credited-by-mirror
Telegram: pesets_podkralsya_neZametno,hungary,1,credited-by-mirror
Telegram: pesets_podkralsya_neZametno,poland,4,credited-by-mirror
Telegram: pesets_podkralsya_neZametno,romania,1,credited-by-mirror
Telegram: pesets_podkralsya_neZametno,slovakia,1,credited-by-mirror
Telegram: peterchmelo,slovakia,1,credited-by-mirror
Telegram: peterkucharcik,slovakia,2,credited-by-mirror
Telegram: peterpcolinsky,slovakia,23,credited-by-mirror
Telegram: petr_tolstoy,czechia,1,credited-by-mirror
Telegram: petr_tolstoy,hungary,2,credited-by-mirror
Telegram: petr_tolstoy,poland,8,credited-by-mirror
Telegram: petr_tolstoy,romania,2,credited-by-mirror
Telegram: petr_tolstoy,slovakia,1,credited-by-mirror
Telegram: petragrebacova,slovakia,1,credited-by-mirror
Telegram: petraproksanova,czechia,4,credited-by-mirror
Telegram: petraredova,czechia,4,credited-by-mirror
Telegram: petraredova,slovakia,20,credited-by-mirror
Telegram: petrlundstrem,poland,6,credited-by-mirror
Telegram: petrusV82,moldova,2,credited-by-mirror
Telegram: petrusV82,poland,3,credited-by-mirror
Telegram: pezdicide,czechia,2,credited-by-mirror
Telegram: pezdicide,deutsch,32,credited-by-mirror
Telegram: pezdicide,hungary,2,credited-by-mirror
Telegram: pezdicide,moldova,23,credited-by-mirror
Telegram: pezdicide,poland,21,credited-by-mirror
Telegram: pezdicide,romania,11,credited-by-mirror
Telegram: pezdicide,slovakia,2,credited-by-mirror
Telegram: picnicelena,moldova,6,credited-by-mirror
Telegram: pikta1,poland,2,credited-by-mirror
Telegram: pintofmind,deutsch,19,credited-by-mirror
Telegram: pintofmind,hungary,2,credited-by-mirror
Telegram: pintofmind,moldova,2,credited-by-mirror
Telegram: pintofmind,poland,11,credited-by-mirror
Telegram: pintofmind,romania,5,credited-by-mirror
Telegram: pintofmind,slovakia,1,credited-by-mirror
Telegram: piotrpanasiuk,poland,4104,credited-by-mirror
Telegram: piranablog,slovakia,1,credited-by-mirror
Telegram: piranyaz,hungary,1,credited-by-mirror
Telegram: piranyaz,romania,1,credited-by-mirror
Telegram: piranyaz,slovakia,1,credited-by-mirror
Telegram: pl_syrenka,czechia,2,credited-by-mirror
Telegram: pl_syrenka,deutsch,19,credited-by-mirror
Telegram: pl_syrenka,hungary,2,credited-by-mirror
Telegram: pl_syrenka,poland,1941,credited-by-mirror
Telegram: pl_syrenka,romania,1,credited-by-mirror
Telegram: pl_syrenka,slovakia,1,credited-by-mirror
Telegram: plan2030,czechia,1,credited-by-mirror
Telegram: plan2030,hungary,2,credited-by-mirror
Telegram: plan2030,slovakia,2,credited-by-mirror
Telegram: playcivilization,poland,2,credited-by-mirror
Telegram: playcivilization,romania,1,credited-by-mirror
Telegram: pldm2007,moldova,37,credited-by-mirror
Telegram: pldm2007,romania,5,credited-by-mirror
Telegram: plusjedendensk,slovakia,22,credited-by-mirror
Telegram: plutovstvo007,moldova,6,credited-by-mirror
Telegram: po_ostree,moldova,2,credited-by-mirror
Telegram: pobediteli_1945,czechia,1,credited-by-mirror
Telegram: pobediteli_1945,hungary,1,credited-by-mirror
Telegram: pobediteli_1945,romania,1,credited-by-mirror
Telegram: podcast_ukrainaru,hungary,1,credited-by-mirror
Telegram: podslushano_md,moldova,15,credited-by-mirror
Telegram: podtatranskykurier,slovakia,16,credited-by-mirror
Telegram: poems1914,hungary,1,credited-by-mirror
Telegram: poimenno,poland,3,credited-by-mirror
Telegram: poiskinfy,moldova,61,credited-by-mirror
Telegram: poland_mm,poland,3,credited-by-mirror
Telegram: poleanschi,moldova,21,credited-by-mirror
Telegram: poleanschi,romania,12,credited-by-mirror
Telegram: polianalitika,moldova,4,credited-by-mirror
Telegram: polit_inform,hungary,2,credited-by-mirror
Telegram: polit_inform,slovakia,1,credited-by-mirror
Telegram: politadequate,deutsch,13,credited-by-mirror
Telegram: politadequate,hungary,2,credited-by-mirror
Telegram: politadequate,poland,6,credited-by-mirror
Telegram: politadequate,romania,1,credited-by-mirror
Telegram: politadequate,slovakia,1,credited-by-mirror
Telegram: politdzjudo,poland,5,credited-by-mirror
Telegram: politdzjudo,romania,1,credited-by-mirror
Telegram: politic0n,romania,1,credited-by-mirror
Telegram: politickesvine,czechia,1,credited-by-mirror
Telegram: politickesvine,slovakia,1,credited-by-mirror
Telegram: politik_fuer_blondinen,deutsch,491,credited-by-mirror
Telegram: politikazdravie,slovakia,1,credited-by-mirror
Telegram: politjoystic,czechia,9,credited-by-mirror
Telegram: politjoystic,deutsch,364,credited-by-mirror
Telegram: politjoystic,hungary,70,credited-by-mirror
Telegram: politjoystic,moldova,32,credited-by-mirror
Telegram: politjoystic,poland,58,credited-by-mirror
Telegram: politjoystic,romania,16,credited-by-mirror
Telegram: politjoystic,slovakia,17,credited-by-mirror
Telegram: politrussiacom,deutsch,52,credited-by-mirror
Telegram: politrussiacom,hungary,21,credited-by-mirror
Telegram: politrussiacom,moldova,19,credited-by-mirror
Telegram: politrussiacom,poland,13,credited-by-mirror
Telegram: politrussiacom,romania,3,credited-by-mirror
Telegram: politrussiacom,slovakia,8,credited-by-mirror
Telegram: polk_1430,hungary,1,credited-by-mirror
Telegram: polkovnikKurtz,moldova,8,credited-by-mirror
Telegram: polpred_dfo,czechia,1,credited-by-mirror
Telegram: polskirezident,poland,59,credited-by-mirror
Telegram: ponomarb1,moldova,66,credited-by-mirror
Telegram: popeacedealki_fm,czechia,1,credited-by-mirror
Telegram: popeacedealki_fm,deutsch,22,credited-by-mirror
Telegram: popeacedealki_fm,hungary,7,credited-by-mirror
Telegram: popeacedealki_fm,poland,37,credited-by-mirror
Telegram: popeacedealki_fm,romania,1,credited-by-mirror
Telegram: popeacedealki_fm,slovakia,1,credited-by-mirror
Telegram: poptatiana,hungary,1,credited-by-mirror
Telegram: portalbadatel,czechia,14,credited-by-mirror
Telegram: portalbadatel,slovakia,7,credited-by-mirror
Telegram: portalmarker,slovakia,980,credited-by-mirror
Telegram: posolstvoRF,moldova,3,credited-by-mirror
Telegram: postamerica,deutsch,8,credited-by-mirror
Telegram: postamerica,poland,3,credited-by-mirror
Telegram: postamerica,romania,1,credited-by-mirror
Telegram: postamerica,slovakia,1,credited-by-mirror
Telegram: potapov_npp,czechia,1,credited-by-mirror
Telegram: povest_let,czechia,1,credited-by-mirror
Telegram: povest_let,hungary,1,credited-by-mirror
Telegram: povest_let,poland,3,credited-by-mirror
Telegram: pozorovat,czechia,3,credited-by-mirror
Telegram: pozorovat,slovakia,2083,credited-by-mirror
Telegram: ppmoldovamare,moldova,5,credited-by-mirror
Telegram: ppolyglot,poland,2,credited-by-mirror
Telegram: pravdadecom,deutsch,45,credited-by-mirror
Telegram: pravdakterabolicz,czechia,2,credited-by-mirror
Telegram: pravdaplcom,poland,89,credited-by-mirror
Telegram: pravdaserm,czechia,1,credited-by-mirror
Telegram: pravdavzdyvitazi,czechia,1,credited-by-mirror
Telegram: pravdavzdyvitazi,slovakia,4417,credited-by-mirror
Telegram: pravdist,czechia,1,credited-by-mirror
Telegram: pravdist,moldova,3,credited-by-mirror
Telegram: pravdist,poland,3,credited-by-mirror
Telegram: pravdist,romania,1,credited-by-mirror
Telegram: pravednyi_vyser,czechia,1,credited-by-mirror
Telegram: pravmolmir,moldova,5,credited-by-mirror
Telegram: pravonapravdusk,slovakia,9,credited-by-mirror
Telegram: pravoslavnayaMoldova,moldova,5,credited-by-mirror
Telegram: pravosukr,deutsch,10,credited-by-mirror
Telegram: pravosukr,moldova,4,credited-by-mirror
Telegram: pravosukr,romania,1,credited-by-mirror
Telegram: prbezposhady,czechia,1,credited-by-mirror
Telegram: prbezposhady,hungary,1,credited-by-mirror
Telegram: prbezposhady,poland,3,credited-by-mirror
Telegram: prbezposhady,romania,1,credited-by-mirror
Telegram: prbezposhady,slovakia,1,credited-by-mirror
Telegram: prchand,deutsch,11,credited-by-mirror
Telegram: prchand,hungary,1,credited-by-mirror
Telegram: prchand,moldova,3,credited-by-mirror
Telegram: preemnik,hungary,1,credited-by-mirror
Telegram: preemnik,moldova,5,credited-by-mirror
Telegram: preemnik,romania,1,credited-by-mirror
Telegram: presedinta_md,moldova,5,credited-by-mirror
Telegram: pressria,hungary,1,credited-by-mirror
Telegram: pridnestrovec,moldova,3253,credited-by-mirror
Telegram: pridybaylo_k,moldova,126,credited-by-mirror
Telegram: pridybaylo_k,poland,3,credited-by-mirror
Telegram: priliudno,moldova,85,credited-by-mirror
Telegram: prim_rbc,czechia,1,credited-by-mirror
Telegram: prim_rbc,poland,7,credited-by-mirror
Telegram: prima_sursa_md,moldova,12,credited-by-mirror
Telegram: prima_sursa_md,romania,4,credited-by-mirror
Telegram: prime1,czechia,11,credited-by-mirror
Telegram: prime1,deutsch,158,credited-by-mirror
Telegram: prime1,hungary,80,credited-by-mirror
Telegram: prime1,moldova,24,credited-by-mirror
Telegram: prime1,poland,34,credited-by-mirror
Telegram: prime1,romania,14,credited-by-mirror
Telegram: prime1,slovakia,22,credited-by-mirror
Telegram: primulinmd,moldova,1635,credited-by-mirror
Telegram: prinasame_nadej,slovakia,5,credited-by-mirror
Telegram: prlib,slovakia,1,credited-by-mirror
Telegram: pro_wcc,slovakia,3,credited-by-mirror
Telegram: programmer_humor,poland,4,credited-by-mirror
Telegram: promoldova2020,moldova,7,credited-by-mirror
Telegram: proofzzz,moldova,65,credited-by-mirror
Telegram: proofzzz,poland,2,credited-by-mirror
Telegram: proofzzz,romania,1,credited-by-mirror
Telegram: protestySR,slovakia,2,credited-by-mirror
Telegram: protiproudpetrahajka,czechia,207,credited-by-mirror
Telegram: protiproudpetrahajka,slovakia,6,credited-by-mirror
Telegram: provod,moldova,7,credited-by-mirror
Telegram: psevdomirotvotsy,moldova,10,credited-by-mirror
Telegram: psrmmd,moldova,78,credited-by-mirror
Telegram: psteszt,hungary,3,credited-by-mirror
Telegram: psy_parafin,moldova,5,credited-by-mirror
Telegram: public0pinion,hungary,1,credited-by-mirror
Telegram: public0pinion,slovakia,1,credited-by-mirror
Telegram: puchoviny,czechia,14,credited-by-mirror
Telegram: puchoviny,slovakia,34259,credited-by-mirror
Telegram: pukasz444,poland,248,credited-by-mirror
Telegram: pul_1,moldova,8,credited-by-mirror
Telegram: puma_osint,czechia,7396,credited-by-mirror
Telegram: puma_osint,slovakia,5,credited-by-mirror
Telegram: punctummd,moldova,3,credited-by-mirror
Telegram: pushilindenis,poland,3,credited-by-mirror
Telegram: puterea4,moldova,2,credited-by-mirror
Telegram: puterea4,romania,2,credited-by-mirror
Telegram: putin_fanclub,deutsch,1656,credited-by-mirror
Telegram: putin_life,slovakia,5,credited-by-mirror
Telegram: pzdcofficial,poland,3,credited-by-mirror
Telegram: qlobal_change,deutsch,16,credited-by-mirror
Telegram: r_linuxmemes,poland,3,credited-by-mirror
Telegram: r_mapporn,poland,6,credited-by-mirror
Telegram: rabbitresearch,deutsch,21,credited-by-mirror
Telegram: rabotaetlim,slovakia,1,credited-by-mirror
Telegram: racionaliselet,hungary,7,credited-by-mirror
Telegram: racumd,moldova,15,credited-by-mirror
Telegram: racumd,romania,56,credited-by-mirror
Telegram: radio22dc,slovakia,1,credited-by-mirror
Telegram: radioKompasHLS,slovakia,3,credited-by-mirror
Telegram: radio_sputnik,czechia,44,credited-by-mirror
Telegram: radio_sputnik,deutsch,958,credited-by-mirror
Telegram: radio_sputnik,hungary,261,credited-by-mirror
Telegram: radio_sputnik,moldova,226,credited-by-mirror
Telegram: radio_sputnik,poland,351,credited-by-mirror
Telegram: radio_sputnik,romania,98,credited-by-mirror
Telegram: radio_sputnik,slovakia,80,credited-by-mirror
Telegram: radiobialorus,poland,4395,credited-by-mirror
Telegram: radiocrimea,deutsch,18,credited-by-mirror
Telegram: radiocrimea,poland,7,credited-by-mirror
Telegram: radiogovoritmsk,czechia,1,credited-by-mirror
Telegram: radiogovoritmsk,deutsch,12,credited-by-mirror
Telegram: radiogovoritmsk,hungary,4,credited-by-mirror
Telegram: radiogovoritmsk,moldova,4,credited-by-mirror
Telegram: radiogovoritmsk,poland,5,credited-by-mirror
Telegram: radiogovoritmsk,romania,1,credited-by-mirror
Telegram: radiogovoritmsk,slovakia,1,credited-by-mirror
Telegram: radiokp,czechia,1,credited-by-mirror
Telegram: radiokp,deutsch,42,credited-by-mirror
Telegram: radiokp,hungary,4,credited-by-mirror
Telegram: radiokp,moldova,5,credited-by-mirror
Telegram: radiokp,poland,5,credited-by-mirror
Telegram: radiokp,romania,1,credited-by-mirror
Telegram: radiokp,slovakia,4,credited-by-mirror
Telegram: radiomirby,moldova,4,credited-by-mirror
Telegram: radiorossii,deutsch,10,credited-by-mirror
Telegram: radiorossii,poland,3,credited-by-mirror
Telegram: radiorossii,romania,1,credited-by-mirror
Telegram: radiosvoboda,hungary,1,credited-by-mirror
Telegram: radiozvezda,deutsch,9,credited-by-mirror
Telegram: radiozvezda,hungary,1,credited-by-mirror
Telegram: radiozvezda,romania,1,credited-by-mirror
Telegram: radumarian,moldova,14,credited-by-mirror
Telegram: radumarian,romania,1,credited-by-mirror
Telegram: rainerrothfuss,deutsch,122,credited-by-mirror
Telegram: ramzayiegokomanda,czechia,17,credited-by-mirror
Telegram: ramzayiegokomanda,deutsch,437,credited-by-mirror
Telegram: ramzayiegokomanda,hungary,48,credited-by-mirror
Telegram: ramzayiegokomanda,moldova,29,credited-by-mirror
Telegram: ramzayiegokomanda,poland,131,credited-by-mirror
Telegram: ramzayiegokomanda,romania,42,credited-by-mirror
Telegram: ramzayiegokomanda,slovakia,15,credited-by-mirror
Telegram: ranonora,moldova,6,credited-by-mirror
Telegram: rapotamol,czechia,1,credited-by-mirror
Telegram: raptortvlive,czechia,6,credited-by-mirror
Telegram: razin_ZOV,czechia,1,credited-by-mirror
Telegram: razin_ZOV,deutsch,82,credited-by-mirror
Telegram: razin_ZOV,hungary,1,credited-by-mirror
Telegram: razin_ZOV,moldova,4,credited-by-mirror
Telegram: razin_ZOV,poland,5,credited-by-mirror
Telegram: razin_ZOV,romania,5,credited-by-mirror
Telegram: razin_ZOV,slovakia,2,credited-by-mirror
Telegram: razved_dozor,poland,2,credited-by-mirror
Telegram: razvozhaev,czechia,1,credited-by-mirror
Telegram: razvozhaev,deutsch,106,credited-by-mirror
Telegram: razvozhaev,hungary,3,credited-by-mirror
Telegram: razvozhaev,moldova,40,credited-by-mirror
Telegram: razvozhaev,poland,18,credited-by-mirror
Telegram: razvozhaev,romania,2,credited-by-mirror
Telegram: razvozhaev,slovakia,1,credited-by-mirror
Telegram: rbc_news,czechia,18,credited-by-mirror
Telegram: rbc_news,deutsch,394,credited-by-mirror
Telegram: rbc_news,hungary,75,credited-by-mirror
Telegram: rbc_news,moldova,49,credited-by-mirror
Telegram: rbc_news,poland,126,credited-by-mirror
Telegram: rbc_news,romania,33,credited-by-mirror
Telegram: rbc_news,slovakia,44,credited-by-mirror
Telegram: rbc_sport,czechia,72,credited-by-mirror
Telegram: rbc_sport,deutsch,301,credited-by-mirror
Telegram: rbc_sport,hungary,72,credited-by-mirror
Telegram: rbc_sport,moldova,15,credited-by-mirror
Telegram: rbc_sport,poland,78,credited-by-mirror
Telegram: rbc_sport,romania,49,credited-by-mirror
Telegram: rbc_sport,slovakia,26,credited-by-mirror
Telegram: rbc_wine,czechia,1,credited-by-mirror
Telegram: rbc_wine,deutsch,8,credited-by-mirror
Telegram: rbc_wine,hungary,1,credited-by-mirror
Telegram: rbcbelgrad,slovakia,1,credited-by-mirror
Telegram: rbcstyle,hungary,1,credited-by-mirror
Telegram: rbth_deu,deutsch,8,credited-by-mirror
Telegram: rbtshki,romania,1,credited-by-mirror
Telegram: rddm_official,slovakia,1,credited-by-mirror
Telegram: reactionkatyusha,deutsch,8,credited-by-mirror
Telegram: reactionkatyusha,hungary,1,credited-by-mirror
Telegram: read_kostylev,poland,2,credited-by-mirror
Telegram: readovkanews,czechia,79,credited-by-mirror
Telegram: readovkanews,deutsch,940,credited-by-mirror
Telegram: readovkanews,hungary,145,credited-by-mirror
Telegram: readovkanews,moldova,148,credited-by-mirror
Telegram: readovkanews,poland,393,credited-by-mirror
Telegram: readovkanews,romania,73,credited-by-mirror
Telegram: readovkanews,slovakia,76,credited-by-mirror
Telegram: readovkaru,czechia,15,credited-by-mirror
Telegram: readovkaru,deutsch,197,credited-by-mirror
Telegram: readovkaru,hungary,13,credited-by-mirror
Telegram: readovkaru,moldova,6,credited-by-mirror
Telegram: readovkaru,poland,83,credited-by-mirror
Telegram: readovkaru,romania,15,credited-by-mirror
Telegram: readovkaru,slovakia,14,credited-by-mirror
Telegram: realfikisulik,slovakia,1,credited-by-mirror
Telegram: realitateamd,moldova,29,credited-by-mirror
Telegram: realitateamd,romania,6,credited-by-mirror
Telegram: realpollitik,czechia,3,credited-by-mirror
Telegram: realpollitik,deutsch,17,credited-by-mirror
Telegram: realpollitik,hungary,7,credited-by-mirror
Telegram: realpollitik,moldova,3,credited-by-mirror
Telegram: realpollitik,poland,9,credited-by-mirror
Telegram: realpollitik,romania,6,credited-by-mirror
Telegram: realpollitik,slovakia,7,credited-by-mirror
Telegram: realprilepin,czechia,1,credited-by-mirror
Telegram: realprilepin,hungary,1,credited-by-mirror
Telegram: realprilepin,moldova,3,credited-by-mirror
Telegram: realprilepin,poland,5,credited-by-mirror
Telegram: realprilepin,romania,1,credited-by-mirror
Telegram: realty_rbc,poland,2,credited-by-mirror
Telegram: rebeka_riabova,slovakia,55,credited-by-mirror
Telegram: redRsChannel,hungary,5,credited-by-mirror
Telegram: red_war_machine,czechia,1,credited-by-mirror
Telegram: red_wolf_says,czechia,2,credited-by-mirror
Telegram: red_wolf_says,hungary,2,credited-by-mirror
Telegram: redactorme,deutsch,12,credited-by-mirror
Telegram: redeurasia,czechia,1,credited-by-mirror
Telegram: redeurasia,hungary,2,credited-by-mirror
Telegram: redeurasia,romania,1,credited-by-mirror
Telegram: redflagmol,moldova,14,credited-by-mirror
Telegram: reduxx,hungary,3,credited-by-mirror
Telegram: reduxx,moldova,3,credited-by-mirror
Telegram: reduxx,poland,3,credited-by-mirror
Telegram: reduxx,romania,1,credited-by-mirror
Telegram: regnum_na,czechia,2,credited-by-mirror
Telegram: regnum_na,deutsch,16,credited-by-mirror
Telegram: regnum_na,hungary,2,credited-by-mirror
Telegram: regnum_na,poland,4,credited-by-mirror
Telegram: regnum_na,romania,1,credited-by-mirror
Telegram: relocationru,poland,2,credited-by-mirror
Telegram: remeslaw,romania,1,credited-by-mirror
Telegram: renata_lepsi_svet_bez_lzi,czechia,2,credited-by-mirror
Telegram: rentv_news,czechia,69,credited-by-mirror
Telegram: rentv_news,deutsch,1036,credited-by-mirror
Telegram: rentv_news,hungary,112,credited-by-mirror
Telegram: rentv_news,moldova,202,credited-by-mirror
Telegram: rentv_news,poland,355,credited-by-mirror
Telegram: rentv_news,romania,66,credited-by-mirror
Telegram: rentv_news,slovakia,61,credited-by-mirror
Telegram: report24news,deutsch,10,credited-by-mirror
Telegram: reporter_shturmovik,czechia,1,credited-by-mirror
Telegram: reporter_shturmovik,deutsch,27,credited-by-mirror
Telegram: reporter_shturmovik,moldova,5,credited-by-mirror
Telegram: reporter_shturmovik,poland,11,credited-by-mirror
Telegram: reporter_shturmovik,romania,1,credited-by-mirror
Telegram: reporters_channel,moldova,16,credited-by-mirror
Telegram: reporters_channel,romania,7,credited-by-mirror
Telegram: republikaofficial,slovakia,2,credited-by-mirror
Telegram: resetheus,czechia,1,credited-by-mirror
Telegram: respectmoldova,moldova,2,credited-by-mirror
Telegram: respectmoldova,romania,1,credited-by-mirror
Telegram: reverse_ua,czechia,1,credited-by-mirror
Telegram: reverse_ua,hungary,2,credited-by-mirror
Telegram: revoluciajesloboda,slovakia,1,credited-by-mirror
Telegram: revoluciapravda,slovakia,1,credited-by-mirror
Telegram: rezervsvo,moldova,5,credited-by-mirror
Telegram: rezident_ua,czechia,19,credited-by-mirror
Telegram: rezident_ua,deutsch,46,credited-by-mirror
Telegram: rezident_ua,hungary,19,credited-by-mirror
Telegram: rezident_ua,moldova,19,credited-by-mirror
Telegram: rezident_ua,poland,41,credited-by-mirror
Telegram: rezident_ua,romania,19,credited-by-mirror
Telegram: rezident_ua,slovakia,19,credited-by-mirror
Telegram: rf_history,romania,1,credited-by-mirror
Telegram: rfembassykz,deutsch,10,credited-by-mirror
Telegram: rfembassykz,hungary,3,credited-by-mirror
Telegram: rfembassykz,poland,5,credited-by-mirror
Telegram: rfembassykz,romania,2,credited-by-mirror
Telegram: rgrunews,czechia,1,credited-by-mirror
Telegram: rgrunews,hungary,2,credited-by-mirror
Telegram: rgrunews,moldova,4,credited-by-mirror
Telegram: rgrunews,poland,2,credited-by-mirror
Telegram: rgrunews,romania,2,credited-by-mirror
Telegram: rgrunews,slovakia,2,credited-by-mirror
Telegram: riadprz,czechia,3,credited-by-mirror
Telegram: riadprz,deutsch,16,credited-by-mirror
Telegram: riadprz,hungary,1,credited-by-mirror
Telegram: riadprz,poland,9,credited-by-mirror
Telegram: riadprz,slovakia,1,credited-by-mirror
Telegram: riakatysha,czechia,2,credited-by-mirror
Telegram: riakatysha,deutsch,30,credited-by-mirror
Telegram: riakatysha,hungary,3,credited-by-mirror
Telegram: riakatysha,moldova,3,credited-by-mirror
Telegram: riakatysha,poland,14,credited-by-mirror
Telegram: riakatysha,romania,3,credited-by-mirror
Telegram: riakatysha,slovakia,4,credited-by-mirror
Telegram: rian_crimea,czechia,5,credited-by-mirror
Telegram: rian_crimea,deutsch,441,credited-by-mirror
Telegram: rian_crimea,hungary,31,credited-by-mirror
Telegram: rian_crimea,moldova,50,credited-by-mirror
Telegram: rian_crimea,poland,98,credited-by-mirror
Telegram: rian_crimea,romania,20,credited-by-mirror
Telegram: rian_crimea,slovakia,12,credited-by-mirror
Telegram: rian_de,deutsch,30,credited-by-mirror
Telegram: rian_ru,czechia,92,credited-by-mirror
Telegram: rian_ru,deutsch,1953,credited-by-mirror
Telegram: rian_ru,hungary,486,credited-by-mirror
Telegram: rian_ru,moldova,629,credited-by-mirror
Telegram: rian_ru,poland,715,credited-by-mirror
Telegram: rian_ru,romania,194,credited-by-mirror
Telegram: rian_ru,slovakia,178,credited-by-mirror
Telegram: richardkristofovicrkx,slovakia,6,credited-by-mirror
Telegram: richardtakac,slovakia,7,credited-by-mirror
Telegram: richislovakia,slovakia,1,credited-by-mirror
Telegram: righthistory,hungary,1,credited-by-mirror
Telegram: righthistory,poland,7,credited-by-mirror
Telegram: rkn_tg,deutsch,10,credited-by-mirror
Telegram: rlwgovru,poland,4,credited-by-mirror
Telegram: rlz_the_kraken,deutsch,15,credited-by-mirror
Telegram: rlz_the_kraken,hungary,3,credited-by-mirror
Telegram: rlz_the_kraken,moldova,115,credited-by-mirror
Telegram: rlz_the_kraken,poland,10,credited-by-mirror
Telegram: rlz_the_kraken,romania,3,credited-by-mirror
Telegram: rlz_the_kraken,slovakia,1,credited-by-mirror
Telegram: rmartiska,slovakia,42,credited-by-mirror
Telegram: robert_merva,czechia,1,credited-by-mirror
Telegram: robertfarle,deutsch,50,credited-by-mirror
Telegram: robinmg,slovakia,1,credited-by-mirror
Telegram: robopappzivyclovek,slovakia,1,credited-by-mirror
Telegram: rodina_mama,moldova,24,credited-by-mirror
Telegram: rodinargru,poland,3,credited-by-mirror
Telegram: rogers_kitchen,hungary,1,credited-by-mirror
Telegram: rogers_kitchen,romania,1,credited-by-mirror
Telegram: roglanar,poland,3,credited-by-mirror
Telegram: rogozin_do,czechia,5,credited-by-mirror
Telegram: rogozin_do,deutsch,87,credited-by-mirror
Telegram: rogozin_do,hungary,7,credited-by-mirror
Telegram: rogozin_do,moldova,4,credited-by-mirror
Telegram: rogozin_do,poland,38,credited-by-mirror
Telegram: rogozin_do,romania,8,credited-by-mirror
Telegram: rogozin_do,slovakia,4,credited-by-mirror
Telegram: romagolovanov,czechia,3,credited-by-mirror
Telegram: romagolovanov,deutsch,74,credited-by-mirror
Telegram: romagolovanov,hungary,3,credited-by-mirror
Telegram: romagolovanov,moldova,17,credited-by-mirror
Telegram: romagolovanov,poland,36,credited-by-mirror
Telegram: romagolovanov,romania,1,credited-by-mirror
Telegram: romagolovanov,slovakia,3,credited-by-mirror
Telegram: romanatabakpolitika,slovakia,18,credited-by-mirror
Telegram: romania_ru,moldova,5391,credited-by-mirror
Telegram: romania_ru,romania,6738,credited-by-mirror
Telegram: romanov_92,deutsch,17,credited-by-mirror
Telegram: romantomovcik,czechia,4,credited-by-mirror
Telegram: romantomovcik,slovakia,1,credited-by-mirror
Telegram: ros_imperia,czechia,1,credited-by-mirror
Telegram: ros_imperial,romania,2,credited-by-mirror
Telegram: ros_patriot,romania,1,credited-by-mirror
Telegram: rosatomru,hungary,2,credited-by-mirror
Telegram: rosavtodor,deutsch,10,credited-by-mirror
Telegram: rosavtodor,poland,4,credited-by-mirror
Telegram: rosavtotransport,deutsch,15,credited-by-mirror
Telegram: roscosmos_gk,czechia,2,credited-by-mirror
Telegram: roscosmos_gk,deutsch,18,credited-by-mirror
Telegram: roscosmos_gk,hungary,4,credited-by-mirror
Telegram: roscosmos_gk,moldova,2,credited-by-mirror
Telegram: roscosmos_gk,poland,10,credited-by-mirror
Telegram: roscosmos_gk,romania,2,credited-by-mirror
Telegram: roscosmos_gk,slovakia,1,credited-by-mirror
Telegram: rosenbusch,deutsch,63,credited-by-mirror
Telegram: rosgvardmo50,czechia,1,credited-by-mirror
Telegram: rosim_gov_ru,deutsch,8,credited-by-mirror
Telegram: rosim_gov_ru,moldova,7,credited-by-mirror
Telegram: rosim_gov_ru,poland,2,credited-by-mirror
Telegram: rosmolodez,czechia,2,credited-by-mirror
Telegram: rosmolodez,deutsch,12,credited-by-mirror
Telegram: rosmolodez,moldova,14,credited-by-mirror
Telegram: rosmolodez,poland,6,credited-by-mirror
Telegram: rosmolodez,romania,1,credited-by-mirror
Telegram: rosmolodez,slovakia,3,credited-by-mirror
Telegram: rosnedragovru,czechia,11,credited-by-mirror
Telegram: rosnedragovru,deutsch,49,credited-by-mirror
Telegram: rosnedragovru,hungary,4,credited-by-mirror
Telegram: rosnedragovru,moldova,4,credited-by-mirror
Telegram: rosnedragovru,poland,5,credited-by-mirror
Telegram: rosnedragovru,romania,5,credited-by-mirror
Telegram: rosnedragovru,slovakia,2,credited-by-mirror
Telegram: rospotrebnadzor_ru,czechia,4,credited-by-mirror
Telegram: rospotrebnadzor_ru,deutsch,15,credited-by-mirror
Telegram: rospotrebnadzor_ru,hungary,1,credited-by-mirror
Telegram: rospotrebnadzor_ru,moldova,2,credited-by-mirror
Telegram: rospotrebnadzor_ru,poland,3,credited-by-mirror
Telegram: rospotrebnadzor_ru,romania,1,credited-by-mirror
Telegram: rospotrebnadzor_ru,slovakia,3,credited-by-mirror
Telegram: rosreestr_news,czechia,1,credited-by-mirror
Telegram: rosreestr_news,deutsch,27,credited-by-mirror
Telegram: rosreestr_news,moldova,2,credited-by-mirror
Telegram: rosreestr_news,poland,5,credited-by-mirror
Telegram: rosreestr_news,romania,1,credited-by-mirror
Telegram: rosrezerv_ru,deutsch,8,credited-by-mirror
Telegram: rossia_3,hungary,1,credited-by-mirror
Telegram: rossia_3,moldova,6,credited-by-mirror
Telegram: rossotrudnichestvo,czechia,11,credited-by-mirror
Telegram: rossotrudnichestvo,deutsch,100,credited-by-mirror
Telegram: rossotrudnichestvo,hungary,24,credited-by-mirror
Telegram: rossotrudnichestvo,moldova,56,credited-by-mirror
Telegram: rossotrudnichestvo,poland,21,credited-by-mirror
Telegram: rossotrudnichestvo,romania,8,credited-by-mirror
Telegram: rossotrudnichestvo,slovakia,7,credited-by-mirror
Telegram: rosstat_official,czechia,1,credited-by-mirror
Telegram: rostovdonbass,deutsch,34,credited-by-mirror
Telegram: rostovdonbass,hungary,3,credited-by-mirror
Telegram: rostovdonbass,poland,9,credited-by-mirror
Telegram: rostovdonbass,romania,2,credited-by-mirror
Telegram: rostransnadzor_official,czechia,1,credited-by-mirror
Telegram: rostransnadzor_official,deutsch,9,credited-by-mirror
Telegram: rostransnadzor_official,hungary,1,credited-by-mirror
Telegram: rostransnadzor_official,poland,2,credited-by-mirror
Telegram: rostransnadzor_official,romania,1,credited-by-mirror
Telegram: rostrud_official,moldova,8,credited-by-mirror
Telegram: rostrud_official,romania,1,credited-by-mirror
Telegram: rosvodresursy,moldova,2,credited-by-mirror
Telegram: rosvodresursy,poland,2,credited-by-mirror
Telegram: rotundreal,deutsch,25,credited-by-mirror
Telegram: rozhovory_z_hospody,czechia,5,credited-by-mirror
Telegram: rrharisov_live,hungary,3,credited-by-mirror
Telegram: rrharisov_live,romania,1,credited-by-mirror
Telegram: rsotmdivision,deutsch,32,credited-by-mirror
Telegram: rsotmdivision,poland,6,credited-by-mirror
Telegram: rsotmdivision,romania,1,credited-by-mirror
Telegram: rsotmvideo,slovakia,1,credited-by-mirror
Telegram: rsvk_ru,czechia,5,credited-by-mirror
Telegram: rt_de,deutsch,23367,credited-by-mirror
Telegram: rt_russian,czechia,232,credited-by-mirror
Telegram: rt_russian,deutsch,3068,credited-by-mirror
Telegram: rt_russian,hungary,737,credited-by-mirror
Telegram: rt_russian,moldova,1088,credited-by-mirror
Telegram: rt_russian,poland,1104,credited-by-mirror
Telegram: rt_russian,romania,361,credited-by-mirror
Telegram: rt_russian,slovakia,367,credited-by-mirror
Telegram: rt_special,deutsch,57,credited-by-mirror
Telegram: rt_special,hungary,10,credited-by-mirror
Telegram: rt_special,moldova,4,credited-by-mirror
Telegram: rt_special,poland,24,credited-by-mirror
Telegram: rt_special,romania,6,credited-by-mirror
Telegram: rt_special,slovakia,8,credited-by-mirror
Telegram: rtbalkan_ru,czechia,1,credited-by-mirror
Telegram: rtbalkan_ru,deutsch,14,credited-by-mirror
Telegram: rtbalkan_ru,hungary,8,credited-by-mirror
Telegram: rtbalkan_ru,romania,2,credited-by-mirror
Telegram: rtbalkan_ru,slovakia,5,credited-by-mirror
Telegram: rtcctanzania,czechia,1,credited-by-mirror
Telegram: rtdru,deutsch,8,credited-by-mirror
Telegram: rtvimain,hungary,2,credited-by-mirror
Telegram: rtvimain,moldova,8,credited-by-mirror
Telegram: rtvimain,poland,5,credited-by-mirror
Telegram: rtvimain,romania,2,credited-by-mirror
Telegram: rtvimain,slovakia,1,credited-by-mirror
Telegram: rtvinews,romania,1,credited-by-mirror
Telegram: ru4chan,slovakia,1,credited-by-mirror
Telegram: ru_global,romania,1,credited-by-mirror
Telegram: rubaltic,moldova,17,credited-by-mirror
Telegram: rubaltic,poland,39,credited-by-mirror
Telegram: rubezhizarubezh,deutsch,11,credited-by-mirror
Telegram: rubezhizarubezh,hungary,1,credited-by-mirror
Telegram: ruchoporupolska,poland,7,credited-by-mirror
Telegram: ruchpolakow,poland,31,credited-by-mirror
Telegram: rudohuliak,slovakia,14,credited-by-mirror
Telegram: runeurope,poland,4,credited-by-mirror
Telegram: ruposts,czechia,1,credited-by-mirror
Telegram: ruposts,hungary,1,credited-by-mirror
Telegram: ruposts,romania,1,credited-by-mirror
Telegram: ruposts,slovakia,1,credited-by-mirror
Telegram: ruptlyalert,czechia,71,credited-by-mirror
Telegram: ruptlyalert,deutsch,580,credited-by-mirror
Telegram: ruptlyalert,hungary,295,credited-by-mirror
Telegram: ruptlyalert,moldova,112,credited-by-mirror
Telegram: ruptlyalert,poland,236,credited-by-mirror
Telegram: ruptlyalert,romania,68,credited-by-mirror
Telegram: ruptlyalert,slovakia,115,credited-by-mirror
Telegram: rus_demiurge,moldova,16,credited-by-mirror
Telegram: rus_demiurge,poland,7,credited-by-mirror
Telegram: rus_demiurge,romania,1,credited-by-mirror
Telegram: rus_judo,hungary,2,credited-by-mirror
Telegram: rusaccent,czechia,16,credited-by-mirror
Telegram: rusaccent,deutsch,199,credited-by-mirror
Telegram: rusaccent,hungary,40,credited-by-mirror
Telegram: rusaccent,moldova,38,credited-by-mirror
Telegram: rusaccent,poland,79,credited-by-mirror
Telegram: rusaccent,romania,25,credited-by-mirror
Telegram: rusaccent,slovakia,26,credited-by-mirror
Telegram: rusbern,deutsch,144,credited-by-mirror
Telegram: rusbrief,deutsch,8,credited-by-mirror
Telegram: rusbrief,hungary,1,credited-by-mirror
Telegram: rusbrief,moldova,3,credited-by-mirror
Telegram: rusbrief,poland,3,credited-by-mirror
Telegram: rusbrief_moscow,deutsch,8,credited-by-mirror
Telegram: rusconskrakow,poland,2,credited-by-mirror
Telegram: rusembchina,poland,2,credited-by-mirror
Telegram: rusembchina,romania,2,credited-by-mirror
Telegram: rusembpol,czechia,1,credited-by-mirror
Telegram: rusembpol,poland,19,credited-by-mirror
Telegram: rusembzagreb,hungary,3,credited-by-mirror
Telegram: rusengineer,czechia,8,credited-by-mirror
Telegram: rusengineer,deutsch,118,credited-by-mirror
Telegram: rusengineer,hungary,36,credited-by-mirror
Telegram: rusengineer,moldova,12,credited-by-mirror
Telegram: rusengineer,poland,56,credited-by-mirror
Telegram: rusengineer,romania,24,credited-by-mirror
Telegram: rusengineer,slovakia,8,credited-by-mirror
Telegram: ruserbia,czechia,1,credited-by-mirror
Telegram: ruserbia,hungary,1,credited-by-mirror
Telegram: ruserbia,romania,1,credited-by-mirror
Telegram: ruserbia,slovakia,1,credited-by-mirror
Telegram: rusfencing,hungary,1,credited-by-mirror
Telegram: rusfencing,romania,1,credited-by-mirror
Telegram: rusfleet,poland,2,credited-by-mirror
Telegram: rushaus,deutsch,18,credited-by-mirror
Telegram: rusich_army,czechia,40,credited-by-mirror
Telegram: rusich_army,deutsch,527,credited-by-mirror
Telegram: rusich_army,hungary,45,credited-by-mirror
Telegram: rusich_army,moldova,55,credited-by-mirror
Telegram: rusich_army,poland,216,credited-by-mirror
Telegram: rusich_army,romania,115,credited-by-mirror
Telegram: rusich_army,slovakia,42,credited-by-mirror
Telegram: ruskitroll,poland,1205,credited-by-mirror
Telegram: rusmechta_ru,poland,4,credited-by-mirror
Telegram: rusmirmedia,slovakia,1,credited-by-mirror
Telegram: rusputnikmd,hungary,1,credited-by-mirror
Telegram: rusputnikmd,moldova,35042,credited-by-mirror
Telegram: rusputnikmd,romania,5,credited-by-mirror
Telegram: rusputnikmd_2,moldova,713,credited-by-mirror
Telegram: rusputnikmd_2,romania,4,credited-by-mirror
Telegram: russ_orientalist,deutsch,39,credited-by-mirror
Telegram: russ_orientalist,poland,3,credited-by-mirror
Telegram: russ_orientalist,romania,1,credited-by-mirror
Telegram: russ_pirat,moldova,36,credited-by-mirror
Telegram: russ_vestnik,romania,2,credited-by-mirror
Telegram: russdiary,czechia,6,credited-by-mirror
Telegram: russdiary,deutsch,86,credited-by-mirror
Telegram: russdiary,hungary,13,credited-by-mirror
Telegram: russdiary,moldova,14,credited-by-mirror
Telegram: russdiary,poland,48,credited-by-mirror
Telegram: russdiary,romania,14,credited-by-mirror
Telegram: russdiary,slovakia,3,credited-by-mirror
Telegram: russi_iran,slovakia,1,credited-by-mirror
Telegram: russia2062,poland,2,credited-by-mirror
Telegram: russia_abn,poland,2,credited-by-mirror
Telegram: russiafirstchanel,moldova,2,credited-by-mirror
Telegram: russian_airborne,deutsch,9,credited-by-mirror
Telegram: russian_correspondent,czechia,1,credited-by-mirror
Telegram: russian_correspondent,hungary,3,credited-by-mirror
Telegram: russian_inspector,moldova,7,credited-by-mirror
Telegram: russianews12,slovakia,263,credited-by-mirror
Telegram: russianodyssey,deutsch,17,credited-by-mirror
Telegram: russianodyssey,hungary,2,credited-by-mirror
Telegram: russianodyssey,moldova,3,credited-by-mirror
Telegram: russianodyssey,poland,4,credited-by-mirror
Telegram: russianodyssey,romania,3,credited-by-mirror
Telegram: russianonwars,slovakia,1,credited-by-mirror
Telegram: russianpiano,poland,3,credited-by-mirror
Telegram: russiatoday_deutschland,deutsch,13,credited-by-mirror
Telegram: russiaun,czechia,1,credited-by-mirror
Telegram: russiaun,deutsch,67,credited-by-mirror
Telegram: russiaun,hungary,4,credited-by-mirror
Telegram: russiaun,poland,10,credited-by-mirror
Telegram: russiaun,slovakia,2,credited-by-mirror
Telegram: russica2,deutsch,16,credited-by-mirror
Telegram: russica2,hungary,4,credited-by-mirror
Telegram: russica2,moldova,10,credited-by-mirror
Telegram: russica2,poland,4,credited-by-mirror
Telegram: russica2,romania,3,credited-by-mirror
Telegram: russica2,slovakia,2,credited-by-mirror
Telegram: russicaRU,hungary,1,credited-by-mirror
Telegram: russischdeutschenachrichten,deutsch,6700,credited-by-mirror
Telegram: russkiy_opolchenec,romania,1,credited-by-mirror
Telegram: russlaenderHumor,deutsch,157,credited-by-mirror
Telegram: russlandsdeutsche,deutsch,9207,credited-by-mirror
Telegram: russtrat,moldova,10,credited-by-mirror
Telegram: russtrat,romania,1,credited-by-mirror
Telegram: russvoyna,hungary,1,credited-by-mirror
Telegram: rustroyka1945,hungary,1,credited-by-mirror
Telegram: rusvesnasu,czechia,19,credited-by-mirror
Telegram: rusvesnasu,deutsch,197,credited-by-mirror
Telegram: rusvesnasu,hungary,14,credited-by-mirror
Telegram: rusvesnasu,moldova,55,credited-by-mirror
Telegram: rusvesnasu,poland,138,credited-by-mirror
Telegram: rusvesnasu,romania,8,credited-by-mirror
Telegram: rusvesnasu,slovakia,6,credited-by-mirror
Telegram: ruszspringtime,moldova,2,credited-by-mirror
Telegram: ruwawa,poland,2,credited-by-mirror
Telegram: rvlt4k,czechia,1,credited-by-mirror
Telegram: ryabseva_zhanna,deutsch,26,credited-by-mirror
Telegram: ryabseva_zhanna,poland,2,credited-by-mirror
Telegram: rybar,czechia,101,credited-by-mirror
Telegram: rybar,deutsch,2147,credited-by-mirror
Telegram: rybar,hungary,206,credited-by-mirror
Telegram: rybar,moldova,546,credited-by-mirror
Telegram: rybar,poland,495,credited-by-mirror
Telegram: rybar,romania,327,credited-by-mirror
Telegram: rybar,slovakia,116,credited-by-mirror
Telegram: rybar_africa,czechia,3,credited-by-mirror
Telegram: rybar_africa,deutsch,56,credited-by-mirror
Telegram: rybar_africa,hungary,2,credited-by-mirror
Telegram: rybar_africa,poland,3,credited-by-mirror
Telegram: rybar_africa,romania,6,credited-by-mirror
Telegram: rybar_america,deutsch,12,credited-by-mirror
Telegram: rybar_america,hungary,3,credited-by-mirror
Telegram: rybar_america,romania,1,credited-by-mirror
Telegram: rybar_america,slovakia,1,credited-by-mirror
Telegram: rybar_in_english,czechia,1,credited-by-mirror
Telegram: rybar_latam,czechia,3,credited-by-mirror
Telegram: rybar_latam,deutsch,51,credited-by-mirror
Telegram: rybar_latam,hungary,3,credited-by-mirror
Telegram: rybar_latam,poland,4,credited-by-mirror
Telegram: rybar_latam,romania,3,credited-by-mirror
Telegram: rybar_latam,slovakia,1,credited-by-mirror
Telegram: rybar_mena,czechia,1,credited-by-mirror
Telegram: rybar_mena,deutsch,35,credited-by-mirror
Telegram: rybar_mena,romania,1,credited-by-mirror
Telegram: rybar_pacific,czechia,9,credited-by-mirror
Telegram: rybar_pacific,deutsch,48,credited-by-mirror
Telegram: rybar_pacific,hungary,1,credited-by-mirror
Telegram: rybar_pacific,poland,19,credited-by-mirror
Telegram: rybar_pacific,romania,3,credited-by-mirror
Telegram: rybar_pacific,slovakia,1,credited-by-mirror
Telegram: rybar_stan,czechia,3,credited-by-mirror
Telegram: rybar_stan,deutsch,55,credited-by-mirror
Telegram: rybar_stan,hungary,11,credited-by-mirror
Telegram: rybar_stan,moldova,3,credited-by-mirror
Telegram: rybar_stan,poland,9,credited-by-mirror
Telegram: rybar_stan,romania,6,credited-by-mirror
Telegram: rybar_stan,slovakia,1,credited-by-mirror
Telegram: s4illimati,czechia,5,credited-by-mirror
Telegram: s4illimati,slovakia,1909,credited-by-mirror
Telegram: salutakhmat,hungary,2,credited-by-mirror
Telegram: salutmd,moldova,7185,credited-by-mirror
Telegram: sami_kak_deti,slovakia,1,credited-by-mirror
Telegram: samoobronapolski,poland,18,credited-by-mirror
Telegram: sanctionsrisk,slovakia,1,credited-by-mirror
Telegram: sanya_florida,moldova,33,credited-by-mirror
Telegram: sapiens_kp,czechia,1,credited-by-mirror
Telegram: saraslightfight,deutsch,8,credited-by-mirror
Telegram: sardaryanh,czechia,6,credited-by-mirror
Telegram: sardaryanh,deutsch,85,credited-by-mirror
Telegram: sardaryanh,hungary,27,credited-by-mirror
Telegram: sardaryanh,moldova,5,credited-by-mirror
Telegram: sardaryanh,poland,16,credited-by-mirror
Telegram: sardaryanh,romania,9,credited-by-mirror
Telegram: sardaryanh,slovakia,11,credited-by-mirror
Telegram: sashakots,czechia,69,credited-by-mirror
Telegram: sashakots,deutsch,1190,credited-by-mirror
Telegram: sashakots,hungary,134,credited-by-mirror
Telegram: sashakots,moldova,65,credited-by-mirror
Telegram: sashakots,poland,378,credited-by-mirror
Telegram: sashakots,romania,62,credited-by-mirror
Telegram: sashakots,slovakia,76,credited-by-mirror
Telegram: satellit_de,deutsch,20131,credited-by-mirror
Telegram: satirkka,poland,2,credited-by-mirror
Telegram: satirkka,romania,2,credited-by-mirror
Telegram: saturday_trip,czechia,1,credited-by-mirror
Telegram: saturday_trip,hungary,2,credited-by-mirror
Telegram: saturday_trip,poland,2,credited-by-mirror
Telegram: savanichi,czechia,1,credited-by-mirror
Telegram: savanichi,moldova,12,credited-by-mirror
Telegram: sbbytoday,poland,2,credited-by-mirror
Telegram: scam_alert_cz_sk,czechia,1,credited-by-mirror
Telegram: scoofsmi,hungary,1,credited-by-mirror
Telegram: sddonbassa,czechia,1,credited-by-mirror
Telegram: sddonbassa,moldova,3,credited-by-mirror
Telegram: sddonbassa,poland,2,credited-by-mirror
Telegram: sedmikraska_maridea,czechia,2,credited-by-mirror
Telegram: segodnia_ru,czechia,2,credited-by-mirror
Telegram: segodnia_ru,deutsch,28,credited-by-mirror
Telegram: segodnia_ru,hungary,22,credited-by-mirror
Telegram: segodnia_ru,moldova,12,credited-by-mirror
Telegram: segodnia_ru,poland,23,credited-by-mirror
Telegram: segodnia_ru,romania,8,credited-by-mirror
Telegram: segodnia_ru,slovakia,6,credited-by-mirror
Telegram: sek_speech,deutsch,17,credited-by-mirror
Telegram: selectedbylocals,moldova,5,credited-by-mirror
Telegram: selfinvestor,deutsch,23,credited-by-mirror
Telegram: selfinvestor,hungary,1,credited-by-mirror
Telegram: selfinvestor,poland,2,credited-by-mirror
Telegram: selskyrozum,czechia,35420,credited-by-mirror
Telegram: selskyrozum,slovakia,2,credited-by-mirror
Telegram: senatorDzhabarov,czechia,13,credited-by-mirror
Telegram: senatorDzhabarov,deutsch,110,credited-by-mirror
Telegram: senatorDzhabarov,hungary,31,credited-by-mirror
Telegram: senatorDzhabarov,moldova,49,credited-by-mirror
Telegram: senatorDzhabarov,poland,47,credited-by-mirror
Telegram: senatorDzhabarov,romania,35,credited-by-mirror
Telegram: senatorDzhabarov,slovakia,9,credited-by-mirror
Telegram: sergey_hudiev,romania,2,credited-by-mirror
Telegram: sergiubadan,moldova,5,credited-by-mirror
Telegram: sergiubadan,romania,12,credited-by-mirror
Telegram: serp1380,poland,3,credited-by-mirror
Telegram: sevastopolhistory,deutsch,9,credited-by-mirror
Telegram: sevastopolofficial,poland,2,credited-by-mirror
Telegram: severyanovR,deutsch,19,credited-by-mirror
Telegram: severyanovR,hungary,5,credited-by-mirror
Telegram: severyanovR,poland,6,credited-by-mirror
Telegram: severyanovR,romania,2,credited-by-mirror
Telegram: sevindex,slovakia,1,credited-by-mirror
Telegram: sewerfsefsd,hungary,1,credited-by-mirror
Telegram: sewerfsefsd,moldova,3,credited-by-mirror
Telegram: sewerfsefsd,poland,8,credited-by-mirror
Telegram: sewerfsefsd,slovakia,1,credited-by-mirror
Telegram: sex_drugs_kahlo,deutsch,23,credited-by-mirror
Telegram: sex_drugs_kahlo,hungary,1,credited-by-mirror
Telegram: sex_drugs_kahlo,poland,6,credited-by-mirror
Telegram: sfr_gov,deutsch,107,credited-by-mirror
Telegram: sfr_gov,moldova,4,credited-by-mirror
Telegram: sfr_gov,poland,2,credited-by-mirror
Telegram: sharanism,moldova,3,credited-by-mirror
Telegram: sharanism,romania,2,credited-by-mirror
Telegram: shelestlive,hungary,1,credited-by-mirror
Telegram: shelestlive,moldova,2,credited-by-mirror
Telegram: sheptoon,slovakia,1,credited-by-mirror
Telegram: shevchenkomax_1,hungary,2,credited-by-mirror
Telegram: shevchenkomax_1,romania,1,credited-by-mirror
Telegram: shevchenkomax_1,slovakia,2,credited-by-mirror
Telegram: sheyhtamir1974,hungary,1,credited-by-mirror
Telegram: sheyhtamir1974,moldova,595,credited-by-mirror
Telegram: sheyhtamir1974,poland,2,credited-by-mirror
Telegram: sheyhtamir1974,slovakia,1,credited-by-mirror
Telegram: shmel_chik,hungary,1,credited-by-mirror
Telegram: shot_new,czechia,1,credited-by-mirror
Telegram: shot_new,poland,3,credited-by-mirror
Telegram: shot_shot,czechia,22,credited-by-mirror
Telegram: shot_shot,deutsch,232,credited-by-mirror
Telegram: shot_shot,hungary,29,credited-by-mirror
Telegram: shot_shot,moldova,39,credited-by-mirror
Telegram: shot_shot,poland,108,credited-by-mirror
Telegram: shot_shot,romania,29,credited-by-mirror
Telegram: shot_shot,slovakia,22,credited-by-mirror
Telegram: shotday,deutsch,14,credited-by-mirror
Telegram: shpakouski,moldova,2,credited-by-mirror
Telegram: shuohuaxia,deutsch,9,credited-by-mirror
Telegram: shuohuaxia,hungary,3,credited-by-mirror
Telegram: shuohuaxia,poland,2,credited-by-mirror
Telegram: shuohuaxia,romania,1,credited-by-mirror
Telegram: shuohuaxia,slovakia,2,credited-by-mirror
Telegram: shurygin_vladislav,czechia,6,credited-by-mirror
Telegram: shurygin_vladislav,deutsch,82,credited-by-mirror
Telegram: shurygin_vladislav,hungary,7,credited-by-mirror
Telegram: shurygin_vladislav,moldova,10,credited-by-mirror
Telegram: shurygin_vladislav,poland,48,credited-by-mirror
Telegram: shurygin_vladislav,romania,5,credited-by-mirror
Telegram: shurygin_vladislav,slovakia,4,credited-by-mirror
Telegram: shustryii_i,czechia,1,credited-by-mirror
Telegram: shustryii_i,poland,2,credited-by-mirror
Telegram: sibir_tass,czechia,3,credited-by-mirror
Telegram: sibir_tass,deutsch,20,credited-by-mirror
Telegram: sibir_tass,hungary,3,credited-by-mirror
Telegram: sibir_tass,poland,3,credited-by-mirror
Telegram: sibir_tass,romania,1,credited-by-mirror
Telegram: sibmd,moldova,19,credited-by-mirror
Telegram: sidpolit,czechia,1,credited-by-mirror
Telegram: sidpolit,deutsch,10,credited-by-mirror
Telegram: sidpolit,hungary,7,credited-by-mirror
Telegram: sidpolit,moldova,2,credited-by-mirror
Telegram: sidpolit,poland,2,credited-by-mirror
Telegram: sidpolit,romania,1,credited-by-mirror
Telegram: sidpolit,slovakia,2,credited-by-mirror
Telegram: simadm_news,poland,5,credited-by-mirror
Telegram: simko_vychodniar,slovakia,6,credited-by-mirror
Telegram: simonevoss,deutsch,14,credited-by-mirror
Telegram: sindbad_snegohod,moldova,5,credited-by-mirror
Telegram: siostryjasnowidzki,poland,4,credited-by-mirror
Telegram: skabeeva,czechia,43,credited-by-mirror
Telegram: skabeeva,deutsch,1090,credited-by-mirror
Telegram: skabeeva,hungary,239,credited-by-mirror
Telegram: skabeeva,moldova,61,credited-by-mirror
Telegram: skabeeva,poland,479,credited-by-mirror
Telegram: skabeeva,romania,61,credited-by-mirror
Telegram: skabeeva,slovakia,66,credited-by-mirror
Telegram: slavaded1337,czechia,1,credited-by-mirror
Telegram: slavaded1337,deutsch,15,credited-by-mirror
Telegram: slavaded1337,hungary,5,credited-by-mirror
Telegram: slavaded1337,moldova,295,credited-by-mirror
Telegram: slavaded1337,poland,9,credited-by-mirror
Telegram: slavaded1337,romania,2,credited-by-mirror
Telegram: slavaded1337,slovakia,3,credited-by-mirror
Telegram: slavica_slovansky_spolok,slovakia,27,credited-by-mirror
Telegram: slavyansk_z,czechia,1,credited-by-mirror
Telegram: slavyansk_z,poland,3,credited-by-mirror
Telegram: sledcom_press,czechia,17,credited-by-mirror
Telegram: sledcom_press,deutsch,182,credited-by-mirror
Telegram: sledcom_press,hungary,10,credited-by-mirror
Telegram: sledcom_press,moldova,8,credited-by-mirror
Telegram: sledcom_press,poland,44,credited-by-mirror
Telegram: sledcom_press,romania,8,credited-by-mirror
Telegram: sledcom_press,slovakia,3,credited-by-mirror
Telegram: slota_pavol,slovakia,36,credited-by-mirror
Telegram: slovaniask,slovakia,5,credited-by-mirror
Telegram: slovanskenoviny,czechia,1,credited-by-mirror
Telegram: slovanskenoviny,slovakia,31883,credited-by-mirror
Telegram: slovanskyvybor,czechia,7,credited-by-mirror
Telegram: slovanskyvybor,slovakia,841,credited-by-mirror
Telegram: slovenskabiblia,czechia,2,credited-by-mirror
Telegram: slovenskabiblia,slovakia,6,credited-by-mirror
Telegram: slovenskenarodnenoviny,slovakia,3,credited-by-mirror
Telegram: slovenskymedved,czechia,12,credited-by-mirror
Telegram: slovenskymedved,slovakia,6490,credited-by-mirror
Telegram: slowo_najemnika,moldova,7,credited-by-mirror
Telegram: slutsky_l,czechia,15,credited-by-mirror
Telegram: slutsky_l,deutsch,160,credited-by-mirror
Telegram: slutsky_l,hungary,42,credited-by-mirror
Telegram: slutsky_l,moldova,12,credited-by-mirror
Telegram: slutsky_l,poland,44,credited-by-mirror
Telegram: slutsky_l,romania,23,credited-by-mirror
Telegram: slutsky_l,slovakia,32,credited-by-mirror
Telegram: sluzhba5,hungary,2,credited-by-mirror
Telegram: smebratia,slovakia,8359,credited-by-mirror
Telegram: smotri_media,czechia,29,credited-by-mirror
Telegram: smotri_media,deutsch,739,credited-by-mirror
Telegram: smotri_media,hungary,187,credited-by-mirror
Telegram: smotri_media,moldova,74,credited-by-mirror
Telegram: smotri_media,poland,226,credited-by-mirror
Telegram: smotri_media,romania,61,credited-by-mirror
Telegram: smotri_media,slovakia,76,credited-by-mirror
Telegram: smotri_z,deutsch,11,credited-by-mirror
Telegram: smuglianka,moldova,38,credited-by-mirror
Telegram: snicklink3000,deutsch,16,credited-by-mirror
Telegram: sobestacnost_a_neutralita,czechia,14,credited-by-mirror
Telegram: socedinstvo,hungary,1,credited-by-mirror
Telegram: socedinstvo,moldova,35,credited-by-mirror
Telegram: soitbeginsvivalarevolution,slovakia,1,credited-by-mirror
Telegram: soldat_pobedi,moldova,187,credited-by-mirror
Telegram: soldat_pobedi,romania,14,credited-by-mirror
Telegram: solidarity_games,slovakia,6,credited-by-mirror
Telegram: soprotivlenije,deutsch,8,credited-by-mirror
Telegram: soprotivlenije,poland,2,credited-by-mirror
Telegram: soprotivlenije,romania,1,credited-by-mirror
Telegram: sorok40russia,hungary,1,credited-by-mirror
Telegram: sorok40russia,moldova,2,credited-by-mirror
Telegram: sosedimd,moldova,6,credited-by-mirror
Telegram: sosnowski_live,deutsch,19,credited-by-mirror
Telegram: sovetnikvmir,hungary,1,credited-by-mirror
Telegram: sovfedofficial,deutsch,22,credited-by-mirror
Telegram: sovfedofficial,moldova,6,credited-by-mirror
Telegram: sovfedofficial,poland,3,credited-by-mirror
Telegram: sovfedofficial,romania,1,credited-by-mirror
Telegram: sovintern_ru,romania,1,credited-by-mirror
Telegram: soyuzveteranovsledstviya,romania,1,credited-by-mirror
Telegram: spastv,czechia,1,credited-by-mirror
Telegram: specOperation,hungary,2,credited-by-mirror
Telegram: specOperation,moldova,34,credited-by-mirror
Telegram: specOperation,poland,2,credited-by-mirror
Telegram: specOperation,slovakia,2,credited-by-mirror
Telegram: special_authors,czechia,15,credited-by-mirror
Telegram: special_authors,deutsch,184,credited-by-mirror
Telegram: special_authors,hungary,34,credited-by-mirror
Telegram: special_authors,moldova,14,credited-by-mirror
Telegram: special_authors,poland,78,credited-by-mirror
Telegram: special_authors,romania,20,credited-by-mirror
Telegram: special_authors,slovakia,14,credited-by-mirror
Telegram: speckorrespondent,hungary,1,credited-by-mirror
Telegram: specnazahmat,moldova,196,credited-by-mirror
Telegram: specnazahmat,romania,1,credited-by-mirror
Telegram: spolokarchaoz,czechia,1,credited-by-mirror
Telegram: spolokarchaoz,slovakia,7,credited-by-mirror
Telegram: sporssokratom,romania,1,credited-by-mirror
Telegram: sportspravy_sk,slovakia,1,credited-by-mirror
Telegram: sppotmd,moldova,23,credited-by-mirror
Telegram: sppotmd,romania,8,credited-by-mirror
Telegram: spravy_slovakia,czechia,1,credited-by-mirror
Telegram: spravy_slovakia,slovakia,11296,credited-by-mirror
Telegram: spravydomozaiky,czechia,2,credited-by-mirror
Telegram: spravydomozaiky,slovakia,8055,credited-by-mirror
Telegram: sputnecenzurat,moldova,327,credited-by-mirror
Telegram: sputnecenzurat,romania,18294,credited-by-mirror
Telegram: sputnikKZ,czechia,2,credited-by-mirror
Telegram: sputnikKZ,deutsch,10,credited-by-mirror
Telegram: sputnikKZ,hungary,3,credited-by-mirror
Telegram: sputnikKZ,moldova,2,credited-by-mirror
Telegram: sputnikKZ,poland,5,credited-by-mirror
Telegram: sputnikKZ,romania,1,credited-by-mirror
Telegram: sputnik_in_crimea,poland,2,credited-by-mirror
Telegram: sputnik_kyrgyzstan,moldova,2,credited-by-mirror
Telegram: sputnik_kyrgyzstan,slovakia,1,credited-by-mirror
Telegram: sputnikby,deutsch,8,credited-by-mirror
Telegram: sputnikby,hungary,2,credited-by-mirror
Telegram: sputnikby,moldova,13,credited-by-mirror
Telegram: sputnikby,poland,8,credited-by-mirror
Telegram: sputniklive,czechia,109,credited-by-mirror
Telegram: sputniklive,deutsch,1173,credited-by-mirror
Telegram: sputniklive,hungary,312,credited-by-mirror
Telegram: sputniklive,moldova,2104,credited-by-mirror
Telegram: sputniklive,poland,620,credited-by-mirror
Telegram: sputniklive,romania,437,credited-by-mirror
Telegram: sputniklive,slovakia,161,credited-by-mirror
Telegram: sputnikmd_2,moldova,9,credited-by-mirror
Telegram: sputnikmd_2,romania,43,credited-by-mirror
Telegram: sputnikuzbekistan,moldova,2,credited-by-mirror
Telegram: spydell_finance,czechia,1,credited-by-mirror
Telegram: spydell_finance,deutsch,53,credited-by-mirror
Telegram: spydell_finance,hungary,5,credited-by-mirror
Telegram: spydell_finance,moldova,2,credited-by-mirror
Telegram: spydell_finance,poland,12,credited-by-mirror
Telegram: spydell_finance,romania,2,credited-by-mirror
Telegram: srdcemprovlast_zive,czechia,1,credited-by-mirror
Telegram: srdcemprovlast_zive,slovakia,1,credited-by-mirror
Telegram: srdcomdezolat,czechia,1,credited-by-mirror
Telegram: srdcomdezolat,slovakia,2,credited-by-mirror
Telegram: sretenskytheologicalacademy,poland,3,credited-by-mirror
Telegram: sretenskytheologicalacademy,romania,1,credited-by-mirror
Telegram: srochnow,moldova,2,credited-by-mirror
Telegram: ssigny,deutsch,46,credited-by-mirror
Telegram: ssigny,hungary,13,credited-by-mirror
Telegram: ssigny,moldova,21,credited-by-mirror
Telegram: ssigny,poland,17,credited-by-mirror
Telegram: ssigny,romania,6,credited-by-mirror
Telegram: ssigny,slovakia,6,credited-by-mirror
Telegram: sskarnaukhov,czechia,13,credited-by-mirror
Telegram: sskarnaukhov,deutsch,379,credited-by-mirror
Telegram: sskarnaukhov,hungary,52,credited-by-mirror
Telegram: sskarnaukhov,moldova,53,credited-by-mirror
Telegram: sskarnaukhov,poland,134,credited-by-mirror
Telegram: sskarnaukhov,romania,44,credited-by-mirror
Telegram: sskarnaukhov,slovakia,23,credited-by-mirror
Telegram: stalingradskededictvi,czechia,3,credited-by-mirror
Telegram: staroviera,czechia,1,credited-by-mirror
Telegram: staroviera,slovakia,1,credited-by-mirror
Telegram: stastydaiobratno,czechia,1,credited-by-mirror
Telegram: stastydaiobratno,hungary,3,credited-by-mirror
Telegram: stastydaiobratno,romania,2,credited-by-mirror
Telegram: stastydaiobratno,slovakia,2,credited-by-mirror
Telegram: stattzeitungorg,deutsch,10,credited-by-mirror
Telegram: stefanmagnet,deutsch,15,credited-by-mirror
Telegram: stepnoy_veter,poland,2,credited-by-mirror
Telegram: sterngang,deutsch,8,credited-by-mirror
Telegram: sterngang,hungary,1,credited-by-mirror
Telegram: sterngang,poland,2,credited-by-mirror
Telegram: sterngang,romania,1,credited-by-mirror
Telegram: stestickocz_zpravy,czechia,6,credited-by-mirror
Telegram: stestickocz_zpravy,slovakia,1,credited-by-mirror
Telegram: stimme_aus_russland,deutsch,15,credited-by-mirror
Telegram: stirlitz039,poland,56,credited-by-mirror
Telegram: stop_EU,moldova,4,credited-by-mirror
Telegram: stopmediaban,moldova,4,credited-by-mirror
Telegram: stormdaily,czechia,2,credited-by-mirror
Telegram: stormdaily,deutsch,11,credited-by-mirror
Telegram: stormdaily,hungary,4,credited-by-mirror
Telegram: stormdaily,moldova,6,credited-by-mirror
Telegram: stormdaily,poland,5,credited-by-mirror
Telegram: stormdaily,romania,2,credited-by-mirror
Telegram: stormdaily,slovakia,5,credited-by-mirror
Telegram: stranaSNS,slovakia,268,credited-by-mirror
Telegram: stranaua,hungary,1,credited-by-mirror
Telegram: stranaua,moldova,37,credited-by-mirror
Telegram: stranaua,romania,9,credited-by-mirror
Telegram: stratagempro,slovakia,1,credited-by-mirror
Telegram: stremidlowsky,hungary,1,credited-by-mirror
Telegram: stremidlowsky,poland,194,credited-by-mirror
Telegram: stremidlowsky,slovakia,1,credited-by-mirror
Telegram: studentsforIlyin,czechia,1,credited-by-mirror
Telegram: studentsforIlyin,hungary,1,credited-by-mirror
Telegram: studentsforIlyin,romania,2,credited-by-mirror
Telegram: studsportunion,hungary,1,credited-by-mirror
Telegram: suhodoliskii,moldova,20,credited-by-mirror
Telegram: sutajestoksr,slovakia,100,credited-by-mirror
Telegram: suverenka,romania,1,credited-by-mirror
Telegram: suverennews,deutsch,17,credited-by-mirror
Telegram: suverennews,poland,3,credited-by-mirror
Telegram: suverensouth,czechia,1,credited-by-mirror
Telegram: suverensouth,romania,1,credited-by-mirror
Telegram: suvorovdnestr,moldova,287,credited-by-mirror
Telegram: svarschiki,czechia,8,credited-by-mirror
Telegram: svarschiki,deutsch,196,credited-by-mirror
Telegram: svarschiki,hungary,42,credited-by-mirror
Telegram: svarschiki,moldova,43,credited-by-mirror
Telegram: svarschiki,poland,123,credited-by-mirror
Telegram: svarschiki,romania,58,credited-by-mirror
Telegram: svarschiki,slovakia,17,credited-by-mirror
Telegram: svetclanky,czechia,22,credited-by-mirror
Telegram: svetonazor,slovakia,35,credited-by-mirror
Telegram: svezhesti,czechia,4,credited-by-mirror
Telegram: svezhesti,deutsch,44,credited-by-mirror
Telegram: svezhesti,hungary,15,credited-by-mirror
Telegram: svezhesti,moldova,44,credited-by-mirror
Telegram: svezhesti,poland,26,credited-by-mirror
Telegram: svezhesti,romania,8,credited-by-mirror
Telegram: svezhesti,slovakia,6,credited-by-mirror
Telegram: svkpole,czechia,2,credited-by-mirror
Telegram: svkpole,slovakia,3989,credited-by-mirror
Telegram: svlasyuc,moldova,23,credited-by-mirror
Telegram: svlasyuc,romania,10,credited-by-mirror
Telegram: svoboda365,czechia,2,credited-by-mirror
Telegram: svoboda365,slovakia,8,credited-by-mirror
Telegram: svobodnicz,czechia,19,credited-by-mirror
Telegram: svobodnicz,slovakia,1,credited-by-mirror
Telegram: svorezevv,moldova,9,credited-by-mirror
Telegram: svsk_archiv,slovakia,2,credited-by-mirror
Telegram: svtv_info,czechia,28,credited-by-mirror
Telegram: swallow_cast,hungary,1,credited-by-mirror
Telegram: swallow_cast,romania,1,credited-by-mirror
Telegram: swaneconomy,czechia,1,credited-by-mirror
Telegram: swaneconomy,hungary,1,credited-by-mirror
Telegram: swiatbeznienawiscixd,poland,5,credited-by-mirror
Telegram: swodki,poland,3,credited-by-mirror
Telegram: szabadgondolatok,hungary,2,credited-by-mirror
Telegram: szelsobalarccalnevvel,hungary,1,credited-by-mirror
Telegram: szentkoronaradio_official,hungary,62,credited-by-mirror
Telegram: szkeptikus,hungary,1,credited-by-mirror
Telegram: sztuka_wojny,poland,81,credited-by-mirror
Telegram: tactical_13,slovakia,1,credited-by-mirror
Telegram: tadesco,czechia,8,credited-by-mirror
Telegram: tajm_sk,poland,2,credited-by-mirror
Telegram: tajm_sk,slovakia,3912,credited-by-mirror
Telegram: taker_russ,czechia,1,credited-by-mirror
Telegram: taker_russ,hungary,2,credited-by-mirror
Telegram: taker_russ,poland,3,credited-by-mirror
Telegram: taker_russ,slovakia,2,credited-by-mirror
Telegram: takerkrinj,hungary,1,credited-by-mirror
Telegram: takerkrinj,poland,3,credited-by-mirror
Telegram: talipovonline,moldova,138,credited-by-mirror
Telegram: talipovonlineV,moldova,32,credited-by-mirror
Telegram: taneac,romania,5,credited-by-mirror
Telegram: tapokmusic,romania,1,credited-by-mirror
Telegram: tarik_news,moldova,634,credited-by-mirror
Telegram: tarik_nezalejko,moldova,11,credited-by-mirror
Telegram: tarik_nezalejko,poland,2,credited-by-mirror
Telegram: tarik_nezalejko,romania,1,credited-by-mirror
Telegram: tasmanian_diablo,poland,12,credited-by-mirror
Telegram: tass_agency,czechia,88,credited-by-mirror
Telegram: tass_agency,deutsch,1932,credited-by-mirror
Telegram: tass_agency,hungary,543,credited-by-mirror
Telegram: tass_agency,moldova,418,credited-by-mirror
Telegram: tass_agency,poland,521,credited-by-mirror
Telegram: tass_agency,romania,142,credited-by-mirror
Telegram: tass_agency,slovakia,222,credited-by-mirror
Telegram: tass_digest,hungary,1,credited-by-mirror
Telegram: tass_digest,romania,1,credited-by-mirror
Telegram: tass_south,romania,1,credited-by-mirror
Telegram: tass_world,czechia,79,credited-by-mirror
Telegram: tass_world,deutsch,1372,credited-by-mirror
Telegram: tass_world,hungary,597,credited-by-mirror
Telegram: tass_world,moldova,258,credited-by-mirror
Telegram: tass_world,poland,382,credited-by-mirror
Telegram: tass_world,romania,160,credited-by-mirror
Telegram: tass_world,slovakia,161,credited-by-mirror
Telegram: tatianaiovv,romania,1,credited-by-mirror
Telegram: taxeles,deutsch,1231,credited-by-mirror
Telegram: tchk14,hungary,7,credited-by-mirror
Telegram: tchk14,poland,10,credited-by-mirror
Telegram: tchk14,romania,5,credited-by-mirror
Telegram: tchk14,slovakia,4,credited-by-mirror
Telegram: teatrnadoskah,deutsch,14,credited-by-mirror
Telegram: telegaonlineofficial,moldova,3,credited-by-mirror
Telegram: televiziaslovan,slovakia,4,credited-by-mirror
Telegram: televiziaslovannazivo,slovakia,1,credited-by-mirror
Telegram: tema_channel,moldova,8,credited-by-mirror
Telegram: tema_channel,romania,2,credited-by-mirror
Telegram: teni_migrantov,poland,3,credited-by-mirror
Telegram: tenipravdy,moldova,10,credited-by-mirror
Telegram: the_agenda,poland,12,credited-by-mirror
Telegram: the_military_analytics,czechia,1,credited-by-mirror
Telegram: the_military_analytics,hungary,1,credited-by-mirror
Telegram: the_military_analytics,romania,1,credited-by-mirror
Telegram: the_military_analytics,slovakia,1,credited-by-mirror
Telegram: the_other_Ukraine,deutsch,8,credited-by-mirror
Telegram: the_other_Ukraine,moldova,354,credited-by-mirror
Telegram: the_other_Ukraine,poland,2,credited-by-mirror
Telegram: the_other_ukraina,moldova,89,credited-by-mirror
Telegram: the_yana_poplavskaya,hungary,1,credited-by-mirror
Telegram: the_yana_poplavskaya,moldova,11,credited-by-mirror
Telegram: theblogcat1,deutsch,20,credited-by-mirror
Telegram: thegraschenkov,hungary,2,credited-by-mirror
Telegram: thehegemonist,poland,2,credited-by-mirror
Telegram: theobservereffect21,poland,3,credited-by-mirror
Telegram: theoldworldtruth,czechia,1,credited-by-mirror
Telegram: thinkaboutism,moldova,3,credited-by-mirror
Telegram: thuroczyrichard,hungary,14,credited-by-mirror
Telegram: tierraplana,czechia,1,credited-by-mirror
Telegram: tikandelaki,deutsch,16,credited-by-mirror
Telegram: tikandelaki,hungary,2,credited-by-mirror
Telegram: tikandelaki,moldova,2,credited-by-mirror
Telegram: tikandelaki,poland,2,credited-by-mirror
Telegram: tikandelaki,romania,2,credited-by-mirror
Telegram: tikandelaki,slovakia,3,credited-by-mirror
Telegram: tiktak_pravda_v_suvislostiach,slovakia,2,credited-by-mirror
Telegram: timborisov,deutsch,18,credited-by-mirror
Telegram: timmkellner,deutsch,10,credited-by-mirror
Telegram: tirdea,moldova,665,credited-by-mirror
Telegram: tirdea,romania,1,credited-by-mirror
Telegram: tirdeabogdan,moldova,80,credited-by-mirror
Telegram: tlamiczka_public,czechia,347,credited-by-mirror
Telegram: to_je_nas_svet,czechia,11300,credited-by-mirror
Telegram: to_je_nas_svet,slovakia,3,credited-by-mirror
Telegram: tokanamd,moldova,1959,credited-by-mirror
Telegram: tolk_tolk,romania,1,credited-by-mirror
Telegram: tomastaraba,slovakia,20,credited-by-mirror
Telegram: tomaszgryguc,poland,18,credited-by-mirror
Telegram: tomdabassman,deutsch,26,credited-by-mirror
Telegram: tommypositiv,deutsch,49,credited-by-mirror
Telegram: tonychinross,poland,2,credited-by-mirror
Telegram: topinfographic,deutsch,21,credited-by-mirror
Telegram: topinfographic,hungary,3,credited-by-mirror
Telegram: topinfographic,poland,5,credited-by-mirror
Telegram: topnews_at,deutsch,166,credited-by-mirror
Telegram: torden_sk,slovakia,11,credited-by-mirror
Telegram: toroczkai,hungary,74,credited-by-mirror
Telegram: tothkriszta_szemlezo,hungary,2,credited-by-mirror
Telegram: traditia,moldova,4,credited-by-mirror
Telegram: tragediakresow,poland,58,credited-by-mirror
Telegram: trech_kich,moldova,5904,credited-by-mirror
Telegram: trenduripoliticeactuale,moldova,576,credited-by-mirror
Telegram: trenduripoliticeactuale,romania,139,credited-by-mirror
Telegram: tresh_trupy_svo_crocus_scott,hungary,1,credited-by-mirror
Telegram: treugolniklpr,poland,2,credited-by-mirror
Telegram: tribyna_ru,czechia,1,credited-by-mirror
Telegram: tribyna_ru,hungary,1,credited-by-mirror
Telegram: tribyna_ru,slovakia,1,credited-by-mirror
Telegram: tricolorthednestr,moldova,95,credited-by-mirror
Telegram: triunghiulbasarabean,moldova,2821,credited-by-mirror
Telegram: triunghiulbasarabean,romania,21190,credited-by-mirror
Telegram: truekpru,czechia,21,credited-by-mirror
Telegram: truekpru,deutsch,385,credited-by-mirror
Telegram: truekpru,hungary,30,credited-by-mirror
Telegram: truekpru,moldova,58,credited-by-mirror
Telegram: truekpru,poland,103,credited-by-mirror
Telegram: truekpru,romania,27,credited-by-mirror
Telegram: truekpru,slovakia,41,credited-by-mirror
Telegram: truekpspbru,romania,1,credited-by-mirror
Telegram: trueolen,poland,2,credited-by-mirror
Telegram: truexa_moldova_news,moldova,5,credited-by-mirror
Telegram: trzeciaWojnaSwiatowa,poland,13,credited-by-mirror
Telegram: tsargradtv,czechia,99,credited-by-mirror
Telegram: tsargradtv,deutsch,2159,credited-by-mirror
Telegram: tsargradtv,hungary,412,credited-by-mirror
Telegram: tsargradtv,moldova,241,credited-by-mirror
Telegram: tsargradtv,poland,874,credited-by-mirror
Telegram: tsargradtv,romania,199,credited-by-mirror
Telegram: tsargradtv,slovakia,191,credited-by-mirror
Telegram: tsargradtv_stream,romania,1,credited-by-mirror
Telegram: tsargradvazhno,hungary,1,credited-by-mirror
Telegram: tsargradvazhno,romania,2,credited-by-mirror
Telegram: tsargradvazhno,slovakia,1,credited-by-mirror
Telegram: tsps2021,moldova,4,credited-by-mirror
Telegram: tsps2021,romania,2,credited-by-mirror
Telegram: tsurkannikita,moldova,9,credited-by-mirror
Telegram: ttambyl,czechia,1,credited-by-mirror
Telegram: ttambyl,deutsch,46,credited-by-mirror
Telegram: ttambyl,hungary,1,credited-by-mirror
Telegram: ttambyl,moldova,11,credited-by-mirror
Telegram: ttambyl,poland,17,credited-by-mirror
Telegram: ttambyl,romania,1,credited-by-mirror
Telegram: tuckerrus,romania,1,credited-by-mirror
Telegram: tudasmania,hungary,2,credited-by-mirror
Telegram: turan_express,deutsch,12,credited-by-mirror
Telegram: turan_express,moldova,9,credited-by-mirror
Telegram: turan_express,romania,4,credited-by-mirror
Telegram: tv360,czechia,29,credited-by-mirror
Telegram: tv360,deutsch,520,credited-by-mirror
Telegram: tv360,hungary,61,credited-by-mirror
Telegram: tv360,moldova,41,credited-by-mirror
Telegram: tv360,poland,148,credited-by-mirror
Telegram: tv360,romania,37,credited-by-mirror
Telegram: tv360,slovakia,43,credited-by-mirror
Telegram: tv6md,moldova,233,credited-by-mirror
Telegram: tv6moldovanews,moldova,1335,credited-by-mirror
Telegram: tvc_ru,czechia,9,credited-by-mirror
Telegram: tvc_ru,deutsch,180,credited-by-mirror
Telegram: tvc_ru,hungary,38,credited-by-mirror
Telegram: tvc_ru,moldova,20,credited-by-mirror
Telegram: tvc_ru,poland,31,credited-by-mirror
Telegram: tvc_ru,romania,5,credited-by-mirror
Telegram: tvc_ru,slovakia,23,credited-by-mirror
Telegram: tvcrimea24,czechia,5,credited-by-mirror
Telegram: tvcrimea24,deutsch,192,credited-by-mirror
Telegram: tvcrimea24,hungary,7,credited-by-mirror
Telegram: tvcrimea24,moldova,30,credited-by-mirror
Telegram: tvcrimea24,poland,67,credited-by-mirror
Telegram: tvcrimea24,romania,11,credited-by-mirror
Telegram: tvctvc,deutsch,12,credited-by-mirror
Telegram: tvctvc,hungary,1,credited-by-mirror
Telegram: tvctvc,poland,7,credited-by-mirror
Telegram: tvctvc,romania,1,credited-by-mirror
Telegram: tvctvc,slovakia,1,credited-by-mirror
Telegram: tvdno,moldova,3,credited-by-mirror
Telegram: tvotv_sk,czechia,1,credited-by-mirror
Telegram: tvotv_sk,slovakia,1126,credited-by-mirror
Telegram: tvsalingrad,czechia,14,credited-by-mirror
Telegram: tvsalingrad,slovakia,9,credited-by-mirror
Telegram: tvvmichalaganovska,czechia,1,credited-by-mirror
Telegram: twojeteorie,poland,2,credited-by-mirror
Telegram: tyurenkov,hungary,1,credited-by-mirror
Telegram: tyurenkov,poland,2,credited-by-mirror
Telegram: tyurenkov,slovakia,1,credited-by-mirror
Telegram: uTCKdXqjjMozZDc0,poland,4,credited-by-mirror
Telegram: ua_tribunal,czechia,2,credited-by-mirror
Telegram: ua_tribunal,deutsch,9,credited-by-mirror
Telegram: ua_tribunal,hungary,1,credited-by-mirror
Telegram: ua_tribunal,poland,6,credited-by-mirror
Telegram: ua_tribunal,romania,1,credited-by-mirror
Telegram: uac_ru,poland,2,credited-by-mirror
Telegram: ucrainaruseasca,moldova,12,credited-by-mirror
Telegram: ucrainaruseasca,romania,2149,credited-by-mirror
Telegram: ujvilagtudat,hungary,1,credited-by-mirror
Telegram: uk100a,czechia,29141,credited-by-mirror
Telegram: uk100a,slovakia,2,credited-by-mirror
Telegram: ukol_z,slovakia,1,credited-by-mirror
Telegram: ukr_2025_ru,czechia,152,credited-by-mirror
Telegram: ukr_2025_ru,deutsch,6530,credited-by-mirror
Telegram: ukr_2025_ru,hungary,711,credited-by-mirror
Telegram: ukr_2025_ru,moldova,359,credited-by-mirror
Telegram: ukr_2025_ru,poland,1086,credited-by-mirror
Telegram: ukr_2025_ru,romania,298,credited-by-mirror
Telegram: ukr_2025_ru,slovakia,278,credited-by-mirror
Telegram: ukr_leaks,deutsch,158,credited-by-mirror
Telegram: ukr_leaks_analytics,czechia,5,credited-by-mirror
Telegram: ukr_leaks_analytics,deutsch,43,credited-by-mirror
Telegram: ukr_leaks_analytics,hungary,6,credited-by-mirror
Telegram: ukr_leaks_analytics,poland,20,credited-by-mirror
Telegram: ukr_leaks_analytics,romania,2,credited-by-mirror
Telegram: ukr_leaks_analytics,slovakia,3,credited-by-mirror
Telegram: ukr_leaks_de,deutsch,6688,credited-by-mirror
Telegram: ukr_leaks_hu,hungary,1357,credited-by-mirror
Telegram: ukr_leaks_pl,poland,9908,credited-by-mirror
Telegram: ukr_leaks_sk,slovakia,1706,credited-by-mirror
Telegram: ukraina_ru,czechia,111,credited-by-mirror
Telegram: ukraina_ru,deutsch,970,credited-by-mirror
Telegram: ukraina_ru,hungary,228,credited-by-mirror
Telegram: ukraina_ru,moldova,184,credited-by-mirror
Telegram: ukraina_ru,poland,836,credited-by-mirror
Telegram: ukraina_ru,romania,138,credited-by-mirror
Telegram: ukraina_ru,slovakia,127,credited-by-mirror
Telegram: ultimaoramd,moldova,8079,credited-by-mirror
Telegram: ultimaoramd,romania,372,credited-by-mirror
Telegram: umvd_92,poland,3,credited-by-mirror
Telegram: unabhaengig_neutral,deutsch,41,credited-by-mirror
Telegram: unclebromberg,slovakia,2,credited-by-mirror
Telegram: uncut_news,deutsch,7563,credited-by-mirror
Telegram: uncutnews_schlagzeilen,deutsch,27,credited-by-mirror
Telegram: underside_org,czechia,4,credited-by-mirror
Telegram: underside_org,poland,4,credited-by-mirror
Telegram: underside_org,romania,1,credited-by-mirror
Telegram: unzensiertnewsde,deutsch,100,credited-by-mirror
Telegram: update_xtg,moldova,96,credited-by-mirror
Telegram: update_xtg,romania,1,credited-by-mirror
Telegram: ural2205,slovakia,14,credited-by-mirror
Telegram: urallive,hungary,1,credited-by-mirror
Telegram: urallive,poland,10,credited-by-mirror
Telegram: uranews,czechia,17,credited-by-mirror
Telegram: uranews,deutsch,339,credited-by-mirror
Telegram: uranews,hungary,75,credited-by-mirror
Telegram: uranews,moldova,72,credited-by-mirror
Telegram: uranews,poland,131,credited-by-mirror
Telegram: uranews,romania,42,credited-by-mirror
Telegram: uranews,slovakia,59,credited-by-mirror
Telegram: url_mash,czechia,5,credited-by-mirror
Telegram: url_mash,deutsch,13,credited-by-mirror
Telegram: url_mash,hungary,2,credited-by-mirror
Telegram: url_mash,moldova,4,credited-by-mirror
Telegram: url_mash,poland,4,credited-by-mirror
Telegram: usaperiodical,czechia,1,credited-by-mirror
Telegram: usaperiodical,deutsch,12,credited-by-mirror
Telegram: usaperiodical,poland,2,credited-by-mirror
Telegram: usaperiodical,romania,1,credited-by-mirror
Telegram: uschovnacz,czechia,3,credited-by-mirror
Telegram: uschovnacz,slovakia,1,credited-by-mirror
Telegram: usmiechnietapolska,poland,7,credited-by-mirror
Telegram: usparus,poland,2,credited-by-mirror
Telegram: utopiaAnti,slovakia,522,credited-by-mirror
Telegram: utpfo,moldova,5,credited-by-mirror
Telegram: uzdraveni24,czechia,4,credited-by-mirror
Telegram: uzelsv,hungary,1,credited-by-mirror
Telegram: uzelsv,romania,1,credited-by-mirror
Telegram: uzelsvjazi,czechia,2,credited-by-mirror
Telegram: uzelsvjazi,poland,3,credited-by-mirror
Telegram: v_and_z,czechia,1,credited-by-mirror
Telegram: v_and_z,deutsch,77,credited-by-mirror
Telegram: v_and_z,hungary,11,credited-by-mirror
Telegram: v_and_z,moldova,8,credited-by-mirror
Telegram: v_and_z,poland,38,credited-by-mirror
Telegram: v_and_z,romania,2,credited-by-mirror
Telegram: v_and_z,slovakia,5,credited-by-mirror
Telegram: va_konstantinov,czechia,2,credited-by-mirror
Telegram: va_konstantinov,deutsch,103,credited-by-mirror
Telegram: va_konstantinov,hungary,13,credited-by-mirror
Telegram: va_konstantinov,moldova,10,credited-by-mirror
Telegram: va_konstantinov,poland,23,credited-by-mirror
Telegram: va_konstantinov,romania,9,credited-by-mirror
Telegram: va_konstantinov,slovakia,4,credited-by-mirror
Telegram: vadhajtasok,hungary,13,credited-by-mirror
Telegram: vadim_trukhachyov,moldova,10,credited-by-mirror
Telegram: vadimceban,moldova,5,credited-by-mirror
Telegram: vadimceban,romania,2,credited-by-mirror
Telegram: vadimvts1,czechia,2,credited-by-mirror
Telegram: vadimvts1,moldova,2,credited-by-mirror
Telegram: vadimvts1,poland,5,credited-by-mirror
Telegram: vakciny_CZ_SK,czechia,2,credited-by-mirror
Telegram: valdaiclub,romania,1,credited-by-mirror
Telegram: valentinbogdanov,deutsch,81,credited-by-mirror
Telegram: valentinbogdanov,hungary,6,credited-by-mirror
Telegram: valentinbogdanov,poland,10,credited-by-mirror
Telegram: valentinbogdanov,romania,4,credited-by-mirror
Telegram: valentinbogdanov,slovakia,3,credited-by-mirror
Telegram: valeriyatroitskaya,czechia,3,credited-by-mirror
Telegram: valeriyatroitskaya,deutsch,12,credited-by-mirror
Telegram: valeriyatroitskaya,hungary,2,credited-by-mirror
Telegram: valeriyatroitskaya,moldova,3,credited-by-mirror
Telegram: valeriyatroitskaya,poland,13,credited-by-mirror
Telegram: valeriyatroitskaya,romania,2,credited-by-mirror
Telegram: valeriyatroitskaya,slovakia,3,credited-by-mirror
Telegram: vasespravy,slovakia,596,credited-by-mirror
Telegram: vashastaya,romania,1,credited-by-mirror
Telegram: vashy_slivy,poland,85,credited-by-mirror
Telegram: vasiletarlev,moldova,73,credited-by-mirror
Telegram: vasilievodessa,hungary,1,credited-by-mirror
Telegram: vasilievodessa,poland,2,credited-by-mirror
Telegram: vatfor,hungary,1,credited-by-mirror
Telegram: vatfor,romania,2,credited-by-mirror
Telegram: vdtahu,hungary,28,credited-by-mirror
Telegram: veciverejne,slovakia,4,credited-by-mirror
Telegram: vector_stiri,romania,2,credited-by-mirror
Telegram: vedomosti,czechia,9,credited-by-mirror
Telegram: vedomosti,deutsch,104,credited-by-mirror
Telegram: vedomosti,hungary,32,credited-by-mirror
Telegram: vedomosti,moldova,28,credited-by-mirror
Telegram: vedomosti,poland,24,credited-by-mirror
Telegram: vedomosti,romania,13,credited-by-mirror
Telegram: vedomosti,slovakia,10,credited-by-mirror
Telegram: vedomstvo_rf,hungary,1,credited-by-mirror
Telegram: vedomstvo_rf,moldova,16,credited-by-mirror
Telegram: vekabsurda,moldova,6,credited-by-mirror
Telegram: velkeslovanskedubisko,slovakia,13,credited-by-mirror
Telegram: velvyslanectvoruska,czechia,2,credited-by-mirror
Telegram: velvyslanectvoruska,deutsch,10,credited-by-mirror
Telegram: velvyslanectvoruska,hungary,1,credited-by-mirror
Telegram: velvyslanectvoruska,poland,3,credited-by-mirror
Telegram: velvyslanectvoruska,romania,1,credited-by-mirror
Telegram: velvyslanectvoruska,slovakia,631,credited-by-mirror
Telegram: vereinigteWahrheitsbewegung,deutsch,39,credited-by-mirror
Telegram: vesti92,deutsch,50,credited-by-mirror
Telegram: vesti92,hungary,1,credited-by-mirror
Telegram: vesti92,moldova,11,credited-by-mirror
Telegram: vesti92,poland,3,credited-by-mirror
Telegram: vesti92,romania,3,credited-by-mirror
Telegram: vesti_dezhurnaya_chast,czechia,5,credited-by-mirror
Telegram: vesti_dezhurnaya_chast,deutsch,35,credited-by-mirror
Telegram: vesti_dezhurnaya_chast,hungary,2,credited-by-mirror
Telegram: vesti_dezhurnaya_chast,moldova,9,credited-by-mirror
Telegram: vesti_dezhurnaya_chast,poland,15,credited-by-mirror
Telegram: vesti_dezhurnaya_chast,romania,1,credited-by-mirror
Telegram: vesticrimea,czechia,2,credited-by-mirror
Telegram: vesticrimea,deutsch,99,credited-by-mirror
Telegram: vesticrimea,moldova,28,credited-by-mirror
Telegram: vesticrimea,poland,14,credited-by-mirror
Telegram: vesticrimea,romania,5,credited-by-mirror
Telegram: vestifinance_ru,hungary,1,credited-by-mirror
Telegram: vestiru24,czechia,63,credited-by-mirror
Telegram: vestiru24,deutsch,1607,credited-by-mirror
Telegram: vestiru24,hungary,400,credited-by-mirror
Telegram: vestiru24,moldova,298,credited-by-mirror
Telegram: vestiru24,poland,360,credited-by-mirror
Telegram: vestiru24,romania,126,credited-by-mirror
Telegram: vestiru24,slovakia,173,credited-by-mirror
Telegram: vestniksrb,czechia,4,credited-by-mirror
Telegram: vestniksrb,deutsch,43,credited-by-mirror
Telegram: vestniksrb,hungary,24,credited-by-mirror
Telegram: vestniksrb,moldova,5,credited-by-mirror
Telegram: vestniksrb,poland,5,credited-by-mirror
Telegram: vestniksrb,romania,17,credited-by-mirror
Telegram: vestniksrb,slovakia,3,credited-by-mirror
Telegram: vesv_rf,romania,2,credited-by-mirror
Telegram: vetvicka,czechia,1,credited-by-mirror
Telegram: vezhlivo_ru,czechia,4,credited-by-mirror
Telegram: vezhlivo_ru,deutsch,55,credited-by-mirror
Telegram: vezhlivo_ru,moldova,2,credited-by-mirror
Telegram: vezhlivo_ru,poland,25,credited-by-mirror
Telegram: vezhlivo_ru,romania,4,credited-by-mirror
Telegram: vibornyk,hungary,2,credited-by-mirror
Telegram: vibornyk,moldova,3,credited-by-mirror
Telegram: viclecticas,hungary,1,credited-by-mirror
Telegram: victorie_blocul,moldova,5,credited-by-mirror
Telegram: victorstepanych,czechia,1,credited-by-mirror
Telegram: victorstepanych,deutsch,8,credited-by-mirror
Telegram: victorstepanych,hungary,2,credited-by-mirror
Telegram: victorstepanych,moldova,92,credited-by-mirror
Telegram: victorstepanych,poland,7,credited-by-mirror
Telegram: victorstepanych,romania,3,credited-by-mirror
Telegram: videonoviny,slovakia,9,credited-by-mirror
Telegram: viel_los,deutsch,71,credited-by-mirror
Telegram: viitor_md,moldova,80,credited-by-mirror
Telegram: viitorulmoldovei,moldova,10,credited-by-mirror
Telegram: viktornpetrov,moldova,4,credited-by-mirror
Telegram: viktorsmidt,moldova,6,credited-by-mirror
Telegram: violavolkova,czechia,1,credited-by-mirror
Telegram: violavolkova,deutsch,9,credited-by-mirror
Telegram: violavolkova,hungary,1,credited-by-mirror
Telegram: violavolkova,poland,3,credited-by-mirror
Telegram: vitalieflorea,moldova,3,credited-by-mirror
Telegram: vitalieflorea,romania,1,credited-by-mirror
Telegram: vitazstvosvetla,czechia,1,credited-by-mirror
Telegram: vitazstvosvetla,slovakia,4,credited-by-mirror
Telegram: vityzeva,czechia,78,credited-by-mirror
Telegram: vityzeva,deutsch,1399,credited-by-mirror
Telegram: vityzeva,hungary,332,credited-by-mirror
Telegram: vityzeva,moldova,87,credited-by-mirror
Telegram: vityzeva,poland,634,credited-by-mirror
Telegram: vityzeva,romania,125,credited-by-mirror
Telegram: vityzeva,slovakia,87,credited-by-mirror
Telegram: vizioner_rf,moldova,14,credited-by-mirror
Telegram: vladbiletchi,moldova,31,credited-by-mirror
Telegram: vladbiletchi,romania,4,credited-by-mirror
Telegram: vladfilat1,moldova,353,credited-by-mirror
Telegram: vladfilat1,romania,22,credited-by-mirror
Telegram: vladivostok1978,czechia,10,credited-by-mirror
Telegram: vladivostok1978,deutsch,137,credited-by-mirror
Telegram: vladivostok1978,hungary,35,credited-by-mirror
Telegram: vladivostok1978,moldova,4,credited-by-mirror
Telegram: vladivostok1978,poland,30,credited-by-mirror
Telegram: vladivostok1978,romania,5,credited-by-mirror
Telegram: vladivostok1978,slovakia,14,credited-by-mirror
Telegram: vladplahotniucmd,moldova,3,credited-by-mirror
Telegram: vlnovagenetika_cz,czechia,2,credited-by-mirror
Telegram: vmalenko,czechia,1,credited-by-mirror
Telegram: vmarahovsky,poland,3,credited-by-mirror
Telegram: vmarahovsky,romania,2,credited-by-mirror
Telegram: vmarahovsky,slovakia,1,credited-by-mirror
Telegram: voblya_novosti_voina,moldova,46,credited-by-mirror
Telegram: voceamoldovei,moldova,5,credited-by-mirror
Telegram: voda_daniel,moldova,27,credited-by-mirror
Telegram: voda_daniel,romania,2,credited-by-mirror
Telegram: vodacrimearu,poland,2,credited-by-mirror
Telegram: voelkerderwelt,deutsch,776,credited-by-mirror
Telegram: voenacher,czechia,22,credited-by-mirror
Telegram: voenacher,deutsch,204,credited-by-mirror
Telegram: voenacher,hungary,13,credited-by-mirror
Telegram: voenacher,moldova,17,credited-by-mirror
Telegram: voenacher,poland,67,credited-by-mirror
Telegram: voenacher,romania,18,credited-by-mirror
Telegram: voenacher,slovakia,28,credited-by-mirror
Telegram: voenacherclub,romania,1,credited-by-mirror
Telegram: voenkorKotenok,czechia,15,credited-by-mirror
Telegram: voenkorKotenok,deutsch,432,credited-by-mirror
Telegram: voenkorKotenok,hungary,38,credited-by-mirror
Telegram: voenkorKotenok,moldova,72,credited-by-mirror
Telegram: voenkorKotenok,poland,120,credited-by-mirror
Telegram: voenkorKotenok,romania,75,credited-by-mirror
Telegram: voenkorKotenok,slovakia,21,credited-by-mirror
Telegram: voenkor_evtushenko,czechia,3,credited-by-mirror
Telegram: voenkor_evtushenko,deutsch,56,credited-by-mirror
Telegram: voenkor_evtushenko,hungary,2,credited-by-mirror
Telegram: voenkor_evtushenko,poland,6,credited-by-mirror
Telegram: voenkor_evtushenko,slovakia,4,credited-by-mirror
Telegram: voenkor_gavrish,czechia,4,credited-by-mirror
Telegram: voenkor_gavrish,deutsch,14,credited-by-mirror
Telegram: voenkor_gavrish,hungary,2,credited-by-mirror
Telegram: voenkor_gavrish,poland,12,credited-by-mirror
Telegram: voenkor_gavrish,romania,2,credited-by-mirror
Telegram: voenkor_gavrish,slovakia,4,credited-by-mirror
Telegram: voenkorkhayrullin,czechia,2,credited-by-mirror
Telegram: voenkorkhayrullin,deutsch,53,credited-by-mirror
Telegram: voenkorkhayrullin,hungary,4,credited-by-mirror
Telegram: voenkorkhayrullin,moldova,24,credited-by-mirror
Telegram: voenkorkhayrullin,poland,21,credited-by-mirror
Telegram: voenkorkhayrullin,romania,7,credited-by-mirror
Telegram: voenkorkhayrullin,slovakia,1,credited-by-mirror
Telegram: voenndelo,moldova,4,credited-by-mirror
Telegram: voenovosti,czechia,1,credited-by-mirror
Telegram: voicesevas,deutsch,12,credited-by-mirror
Telegram: voicesevas,hungary,1,credited-by-mirror
Telegram: voicesevas,poland,2,credited-by-mirror
Telegram: voin_dv,czechia,27,credited-by-mirror
Telegram: voin_dv,deutsch,245,credited-by-mirror
Telegram: voin_dv,hungary,136,credited-by-mirror
Telegram: voin_dv,moldova,21,credited-by-mirror
Telegram: voin_dv,poland,115,credited-by-mirror
Telegram: voin_dv,romania,22,credited-by-mirror
Telegram: voin_dv,slovakia,66,credited-by-mirror
Telegram: volnazona,slovakia,1,credited-by-mirror
Telegram: vorobiev_live,czechia,1,credited-by-mirror
Telegram: vostalep,moldova,140,credited-by-mirror
Telegram: vozlevoiny,poland,2,credited-by-mirror
Telegram: vprossia,slovakia,1,credited-by-mirror
Telegram: vr_medinskiy,hungary,1,credited-by-mirror
Telegram: vr_medinskiy,moldova,3,credited-by-mirror
Telegram: vr_medinskiy,poland,6,credited-by-mirror
Telegram: vr_medinskiy,slovakia,1,credited-by-mirror
Telegram: vrogov,czechia,9,credited-by-mirror
Telegram: vrogov,deutsch,296,credited-by-mirror
Telegram: vrogov,hungary,10,credited-by-mirror
Telegram: vrogov,moldova,22,credited-by-mirror
Telegram: vrogov,poland,54,credited-by-mirror
Telegram: vrogov,romania,8,credited-by-mirror
Telegram: vrogov,slovakia,9,credited-by-mirror
Telegram: vsanduta,moldova,2,credited-by-mirror
Telegram: vsanduta,romania,2,credited-by-mirror
Telegram: vsetkyspravy,czechia,5,credited-by-mirror
Telegram: vsetkyspravy,slovakia,6446,credited-by-mirror
Telegram: vtememd,moldova,7,credited-by-mirror
Telegram: vtememdd,moldova,11,credited-by-mirror
Telegram: vv_volodin,czechia,5,credited-by-mirror
Telegram: vv_volodin,deutsch,41,credited-by-mirror
Telegram: vv_volodin,hungary,6,credited-by-mirror
Telegram: vv_volodin,moldova,2,credited-by-mirror
Telegram: vv_volodin,poland,12,credited-by-mirror
Telegram: vv_volodin,romania,6,credited-by-mirror
Telegram: vv_volodin,slovakia,7,credited-by-mirror
Telegram: vybora,moldova,26,credited-by-mirror
Telegram: vysielacnarodnyhlas,slovakia,10,credited-by-mirror
Telegram: vysokygovorit,czechia,8,credited-by-mirror
Telegram: vysokygovorit,deutsch,154,credited-by-mirror
Telegram: vysokygovorit,hungary,18,credited-by-mirror
Telegram: vysokygovorit,moldova,2,credited-by-mirror
Telegram: vysokygovorit,poland,77,credited-by-mirror
Telegram: vysokygovorit,romania,9,credited-by-mirror
Telegram: vysokygovorit,slovakia,7,credited-by-mirror
Telegram: vyvorot,hungary,2,credited-by-mirror
Telegram: vzglyad_ru,czechia,1,credited-by-mirror
Telegram: vzglyad_ru,deutsch,22,credited-by-mirror
Telegram: vzglyad_ru,hungary,1,credited-by-mirror
Telegram: vzglyad_ru,moldova,37,credited-by-mirror
Telegram: vzglyad_ru,poland,24,credited-by-mirror
Telegram: vzglyad_ru,romania,2,credited-by-mirror
Telegram: vzizmd,moldova,2,credited-by-mirror
Telegram: vzizmd,romania,1,credited-by-mirror
Telegram: wadim_manukyan,hungary,1,credited-by-mirror
Telegram: war24022022,romania,1,credited-by-mirror
Telegram: war_batka,moldova,95,credited-by-mirror
Telegram: war_ukr_russ,moldova,3,credited-by-mirror
Telegram: warfakeees,deutsch,39,credited-by-mirror
Telegram: warfakeees,hungary,5,credited-by-mirror
Telegram: warfakeees,poland,22,credited-by-mirror
Telegram: warfakeees,romania,3,credited-by-mirror
Telegram: warfakes,czechia,52,credited-by-mirror
Telegram: warfakes,deutsch,641,credited-by-mirror
Telegram: warfakes,hungary,77,credited-by-mirror
Telegram: warfakes,moldova,57,credited-by-mirror
Telegram: warfakes,poland,232,credited-by-mirror
Telegram: warfakes,romania,77,credited-by-mirror
Telegram: warfakes,slovakia,61,credited-by-mirror
Telegram: wargonzo,czechia,42,credited-by-mirror
Telegram: wargonzo,deutsch,339,credited-by-mirror
Telegram: wargonzo,hungary,73,credited-by-mirror
Telegram: wargonzo,moldova,76,credited-by-mirror
Telegram: wargonzo,poland,132,credited-by-mirror
Telegram: wargonzo,romania,66,credited-by-mirror
Telegram: wargonzo,slovakia,40,credited-by-mirror
Telegram: wargonzomerch,czechia,1,credited-by-mirror
Telegram: wargonzomerch,hungary,1,credited-by-mirror
Telegram: wargonzomerch,romania,1,credited-by-mirror
Telegram: wargonzomerch,slovakia,1,credited-by-mirror
Telegram: warhistoryalconafter,czechia,148,credited-by-mirror
Telegram: warhistoryalconafter,deutsch,1912,credited-by-mirror
Telegram: warhistoryalconafter,hungary,382,credited-by-mirror
Telegram: warhistoryalconafter,moldova,202,credited-by-mirror
Telegram: warhistoryalconafter,poland,657,credited-by-mirror
Telegram: warhistoryalconafter,romania,179,credited-by-mirror
Telegram: warhistoryalconafter,slovakia,164,credited-by-mirror
Telegram: warriorofnorth,czechia,1,credited-by-mirror
Telegram: warriorofnorth,deutsch,29,credited-by-mirror
Telegram: warriorofnorth,hungary,2,credited-by-mirror
Telegram: warriorofnorth,poland,9,credited-by-mirror
Telegram: warriorofnorth,romania,4,credited-by-mirror
Telegram: warriorofnorth,slovakia,1,credited-by-mirror
Telegram: waspbroadcastcz,czechia,8,credited-by-mirror
Telegram: waspbroadcastcz,slovakia,1,credited-by-mirror
Telegram: webkamert,czechia,1,credited-by-mirror
Telegram: webkamert,poland,3,credited-by-mirror
Telegram: webkamert,romania,1,credited-by-mirror
Telegram: wfg2O24,slovakia,1,credited-by-mirror
Telegram: wiedziecwiecej,poland,1824,credited-by-mirror
Telegram: wiktorviktor,poland,7,credited-by-mirror
Telegram: wirmachenauf_de,deutsch,33,credited-by-mirror
Telegram: wisedruidd,deutsch,28,credited-by-mirror
Telegram: wisedruidd,hungary,8,credited-by-mirror
Telegram: wisedruidd,moldova,39,credited-by-mirror
Telegram: wisedruidd,poland,13,credited-by-mirror
Telegram: wisedruidd,romania,2,credited-by-mirror
Telegram: wisedruidd,slovakia,5,credited-by-mirror
Telegram: wjatscheslawseewald,deutsch,613,credited-by-mirror
Telegram: wojNaWUARus,poland,1288,credited-by-mirror
Telegram: wolna_fantastyka,poland,22,credited-by-mirror
Telegram: world50475,poland,5,credited-by-mirror
Telegram: worldandwe,romania,1,credited-by-mirror
Telegram: worldwar2214,moldova,15,credited-by-mirror
Telegram: wtfmoldova,moldova,2464,credited-by-mirror
Telegram: wyffest,slovakia,1,credited-by-mirror
Telegram: xxlszu,slovakia,2,credited-by-mirror
Telegram: xydessa,romania,1,credited-by-mirror
Telegram: yakemenko,deutsch,16,credited-by-mirror
Telegram: yakemenko,hungary,1,credited-by-mirror
Telegram: yakemenko,moldova,4,credited-by-mirror
Telegram: yakemenko,poland,5,credited-by-mirror
Telegram: yakemenko,slovakia,1,credited-by-mirror
Telegram: yanina_pavlenko,czechia,2,credited-by-mirror
Telegram: yanina_pavlenko,deutsch,11,credited-by-mirror
Telegram: yanina_pavlenko,hungary,1,credited-by-mirror
Telegram: yanina_pavlenko,romania,1,credited-by-mirror
Telegram: yanina_pavlenko,slovakia,1,credited-by-mirror
Telegram: yaremshooter,romania,1,credited-by-mirror
Telegram: yaroslav_belousov,czechia,1,credited-by-mirror
Telegram: ybp_mdru,moldova,11,credited-by-mirror
Telegram: yedkiy,hungary,1,credited-by-mirror
Telegram: youlistenedmayak,czechia,1,credited-by-mirror
Telegram: youlistenedmayak,deutsch,158,credited-by-mirror
Telegram: youlistenedmayak,hungary,56,credited-by-mirror
Telegram: youlistenedmayak,moldova,26,credited-by-mirror
Telegram: youlistenedmayak,poland,47,credited-by-mirror
Telegram: youlistenedmayak,romania,7,credited-by-mirror
Telegram: youlistenedmayak,slovakia,20,credited-by-mirror
Telegram: youthrussia,slovakia,1,credited-by-mirror
Telegram: yugsn,poland,2,credited-by-mirror
Telegram: yurasumy,czechia,63,credited-by-mirror
Telegram: yurasumy,deutsch,1039,credited-by-mirror
Telegram: yurasumy,hungary,94,credited-by-mirror
Telegram: yurasumy,moldova,133,credited-by-mirror
Telegram: yurasumy,poland,178,credited-by-mirror
Telegram: yurasumy,romania,96,credited-by-mirror
Telegram: yurasumy,slovakia,79,credited-by-mirror
Telegram: yurist_yug,czechia,1,credited-by-mirror
Telegram: yurist_yug,deutsch,8,credited-by-mirror
Telegram: yurist_yug,hungary,4,credited-by-mirror
Telegram: yurist_yug,moldova,3,credited-by-mirror
Telegram: yurist_yug,poland,7,credited-by-mirror
Telegram: yurist_yug,romania,2,credited-by-mirror
Telegram: yuzhny_front_ZOV,deutsch,13,credited-by-mirror
Telegram: yuzhny_front_ZOV,hungary,3,credited-by-mirror
Telegram: yuzhny_front_ZOV,poland,6,credited-by-mirror
Telegram: yuzhny_front_ZOV,romania,1,credited-by-mirror
Telegram: zachistka_ua,hungary,1,credited-by-mirror
Telegram: zachistka_ua,poland,4,credited-by-mirror
Telegram: zachistka_ua,slovakia,1,credited-by-mirror
Telegram: zahadyakonspirace,czechia,19,credited-by-mirror
Telegram: zahadyakonspirace,slovakia,16,credited-by-mirror
Telegram: zajac5,poland,13,credited-by-mirror
Telegram: zakazane_informace,czechia,1,credited-by-mirror
Telegram: zakharprilepin,czechia,8,credited-by-mirror
Telegram: zakharprilepin,deutsch,125,credited-by-mirror
Telegram: zakharprilepin,hungary,23,credited-by-mirror
Telegram: zakharprilepin,moldova,44,credited-by-mirror
Telegram: zakharprilepin,poland,66,credited-by-mirror
Telegram: zakharprilepin,romania,17,credited-by-mirror
Telegram: zakharprilepin,slovakia,19,credited-by-mirror
Telegram: zakonybohatstvi,slovakia,3,credited-by-mirror
Telegram: zangalis,poland,6,credited-by-mirror
Telegram: zapiskiamerikanista,hungary,1,credited-by-mirror
Telegram: zapiskitrad,czechia,1,credited-by-mirror
Telegram: zapiskitrad,deutsch,16,credited-by-mirror
Telegram: zapiskitrad,hungary,2,credited-by-mirror
Telegram: zapiskitrad,moldova,4,credited-by-mirror
Telegram: zapiskitrad,poland,5,credited-by-mirror
Telegram: zapiskitrad,romania,4,credited-by-mirror
Telegram: zapravduzp,czechia,4,credited-by-mirror
Telegram: zapravduzp,deutsch,117,credited-by-mirror
Telegram: zapravduzp,hungary,11,credited-by-mirror
Telegram: zapravduzp,moldova,30,credited-by-mirror
Telegram: zapravduzp,poland,61,credited-by-mirror
Telegram: zapravduzp,romania,16,credited-by-mirror
Telegram: zapravduzp,slovakia,4,credited-by-mirror
Telegram: zapretniychannel,moldova,7,credited-by-mirror
Telegram: zarubinreporter,deutsch,9,credited-by-mirror
Telegram: zarubinreporter,hungary,11,credited-by-mirror
Telegram: zarubinreporter,slovakia,1,credited-by-mirror
Telegram: zarussia_1,czechia,1,credited-by-mirror
Telegram: zarussia_1,deutsch,14,credited-by-mirror
Telegram: zarussia_1,hungary,3,credited-by-mirror
Telegram: zaslobodutrebabojovat,czechia,4,credited-by-mirror
Telegram: zaslobodutrebabojovat,poland,7,credited-by-mirror
Telegram: zaslobodutrebabojovat,slovakia,215,credited-by-mirror
Telegram: zdraviarozum,czechia,12,credited-by-mirror
Telegram: zdraviarozum,slovakia,2,credited-by-mirror
Telegram: zdravye_smysly,poland,2,credited-by-mirror
Telegram: zeinalovatv,czechia,4,credited-by-mirror
Telegram: zeinalovatv,deutsch,28,credited-by-mirror
Telegram: zeinalovatv,hungary,3,credited-by-mirror
Telegram: zeinalovatv,moldova,6,credited-by-mirror
Telegram: zeinalovatv,poland,13,credited-by-mirror
Telegram: zeinalovatv,romania,1,credited-by-mirror
Telegram: zeinalovatv,slovakia,2,credited-by-mirror
Telegram: zemavek,czechia,8,credited-by-mirror
Telegram: zemavek,slovakia,34910,credited-by-mirror
Telegram: zenyvsukni,slovakia,1,credited-by-mirror
Telegram: zhivoff,czechia,12,credited-by-mirror
Telegram: zhivoff,deutsch,368,credited-by-mirror
Telegram: zhivoff,hungary,80,credited-by-mirror
Telegram: zhivoff,moldova,52,credited-by-mirror
Telegram: zhivoff,poland,146,credited-by-mirror
Telegram: zhivoff,romania,56,credited-by-mirror
Telegram: zhivoff,slovakia,27,credited-by-mirror
Telegram: zhivoff22,hungary,1,credited-by-mirror
Telegram: zhivoff22,moldova,2,credited-by-mirror
Telegram: zhivoff22,slovakia,1,credited-by-mirror
Telegram: zhogaartem,moldova,3,credited-by-mirror
Telegram: zhogaartem,poland,2,credited-by-mirror
Telegram: zimenkin,deutsch,38,credited-by-mirror
Telegram: zimenkin,hungary,1,credited-by-mirror
Telegram: zimenkin,moldova,7,credited-by-mirror
Telegram: zimenkin,poland,4,credited-by-mirror
Telegram: zimovskyAL,czechia,14,credited-by-mirror
Telegram: zimovskyAL,deutsch,154,credited-by-mirror
Telegram: zimovskyAL,hungary,20,credited-by-mirror
Telegram: zimovskyAL,moldova,11,credited-by-mirror
Telegram: zimovskyAL,poland,64,credited-by-mirror
Telegram: zimovskyAL,romania,18,credited-by-mirror
Telegram: zimovskyAL,slovakia,4,credited-by-mirror
Telegram: zitrek_tvoris_ty,czechia,8,credited-by-mirror
Telegram: zlatasovaofficial,slovakia,1,credited-by-mirror
Telegram: zloy_zhurnalist,czechia,1,credited-by-mirror
Telegram: zloy_zhurnalist,hungary,1,credited-by-mirror
Telegram: zloy_zhurnalist,moldova,58,credited-by-mirror
Telegram: zloy_zhurnalist,romania,2,credited-by-mirror
Telegram: zloy_zhurnalist,slovakia,1,credited-by-mirror
Telegram: zmeyevsky,czechia,9,credited-by-mirror
Telegram: zmeyevsky,slovakia,1,credited-by-mirror
Telegram: zombi_teh,hungary,2,credited-by-mirror
Telegram: zombi_teh,moldova,3,credited-by-mirror
Telegram: zombi_teh,poland,2,credited-by-mirror
Telegram: zombi_teh,romania,3,credited-by-mirror
Telegram: zombi_teh,slovakia,3,credited-by-mirror
Telegram: zoroslav,slovakia,62,credited-by-mirror
Telegram: zovgrad,czechia,4,credited-by-mirror
Telegram: zovgrad,deutsch,58,credited-by-mirror
Telegram: zovgrad,hungary,14,credited-by-mirror
Telegram: zovgrad,moldova,7,credited-by-mirror
Telegram: zovgrad,poland,33,credited-by-mirror
Telegram: zovgrad,romania,11,credited-by-mirror
Telegram: zovgrad,slovakia,14,credited-by-mirror
Telegram: zovpatriotov,moldova,3,credited-by-mirror
Telegram: zruskaslaskou,czechia,15,credited-by-mirror
Telegram: zruskaslaskou,slovakia,5,credited-by-mirror
Telegram: zruskasmatejompindrochom,czechia,1,credited-by-mirror
Telegram: zruskasmatejompindrochom,slovakia,11,credited-by-mirror
Telegram: zvedavec_news,czechia,12,credited-by-mirror
Telegram: zvezda_analytics,czechia,14,credited-by-mirror
Telegram: zvezda_analytics,deutsch,271,credited-by-mirror
Telegram: zvezda_analytics,hungary,107,credited-by-mirror
Telegram: zvezda_analytics,moldova,110,credited-by-mirror
Telegram: zvezda_analytics,poland,89,credited-by-mirror
Telegram: zvezda_analytics,romania,60,credited-by-mirror
Telegram: zvezda_analytics,slovakia,29,credited-by-mirror
Telegram: zvezdalive,czechia,10,credited-by-mirror
Telegram: zvezdalive,deutsch,258,credited-by-mirror
Telegram: zvezdalive,hungary,12,credited-by-mirror
Telegram: zvezdalive,moldova,13,credited-by-mirror
Telegram: zvezdalive,poland,82,credited-by-mirror
Telegram: zvezdalive,romania,9,credited-by-mirror
Telegram: zvezdalive,slovakia,6,credited-by-mirror
Telegram: zvezdanews,czechia,50,credited-by-mirror
Telegram: zvezdanews,deutsch,831,credited-by-mirror
Telegram: zvezdanews,hungary,217,credited-by-mirror
Telegram: zvezdanews,moldova,118,credited-by-mirror
Telegram: zvezdanews,poland,367,credited-by-mirror
Telegram: zvezdanews,romania,83,credited-by-mirror
Telegram: zvezdanews,slovakia,96,credited-by-mirror
Telegram: zweimajor,deutsch,105,credited-by-mirror
Unknown,deutsch,14,credited-by-mirror
Unknown,poland,8,credited-by-mirror
Unknown,romania,1,credited-by-mirror
Unknown,slovakia,5,credited-by-mirror
anna-news.info,czechia,67,credited-by-mirror
anna-news.info,deutsch,1054,credited-by-mirror
anna-news.info,hungary,153,credited-by-mirror
anna-news.info,moldova,103,credited-by-mirror
anna-news.info,poland,547,credited-by-mirror
anna-news.info,romania,82,credited-by-mirror
anna-news.info,slovakia,94,credited-by-mirror
baltnews.com,czechia,47,credited-by-mirror
baltnews.com,deutsch,390,credited-by-mirror
baltnews.com,hungary,120,credited-by-mirror
baltnews.com,moldova,62,credited-by-mirror
baltnews.com,poland,292,credited-by-mirror
baltnews.com,romania,39,credited-by-mirror
baltnews.com,slovakia,56,credited-by-mirror
bildderfrau.de,deutsch,53,credited-by-mirror
council.gov.ru,deutsch,63,credited-by-mirror
council.gov.ru,hungary,4,credited-by-mirror
council.gov.ru,moldova,23,credited-by-mirror
council.gov.ru,poland,18,credited-by-mirror
council.gov.ru,romania,3,credited-by-mirror
council.gov.ru,slovakia,4,credited-by-mirror
crimea.gov.ru,deutsch,14,credited-by-mirror
crimea.gov.ru,poland,3,credited-by-mirror
crimea.kp.ru,czechia,6,credited-by-mirror
crimea.kp.ru,deutsch,81,credited-by-mirror
crimea.kp.ru,hungary,1,credited-by-mirror
crimea.kp.ru,moldova,21,credited-by-mirror
crimea.kp.ru,poland,45,credited-by-mirror
crimea.kp.ru,romania,4,credited-by-mirror
crimea.kp.ru,slovakia,1,credited-by-mirror
crimea.ria.ru,czechia,63,credited-by-mirror
crimea.ria.ru,deutsch,750,credited-by-mirror
crimea.ria.ru,hungary,107,credited-by-mirror
crimea.ria.ru,moldova,154,credited-by-mirror
crimea.ria.ru,poland,404,credited-by-mirror
crimea.ria.ru,romania,66,credited-by-mirror
crimea.ria.ru,slovakia,71,credited-by-mirror
crimea24tv.ru,czechia,5,credited-by-mirror
crimea24tv.ru,deutsch,228,credited-by-mirror
crimea24tv.ru,hungary,5,credited-by-mirror
crimea24tv.ru,moldova,28,credited-by-mirror
crimea24tv.ru,poland,34,credited-by-mirror
crimea24tv.ru,romania,6,credited-by-mirror
crimea24tv.ru,slovakia,3,credited-by-mirror
culture.gov.ru,czechia,1,credited-by-mirror
culture.gov.ru,deutsch,28,credited-by-mirror
culture.gov.ru,moldova,5,credited-by-mirror
culture.gov.ru,poland,20,credited-by-mirror
culture.gov.ru,slovakia,3,credited-by-mirror
dan-news.info,poland,15,credited-by-mirror
de.news-front.su,deutsch,7739,credited-by-mirror
de.rt.com,deutsch,21875,credited-by-mirror
de.topwar.ru,deutsch,11829,credited-by-mirror
denis-pushilin.ru,poland,8,credited-by-mirror
dnrsovet.su,poland,6,credited-by-mirror
donmintrans.ru,poland,39,credited-by-mirror
duma.gov.ru,czechia,4,credited-by-mirror
duma.gov.ru,deutsch,50,credited-by-mirror
duma.gov.ru,hungary,5,credited-by-mirror
duma.gov.ru,moldova,4,credited-by-mirror
duma.gov.ru,poland,11,credited-by-mirror
duma.gov.ru,romania,8,credited-by-mirror
duma.gov.ru,slovakia,12,credited-by-mirror
economy.gov.ru,czechia,1,credited-by-mirror
economy.gov.ru,hungary,1,credited-by-mirror
economy.gov.ru,poland,6,credited-by-mirror
economy.gov.ru,romania,1,credited-by-mirror
economy.gov.ru,slovakia,1,credited-by-mirror
edu.gov.ru,hungary,1,credited-by-mirror
edu.gov.ru,moldova,5,credited-by-mirror
epp.genproc.gov.ru,poland,2,credited-by-mirror
fadm.gov.ru,hungary,1,credited-by-mirror
feo.rk.gov.ru,deutsch,14,credited-by-mirror
focus.de,deutsch,261,credited-by-mirror
fsin.su,deutsch,45,credited-by-mirror
fsin.su,hungary,4,credited-by-mirror
fsin.su,moldova,15,credited-by-mirror
fsin.su,poland,11,credited-by-mirror
fsvps.gov.ru,deutsch,11,credited-by-mirror
fsvps.gov.ru,poland,2,credited-by-mirror
gazetacrimea.ru,czechia,14,credited-by-mirror
gazetacrimea.ru,deutsch,224,credited-by-mirror
gazetacrimea.ru,hungary,28,credited-by-mirror
gazetacrimea.ru,moldova,35,credited-by-mirror
gazetacrimea.ru,poland,74,credited-by-mirror
gazetacrimea.ru,romania,12,credited-by-mirror
gazetacrimea.ru,slovakia,15,credited-by-mirror
geopolitika.ru,czechia,1,credited-by-mirror
geopolitika.ru,deutsch,241,credited-by-mirror
geopolitika.ru,hungary,3,credited-by-mirror
geopolitika.ru,poland,120,credited-by-mirror
geopolitika.ru,romania,1,credited-by-mirror
geopolitika.ru,slovakia,2,credited-by-mirror
gofeminin.de,deutsch,170,credited-by-mirror
gorodovoy.ru,deutsch,78,credited-by-mirror
government.ru,czechia,1,credited-by-mirror
government.ru,deutsch,22,credited-by-mirror
government.ru,hungary,12,credited-by-mirror
government.ru,moldova,24,credited-by-mirror
government.ru,poland,9,credited-by-mirror
government.ru,romania,2,credited-by-mirror
government.ru,slovakia,1,credited-by-mirror
hu.news-front.su,hungary,7057,credited-by-mirror
iz.ru,deutsch,2926,credited-by-mirror
iz.ru,poland,1388,credited-by-mirror
kianews24.ru,czechia,6,credited-by-mirror
kianews24.ru,deutsch,91,credited-by-mirror
kianews24.ru,hungary,3,credited-by-mirror
kianews24.ru,moldova,41,credited-by-mirror
kianews24.ru,poland,30,credited-by-mirror
kianews24.ru,romania,2,credited-by-mirror
kp.md,czechia,21,credited-by-mirror
kp.md,deutsch,120,credited-by-mirror
kp.md,hungary,20,credited-by-mirror
kp.md,moldova,3377,credited-by-mirror
kp.md,poland,38,credited-by-mirror
kp.md,romania,363,credited-by-mirror
kp.md,slovakia,7,credited-by-mirror
kp.ru,czechia,426,credited-by-mirror
kp.ru,deutsch,6847,credited-by-mirror
kp.ru,hungary,1225,credited-by-mirror
kp.ru,moldova,731,credited-by-mirror
kp.ru,poland,3219,credited-by-mirror
kp.ru,romania,435,credited-by-mirror
kp.ru,slovakia,698,credited-by-mirror
kremlin.ru,deutsch,21,credited-by-mirror
kremlin.ru,hungary,5,credited-by-mirror
kremlin.ru,moldova,3,credited-by-mirror
kremlin.ru,poland,4,credited-by-mirror
kremlin.ru,romania,1,credited-by-mirror
kremlin.ru,slovakia,1,credited-by-mirror
lenta.ru,czechia,701,credited-by-mirror
lenta.ru,deutsch,6906,credited-by-mirror
lenta.ru,hungary,1819,credited-by-mirror
lenta.ru,moldova,1389,credited-by-mirror
lenta.ru,poland,2813,credited-by-mirror
lenta.ru,romania,618,credited-by-mirror
lenta.ru,slovakia,954,credited-by-mirror
lug-info.com,deutsch,24,credited-by-mirror
lug-info.com,poland,25,credited-by-mirror
mchs.gov.ru,moldova,4,credited-by-mirror
mcx.gov.ru,moldova,5,credited-by-mirror
md.kp.media,czechia,8,credited-by-mirror
md.kp.media,deutsch,49,credited-by-mirror
md.kp.media,hungary,20,credited-by-mirror
md.kp.media,moldova,2951,credited-by-mirror
md.kp.media,poland,23,credited-by-mirror
md.kp.media,romania,144,credited-by-mirror
md.kp.media,slovakia,5,credited-by-mirror
md.sputniknews.com,moldova,5487,credited-by-mirror
meteorf.gov.ru,slovakia,1,credited-by-mirror
mil.ru,czechia,44,credited-by-mirror
mil.ru,deutsch,118,credited-by-mirror
mil.ru,hungary,2,credited-by-mirror
mil.ru,moldova,78,credited-by-mirror
mil.ru,poland,169,credited-by-mirror
mil.ru,romania,5,credited-by-mirror
mil.ru,slovakia,1,credited-by-mirror
minobrnauki.gov.ru,poland,3,credited-by-mirror
minsport.gov.ru,hungary,4,credited-by-mirror
minsport.gov.ru,moldova,5,credited-by-mirror
minstroyrf.ru,poland,3,credited-by-mirror
mintrans.gov.ru,moldova,3,credited-by-mirror
minzdrav.gov.ru,deutsch,9,credited-by-mirror
minzdrav.gov.ru,poland,5,credited-by-mirror
mkult.rk.gov.ru,deutsch,8,credited-by-mirror
mkult.rk.gov.ru,poland,4,credited-by-mirror
mondnr.ru,deutsch,21,credited-by-mirror
mondnr.ru,poland,5,credited-by-mirror
mpt-dnr.ru,poland,2,credited-by-mirror
mvdmedia.ru,czechia,1,credited-by-mirror
mvdmedia.ru,deutsch,11,credited-by-mirror
mvdmedia.ru,hungary,1,credited-by-mirror
mvdmedia.ru,moldova,5,credited-by-mirror
mvdmedia.ru,poland,9,credited-by-mirror
news-front.su,czechia,263,credited-by-mirror
news-front.su,deutsch,3498,credited-by-mirror
news-front.su,hungary,857,credited-by-mirror
news-front.su,moldova,769,credited-by-mirror
news-front.su,poland,1884,credited-by-mirror
news-front.su,romania,378,credited-by-mirror
news-front.su,slovakia,454,credited-by-mirror
nts-tv.com,czechia,1,credited-by-mirror
nts-tv.com,deutsch,112,credited-by-mirror
nts-tv.com,moldova,12,credited-by-mirror
nts-tv.com,poland,14,credited-by-mirror
nts-tv.com,romania,2,credited-by-mirror
ntv.ru,czechia,40,credited-by-mirror
ntv.ru,deutsch,847,credited-by-mirror
ntv.ru,hungary,51,credited-by-mirror
ntv.ru,moldova,53,credited-by-mirror
ntv.ru,poland,291,credited-by-mirror
ntv.ru,romania,37,credited-by-mirror
ntv.ru,slovakia,75,credited-by-mirror
pl.news-front.su,poland,3034,credited-by-mirror
pl.topwar.ru,poland,18431,credited-by-mirror
pravdnr.ru,poland,7,credited-by-mirror
radiosputnik.ru,czechia,4,credited-by-mirror
radiosputnik.ru,deutsch,159,credited-by-mirror
radiosputnik.ru,hungary,31,credited-by-mirror
radiosputnik.ru,moldova,17,credited-by-mirror
radiosputnik.ru,poland,63,credited-by-mirror
radiosputnik.ru,romania,17,credited-by-mirror
radiosputnik.ru,slovakia,16,credited-by-mirror
ren.tv,czechia,291,credited-by-mirror
ren.tv,deutsch,5554,credited-by-mirror
ren.tv,hungary,821,credited-by-mirror
ren.tv,moldova,676,credited-by-mirror
ren.tv,poland,2310,credited-by-mirror
ren.tv,romania,325,credited-by-mirror
ren.tv,slovakia,492,credited-by-mirror
ria.ru,czechia,752,credited-by-mirror
ria.ru,deutsch,12962,credited-by-mirror
ria.ru,hungary,2069,credited-by-mirror
ria.ru,moldova,3380,credited-by-mirror
ria.ru,poland,5678,credited-by-mirror
ria.ru,romania,955,credited-by-mirror
ria.ru,slovakia,1208,credited-by-mirror
ro.topwar.ru,moldova,228,credited-by-mirror
ro.topwar.ru,romania,20665,credited-by-mirror
rosguard.gov.ru,czechia,3,credited-by-mirror
rosguard.gov.ru,deutsch,103,credited-by-mirror
rosguard.gov.ru,hungary,8,credited-by-mirror
rosguard.gov.ru,moldova,29,credited-by-mirror
rosguard.gov.ru,poland,27,credited-by-mirror
rosguard.gov.ru,romania,3,credited-by-mirror
rosguard.gov.ru,slovakia,1,credited-by-mirror
rosleshoz.gov.ru,hungary,1,credited-by-mirror
rospotrebnadzor.ru,romania,1,credited-by-mirror
rpn.gov.ru,czechia,1,credited-by-mirror
rubaltic.ru,czechia,4,credited-by-mirror
rubaltic.ru,deutsch,60,credited-by-mirror
rubaltic.ru,hungary,4,credited-by-mirror
rubaltic.ru,moldova,122,credited-by-mirror
rubaltic.ru,poland,172,credited-by-mirror
rubaltic.ru,romania,7,credited-by-mirror
rubaltic.ru,slovakia,3,credited-by-mirror
russian.rt.com,czechia,319,credited-by-mirror
russian.rt.com,deutsch,6126,credited-by-mirror
russian.rt.com,hungary,1129,credited-by-mirror
russian.rt.com,moldova,1277,credited-by-mirror
russian.rt.com,poland,2835,credited-by-mirror
russian.rt.com,romania,431,credited-by-mirror
russian.rt.com,slovakia,652,credited-by-mirror
rybar.ru,czechia,7,credited-by-mirror
rybar.ru,deutsch,29,credited-by-mirror
rybar.ru,hungary,8,credited-by-mirror
rybar.ru,moldova,44,credited-by-mirror
rybar.ru,poland,15,credited-by-mirror
rybar.ru,romania,20,credited-by-mirror
rybar.ru,slovakia,6,credited-by-mirror
scrf.gov.ru,romania,1,credited-by-mirror
sev.gov.ru,poland,4,credited-by-mirror
sk.news-front.su,slovakia,8086,credited-by-mirror
stv92.ru,deutsch,41,credited-by-mirror
stv92.ru,moldova,3,credited-by-mirror
stv92.ru,poland,28,credited-by-mirror
tag24.de,deutsch,18,credited-by-mirror
tass.ru,czechia,1177,credited-by-mirror
tass.ru,deutsch,17072,credited-by-mirror
tass.ru,hungary,2681,credited-by-mirror
tass.ru,moldova,3343,credited-by-mirror
tass.ru,poland,6298,credited-by-mirror
tass.ru,romania,1261,credited-by-mirror
tass.ru,slovakia,1496,credited-by-mirror
travelcrimea.com,deutsch,29,credited-by-mirror
travelcrimea.com,hungary,2,credited-by-mirror
travelcrimea.com,moldova,8,credited-by-mirror
travelcrimea.com,poland,4,credited-by-mirror
travelcrimea.com,romania,2,credited-by-mirror
trkmillet.ru,deutsch,47,credited-by-mirror
trkmillet.ru,hungary,1,credited-by-mirror
trkmillet.ru,moldova,5,credited-by-mirror
trkmillet.ru,poland,7,credited-by-mirror
trkmillet.ru,romania,1,credited-by-mirror
trkmillet.ru,slovakia,1,credited-by-mirror
tsargrad.tv,czechia,267,credited-by-mirror
tsargrad.tv,deutsch,5314,credited-by-mirror
tsargrad.tv,hungary,581,credited-by-mirror
tsargrad.tv,moldova,520,credited-by-mirror
tsargrad.tv,poland,2935,credited-by-mirror
tsargrad.tv,romania,329,credited-by-mirror
tsargrad.tv,slovakia,384,credited-by-mirror
tut-news.ru,deutsch,76,credited-by-mirror
tvzvezda.ru,czechia,80,credited-by-mirror
tvzvezda.ru,deutsch,1351,credited-by-mirror
tvzvezda.ru,hungary,236,credited-by-mirror
tvzvezda.ru,moldova,155,credited-by-mirror
tvzvezda.ru,poland,681,credited-by-mirror
tvzvezda.ru,romania,79,credited-by-mirror
tvzvezda.ru,slovakia,161,credited-by-mirror
ukraina.ru,czechia,188,credited-by-mirror
ukraina.ru,deutsch,2673,credited-by-mirror
ukraina.ru,hungary,497,credited-by-mirror
ukraina.ru,moldova,313,credited-by-mirror
ukraina.ru,poland,2106,credited-by-mirror
ukraina.ru,romania,245,credited-by-mirror
ukraina.ru,slovakia,270,credited-by-mirror
ura.news,czechia,73,credited-by-mirror
ura.news,deutsch,1177,credited-by-mirror
ura.news,hungary,67,credited-by-mirror
ura.news,moldova,98,credited-by-mirror
ura.news,poland,380,credited-by-mirror
ura.news,romania,57,credited-by-mirror
ura.news,slovakia,88,credited-by-mirror
vesti.ru,czechia,59,credited-by-mirror
vesti.ru,deutsch,1872,credited-by-mirror
vesti.ru,hungary,67,credited-by-mirror
vesti.ru,moldova,86,credited-by-mirror
vesti.ru,poland,714,credited-by-mirror
vesti.ru,romania,42,credited-by-mirror
vesti.ru,slovakia,77,credited-by-mirror
yalta.rk.gov.ru,deutsch,13,credited-by-mirror
yalta.rk.gov.ru,poland,2,credited-by-mirror
zvezdaweekly.ru,deutsch,32,credited-by-mirror
zvezdaweekly.ru,poland,3,credited-by-mirror
zvezdaweekly.ru,romania,1,credited-by-mirror
zvezdaweekly.ru,slovakia,1,credited-by-mirror
