mirror,date,source,source_type,credits,relationship
a,2024-08-01,Telegram: leblorikzov,telegram,107,credited-by-mirror
a,2024-08-01,Telegram: ostashkonews,telegram,6,credited-by-mirror
a,2024-08-01,Telegram: rusputnikmd,telegram,86,credited-by-mirror
a,2024-08-01,kp.ru,domain,19,credited-by-mirror
a,2024-08-01,lenta.ru,domain,37,credited-by-mirror
a,2024-08-01,ria.ru,domain,57,credited-by-mirror
a,2024-08-01,russian.rt.com,domain,6,credited-by-mirror
a,2024-08-01,tass.ru,domain,202,credited-by-mirror
a,2024-08-02,Telegram: leblorikzov,telegram,90,credited-by-mirror
a,2024-08-02,Telegram: lomovkaa,telegram,1,credited-by-mirror
a,2024-08-02,Telegram: ostashkonews,telegram,5,credited-by-mirror
a,2024-08-02,Telegram: rusputnikmd,telegram,82,credited-by-mirror
a,2024-08-02,kp.ru,domain,18,credited-by-mirror
a,2024-08-02,lenta.ru,domain,34,credited-by-mirror
a,2024-08-02,ria.ru,domain,64,credited-by-mirror
a,2024-08-02,russian.rt.com,domain,1,credited-by-mirror
a,2024-08-02,tass.ru,domain,213,credited-by-mirror
a,2024-08-03,Telegram: leblorikzov,telegram,79,credited-by-mirror
a,2024-08-03,Telegram: ostashkonews,telegram,2,credited-by-mirror
a,2024-08-03,Telegram: rusputnikmd,telegram,52,credited-by-mirror
a,2024-08-03,kp.ru,domain,7,credited-by-mirror
a,2024-08-03,lenta.ru,domain,21,credited-by-mirror
a,2024-08-03,ria.ru,domain,19,credited-by-mirror
a,2024-08-03,russian.rt.com,domain,2,credited-by-mirror
a,2024-08-03,tass.ru,domain,122,credited-by-mirror
a,2024-08-04,Telegram: leblorikzov,telegram,86,credited-by-mirror
a,2024-08-04,Telegram: ostashkonews,telegram,3,credited-by-mirror
a,2024-08-04,Telegram: rusputnikmd,telegram,62,credited-by-mirror
a,2024-08-04,kp.ru,domain,9,credited-by-mirror
a,2024-08-04,lenta.ru,domain,15,credited-by-mirror
a,2024-08-04,ria.ru,domain,34,credited-by-mirror
a,2024-08-04,russian.rt.com,domain,4,credited-by-mirror
a,2024-08-04,tass.ru,domain,102,credited-by-mirror
a,2024-08-05,Telegram: leblorikzov,telegram,131,credited-by-mirror
a,2024-08-05,Telegram: lomovkaa,telegram,1,credited-by-mirror
a,2024-08-05,Telegram: rusputnikmd,telegram,46,credited-by-mirror
a,2024-08-05,kp.ru,domain,24,credited-by-mirror
a,2024-08-05,lenta.ru,domain,37,credited-by-mirror
a,2024-08-05,ria.ru,domain,52,credited-by-mirror
a,2024-08-05,russian.rt.com,domain,2,credited-by-mirror
a,2024-08-05,tass.ru,domain,179,credited-by-mirror
a,2024-08-06,Telegram: leblorikzov,telegram,100,credited-by-mirror
a,2024-08-06,Telegram: lomovkaa,telegram,2,credited-by-mirror
a,2024-08-06,Telegram: rusputnikmd,telegram,58,credited-by-mirror
a,2024-08-06,kp.ru,domain,24,credited-by-mirror
a,2024-08-06,lenta.ru,domain,36,credited-by-mirror
a,2024-08-06,ria.ru,domain,78,credited-by-mirror
a,2024-08-06,russian.rt.com,domain,1,credited-by-mirror
a,2024-08-06,tass.ru,domain,217,credited-by-mirror
a,2024-08-07,Telegram: leblorikzov,telegram,124,credited-by-mirror
a,2024-08-07,Telegram: ostashkonews,telegram,1,credited-by-mirror
a,2024-08-07,Telegram: rusputnikmd,telegram,64,credited-by-mirror
a,2024-08-07,kp.ru,domain,10,credited-by-mirror
a,2024-08-07,lenta.ru,domain,36,credited-by-mirror
a,2024-08-07,ria.ru,domain,65,credited-by-mirror
a,2024-08-07,russian.rt.com,domain,1,credited-by-mirror
a,2024-08-07,tass.ru,domain,193,credited-by-mirror
a,2024-08-08,Telegram: leblorikzov,telegram,124,credited-by-mirror
a,2024-08-08,Telegram: ostashkonews,telegram,1,credited-by-mirror
a,2024-08-08,Telegram: rusputnikmd,telegram,66,credited-by-mirror
a,2024-08-08,kp.ru,domain,6,credited-by-mirror
a,2024-08-08,lenta.ru,domain,38,credited-by-mirror
a,2024-08-08,ria.ru,domain,63,credited-by-mirror
a,2024-08-08,russian.rt.com,domain,4,credited-by-mirror
a,2024-08-08,tass.ru,domain,198,credited-by-mirror
a,2024-08-09,Telegram: leblorikzov,telegram,107,credited-by-mirror
a,2024-08-09,Telegram: lomovkaa,telegram,1,credited-by-mirror
a,2024-08-09,Telegram: rusputnikmd,telegram,70,credited-by-mirror
a,2024-08-09,kp.ru,domain,10,credited-by-mirror
a,2024-08-09,lenta.ru,domain,24,credited-by-mirror
a,2024-08-09,ria.ru,domain,65,credited-by-mirror
a,2024-08-09,russian.rt.com,domain,4,credited-by-mirror
a,2024-08-09,tass.ru,domain,173,credited-by-mirror
a,2024-08-10,Telegram: leblorikzov,telegram,102,credited-by-mirror
a,2024-08-10,Telegram: rusputnikmd,telegram,52,credited-by-mirror
a,2024-08-10,kp.ru,domain,4,credited-by-mirror
a,2024-08-10,lenta.ru,domain,10,credited-by-mirror
a,2024-08-10,ria.ru,domain,37,credited-by-mirror
a,2024-08-10,russian.rt.com,domain,3,credited-by-mirror
a,2024-08-10,tass.ru,domain,97,credited-by-mirror
a,2024-08-11,Telegram: leblorikzov,telegram,104,credited-by-mirror
a,2024-08-11,Telegram: lomovkaa,telegram,1,credited-by-mirror
a,2024-08-11,Telegram: rusputnikmd,telegram,38,credited-by-mirror
a,2024-08-11,kp.ru,domain,4,credited-by-mirror
a,2024-08-11,lenta.ru,domain,12,credited-by-mirror
a,2024-08-11,ria.ru,domain,31,credited-by-mirror
a,2024-08-11,tass.ru,domain,86,credited-by-mirror
a,2024-08-12,Telegram: leblorikzov,telegram,92,credited-by-mirror
a,2024-08-12,Telegram: rusputnikmd,telegram,68,credited-by-mirror
a,2024-08-12,kp.ru,domain,4,credited-by-mirror
a,2024-08-12,lenta.ru,domain,33,credited-by-mirror
a,2024-08-12,ria.ru,domain,57,credited-by-mirror
a,2024-08-12,russian.rt.com,domain,2,credited-by-mirror
a,2024-08-12,tass.ru,domain,173,credited-by-mirror
a,2024-08-13,Telegram: leblorikzov,telegram,75,credited-by-mirror
a,2024-08-13,Telegram: lomovkaa,telegram,1,credited-by-mirror
a,2024-08-13,Telegram: ostashkonews,telegram,1,credited-by-mirror
a,2024-08-13,Telegram: rusputnikmd,telegram,66,credited-by-mirror
a,2024-08-13,kp.ru,domain,15,credited-by-mirror
a,2024-08-13,lenta.ru,domain,23,credited-by-mirror
a,2024-08-13,ria.ru,domain,66,credited-by-mirror
a,2024-08-13,russian.rt.com,domain,7,credited-by-mirror
a,2024-08-13,tass.ru,domain,178,credited-by-mirror
a,2024-08-14,Telegram: leblorikzov,telegram,50,credited-by-mirror
a,2024-08-14,Telegram: lomovkaa,telegram,1,credited-by-mirror
a,2024-08-14,Telegram: ostashkonews,telegram,2,credited-by-mirror
a,2024-08-14,Telegram: rusputnikmd,telegram,76,credited-by-mirror
a,2024-08-14,kp.ru,domain,16,credited-by-mirror
a,2024-08-14,lenta.ru,domain,36,credited-by-mirror
a,2024-08-14,ria.ru,domain,78,credited-by-mirror
a,2024-08-14,russian.rt.com,domain,2,credited-by-mirror
a,2024-08-14,tass.ru,domain,92,credited-by-mirror
a,2024-08-15,Telegram: leblorikzov,telegram,105,credited-by-mirror
a,2024-08-15,Telegram: lomovkaa,telegram,1,credited-by-mirror
a,2024-08-15,Telegram: rusputnikmd,telegram,108,credited-by-mirror
a,2024-08-15,kp.ru,domain,12,credited-by-mirror
a,2024-08-15,lenta.ru,domain,30,credited-by-mirror
a,2024-08-15,ria.ru,domain,84,credited-by-mirror
a,2024-08-15,russian.rt.com,domain,3,credited-by-mirror
a,2024-08-16,Telegram: leblorikzov,telegram,101,credited-by-mirror
a,2024-08-16,Telegram: lomovkaa,telegram,1,credited-by-mirror
a,2024-08-16,Telegram: ostashkonews,telegram,3,credited-by-mirror
a,2024-08-16,Telegram: rusputnikmd,telegram,92,credited-by-mirror
a,2024-08-16,kp.ru,domain,16,credited-by-mirror
a,2024-08-16,lenta.ru,domain,21,credited-by-mirror
a,2024-08-16,ria.ru,domain,57,credited-by-mirror
a,2024-08-16,russian.rt.com,domain,4,credited-by-mirror
a,2024-08-17,Telegram: leblorikzov,telegram,100,credited-by-mirror
a,2024-08-17,Telegram: ostashkonews,telegram,1,credited-by-mirror
a,2024-08-17,Telegram: rusputnikmd,telegram,46,credited-by-mirror
a,2024-08-17,kp.ru,domain,6,credited-by-mirror
a,2024-08-17,lenta.ru,domain,9,credited-by-mirror
a,2024-08-17,ria.ru,domain,34,credited-by-mirror
a,2024-08-17,russian.rt.com,domain,2,credited-by-mirror
a,2024-08-18,Telegram: leblorikzov,telegram,95,credited-by-mirror
a,2024-08-18,Telegram: lomovkaa,telegram,1,credited-by-mirror
a,2024-08-18,Telegram: rusputnikmd,telegram,60,credited-by-mirror
a,2024-08-18,kp.ru,domain,9,credited-by-mirror
a,2024-08-18,lenta.ru,domain,9,credited-by-mirror
a,2024-08-18,ria.ru,domain,40,credited-by-mirror
a,2024-08-18,russian.rt.com,domain,2,credited-by-mirror
a,2024-08-19,Telegram: leblorikzov,telegram,131,credited-by-mirror
a,2024-08-19,Telegram: lomovkaa,telegram,1,credited-by-mirror
a,2024-08-19,Telegram: ostashkonews,telegram,4,credited-by-mirror
a,2024-08-19,Telegram: rusputnikmd,telegram,72,credited-by-mirror
a,2024-08-19,kp.ru,domain,15,credited-by-mirror
a,2024-08-19,lenta.ru,domain,29,credited-by-mirror
a,2024-08-19,ria.ru,domain,55,credited-by-mirror
a,2024-08-19,russian.rt.com,domain,1,credited-by-mirror
a,2024-08-20,Telegram: leblorikzov,telegram,124,credited-by-mirror
a,2024-08-20,Telegram: ostashkonews,telegram,2,credited-by-mirror
a,2024-08-20,Telegram: rusputnikmd,telegram,118,credited-by-mirror
a,2024-08-20,kp.ru,domain,9,credited-by-mirror
a,2024-08-20,lenta.ru,domain,23,credited-by-mirror
a,2024-08-20,ria.ru,domain,50,credited-by-mirror
a,2024-08-20,russian.rt.com,domain,4,credited-by-mirror
a,2024-08-21,Telegram: leblorikzov,telegram,116,credited-by-mirror
a,2024-08-21,Telegram: lomovkaa,telegram,1,credited-by-mirror
a,2024-08-21,Telegram: ostashkonews,telegram,3,credited-by-mirror
a,2024-08-21,Telegram: rusputnikmd,telegram,132,credited-by-mirror
a,2024-08-21,kp.ru,domain,7,credited-by-mirror
a,2024-08-21,lenta.ru,domain,29,credited-by-mirror
a,2024-08-21,ria.ru,domain,69,credited-by-mirror
a,2024-08-22,Telegram: leblorikzov,telegram,121,credited-by-mirror
a,2024-08-22,Telegram: ostashkonews,telegram,5,credited-by-mirror
a,2024-08-22,Telegram: rusputnikmd,telegram,116,credited-by-mirror
a,2024-08-22,kp.ru,domain,18,credited-by-mirror
a,2024-08-22,lenta.ru,domain,37,credited-by-mirror
a,2024-08-22,ria.ru,domain,77,credited-by-mirror
a,2024-08-22,russian.rt.com,domain,9,credited-by-mirror
a,2024-08-23,Telegram: leblorikzov,telegram,121,credited-by-mirror
a,2024-08-23,Telegram: lomovkaa,telegram,1,credited-by-mirror
a,2024-08-23,Telegram: ostashkonews,telegram,1,credited-by-mirror
a,2024-08-23,Telegram: rusputnikmd,telegram,112,credited-by-mirror
a,2024-08-23,kp.ru,domain,7,credited-by-mirror
a,2024-08-23,lenta.ru,domain,18,credited-by-mirror
a,2024-08-23,ria.ru,domain,62,credited-by-mirror
a,2024-08-23,russian.rt.com,domain,7,credited-by-mirror
a,2024-08-24,Telegram: leblorikzov,telegram,97,credited-by-mirror
a,2024-08-24,Telegram: lomovkaa,telegram,4,credited-by-mirror
a,2024-08-24,Telegram: ostashkonews,telegram,2,credited-by-mirror
a,2024-08-24,Telegram: rusputnikmd,telegram,98,credited-by-mirror
a,2024-08-24,kp.ru,domain,8,credited-by-mirror
a,2024-08-24,lenta.ru,domain,22,credited-by-mirror
a,2024-08-24,ria.ru,domain,69,credited-by-mirror
a,2024-08-24,russian.rt.com,domain,7,credited-by-mirror
a,2024-08-25,Telegram: leblorikzov,telegram,111,credited-by-mirror
a,2024-08-25,Telegram: rusputnikmd,telegram,62,credited-by-mirror
a,2024-08-25,kp.ru,domain,5,credited-by-mirror
a,2024-08-25,lenta.ru,domain,3,credited-by-mirror
a,2024-08-25,ria.ru,domain,31,credited-by-mirror
a,2024-08-25,russian.rt.com,domain,2,credited-by-mirror
a,2024-08-26,Telegram: leblorikzov,telegram,114,credited-by-mirror
a,2024-08-26,Telegram: lomovkaa,telegram,1,credited-by-mirror
a,2024-08-26,Telegram: rusputnikmd,telegram,96,credited-by-mirror
a,2024-08-26,kp.ru,domain,9,credited-by-mirror
a,2024-08-26,lenta.ru,domain,21,credited-by-mirror
a,2024-08-26,ria.ru,domain,42,credited-by-mirror
a,2024-08-26,russian.rt.com,domain,3,credited-by-mirror
a,2024-08-27,Telegram: leblorikzov,telegram,100,credited-by-mirror
a,2024-08-27,Telegram: lomovkaa,telegram,2,credited-by-mirror
a,2024-08-27,Telegram: ostashkonews,telegram,1,credited-by-mirror
a,2024-08-27,Telegram: rusputnikmd,telegram,122,credited-by-mirror
a,2024-08-27,kp.ru,domain,4,credited-by-mirror
a,2024-08-27,lenta.ru,domain,30,credited-by-mirror
a,2024-08-27,ria.ru,domain,46,credited-by-mirror
a,2024-08-27,russian.rt.com,domain,2,credited-by-mirror
a,2024-08-28,Telegram: leblorikzov,telegram,83,credited-by-mirror
a,2024-08-28,Telegram: lomovkaa,telegram,1,credited-by-mirror
a,2024-08-28,Telegram: ostashkonews,telegram,1,credited-by-mirror
a,2024-08-28,Telegram: rusputnikmd,telegram,96,credited-by-mirror
a,2024-08-28,kp.ru,domain,13,credited-by-mirror
a,2024-08-28,lenta.ru,domain,29,credited-by-mirror
a,2024-08-28,ria.ru,domain,56,credited-by-mirror
a,2024-08-28,russian.rt.com,domain,4,credited-by-mirror
a,2024-08-29,Telegram: leblorikzov,telegram,117,credited-by-mirror
a,2024-08-29,Telegram: lomovkaa,telegram,1,credited-by-mirror
a,2024-08-29,Telegram: ostashkonews,telegram,2,credited-by-mirror
a,2024-08-29,Telegram: rusputnikmd,telegram,114,credited-by-mirror
a,2024-08-29,kp.ru,domain,11,credited-by-mirror
a,2024-08-29,lenta.ru,domain,32,credited-by-mirror
a,2024-08-29,ria.ru,domain,86,credited-by-mirror
a,2024-08-30,Telegram: leblorikzov,telegram,122,credited-by-mirror
a,2024-08-30,Telegram: lomovkaa,telegram,1,credited-by-mirror
a,2024-08-30,Telegram: ostashkonews,telegram,3,credited-by-mirror
a,2024-08-30,Telegram: rusputnikmd,telegram,120,credited-by-mirror
a,2024-08-30,kp.ru,domain,11,credited-by-mirror
a,2024-08-30,lenta.ru,domain,20,credited-by-mirror
a,2024-08-30,ria.ru,domain,64,credited-by-mirror
a,2024-08-30,russian.rt.com,domain,3,credited-by-mirror
a,2024-08-31,Telegram: leblorikzov,telegram,136,credited-by-mirror
a,2024-08-31,Telegram: lomovkaa,telegram,1,credited-by-mirror
a,2024-08-31,Telegram: ostashkonews,telegram,1,credited-by-mirror
a,2024-08-31,Telegram: rusputnikmd,telegram,100,credited-by-mirror
a,2024-08-31,kp.ru,domain,3,credited-by-mirror
a,2024-08-31,lenta.ru,domain,18,credited-by-mirror
a,2024-08-31,ria.ru,domain,42,credited-by-mirror
a,2024-08-31,russian.rt.com,domain,4,credited-by-mirror
albania,2024-08-01,Telegram: rusembalb,telegram,5,credited-by-mirror
albania,2024-08-02,Telegram: rusembalb,telegram,4,credited-by-mirror
albania,2024-08-02,lenta.ru,domain,1,credited-by-mirror
albania,2024-08-02,tass.ru,domain,1,credited-by-mirror
albania,2024-08-05,Telegram: Politnavigator,telegram,1,credited-by-mirror
albania,2024-08-05,Telegram: rusembalb,telegram,4,credited-by-mirror
albania,2024-08-06,Telegram: rusembalb,telegram,3,credited-by-mirror
albania,2024-08-07,Telegram: rusembalb,telegram,2,credited-by-mirror
albania,2024-08-07,tass.ru,domain,1,credited-by-mirror
albania,2024-08-08,Telegram: rusembalb,telegram,3,credited-by-mirror
albania,2024-08-09,Telegram: rusembalb,telegram,3,credited-by-mirror
albania,2024-08-10,Telegram: rusembalb,telegram,1,credited-by-mirror
albania,2024-08-11,Telegram: rusembalb,telegram,1,credited-by-mirror
albania,2024-08-11,ria.ru,domain,1,credited-by-mirror
albania,2024-08-12,Telegram: Politnavigator,telegram,2,credited-by-mirror
albania,2024-08-12,Telegram: rusembalb,telegram,2,credited-by-mirror
albania,2024-08-13,ria.ru,domain,1,credited-by-mirror
albania,2024-08-13,tass.ru,domain,1,credited-by-mirror
albania,2024-08-14,Telegram: rusembalb,telegram,2,credited-by-mirror
albania,2024-08-14,tass.ru,domain,1,credited-by-mirror
albania,2024-08-15,Telegram: rusembalb,telegram,3,credited-by-mirror
albania,2024-08-16,Telegram: Politnavigator,telegram,2,credited-by-mirror
albania,2024-08-16,Telegram: rusembalb,telegram,3,credited-by-mirror
albania,2024-08-17,Telegram: rusembalb,telegram,1,credited-by-mirror
albania,2024-08-18,Telegram: rusembalb,telegram,1,credited-by-mirror
albania,2024-08-19,Telegram: rusembalb,telegram,2,credited-by-mirror
albania,2024-08-19,lenta.ru,domain,1,credited-by-mirror
albania,2024-08-20,Telegram: Politnavigator,telegram,2,credited-by-mirror
albania,2024-08-20,Telegram: rusembalb,telegram,3,credited-by-mirror
albania,2024-08-21,Telegram: Politnavigator,telegram,1,credited-by-mirror
albania,2024-08-21,Telegram: rusembalb,telegram,3,credited-by-mirror
albania,2024-08-21,lenta.ru,domain,1,credited-by-mirror
albania,2024-08-21,ria.ru,domain,1,credited-by-mirror
albania,2024-08-22,Telegram: rusembalb,telegram,5,credited-by-mirror
albania,2024-08-23,Telegram: rusembalb,telegram,3,credited-by-mirror
albania,2024-08-24,Telegram: rusembalb,telegram,1,credited-by-mirror
albania,2024-08-26,Telegram: Politnavigator,telegram,1,credited-by-mirror
albania,2024-08-26,Telegram: rusembalb,telegram,5,credited-by-mirror
albania,2024-08-27,Telegram: Politnavigator,telegram,1,credited-by-mirror
albania,2024-08-27,Telegram: rusembalb,telegram,2,credited-by-mirror
albania,2024-08-28,Telegram: rusembalb,telegram,3,credited-by-mirror
albania,2024-08-28,ria.ru,domain,1,credited-by-mirror
albania,2024-08-29,Telegram: infantmilitario,telegram,1,credited-by-mirror
albania,2024-08-29,Telegram: rusembalb,telegram,4,credited-by-mirror
albania,2024-08-30,Telegram: Politnavigator,telegram,1,credited-by-mirror
albania,2024-08-30,Telegram: infantmilitario,telegram,1,credited-by-mirror
albania,2024-08-30,Telegram: rusembalb,telegram,1,credited-by-mirror
albania,2024-08-31,Telegram: rusembalb,telegram,1,credited-by-mirror
bosnia-herzegovina,2024-08-01,Telegram: rusembbih,telegram,1,credited-by-mirror
bosnia-herzegovina,2024-08-01,tass.ru,domain,1,credited-by-mirror
bosnia-herzegovina,2024-08-02,tass.ru,domain,2,credited-by-mirror
bosnia-herzegovina,2024-08-05,Telegram: rusembbih,telegram,2,credited-by-mirror
bosnia-herzegovina,2024-08-05,ria.ru,domain,1,credited-by-mirror
bosnia-herzegovina,2024-08-05,tass.ru,domain,1,credited-by-mirror
bosnia-herzegovina,2024-08-06,Telegram: rusembbih,telegram,1,credited-by-mirror
bosnia-herzegovina,2024-08-07,ria.ru,domain,1,credited-by-mirror
bosnia-herzegovina,2024-08-08,Telegram: rusembbih,telegram,1,credited-by-mirror
bosnia-herzegovina,2024-08-09,Telegram: rusembbih,telegram,1,credited-by-mirror
bosnia-herzegovina,2024-08-09,tass.ru,domain,1,credited-by-mirror
bosnia-herzegovina,2024-08-10,Telegram: rusembbih,telegram,1,credited-by-mirror
bosnia-herzegovina,2024-08-12,ria.ru,domain,1,credited-by-mirror
bosnia-herzegovina,2024-08-12,tass.ru,domain,1,credited-by-mirror
bosnia-herzegovina,2024-08-13,lenta.ru,domain,1,credited-by-mirror
bosnia-herzegovina,2024-08-13,tass.ru,domain,1,credited-by-mirror
bosnia-herzegovina,2024-08-14,Telegram: Politnavigator,telegram,2,credited-by-mirror
bosnia-herzegovina,2024-08-14,Telegram: rusembbih,telegram,3,credited-by-mirror
bosnia-herzegovina,2024-08-14,tass.ru,domain,1,credited-by-mirror
bosnia-herzegovina,2024-08-15,Telegram: Politnavigator,telegram,1,credited-by-mirror
bosnia-herzegovina,2024-08-16,Telegram: rusembbih,telegram,1,credited-by-mirror
bosnia-herzegovina,2024-08-16,ria.ru,domain,1,credited-by-mirror
bosnia-herzegovina,2024-08-19,Telegram: rusembbih,telegram,1,credited-by-mirror
bosnia-herzegovina,2024-08-19,ria.ru,domain,1,credited-by-mirror
bosnia-herzegovina,2024-08-20,Telegram: Politnavigator,telegram,1,credited-by-mirror
bosnia-herzegovina,2024-08-20,Telegram: rusembbih,telegram,1,credited-by-mirror
bosnia-herzegovina,2024-08-21,Telegram: rusembbih,telegram,1,credited-by-mirror
bosnia-herzegovina,2024-08-21,lenta.ru,domain,2,credited-by-mirror
bosnia-herzegovina,2024-08-21,ria.ru,domain,2,credited-by-mirror
bosnia-herzegovina,2024-08-22,Telegram: rusembbih,telegram,2,credited-by-mirror
bosnia-herzegovina,2024-08-23,Telegram: rusembbih,telegram,1,credited-by-mirror
bosnia-herzegovina,2024-08-23,ria.ru,domain,1,credited-by-mirror
bosnia-herzegovina,2024-08-24,Telegram: rusembbih,telegram,2,credited-by-mirror
bosnia-herzegovina,2024-08-24,ria.ru,domain,1,credited-by-mirror
bosnia-herzegovina,2024-08-25,Telegram: Politnavigator,telegram,1,credited-by-mirror
bosnia-herzegovina,2024-08-26,ria.ru,domain,1,credited-by-mirror
bosnia-herzegovina,2024-08-27,Telegram: Politnavigator,telegram,1,credited-by-mirror
bosnia-herzegovina,2024-08-28,Telegram: Politnavigator,telegram,2,credited-by-mirror
bosnia-herzegovina,2024-08-28,ria.ru,domain,1,credited-by-mirror
bulgaria,2024-08-01,Telegram: BulgariaZOV,telegram,15,credited-by-mirror
bulgaria,2024-08-01,Telegram: InfodefBULGARIA,telegram,61,credited-by-mirror
bulgaria,2024-08-01,Telegram: Za_PraVda,telegram,9,credited-by-mirror
bulgaria,2024-08-01,Telegram: bulgariaz,telegram,46,credited-by-mirror
bulgaria,2024-08-01,Telegram: efir_info,telegram,2,credited-by-mirror
bulgaria,2024-08-01,Telegram: vremenapredsyuriy,telegram,11,credited-by-mirror
bulgaria,2024-08-01,bgr.news-front.su,domain,27,credited-by-mirror
bulgaria,2024-08-02,Telegram: BulgariaZOV,telegram,11,credited-by-mirror
bulgaria,2024-08-02,Telegram: InfodefBULGARIA,telegram,65,credited-by-mirror
bulgaria,2024-08-02,Telegram: Za_PraVda,telegram,11,credited-by-mirror
bulgaria,2024-08-02,Telegram: bulgariaz,telegram,52,credited-by-mirror
bulgaria,2024-08-02,Telegram: vremenapredsyuriy,telegram,12,credited-by-mirror
bulgaria,2024-08-02,bgr.news-front.su,domain,24,credited-by-mirror
bulgaria,2024-08-03,Telegram: BulgariaZOV,telegram,12,credited-by-mirror
bulgaria,2024-08-03,Telegram: InfodefBULGARIA,telegram,52,credited-by-mirror
bulgaria,2024-08-03,Telegram: Za_PraVda,telegram,14,credited-by-mirror
bulgaria,2024-08-03,Telegram: bulgariaz,telegram,41,credited-by-mirror
bulgaria,2024-08-03,Telegram: efir_info,telegram,2,credited-by-mirror
bulgaria,2024-08-03,Telegram: vremenapredsyuriy,telegram,28,credited-by-mirror
bulgaria,2024-08-03,bgr.news-front.su,domain,21,credited-by-mirror
bulgaria,2024-08-04,Telegram: BulgariaZOV,telegram,12,credited-by-mirror
bulgaria,2024-08-04,Telegram: InfodefBULGARIA,telegram,57,credited-by-mirror
bulgaria,2024-08-04,Telegram: NPzBG,telegram,1,credited-by-mirror
bulgaria,2024-08-04,Telegram: Za_PraVda,telegram,18,credited-by-mirror
bulgaria,2024-08-04,Telegram: bulgariaz,telegram,42,credited-by-mirror
bulgaria,2024-08-04,Telegram: vremenapredsyuriy,telegram,8,credited-by-mirror
bulgaria,2024-08-04,bgr.news-front.su,domain,19,credited-by-mirror
bulgaria,2024-08-05,Telegram: BulgariaZOV,telegram,13,credited-by-mirror
bulgaria,2024-08-05,Telegram: InfodefBULGARIA,telegram,62,credited-by-mirror
bulgaria,2024-08-05,Telegram: Za_PraVda,telegram,24,credited-by-mirror
bulgaria,2024-08-05,Telegram: bulgariaz,telegram,20,credited-by-mirror
bulgaria,2024-08-05,Telegram: vremenapredsyuriy,telegram,12,credited-by-mirror
bulgaria,2024-08-05,bgr.news-front.su,domain,20,credited-by-mirror
bulgaria,2024-08-06,Telegram: BulgariaZOV,telegram,13,credited-by-mirror
bulgaria,2024-08-06,Telegram: InfodefBULGARIA,telegram,63,credited-by-mirror
bulgaria,2024-08-06,Telegram: Za_PraVda,telegram,8,credited-by-mirror
bulgaria,2024-08-06,Telegram: bulgariaz,telegram,49,credited-by-mirror
bulgaria,2024-08-06,Telegram: efir_info,telegram,2,credited-by-mirror
bulgaria,2024-08-06,Telegram: vremenapredsyuriy,telegram,10,credited-by-mirror
bulgaria,2024-08-06,bgr.news-front.su,domain,26,credited-by-mirror
bulgaria,2024-08-07,Telegram: BulgariaZOV,telegram,27,credited-by-mirror
bulgaria,2024-08-07,Telegram: InfodefBULGARIA,telegram,68,credited-by-mirror
bulgaria,2024-08-07,Telegram: NPzBG,telegram,2,credited-by-mirror
bulgaria,2024-08-07,Telegram: Za_PraVda,telegram,14,credited-by-mirror
bulgaria,2024-08-07,Telegram: bulgariaz,telegram,21,credited-by-mirror
bulgaria,2024-08-07,Telegram: efir_info,telegram,1,credited-by-mirror
bulgaria,2024-08-07,Telegram: vremenapredsyuriy,telegram,17,credited-by-mirror
bulgaria,2024-08-07,bgr.news-front.su,domain,24,credited-by-mirror
bulgaria,2024-08-08,Telegram: BulgariaZOV,telegram,24,credited-by-mirror
bulgaria,2024-08-08,Telegram: InfodefBULGARIA,telegram,66,credited-by-mirror
bulgaria,2024-08-08,Telegram: NPzBG,telegram,1,credited-by-mirror
bulgaria,2024-08-08,Telegram: Za_PraVda,telegram,18,credited-by-mirror
bulgaria,2024-08-08,Telegram: bulgariaz,telegram,18,credited-by-mirror
bulgaria,2024-08-08,Telegram: efir_info,telegram,2,credited-by-mirror
bulgaria,2024-08-08,Telegram: vremenapredsyuriy,telegram,9,credited-by-mirror
bulgaria,2024-08-08,bgr.news-front.su,domain,24,credited-by-mirror
bulgaria,2024-08-09,Telegram: BulgariaZOV,telegram,19,credited-by-mirror
bulgaria,2024-08-09,Telegram: InfodefBULGARIA,telegram,58,credited-by-mirror
bulgaria,2024-08-09,Telegram: NPzBG,telegram,2,credited-by-mirror
bulgaria,2024-08-09,Telegram: Za_PraVda,telegram,14,credited-by-mirror
bulgaria,2024-08-09,Telegram: bulgariaz,telegram,3,credited-by-mirror
bulgaria,2024-08-09,Telegram: efir_info,telegram,1,credited-by-mirror
bulgaria,2024-08-09,Telegram: vremenapredsyuriy,telegram,6,credited-by-mirror
bulgaria,2024-08-09,bgr.news-front.su,domain,24,credited-by-mirror
bulgaria,2024-08-10,Telegram: BulgariaZOV,telegram,18,credited-by-mirror
bulgaria,2024-08-10,Telegram: InfodefBULGARIA,telegram,67,credited-by-mirror
bulgaria,2024-08-10,Telegram: NPzBG,telegram,2,credited-by-mirror
bulgaria,2024-08-10,Telegram: Za_PraVda,telegram,20,credited-by-mirror
bulgaria,2024-08-10,Telegram: bulgariaz,telegram,46,credited-by-mirror
bulgaria,2024-08-10,Telegram: vremenapredsyuriy,telegram,30,credited-by-mirror
bulgaria,2024-08-10,bgr.news-front.su,domain,19,credited-by-mirror
bulgaria,2024-08-11,Telegram: BulgariaZOV,telegram,19,credited-by-mirror
bulgaria,2024-08-11,Telegram: InfodefBULGARIA,telegram,53,credited-by-mirror
bulgaria,2024-08-11,Telegram: Za_PraVda,telegram,20,credited-by-mirror
bulgaria,2024-08-11,Telegram: bulgariaz,telegram,36,credited-by-mirror
bulgaria,2024-08-11,Telegram: vremenapredsyuriy,telegram,34,credited-by-mirror
bulgaria,2024-08-11,bgr.news-front.su,domain,20,credited-by-mirror
bulgaria,2024-08-12,Telegram: BulgariaZOV,telegram,22,credited-by-mirror
bulgaria,2024-08-12,Telegram: InfodefBULGARIA,telegram,58,credited-by-mirror
bulgaria,2024-08-12,Telegram: NPzBG,telegram,2,credited-by-mirror
bulgaria,2024-08-12,Telegram: Za_PraVda,telegram,20,credited-by-mirror
bulgaria,2024-08-12,Telegram: bulgariaz,telegram,67,credited-by-mirror
bulgaria,2024-08-12,Telegram: efir_info,telegram,1,credited-by-mirror
bulgaria,2024-08-12,Telegram: vremenapredsyuriy,telegram,21,credited-by-mirror
bulgaria,2024-08-12,bgr.news-front.su,domain,24,credited-by-mirror
bulgaria,2024-08-13,Telegram: BulgariaZOV,telegram,9,credited-by-mirror
bulgaria,2024-08-13,Telegram: InfodefBULGARIA,telegram,43,credited-by-mirror
bulgaria,2024-08-13,Telegram: Za_PraVda,telegram,16,credited-by-mirror
bulgaria,2024-08-13,Telegram: bulgariaz,telegram,28,credited-by-mirror
bulgaria,2024-08-13,Telegram: efir_info,telegram,2,credited-by-mirror
bulgaria,2024-08-13,Telegram: vremenapredsyuriy,telegram,11,credited-by-mirror
bulgaria,2024-08-13,bgr.news-front.su,domain,22,credited-by-mirror
bulgaria,2024-08-14,Telegram: BulgariaZOV,telegram,17,credited-by-mirror
bulgaria,2024-08-14,Telegram: InfodefBULGARIA,telegram,50,credited-by-mirror
bulgaria,2024-08-14,Telegram: NPzBG,telegram,2,credited-by-mirror
bulgaria,2024-08-14,Telegram: Za_PraVda,telegram,18,credited-by-mirror
bulgaria,2024-08-14,Telegram: bulgariaz,telegram,32,credited-by-mirror
bulgaria,2024-08-14,Telegram: vremenapredsyuriy,telegram,22,credited-by-mirror
bulgaria,2024-08-14,bgr.news-front.su,domain,23,credited-by-mirror
bulgaria,2024-08-15,Telegram: BulgariaZOV,telegram,23,credited-by-mirror
bulgaria,2024-08-15,Telegram: InfodefBULGARIA,telegram,60,credited-by-mirror
bulgaria,2024-08-15,Telegram: NPzBG,telegram,1,credited-by-mirror
bulgaria,2024-08-15,Telegram: Za_PraVda,telegram,21,credited-by-mirror
bulgaria,2024-08-15,Telegram: bulgariaz,telegram,45,credited-by-mirror
bulgaria,2024-08-15,Telegram: efir_info,telegram,1,credited-by-mirror
bulgaria,2024-08-15,Telegram: vremenapredsyuriy,telegram,14,credited-by-mirror
bulgaria,2024-08-15,bgr.news-front.su,domain,21,credited-by-mirror
bulgaria,2024-08-16,Telegram: BulgariaZOV,telegram,16,credited-by-mirror
bulgaria,2024-08-16,Telegram: InfodefBULGARIA,telegram,67,credited-by-mirror
bulgaria,2024-08-16,Telegram: NPzBG,telegram,1,credited-by-mirror
bulgaria,2024-08-16,Telegram: Za_PraVda,telegram,22,credited-by-mirror
bulgaria,2024-08-16,Telegram: bulgariaz,telegram,40,credited-by-mirror
bulgaria,2024-08-16,Telegram: efir_info,telegram,1,credited-by-mirror
bulgaria,2024-08-16,Telegram: vremenapredsyuriy,telegram,18,credited-by-mirror
bulgaria,2024-08-16,bgr.news-front.su,domain,23,credited-by-mirror
bulgaria,2024-08-17,Telegram: BulgariaZOV,telegram,25,credited-by-mirror
bulgaria,2024-08-17,Telegram: InfodefBULGARIA,telegram,45,credited-by-mirror
bulgaria,2024-08-17,Telegram: Za_PraVda,telegram,16,credited-by-mirror
bulgaria,2024-08-17,Telegram: bulgariaz,telegram,50,credited-by-mirror
bulgaria,2024-08-17,Telegram: vremenapredsyuriy,telegram,32,credited-by-mirror
bulgaria,2024-08-17,bgr.news-front.su,domain,21,credited-by-mirror
bulgaria,2024-08-18,Telegram: BulgariaZOV,telegram,30,credited-by-mirror
bulgaria,2024-08-18,Telegram: InfodefBULGARIA,telegram,49,credited-by-mirror
bulgaria,2024-08-18,Telegram: Za_PraVda,telegram,16,credited-by-mirror
bulgaria,2024-08-18,Telegram: bulgariaz,telegram,56,credited-by-mirror
bulgaria,2024-08-18,Telegram: vremenapredsyuriy,telegram,50,credited-by-mirror
bulgaria,2024-08-18,bgr.news-front.su,domain,15,credited-by-mirror
bulgaria,2024-08-19,Telegram: BulgariaZOV,telegram,23,credited-by-mirror
bulgaria,2024-08-19,Telegram: InfodefBULGARIA,telegram,62,credited-by-mirror
bulgaria,2024-08-19,Telegram: Za_PraVda,telegram,23,credited-by-mirror
bulgaria,2024-08-19,Telegram: bulgariaz,telegram,44,credited-by-mirror
bulgaria,2024-08-19,Telegram: vremenapredsyuriy,telegram,24,credited-by-mirror
bulgaria,2024-08-19,bgr.news-front.su,domain,24,credited-by-mirror
bulgaria,2024-08-20,Telegram: BulgariaZOV,telegram,18,credited-by-mirror
bulgaria,2024-08-20,Telegram: InfodefBULGARIA,telegram,61,credited-by-mirror
bulgaria,2024-08-20,Telegram: Za_PraVda,telegram,16,credited-by-mirror
bulgaria,2024-08-20,Telegram: bulgariaz,telegram,50,credited-by-mirror
bulgaria,2024-08-20,Telegram: efir_info,telegram,1,credited-by-mirror
bulgaria,2024-08-20,Telegram: vremenapredsyuriy,telegram,12,credited-by-mirror
bulgaria,2024-08-20,bgr.news-front.su,domain,21,credited-by-mirror
bulgaria,2024-08-21,Telegram: BulgariaZOV,telegram,20,credited-by-mirror
bulgaria,2024-08-21,Telegram: InfodefBULGARIA,telegram,67,credited-by-mirror
bulgaria,2024-08-21,Telegram: Za_PraVda,telegram,14,credited-by-mirror
bulgaria,2024-08-21,Telegram: bulgariaz,telegram,60,credited-by-mirror
bulgaria,2024-08-21,Telegram: vremenapredsyuriy,telegram,5,credited-by-mirror
bulgaria,2024-08-21,bgr.news-front.su,domain,20,credited-by-mirror
bulgaria,2024-08-22,Telegram: BulgariaZOV,telegram,20,credited-by-mirror
bulgaria,2024-08-22,Telegram: InfodefBULGARIA,telegram,58,credited-by-mirror
bulgaria,2024-08-22,Telegram: NPzBG,telegram,2,credited-by-mirror
bulgaria,2024-08-22,Telegram: Za_PraVda,telegram,18,credited-by-mirror
bulgaria,2024-08-22,Telegram: bulgariaz,telegram,44,credited-by-mirror
bulgaria,2024-08-22,Telegram: posveteniteZ,telegram,1,credited-by-mirror
bulgaria,2024-08-22,Telegram: vremenapredsyuriy,telegram,6,credited-by-mirror
bulgaria,2024-08-22,bgr.news-front.su,domain,23,credited-by-mirror
bulgaria,2024-08-23,Telegram: BulgariaZOV,telegram,30,credited-by-mirror
bulgaria,2024-08-23,Telegram: InfodefBULGARIA,telegram,65,credited-by-mirror
bulgaria,2024-08-23,Telegram: NPzBG,telegram,1,credited-by-mirror
bulgaria,2024-08-23,Telegram: Za_PraVda,telegram,8,credited-by-mirror
bulgaria,2024-08-23,Telegram: bulgariaz,telegram,35,credited-by-mirror
bulgaria,2024-08-23,Telegram: vremenapredsyuriy,telegram,10,credited-by-mirror
bulgaria,2024-08-23,bgr.news-front.su,domain,22,credited-by-mirror
bulgaria,2024-08-24,Telegram: BulgariaZOV,telegram,19,credited-by-mirror
bulgaria,2024-08-24,Telegram: InfodefBULGARIA,telegram,61,credited-by-mirror
bulgaria,2024-08-24,Telegram: Za_PraVda,telegram,21,credited-by-mirror
bulgaria,2024-08-24,Telegram: bulgariaz,telegram,63,credited-by-mirror
bulgaria,2024-08-24,Telegram: vremenapredsyuriy,telegram,24,credited-by-mirror
bulgaria,2024-08-24,bgr.news-front.su,domain,19,credited-by-mirror
bulgaria,2024-08-25,Telegram: BulgariaZOV,telegram,26,credited-by-mirror
bulgaria,2024-08-25,Telegram: InfodefBULGARIA,telegram,62,credited-by-mirror
bulgaria,2024-08-25,Telegram: NPzBG,telegram,1,credited-by-mirror
bulgaria,2024-08-25,Telegram: Za_PraVda,telegram,17,credited-by-mirror
bulgaria,2024-08-25,Telegram: bulgariaz,telegram,47,credited-by-mirror
bulgaria,2024-08-25,Telegram: efir_info,telegram,4,credited-by-mirror
bulgaria,2024-08-25,Telegram: vremenapredsyuriy,telegram,12,credited-by-mirror
bulgaria,2024-08-25,bgr.news-front.su,domain,19,credited-by-mirror
bulgaria,2024-08-26,Telegram: BulgariaZOV,telegram,21,credited-by-mirror
bulgaria,2024-08-26,Telegram: InfodefBULGARIA,telegram,69,credited-by-mirror
bulgaria,2024-08-26,Telegram: Za_PraVda,telegram,14,credited-by-mirror
bulgaria,2024-08-26,Telegram: bulgariaz,telegram,23,credited-by-mirror
bulgaria,2024-08-26,Telegram: efir_info,telegram,1,credited-by-mirror
bulgaria,2024-08-26,Telegram: vremenapredsyuriy,telegram,11,credited-by-mirror
bulgaria,2024-08-26,bgr.news-front.su,domain,24,credited-by-mirror
bulgaria,2024-08-27,Telegram: BulgariaZOV,telegram,20,credited-by-mirror
bulgaria,2024-08-27,Telegram: InfodefBULGARIA,telegram,54,credited-by-mirror
bulgaria,2024-08-27,Telegram: Za_PraVda,telegram,25,credited-by-mirror
bulgaria,2024-08-27,Telegram: bulgariaz,telegram,18,credited-by-mirror
bulgaria,2024-08-27,Telegram: vremenapredsyuriy,telegram,7,credited-by-mirror
bulgaria,2024-08-27,bgr.news-front.su,domain,22,credited-by-mirror
bulgaria,2024-08-28,Telegram: BulgariaZOV,telegram,22,credited-by-mirror
bulgaria,2024-08-28,Telegram: InfodefBULGARIA,telegram,63,credited-by-mirror
bulgaria,2024-08-28,Telegram: NPzBG,telegram,2,credited-by-mirror
bulgaria,2024-08-28,Telegram: Za_PraVda,telegram,16,credited-by-mirror
bulgaria,2024-08-28,Telegram: bulgariaz,telegram,26,credited-by-mirror
bulgaria,2024-08-28,Telegram: vremenapredsyuriy,telegram,20,credited-by-mirror
bulgaria,2024-08-28,bgr.news-front.su,domain,25,credited-by-mirror
bulgaria,2024-08-29,Telegram: BulgariaZOV,telegram,19,credited-by-mirror
bulgaria,2024-08-29,Telegram: InfodefBULGARIA,telegram,66,credited-by-mirror
bulgaria,2024-08-29,Telegram: Za_PraVda,telegram,22,credited-by-mirror
bulgaria,2024-08-29,Telegram: bulgariaz,telegram,32,credited-by-mirror
bulgaria,2024-08-29,Telegram: efir_info,telegram,1,credited-by-mirror
bulgaria,2024-08-29,Telegram: vremenapredsyuriy,telegram,16,credited-by-mirror
bulgaria,2024-08-29,bgr.news-front.su,domain,24,credited-by-mirror
bulgaria,2024-08-30,Telegram: BulgariaZOV,telegram,17,credited-by-mirror
bulgaria,2024-08-30,Telegram: InfodefBULGARIA,telegram,63,credited-by-mirror
bulgaria,2024-08-30,Telegram: Za_PraVda,telegram,18,credited-by-mirror
bulgaria,2024-08-30,Telegram: bulgariaz,telegram,54,credited-by-mirror
bulgaria,2024-08-30,Telegram: vremenapredsyuriy,telegram,7,credited-by-mirror
bulgaria,2024-08-30,bgr.news-front.su,domain,20,credited-by-mirror
bulgaria,2024-08-31,Telegram: BulgariaZOV,telegram,12,credited-by-mirror
bulgaria,2024-08-31,Telegram: InfodefBULGARIA,telegram,46,credited-by-mirror
bulgaria,2024-08-31,Telegram: NPzBG,telegram,1,credited-by-mirror
bulgaria,2024-08-31,Telegram: Za_PraVda,telegram,18,credited-by-mirror
bulgaria,2024-08-31,Telegram: bulgariaz,telegram,41,credited-by-mirror
bulgaria,2024-08-31,Telegram: vremenapredsyuriy,telegram,43,credited-by-mirror
bulgaria,2024-08-31,bgr.news-front.su,domain,18,credited-by-mirror
burkina-faso,2024-08-01,Unknown,other,18,credited-by-mirror
burkina-faso,2024-08-01,aib.media,domain,31,credited-by-mirror
burkina-faso,2024-08-01,burkina24.com,domain,3,credited-by-mirror
burkina-faso,2024-08-01,lepays.bf,domain,3,credited-by-mirror
burkina-faso,2024-08-01,lobspaalga.com,domain,3,credited-by-mirror
burkina-faso,2024-08-01,minute.bf,domain,8,credited-by-mirror
burkina-faso,2024-08-02,Unknown,other,16,credited-by-mirror
burkina-faso,2024-08-02,aib.media,domain,18,credited-by-mirror
burkina-faso,2024-08-02,burkina24.com,domain,7,credited-by-mirror
burkina-faso,2024-08-02,lobspaalga.com,domain,2,credited-by-mirror
burkina-faso,2024-08-02,minute.bf,domain,5,credited-by-mirror
burkina-faso,2024-08-03,Unknown,other,12,credited-by-mirror
burkina-faso,2024-08-03,aib.media,domain,20,credited-by-mirror
burkina-faso,2024-08-03,burkina24.com,domain,5,credited-by-mirror
burkina-faso,2024-08-03,lobspaalga.com,domain,3,credited-by-mirror
burkina-faso,2024-08-03,minute.bf,domain,5,credited-by-mirror
burkina-faso,2024-08-04,Unknown,other,10,credited-by-mirror
burkina-faso,2024-08-04,aib.media,domain,14,credited-by-mirror
burkina-faso,2024-08-04,burkina24.com,domain,4,credited-by-mirror
burkina-faso,2024-08-04,lepays.bf,domain,1,credited-by-mirror
burkina-faso,2024-08-04,lobspaalga.com,domain,1,credited-by-mirror
burkina-faso,2024-08-04,minute.bf,domain,8,credited-by-mirror
burkina-faso,2024-08-05,Unknown,other,13,credited-by-mirror
burkina-faso,2024-08-05,aib.media,domain,15,credited-by-mirror
burkina-faso,2024-08-05,burkina24.com,domain,7,credited-by-mirror
burkina-faso,2024-08-05,lepays.bf,domain,2,credited-by-mirror
burkina-faso,2024-08-05,lobspaalga.com,domain,6,credited-by-mirror
burkina-faso,2024-08-05,minute.bf,domain,6,credited-by-mirror
burkina-faso,2024-08-06,Unknown,other,20,credited-by-mirror
burkina-faso,2024-08-06,aib.media,domain,28,credited-by-mirror
burkina-faso,2024-08-06,burkina24.com,domain,3,credited-by-mirror
burkina-faso,2024-08-06,lepays.bf,domain,3,credited-by-mirror
burkina-faso,2024-08-06,minute.bf,domain,7,credited-by-mirror
burkina-faso,2024-08-07,Unknown,other,17,credited-by-mirror
burkina-faso,2024-08-07,aib.media,domain,27,credited-by-mirror
burkina-faso,2024-08-07,burkina24.com,domain,10,credited-by-mirror
burkina-faso,2024-08-07,lepays.bf,domain,4,credited-by-mirror
burkina-faso,2024-08-07,lobspaalga.com,domain,2,credited-by-mirror
burkina-faso,2024-08-07,minute.bf,domain,11,credited-by-mirror
burkina-faso,2024-08-08,Unknown,other,29,credited-by-mirror
burkina-faso,2024-08-08,aib.media,domain,24,credited-by-mirror
burkina-faso,2024-08-08,burkina24.com,domain,6,credited-by-mirror
burkina-faso,2024-08-08,lepays.bf,domain,4,credited-by-mirror
burkina-faso,2024-08-08,lobspaalga.com,domain,3,credited-by-mirror
burkina-faso,2024-08-08,minute.bf,domain,8,credited-by-mirror
burkina-faso,2024-08-09,Unknown,other,11,credited-by-mirror
burkina-faso,2024-08-09,aib.media,domain,25,credited-by-mirror
burkina-faso,2024-08-09,burkina24.com,domain,3,credited-by-mirror
burkina-faso,2024-08-09,lobspaalga.com,domain,1,credited-by-mirror
burkina-faso,2024-08-09,minute.bf,domain,12,credited-by-mirror
burkina-faso,2024-08-10,Unknown,other,8,credited-by-mirror
burkina-faso,2024-08-10,aib.media,domain,17,credited-by-mirror
burkina-faso,2024-08-10,burkina24.com,domain,4,credited-by-mirror
burkina-faso,2024-08-10,lobspaalga.com,domain,1,credited-by-mirror
burkina-faso,2024-08-10,minute.bf,domain,4,credited-by-mirror
burkina-faso,2024-08-11,Unknown,other,4,credited-by-mirror
burkina-faso,2024-08-11,aib.media,domain,21,credited-by-mirror
burkina-faso,2024-08-11,burkina24.com,domain,2,credited-by-mirror
burkina-faso,2024-08-11,lepays.bf,domain,3,credited-by-mirror
burkina-faso,2024-08-11,lobspaalga.com,domain,1,credited-by-mirror
burkina-faso,2024-08-11,minute.bf,domain,7,credited-by-mirror
burkina-faso,2024-08-12,Unknown,other,11,credited-by-mirror
burkina-faso,2024-08-12,aib.media,domain,26,credited-by-mirror
burkina-faso,2024-08-12,burkina24.com,domain,6,credited-by-mirror
burkina-faso,2024-08-12,lepays.bf,domain,4,credited-by-mirror
burkina-faso,2024-08-12,lobspaalga.com,domain,1,credited-by-mirror
burkina-faso,2024-08-12,minute.bf,domain,10,credited-by-mirror
burkina-faso,2024-08-13,Unknown,other,17,credited-by-mirror
burkina-faso,2024-08-13,aib.media,domain,19,credited-by-mirror
burkina-faso,2024-08-13,burkina24.com,domain,1,credited-by-mirror
burkina-faso,2024-08-13,lepays.bf,domain,2,credited-by-mirror
burkina-faso,2024-08-13,lobspaalga.com,domain,3,credited-by-mirror
burkina-faso,2024-08-13,minute.bf,domain,5,credited-by-mirror
burkina-faso,2024-08-14,Unknown,other,9,credited-by-mirror
burkina-faso,2024-08-14,aib.media,domain,33,credited-by-mirror
burkina-faso,2024-08-14,burkina24.com,domain,1,credited-by-mirror
burkina-faso,2024-08-14,lobspaalga.com,domain,5,credited-by-mirror
burkina-faso,2024-08-14,minute.bf,domain,11,credited-by-mirror
burkina-faso,2024-08-15,Unknown,other,5,credited-by-mirror
burkina-faso,2024-08-15,aib.media,domain,13,credited-by-mirror
burkina-faso,2024-08-15,burkina24.com,domain,4,credited-by-mirror
burkina-faso,2024-08-15,lepays.bf,domain,2,credited-by-mirror
burkina-faso,2024-08-15,lobspaalga.com,domain,4,credited-by-mirror
burkina-faso,2024-08-15,minute.bf,domain,5,credited-by-mirror
burkina-faso,2024-08-16,Unknown,other,11,credited-by-mirror
burkina-faso,2024-08-16,aib.media,domain,22,credited-by-mirror
burkina-faso,2024-08-16,burkina24.com,domain,2,credited-by-mirror
burkina-faso,2024-08-16,lobspaalga.com,domain,2,credited-by-mirror
burkina-faso,2024-08-16,minute.bf,domain,5,credited-by-mirror
burkina-faso,2024-08-17,Unknown,other,8,credited-by-mirror
burkina-faso,2024-08-17,aib.media,domain,17,credited-by-mirror
burkina-faso,2024-08-17,burkina24.com,domain,3,credited-by-mirror
burkina-faso,2024-08-17,lobspaalga.com,domain,2,credited-by-mirror
burkina-faso,2024-08-17,minute.bf,domain,5,credited-by-mirror
burkina-faso,2024-08-18,Unknown,other,2,credited-by-mirror
burkina-faso,2024-08-18,aib.media,domain,14,credited-by-mirror
burkina-faso,2024-08-18,burkina24.com,domain,3,credited-by-mirror
burkina-faso,2024-08-18,lepays.bf,domain,2,credited-by-mirror
burkina-faso,2024-08-18,lobspaalga.com,domain,2,credited-by-mirror
burkina-faso,2024-08-18,minute.bf,domain,6,credited-by-mirror
burkina-faso,2024-08-19,Unknown,other,16,credited-by-mirror
burkina-faso,2024-08-19,aib.media,domain,16,credited-by-mirror
burkina-faso,2024-08-19,burkina24.com,domain,5,credited-by-mirror
burkina-faso,2024-08-19,lepays.bf,domain,4,credited-by-mirror
burkina-faso,2024-08-19,lobspaalga.com,domain,2,credited-by-mirror
burkina-faso,2024-08-19,minute.bf,domain,7,credited-by-mirror
burkina-faso,2024-08-20,Unknown,other,16,credited-by-mirror
burkina-faso,2024-08-20,aib.media,domain,28,credited-by-mirror
burkina-faso,2024-08-20,burkina24.com,domain,10,credited-by-mirror
burkina-faso,2024-08-20,lepays.bf,domain,3,credited-by-mirror
burkina-faso,2024-08-20,lobspaalga.com,domain,3,credited-by-mirror
burkina-faso,2024-08-20,minute.bf,domain,8,credited-by-mirror
burkina-faso,2024-08-21,Unknown,other,9,credited-by-mirror
burkina-faso,2024-08-21,aib.media,domain,25,credited-by-mirror
burkina-faso,2024-08-21,lepays.bf,domain,3,credited-by-mirror
burkina-faso,2024-08-21,lobspaalga.com,domain,6,credited-by-mirror
burkina-faso,2024-08-21,minute.bf,domain,6,credited-by-mirror
burkina-faso,2024-08-22,Unknown,other,9,credited-by-mirror
burkina-faso,2024-08-22,aib.media,domain,33,credited-by-mirror
burkina-faso,2024-08-22,burkina24.com,domain,2,credited-by-mirror
burkina-faso,2024-08-22,lepays.bf,domain,3,credited-by-mirror
burkina-faso,2024-08-22,lobspaalga.com,domain,2,credited-by-mirror
burkina-faso,2024-08-22,minute.bf,domain,4,credited-by-mirror
burkina-faso,2024-08-23,Unknown,other,12,credited-by-mirror
burkina-faso,2024-08-23,aib.media,domain,27,credited-by-mirror
burkina-faso,2024-08-23,burkina24.com,domain,4,credited-by-mirror
burkina-faso,2024-08-23,lobspaalga.com,domain,3,credited-by-mirror
burkina-faso,2024-08-23,minute.bf,domain,5,credited-by-mirror
burkina-faso,2024-08-24,Unknown,other,7,credited-by-mirror
burkina-faso,2024-08-24,aib.media,domain,17,credited-by-mirror
burkina-faso,2024-08-24,burkina24.com,domain,4,credited-by-mirror
burkina-faso,2024-08-24,lobspaalga.com,domain,1,credited-by-mirror
burkina-faso,2024-08-24,minute.bf,domain,2,credited-by-mirror
burkina-faso,2024-08-25,Unknown,other,8,credited-by-mirror
burkina-faso,2024-08-25,aib.media,domain,12,credited-by-mirror
burkina-faso,2024-08-25,burkina24.com,domain,4,credited-by-mirror
burkina-faso,2024-08-25,lepays.bf,domain,2,credited-by-mirror
burkina-faso,2024-08-25,lobspaalga.com,domain,2,credited-by-mirror
burkina-faso,2024-08-25,minute.bf,domain,5,credited-by-mirror
burkina-faso,2024-08-26,Unknown,other,13,credited-by-mirror
burkina-faso,2024-08-26,aib.media,domain,23,credited-by-mirror
burkina-faso,2024-08-26,burkina24.com,domain,3,credited-by-mirror
burkina-faso,2024-08-26,lepays.bf,domain,3,credited-by-mirror
burkina-faso,2024-08-26,lobspaalga.com,domain,6,credited-by-mirror
burkina-faso,2024-08-26,minute.bf,domain,9,credited-by-mirror
burkina-faso,2024-08-27,Unknown,other,14,credited-by-mirror
burkina-faso,2024-08-27,aib.media,domain,16,credited-by-mirror
burkina-faso,2024-08-27,burkina24.com,domain,8,credited-by-mirror
burkina-faso,2024-08-27,lepays.bf,domain,3,credited-by-mirror
burkina-faso,2024-08-27,lobspaalga.com,domain,4,credited-by-mirror
burkina-faso,2024-08-27,minute.bf,domain,8,credited-by-mirror
burkina-faso,2024-08-28,Unknown,other,11,credited-by-mirror
burkina-faso,2024-08-28,aib.media,domain,18,credited-by-mirror
burkina-faso,2024-08-28,burkina24.com,domain,4,credited-by-mirror
burkina-faso,2024-08-28,lepays.bf,domain,2,credited-by-mirror
burkina-faso,2024-08-28,lobspaalga.com,domain,3,credited-by-mirror
burkina-faso,2024-08-28,minute.bf,domain,8,credited-by-mirror
burkina-faso,2024-08-29,Unknown,other,13,credited-by-mirror
burkina-faso,2024-08-29,aib.media,domain,18,credited-by-mirror
burkina-faso,2024-08-29,burkina24.com,domain,9,credited-by-mirror
burkina-faso,2024-08-29,lepays.bf,domain,5,credited-by-mirror
burkina-faso,2024-08-29,lobspaalga.com,domain,5,credited-by-mirror
burkina-faso,2024-08-29,minute.bf,domain,7,credited-by-mirror
burkina-faso,2024-08-30,Unknown,other,26,credited-by-mirror
burkina-faso,2024-08-30,aib.media,domain,26,credited-by-mirror
burkina-faso,2024-08-30,burkina24.com,domain,2,credited-by-mirror
burkina-faso,2024-08-30,lobspaalga.com,domain,5,credited-by-mirror
burkina-faso,2024-08-30,minute.bf,domain,8,credited-by-mirror
burkina-faso,2024-08-31,Unknown,other,6,credited-by-mirror
burkina-faso,2024-08-31,aib.media,domain,21,credited-by-mirror
burkina-faso,2024-08-31,burkina24.com,domain,5,credited-by-mirror
burkina-faso,2024-08-31,lobspaalga.com,domain,1,credited-by-mirror
burkina-faso,2024-08-31,minute.bf,domain,8,credited-by-mirror
car,2024-08-01,Telegram: dnobangui,telegram,4,credited-by-mirror
car,2024-08-01,acap.cf,domain,1,credited-by-mirror
car,2024-08-01,minusca.unmissions.org,domain,1,credited-by-mirror
car,2024-08-01,ndjonisango.com,domain,4,credited-by-mirror
car,2024-08-01,nouvellesplus.com,domain,1,credited-by-mirror
car,2024-08-01,oubanguimedias.com,domain,1,credited-by-mirror
car,2024-08-01,radiondekeluka.org,domain,7,credited-by-mirror
car,2024-08-02,Telegram: dnobangui,telegram,2,credited-by-mirror
car,2024-08-02,minusca.unmissions.org,domain,1,credited-by-mirror
car,2024-08-02,ndjonisango.com,domain,2,credited-by-mirror
car,2024-08-02,nouvellesplus.com,domain,1,credited-by-mirror
car,2024-08-02,oubanguimedias.com,domain,6,credited-by-mirror
car,2024-08-02,radiondekeluka.org,domain,6,credited-by-mirror
car,2024-08-03,Telegram: dnobangui,telegram,3,credited-by-mirror
car,2024-08-03,acap.cf,domain,3,credited-by-mirror
car,2024-08-03,ndjonisango.com,domain,1,credited-by-mirror
car,2024-08-03,radiondekeluka.org,domain,1,credited-by-mirror
car,2024-08-04,Telegram: dnobangui,telegram,3,credited-by-mirror
car,2024-08-04,nouvellesplus.com,domain,1,credited-by-mirror
car,2024-08-05,Telegram: dnobangui,telegram,4,credited-by-mirror
car,2024-08-05,minusca.unmissions.org,domain,3,credited-by-mirror
car,2024-08-05,ndjonisango.com,domain,6,credited-by-mirror
car,2024-08-05,nouvellesplus.com,domain,1,credited-by-mirror
car,2024-08-05,oubanguimedias.com,domain,11,credited-by-mirror
car,2024-08-05,radiondekeluka.org,domain,7,credited-by-mirror
car,2024-08-05,renaissance.cf,domain,3,credited-by-mirror
car,2024-08-06,Telegram: dnobangui,telegram,5,credited-by-mirror
car,2024-08-06,Telegram: officersunion,telegram,1,credited-by-mirror
car,2024-08-06,acap.cf,domain,3,credited-by-mirror
car,2024-08-06,minusca.unmissions.org,domain,1,credited-by-mirror
car,2024-08-06,ndjonisango.com,domain,3,credited-by-mirror
car,2024-08-06,oubanguimedias.com,domain,2,credited-by-mirror
car,2024-08-06,radiondekeluka.org,domain,7,credited-by-mirror
car,2024-08-07,Telegram: dnobangui,telegram,3,credited-by-mirror
car,2024-08-07,acap.cf,domain,2,credited-by-mirror
car,2024-08-07,minusca.unmissions.org,domain,3,credited-by-mirror
car,2024-08-07,ndjonisango.com,domain,4,credited-by-mirror
car,2024-08-07,nouvellesplus.com,domain,1,credited-by-mirror
car,2024-08-07,oubanguimedias.com,domain,10,credited-by-mirror
car,2024-08-07,radiondekeluka.org,domain,4,credited-by-mirror
car,2024-08-07,renaissance.cf,domain,3,credited-by-mirror
car,2024-08-08,Telegram: dnobangui,telegram,3,credited-by-mirror
car,2024-08-08,Telegram: officersunion,telegram,1,credited-by-mirror
car,2024-08-08,acap.cf,domain,3,credited-by-mirror
car,2024-08-08,minusca.unmissions.org,domain,1,credited-by-mirror
car,2024-08-08,ndjonisango.com,domain,5,credited-by-mirror
car,2024-08-08,radiondekeluka.org,domain,6,credited-by-mirror
car,2024-08-09,Telegram: dnobangui,telegram,4,credited-by-mirror
car,2024-08-09,Telegram: officersunion,telegram,1,credited-by-mirror
car,2024-08-09,acap.cf,domain,5,credited-by-mirror
car,2024-08-09,minusca.unmissions.org,domain,4,credited-by-mirror
car,2024-08-09,ndjonisango.com,domain,13,credited-by-mirror
car,2024-08-09,nouvellesplus.com,domain,1,credited-by-mirror
car,2024-08-09,oubanguimedias.com,domain,9,credited-by-mirror
car,2024-08-09,radiondekeluka.org,domain,5,credited-by-mirror
car,2024-08-10,Telegram: dnobangui,telegram,2,credited-by-mirror
car,2024-08-10,acap.cf,domain,2,credited-by-mirror
car,2024-08-10,radiondekeluka.org,domain,4,credited-by-mirror
car,2024-08-11,Telegram: dnobangui,telegram,4,credited-by-mirror
car,2024-08-11,nouvellesplus.com,domain,2,credited-by-mirror
car,2024-08-11,radiondekeluka.org,domain,1,credited-by-mirror
car,2024-08-12,Telegram: dnobangui,telegram,3,credited-by-mirror
car,2024-08-12,minusca.unmissions.org,domain,3,credited-by-mirror
car,2024-08-12,ndjonisango.com,domain,6,credited-by-mirror
car,2024-08-12,nouvellesplus.com,domain,1,credited-by-mirror
car,2024-08-12,oubanguimedias.com,domain,9,credited-by-mirror
car,2024-08-12,radiondekeluka.org,domain,9,credited-by-mirror
car,2024-08-13,Telegram: dnobangui,telegram,3,credited-by-mirror
car,2024-08-13,Telegram: officersunion,telegram,1,credited-by-mirror
car,2024-08-13,Telegram: rusbangui,telegram,2,credited-by-mirror
car,2024-08-13,minusca.unmissions.org,domain,1,credited-by-mirror
car,2024-08-13,ndjonisango.com,domain,1,credited-by-mirror
car,2024-08-13,nouvellesplus.com,domain,1,credited-by-mirror
car,2024-08-13,radiondekeluka.org,domain,4,credited-by-mirror
car,2024-08-14,Telegram: dnobangui,telegram,3,credited-by-mirror
car,2024-08-14,Telegram: rusbangui,telegram,1,credited-by-mirror
car,2024-08-14,minusca.unmissions.org,domain,2,credited-by-mirror
car,2024-08-14,ndjonisango.com,domain,3,credited-by-mirror
car,2024-08-14,nouvellesplus.com,domain,1,credited-by-mirror
car,2024-08-14,oubanguimedias.com,domain,6,credited-by-mirror
car,2024-08-14,radiondekeluka.org,domain,5,credited-by-mirror
car,2024-08-15,Telegram: dnobangui,telegram,4,credited-by-mirror
car,2024-08-15,minusca.unmissions.org,domain,2,credited-by-mirror
car,2024-08-15,ndjonisango.com,domain,2,credited-by-mirror
car,2024-08-15,nouvellesplus.com,domain,1,credited-by-mirror
car,2024-08-16,Telegram: dnobangui,telegram,3,credited-by-mirror
car,2024-08-16,Telegram: rusbangui,telegram,1,credited-by-mirror
car,2024-08-16,minusca.unmissions.org,domain,2,credited-by-mirror
car,2024-08-16,ndjonisango.com,domain,3,credited-by-mirror
car,2024-08-16,nouvellesplus.com,domain,1,credited-by-mirror
car,2024-08-16,oubanguimedias.com,domain,9,credited-by-mirror
car,2024-08-16,radiondekeluka.org,domain,5,credited-by-mirror
car,2024-08-17,Telegram: dnobangui,telegram,2,credited-by-mirror
car,2024-08-17,oubanguimedias.com,domain,3,credited-by-mirror
car,2024-08-17,radiondekeluka.org,domain,3,credited-by-mirror
car,2024-08-18,Telegram: dnobangui,telegram,3,credited-by-mirror
car,2024-08-18,ndjonisango.com,domain,1,credited-by-mirror
car,2024-08-18,nouvellesplus.com,domain,1,credited-by-mirror
car,2024-08-18,oubanguimedias.com,domain,1,credited-by-mirror
car,2024-08-18,radiondekeluka.org,domain,1,credited-by-mirror
car,2024-08-19,Telegram: dnobangui,telegram,3,credited-by-mirror
car,2024-08-19,Telegram: rusbangui,telegram,2,credited-by-mirror
car,2024-08-19,acap.cf,domain,4,credited-by-mirror
car,2024-08-19,minusca.unmissions.org,domain,1,credited-by-mirror
car,2024-08-19,ndjonisango.com,domain,3,credited-by-mirror
car,2024-08-19,oubanguimedias.com,domain,8,credited-by-mirror
car,2024-08-19,radiondekeluka.org,domain,6,credited-by-mirror
car,2024-08-20,Telegram: dnobangui,telegram,3,credited-by-mirror
car,2024-08-20,Telegram: officersunion,telegram,1,credited-by-mirror
car,2024-08-20,acap.cf,domain,1,credited-by-mirror
car,2024-08-20,minusca.unmissions.org,domain,2,credited-by-mirror
car,2024-08-20,ndjonisango.com,domain,2,credited-by-mirror
car,2024-08-20,nouvellesplus.com,domain,1,credited-by-mirror
car,2024-08-20,radiondekeluka.org,domain,10,credited-by-mirror
car,2024-08-20,renaissance.cf,domain,1,credited-by-mirror
car,2024-08-21,Telegram: dnobangui,telegram,3,credited-by-mirror
car,2024-08-21,Telegram: officersunion,telegram,1,credited-by-mirror
car,2024-08-21,Telegram: rusbangui,telegram,1,credited-by-mirror
car,2024-08-21,minusca.unmissions.org,domain,2,credited-by-mirror
car,2024-08-21,ndjonisango.com,domain,3,credited-by-mirror
car,2024-08-21,oubanguimedias.com,domain,5,credited-by-mirror
car,2024-08-21,radiondekeluka.org,domain,3,credited-by-mirror
car,2024-08-22,Telegram: dnobangui,telegram,4,credited-by-mirror
car,2024-08-22,Telegram: rusbangui,telegram,1,credited-by-mirror
car,2024-08-22,acap.cf,domain,4,credited-by-mirror
car,2024-08-22,minusca.unmissions.org,domain,4,credited-by-mirror
car,2024-08-22,nouvellesplus.com,domain,1,credited-by-mirror
car,2024-08-22,radiondekeluka.org,domain,1,credited-by-mirror
car,2024-08-23,Telegram: dnobangui,telegram,3,credited-by-mirror
car,2024-08-23,Telegram: officersunion,telegram,1,credited-by-mirror
car,2024-08-23,minusca.unmissions.org,domain,1,credited-by-mirror
car,2024-08-23,ndjonisango.com,domain,10,credited-by-mirror
car,2024-08-23,nouvellesplus.com,domain,1,credited-by-mirror
car,2024-08-23,oubanguimedias.com,domain,10,credited-by-mirror
car,2024-08-23,radiondekeluka.org,domain,9,credited-by-mirror
car,2024-08-24,Telegram: dnobangui,telegram,3,credited-by-mirror
car,2024-08-24,Telegram: officersunion,telegram,1,credited-by-mirror
car,2024-08-24,ndjonisango.com,domain,5,credited-by-mirror
car,2024-08-24,nouvellesplus.com,domain,1,credited-by-mirror
car,2024-08-24,radiondekeluka.org,domain,1,credited-by-mirror
car,2024-08-24,renaissance.cf,domain,1,credited-by-mirror
car,2024-08-25,Telegram: dnobangui,telegram,2,credited-by-mirror
car,2024-08-25,Telegram: officersunion,telegram,1,credited-by-mirror
car,2024-08-25,oubanguimedias.com,domain,1,credited-by-mirror
car,2024-08-26,Telegram: dnobangui,telegram,3,credited-by-mirror
car,2024-08-26,minusca.unmissions.org,domain,3,credited-by-mirror
car,2024-08-26,ndjonisango.com,domain,7,credited-by-mirror
car,2024-08-26,nouvellesplus.com,domain,1,credited-by-mirror
car,2024-08-26,oubanguimedias.com,domain,7,credited-by-mirror
car,2024-08-26,radiondekeluka.org,domain,9,credited-by-mirror
car,2024-08-27,Telegram: dnobangui,telegram,3,credited-by-mirror
car,2024-08-27,acap.cf,domain,3,credited-by-mirror
car,2024-08-27,minusca.unmissions.org,domain,1,credited-by-mirror
car,2024-08-27,ndjonisango.com,domain,3,credited-by-mirror
car,2024-08-27,nouvellesplus.com,domain,1,credited-by-mirror
car,2024-08-27,oubanguimedias.com,domain,1,credited-by-mirror
car,2024-08-27,radiondekeluka.org,domain,6,credited-by-mirror
car,2024-08-28,Telegram: dnobangui,telegram,2,credited-by-mirror
car,2024-08-28,Telegram: rusbangui,telegram,2,credited-by-mirror
car,2024-08-28,acap.cf,domain,1,credited-by-mirror
car,2024-08-28,minusca.unmissions.org,domain,3,credited-by-mirror
car,2024-08-28,ndjonisango.com,domain,1,credited-by-mirror
car,2024-08-28,nouvellesplus.com,domain,1,credited-by-mirror
car,2024-08-28,oubanguimedias.com,domain,10,credited-by-mirror
car,2024-08-28,radiondekeluka.org,domain,9,credited-by-mirror
car,2024-08-28,renaissance.cf,domain,6,credited-by-mirror
car,2024-08-29,Telegram: dnobangui,telegram,2,credited-by-mirror
car,2024-08-29,Telegram: officersunion,telegram,1,credited-by-mirror
car,2024-08-29,acap.cf,domain,3,credited-by-mirror
car,2024-08-29,minusca.unmissions.org,domain,1,credited-by-mirror
car,2024-08-29,nouvellesplus.com,domain,1,credited-by-mirror
car,2024-08-29,radiondekeluka.org,domain,7,credited-by-mirror
car,2024-08-29,renaissance.cf,domain,1,credited-by-mirror
car,2024-08-30,Telegram: dnobangui,telegram,3,credited-by-mirror
car,2024-08-30,Telegram: rusbangui,telegram,1,credited-by-mirror
car,2024-08-30,minusca.unmissions.org,domain,1,credited-by-mirror
car,2024-08-30,ndjonisango.com,domain,6,credited-by-mirror
car,2024-08-30,nouvellesplus.com,domain,1,credited-by-mirror
car,2024-08-30,oubanguimedias.com,domain,9,credited-by-mirror
car,2024-08-30,radiondekeluka.org,domain,4,credited-by-mirror
car,2024-08-31,Telegram: dnobangui,telegram,3,credited-by-mirror
car,2024-08-31,ndjonisango.com,domain,1,credited-by-mirror
car,2024-08-31,nouvellesplus.com,domain,1,credited-by-mirror
croatia,2024-08-01,lenta.ru,domain,2,credited-by-mirror
croatia,2024-08-02,kp.ru,domain,2,credited-by-mirror
croatia,2024-08-02,lenta.ru,domain,1,credited-by-mirror
croatia,2024-08-02,ria.ru,domain,1,credited-by-mirror
croatia,2024-08-02,tass.ru,domain,5,credited-by-mirror
croatia,2024-08-03,lenta.ru,domain,1,credited-by-mirror
croatia,2024-08-03,news-front.su,domain,1,credited-by-mirror
croatia,2024-08-03,tass.ru,domain,2,credited-by-mirror
croatia,2024-08-04,Telegram: RVvoenkor,telegram,1,credited-by-mirror
croatia,2024-08-04,tass.ru,domain,1,credited-by-mirror
croatia,2024-08-05,Telegram: Politnavigator,telegram,1,credited-by-mirror
croatia,2024-08-05,kp.ru,domain,1,credited-by-mirror
croatia,2024-08-05,tass.ru,domain,1,credited-by-mirror
croatia,2024-08-06,lenta.ru,domain,1,credited-by-mirror
croatia,2024-08-07,news-front.su,domain,1,credited-by-mirror
croatia,2024-08-07,ria.ru,domain,1,credited-by-mirror
croatia,2024-08-12,lenta.ru,domain,2,credited-by-mirror
croatia,2024-08-13,news-front.su,domain,1,credited-by-mirror
croatia,2024-08-14,Telegram: Politnavigator,telegram,2,credited-by-mirror
croatia,2024-08-14,tass.ru,domain,1,credited-by-mirror
croatia,2024-08-15,Telegram: Politnavigator,telegram,1,credited-by-mirror
croatia,2024-08-16,kp.ru,domain,1,credited-by-mirror
croatia,2024-08-16,lenta.ru,domain,1,credited-by-mirror
croatia,2024-08-16,ria.ru,domain,1,credited-by-mirror
croatia,2024-08-17,kp.ru,domain,1,credited-by-mirror
croatia,2024-08-17,lenta.ru,domain,1,credited-by-mirror
croatia,2024-08-17,ren.tv,domain,1,credited-by-mirror
croatia,2024-08-17,ria.ru,domain,1,credited-by-mirror
croatia,2024-08-21,lenta.ru,domain,1,credited-by-mirror
croatia,2024-08-21,ria.ru,domain,1,credited-by-mirror
croatia,2024-08-22,news-front.su,domain,1,credited-by-mirror
croatia,2024-08-22,ria.ru,domain,1,credited-by-mirror
croatia,2024-08-23,ria.ru,domain,1,credited-by-mirror
croatia,2024-08-25,Telegram: Politnavigator,telegram,1,credited-by-mirror
croatia,2024-08-26,Telegram: Politnavigator,telegram,1,credited-by-mirror
croatia,2024-08-27,Telegram: Politnavigator,telegram,1,credited-by-mirror
croatia,2024-08-27,lenta.ru,domain,1,credited-by-mirror
croatia,2024-08-27,ria.ru,domain,2,credited-by-mirror
croatia,2024-08-28,Telegram: Politnavigator,telegram,1,credited-by-mirror
croatia,2024-08-28,ria.ru,domain,1,credited-by-mirror
croatia,2024-08-29,lenta.ru,domain,2,credited-by-mirror
croatia,2024-08-29,ria.ru,domain,1,credited-by-mirror
croatia,2024-08-31,lenta.ru,domain,2,credited-by-mirror
croatia,2024-08-31,ria.ru,domain,1,credited-by-mirror
cyprus,2024-08-01,lenta.ru,domain,1,credited-by-mirror
cyprus,2024-08-01,tass.ru,domain,4,credited-by-mirror
cyprus,2024-08-02,Telegram: infantmilitario,telegram,2,credited-by-mirror
cyprus,2024-08-02,lenta.ru,domain,1,credited-by-mirror
cyprus,2024-08-02,tass.ru,domain,3,credited-by-mirror
cyprus,2024-08-03,tass.ru,domain,2,credited-by-mirror
cyprus,2024-08-04,Telegram: infantmilitario,telegram,1,credited-by-mirror
cyprus,2024-08-04,Telegram: rusembcy,telegram,1,credited-by-mirror
cyprus,2024-08-04,kp.ru,domain,1,credited-by-mirror
cyprus,2024-08-04,tass.ru,domain,3,credited-by-mirror
cyprus,2024-08-05,lenta.ru,domain,2,credited-by-mirror
cyprus,2024-08-05,tass.ru,domain,3,credited-by-mirror
cyprus,2024-08-05,tsargrad.tv,domain,2,credited-by-mirror
cyprus,2024-08-06,Telegram: rusembcy,telegram,1,credited-by-mirror
cyprus,2024-08-06,ria.ru,domain,1,credited-by-mirror
cyprus,2024-08-06,tass.ru,domain,2,credited-by-mirror
cyprus,2024-08-07,lenta.ru,domain,1,credited-by-mirror
cyprus,2024-08-07,tass.ru,domain,2,credited-by-mirror
cyprus,2024-08-08,Telegram: Politnavigator,telegram,2,credited-by-mirror
cyprus,2024-08-08,Telegram: infantmilitario,telegram,1,credited-by-mirror
cyprus,2024-08-08,lenta.ru,domain,2,credited-by-mirror
cyprus,2024-08-08,russian.rt.com,domain,1,credited-by-mirror
cyprus,2024-08-08,tass.ru,domain,5,credited-by-mirror
cyprus,2024-08-09,Telegram: lomovkaa,telegram,1,credited-by-mirror
cyprus,2024-08-09,Telegram: rusembcy,telegram,1,credited-by-mirror
cyprus,2024-08-09,lenta.ru,domain,1,credited-by-mirror
cyprus,2024-08-09,ria.ru,domain,2,credited-by-mirror
cyprus,2024-08-09,russian.rt.com,domain,2,credited-by-mirror
cyprus,2024-08-09,tass.ru,domain,2,credited-by-mirror
cyprus,2024-08-10,Telegram: infantmilitario,telegram,1,credited-by-mirror
cyprus,2024-08-10,Telegram: rusembcy,telegram,1,credited-by-mirror
cyprus,2024-08-10,kp.ru,domain,1,credited-by-mirror
cyprus,2024-08-10,lenta.ru,domain,1,credited-by-mirror
cyprus,2024-08-10,ria.ru,domain,1,credited-by-mirror
cyprus,2024-08-10,tass.ru,domain,1,credited-by-mirror
cyprus,2024-08-10,tsargrad.tv,domain,1,credited-by-mirror
cyprus,2024-08-11,Telegram: Politnavigator,telegram,1,credited-by-mirror
cyprus,2024-08-11,ria.ru,domain,1,credited-by-mirror
cyprus,2024-08-11,tass.ru,domain,1,credited-by-mirror
cyprus,2024-08-11,tsargrad.tv,domain,1,credited-by-mirror
cyprus,2024-08-12,Telegram: infantmilitario,telegram,1,credited-by-mirror
cyprus,2024-08-12,tass.ru,domain,1,credited-by-mirror
cyprus,2024-08-13,kp.ru,domain,1,credited-by-mirror
cyprus,2024-08-13,russian.rt.com,domain,2,credited-by-mirror
cyprus,2024-08-13,tass.ru,domain,2,credited-by-mirror
cyprus,2024-08-14,Telegram: Politnavigator,telegram,1,credited-by-mirror
cyprus,2024-08-14,Telegram: rusembcy,telegram,1,credited-by-mirror
cyprus,2024-08-14,tass.ru,domain,1,credited-by-mirror
cyprus,2024-08-15,lenta.ru,domain,1,credited-by-mirror
cyprus,2024-08-15,ria.ru,domain,4,credited-by-mirror
cyprus,2024-08-15,russian.rt.com,domain,1,credited-by-mirror
cyprus,2024-08-16,lenta.ru,domain,1,credited-by-mirror
cyprus,2024-08-17,tsargrad.tv,domain,1,credited-by-mirror
cyprus,2024-08-18,Telegram: rusembcy,telegram,1,credited-by-mirror
cyprus,2024-08-19,Telegram: rusembcy,telegram,2,credited-by-mirror
cyprus,2024-08-19,kp.ru,domain,1,credited-by-mirror
cyprus,2024-08-20,Telegram: rusembcy,telegram,1,credited-by-mirror
cyprus,2024-08-20,russian.rt.com,domain,1,credited-by-mirror
cyprus,2024-08-21,Telegram: Politnavigator,telegram,1,credited-by-mirror
cyprus,2024-08-21,kp.ru,domain,1,credited-by-mirror
cyprus,2024-08-21,lenta.ru,domain,1,credited-by-mirror
cyprus,2024-08-21,ria.ru,domain,2,credited-by-mirror
cyprus,2024-08-21,tsargrad.tv,domain,1,credited-by-mirror
cyprus,2024-08-22,Telegram: rusembcy,telegram,4,credited-by-mirror
cyprus,2024-08-22,lenta.ru,domain,1,credited-by-mirror
cyprus,2024-08-23,lenta.ru,domain,2,credited-by-mirror
cyprus,2024-08-24,lenta.ru,domain,1,credited-by-mirror
cyprus,2024-08-24,russian.rt.com,domain,2,credited-by-mirror
cyprus,2024-08-26,Telegram: rusembcy,telegram,3,credited-by-mirror
cyprus,2024-08-27,Telegram: rusembcy,telegram,1,credited-by-mirror
cyprus,2024-08-29,Telegram: rusembcy,telegram,1,credited-by-mirror
cyprus,2024-08-29,kp.ru,domain,1,credited-by-mirror
cyprus,2024-08-30,Telegram: infantmilitario,telegram,1,credited-by-mirror
cyprus,2024-08-30,Telegram: rusembcy,telegram,1,credited-by-mirror
cyprus,2024-08-31,Telegram: infantmilitario,telegram,1,credited-by-mirror
czechia,2024-08-01,Telegram: InfodefenseCZE,telegram,12,credited-by-mirror
czechia,2024-08-01,Telegram: Libertas_info_cz,telegram,79,credited-by-mirror
czechia,2024-08-01,Telegram: neCT24,telegram,38,credited-by-mirror
czechia,2024-08-01,Telegram: to_je_nas_svet,telegram,17,credited-by-mirror
czechia,2024-08-02,Telegram: InfodefenseCZE,telegram,15,credited-by-mirror
czechia,2024-08-02,Telegram: Libertas_info_cz,telegram,52,credited-by-mirror
czechia,2024-08-02,Telegram: neCT24,telegram,35,credited-by-mirror
czechia,2024-08-02,Telegram: to_je_nas_svet,telegram,16,credited-by-mirror
czechia,2024-08-03,Telegram: InfodefenseCZE,telegram,12,credited-by-mirror
czechia,2024-08-03,Telegram: Libertas_info_cz,telegram,43,credited-by-mirror
czechia,2024-08-03,Telegram: neCT24,telegram,32,credited-by-mirror
czechia,2024-08-03,Telegram: to_je_nas_svet,telegram,17,credited-by-mirror
czechia,2024-08-04,Telegram: InfodefenseCZE,telegram,13,credited-by-mirror
czechia,2024-08-04,Telegram: Libertas_info_cz,telegram,63,credited-by-mirror
czechia,2024-08-04,Telegram: neCT24,telegram,37,credited-by-mirror
czechia,2024-08-04,Telegram: to_je_nas_svet,telegram,25,credited-by-mirror
czechia,2024-08-05,Telegram: InfodefenseCZE,telegram,18,credited-by-mirror
czechia,2024-08-05,Telegram: Libertas_info_cz,telegram,67,credited-by-mirror
czechia,2024-08-05,Telegram: neCT24,telegram,32,credited-by-mirror
czechia,2024-08-05,Telegram: to_je_nas_svet,telegram,30,credited-by-mirror
czechia,2024-08-06,Telegram: InfodefenseCZE,telegram,11,credited-by-mirror
czechia,2024-08-06,Telegram: Libertas_info_cz,telegram,65,credited-by-mirror
czechia,2024-08-06,Telegram: neCT24,telegram,31,credited-by-mirror
czechia,2024-08-06,Telegram: to_je_nas_svet,telegram,20,credited-by-mirror
czechia,2024-08-07,Telegram: InfodefenseCZE,telegram,25,credited-by-mirror
czechia,2024-08-07,Telegram: Libertas_info_cz,telegram,60,credited-by-mirror
czechia,2024-08-07,Telegram: neCT24,telegram,31,credited-by-mirror
czechia,2024-08-07,Telegram: to_je_nas_svet,telegram,27,credited-by-mirror
czechia,2024-08-08,Telegram: InfodefenseCZE,telegram,15,credited-by-mirror
czechia,2024-08-08,Telegram: Libertas_info_cz,telegram,83,credited-by-mirror
czechia,2024-08-08,Telegram: neCT24,telegram,29,credited-by-mirror
czechia,2024-08-08,Telegram: to_je_nas_svet,telegram,25,credited-by-mirror
czechia,2024-08-09,Telegram: InfodefenseCZE,telegram,11,credited-by-mirror
czechia,2024-08-09,Telegram: Libertas_info_cz,telegram,79,credited-by-mirror
czechia,2024-08-09,Telegram: MGzpravy,telegram,14,credited-by-mirror
czechia,2024-08-09,Telegram: neCT24,telegram,33,credited-by-mirror
czechia,2024-08-09,Telegram: to_je_nas_svet,telegram,19,credited-by-mirror
czechia,2024-08-10,Telegram: InfodefenseCZE,telegram,17,credited-by-mirror
czechia,2024-08-10,Telegram: Libertas_info_cz,telegram,82,credited-by-mirror
czechia,2024-08-10,Telegram: MGzpravy,telegram,145,credited-by-mirror
czechia,2024-08-10,Telegram: neCT24,telegram,29,credited-by-mirror
czechia,2024-08-10,Telegram: to_je_nas_svet,telegram,18,credited-by-mirror
czechia,2024-08-11,Telegram: InfodefenseCZE,telegram,13,credited-by-mirror
czechia,2024-08-11,Telegram: Libertas_info_cz,telegram,76,credited-by-mirror
czechia,2024-08-11,Telegram: MGzpravy,telegram,118,credited-by-mirror
czechia,2024-08-11,Telegram: neCT24,telegram,33,credited-by-mirror
czechia,2024-08-11,Telegram: to_je_nas_svet,telegram,17,credited-by-mirror
czechia,2024-08-12,Telegram: InfodefenseCZE,telegram,14,credited-by-mirror
czechia,2024-08-12,Telegram: Libertas_info_cz,telegram,55,credited-by-mirror
czechia,2024-08-12,Telegram: MGzpravy,telegram,88,credited-by-mirror
czechia,2024-08-12,Telegram: neCT24,telegram,37,credited-by-mirror
czechia,2024-08-12,Telegram: selskyrozum,telegram,1,credited-by-mirror
czechia,2024-08-12,Telegram: to_je_nas_svet,telegram,33,credited-by-mirror
czechia,2024-08-13,Telegram: InfodefenseCZE,telegram,11,credited-by-mirror
czechia,2024-08-13,Telegram: Libertas_info_cz,telegram,27,credited-by-mirror
czechia,2024-08-13,Telegram: MGzpravy,telegram,63,credited-by-mirror
czechia,2024-08-13,Telegram: jarek53,telegram,1,credited-by-mirror
czechia,2024-08-13,Telegram: neCT24,telegram,20,credited-by-mirror
czechia,2024-08-13,Telegram: to_je_nas_svet,telegram,19,credited-by-mirror
czechia,2024-08-14,Telegram: InfodefenseCZE,telegram,18,credited-by-mirror
czechia,2024-08-14,Telegram: Libertas_info_cz,telegram,49,credited-by-mirror
czechia,2024-08-14,Telegram: MGzpravy,telegram,137,credited-by-mirror
czechia,2024-08-14,Telegram: neCT24,telegram,23,credited-by-mirror
czechia,2024-08-14,Telegram: to_je_nas_svet,telegram,17,credited-by-mirror
czechia,2024-08-15,Telegram: InfodefenseCZE,telegram,18,credited-by-mirror
czechia,2024-08-15,Telegram: Libertas_info_cz,telegram,86,credited-by-mirror
czechia,2024-08-15,Telegram: MGzpravy,telegram,128,credited-by-mirror
czechia,2024-08-15,Telegram: neCT24,telegram,37,credited-by-mirror
czechia,2024-08-15,Telegram: to_je_nas_svet,telegram,17,credited-by-mirror
czechia,2024-08-16,Telegram: InfodefenseCZE,telegram,21,credited-by-mirror
czechia,2024-08-16,Telegram: Libertas_info_cz,telegram,34,credited-by-mirror
czechia,2024-08-16,Telegram: MGzpravy,telegram,132,credited-by-mirror
czechia,2024-08-16,Telegram: neCT24,telegram,34,credited-by-mirror
czechia,2024-08-16,Telegram: to_je_nas_svet,telegram,27,credited-by-mirror
czechia,2024-08-17,Telegram: InfodefenseCZE,telegram,24,credited-by-mirror
czechia,2024-08-17,Telegram: Libertas_info_cz,telegram,8,credited-by-mirror
czechia,2024-08-17,Telegram: MGzpravy,telegram,137,credited-by-mirror
czechia,2024-08-17,Telegram: neCT24,telegram,36,credited-by-mirror
czechia,2024-08-17,Telegram: to_je_nas_svet,telegram,20,credited-by-mirror
czechia,2024-08-18,Telegram: BN4JeyTQ6RVkMTNk,telegram,1,credited-by-mirror
czechia,2024-08-18,Telegram: InfodefenseCZE,telegram,19,credited-by-mirror
czechia,2024-08-18,Telegram: Libertas_info_cz,telegram,46,credited-by-mirror
czechia,2024-08-18,Telegram: MGzpravy,telegram,134,credited-by-mirror
czechia,2024-08-18,Telegram: neCT24,telegram,39,credited-by-mirror
czechia,2024-08-18,Telegram: to_je_nas_svet,telegram,20,credited-by-mirror
czechia,2024-08-19,Telegram: InfodefenseCZE,telegram,14,credited-by-mirror
czechia,2024-08-19,Telegram: Libertas_info_cz,telegram,34,credited-by-mirror
czechia,2024-08-19,Telegram: MGzpravy,telegram,180,credited-by-mirror
czechia,2024-08-19,Telegram: neCT24,telegram,43,credited-by-mirror
czechia,2024-08-19,Telegram: to_je_nas_svet,telegram,26,credited-by-mirror
czechia,2024-08-20,Telegram: InfodefenseCZE,telegram,9,credited-by-mirror
czechia,2024-08-20,Telegram: Libertas_info_cz,telegram,88,credited-by-mirror
czechia,2024-08-20,Telegram: MGzpravy,telegram,76,credited-by-mirror
czechia,2024-08-20,Telegram: jarek53,telegram,11,credited-by-mirror
czechia,2024-08-20,Telegram: neCT24,telegram,42,credited-by-mirror
czechia,2024-08-20,Telegram: to_je_nas_svet,telegram,24,credited-by-mirror
czechia,2024-08-20,Telegram: uk100a,telegram,4,credited-by-mirror
czechia,2024-08-21,Telegram: InfodefenseCZE,telegram,17,credited-by-mirror
czechia,2024-08-21,Telegram: Libertas_info_cz,telegram,15,credited-by-mirror
czechia,2024-08-21,Telegram: MGzpravy,telegram,184,credited-by-mirror
czechia,2024-08-21,Telegram: jarek53,telegram,68,credited-by-mirror
czechia,2024-08-21,Telegram: neCT24,telegram,42,credited-by-mirror
czechia,2024-08-21,Telegram: selskyrozum,telegram,1,credited-by-mirror
czechia,2024-08-21,Telegram: to_je_nas_svet,telegram,18,credited-by-mirror
czechia,2024-08-21,Telegram: uk100a,telegram,46,credited-by-mirror
czechia,2024-08-22,Telegram: InfodefenseCZE,telegram,10,credited-by-mirror
czechia,2024-08-22,Telegram: Libertas_info_cz,telegram,82,credited-by-mirror
czechia,2024-08-22,Telegram: MGzpravy,telegram,100,credited-by-mirror
czechia,2024-08-22,Telegram: neCT24,telegram,41,credited-by-mirror
czechia,2024-08-22,Telegram: to_je_nas_svet,telegram,21,credited-by-mirror
czechia,2024-08-22,Telegram: uk100a,telegram,42,credited-by-mirror
czechia,2024-08-23,Telegram: InfodefenseCZE,telegram,12,credited-by-mirror
czechia,2024-08-23,Telegram: Libertas_info_cz,telegram,21,credited-by-mirror
czechia,2024-08-23,Telegram: MGzpravy,telegram,133,credited-by-mirror
czechia,2024-08-23,Telegram: neCT24,telegram,40,credited-by-mirror
czechia,2024-08-23,Telegram: to_je_nas_svet,telegram,21,credited-by-mirror
czechia,2024-08-23,Telegram: uk100a,telegram,64,credited-by-mirror
czechia,2024-08-24,Telegram: InfodefenseCZE,telegram,14,credited-by-mirror
czechia,2024-08-24,Telegram: Libertas_info_cz,telegram,88,credited-by-mirror
czechia,2024-08-24,Telegram: MGzpravy,telegram,106,credited-by-mirror
czechia,2024-08-24,Telegram: jarek53,telegram,1,credited-by-mirror
czechia,2024-08-24,Telegram: neCT24,telegram,36,credited-by-mirror
czechia,2024-08-24,Telegram: to_je_nas_svet,telegram,18,credited-by-mirror
czechia,2024-08-24,Telegram: uk100a,telegram,46,credited-by-mirror
czechia,2024-08-25,Telegram: InfodefenseCZE,telegram,7,credited-by-mirror
czechia,2024-08-25,Telegram: Libertas_info_cz,telegram,98,credited-by-mirror
czechia,2024-08-25,Telegram: MGzpravy,telegram,154,credited-by-mirror
czechia,2024-08-25,Telegram: neCT24,telegram,33,credited-by-mirror
czechia,2024-08-25,Telegram: to_je_nas_svet,telegram,27,credited-by-mirror
czechia,2024-08-25,Telegram: uk100a,telegram,49,credited-by-mirror
czechia,2024-08-26,Telegram: InfodefenseCZE,telegram,20,credited-by-mirror
czechia,2024-08-26,Telegram: Libertas_info_cz,telegram,56,credited-by-mirror
czechia,2024-08-26,Telegram: MGzpravy,telegram,240,credited-by-mirror
czechia,2024-08-26,Telegram: neCT24,telegram,40,credited-by-mirror
czechia,2024-08-26,Telegram: to_je_nas_svet,telegram,33,credited-by-mirror
czechia,2024-08-26,Telegram: uk100a,telegram,50,credited-by-mirror
czechia,2024-08-27,Telegram: InfodefenseCZE,telegram,21,credited-by-mirror
czechia,2024-08-27,Telegram: Libertas_info_cz,telegram,77,credited-by-mirror
czechia,2024-08-27,Telegram: MGzpravy,telegram,91,credited-by-mirror
czechia,2024-08-27,Telegram: jarek53,telegram,1,credited-by-mirror
czechia,2024-08-27,Telegram: neCT24,telegram,39,credited-by-mirror
czechia,2024-08-27,Telegram: to_je_nas_svet,telegram,28,credited-by-mirror
czechia,2024-08-27,Telegram: uk100a,telegram,46,credited-by-mirror
czechia,2024-08-28,Telegram: InfodefenseCZE,telegram,13,credited-by-mirror
czechia,2024-08-28,Telegram: Libertas_info_cz,telegram,41,credited-by-mirror
czechia,2024-08-28,Telegram: MGzpravy,telegram,52,credited-by-mirror
czechia,2024-08-28,Telegram: jarek53,telegram,2,credited-by-mirror
czechia,2024-08-28,Telegram: neCT24,telegram,41,credited-by-mirror
czechia,2024-08-28,Telegram: selskyrozum,telegram,1,credited-by-mirror
czechia,2024-08-28,Telegram: to_je_nas_svet,telegram,18,credited-by-mirror
czechia,2024-08-28,Telegram: uk100a,telegram,40,credited-by-mirror
czechia,2024-08-29,Telegram: InfodefenseCZE,telegram,31,credited-by-mirror
czechia,2024-08-29,Telegram: Libertas_info_cz,telegram,30,credited-by-mirror
czechia,2024-08-29,Telegram: MGzpravy,telegram,188,credited-by-mirror
czechia,2024-08-29,Telegram: neCT24,telegram,44,credited-by-mirror
czechia,2024-08-29,Telegram: to_je_nas_svet,telegram,24,credited-by-mirror
czechia,2024-08-29,Telegram: uk100a,telegram,50,credited-by-mirror
czechia,2024-08-30,Telegram: InfodefenseCZE,telegram,27,credited-by-mirror
czechia,2024-08-30,Telegram: Libertas_info_cz,telegram,59,credited-by-mirror
czechia,2024-08-30,Telegram: MGzpravy,telegram,199,credited-by-mirror
czechia,2024-08-30,Telegram: jarek53,telegram,1,credited-by-mirror
czechia,2024-08-30,Telegram: neCT24,telegram,39,credited-by-mirror
czechia,2024-08-30,Telegram: to_je_nas_svet,telegram,31,credited-by-mirror
czechia,2024-08-30,Telegram: uk100a,telegram,54,credited-by-mirror
czechia,2024-08-31,Telegram: InfodefenseCZE,telegram,27,credited-by-mirror
czechia,2024-08-31,Telegram: Libertas_info_cz,telegram,47,credited-by-mirror
czechia,2024-08-31,Telegram: MGzpravy,telegram,97,credited-by-mirror
czechia,2024-08-31,Telegram: neCT24,telegram,37,credited-by-mirror
czechia,2024-08-31,Telegram: to_je_nas_svet,telegram,15,credited-by-mirror
czechia,2024-08-31,Telegram: uk100a,telegram,43,credited-by-mirror
denmark,2024-08-01,Telegram: VELINFORMERET,telegram,19,credited-by-mirror
denmark,2024-08-01,Telegram: ostashkonews,telegram,1,credited-by-mirror
denmark,2024-08-01,kp.ru,domain,2,credited-by-mirror
denmark,2024-08-01,lenta.ru,domain,4,credited-by-mirror
denmark,2024-08-01,ria.ru,domain,1,credited-by-mirror
denmark,2024-08-01,tass.ru,domain,4,credited-by-mirror
denmark,2024-08-02,Telegram: VELINFORMERET,telegram,22,credited-by-mirror
denmark,2024-08-02,Telegram: lomovkaa,telegram,1,credited-by-mirror
denmark,2024-08-02,kp.ru,domain,2,credited-by-mirror
denmark,2024-08-02,lenta.ru,domain,3,credited-by-mirror
denmark,2024-08-02,tass.ru,domain,4,credited-by-mirror
denmark,2024-08-03,Telegram: VELINFORMERET,telegram,17,credited-by-mirror
denmark,2024-08-03,tass.ru,domain,1,credited-by-mirror
denmark,2024-08-04,Telegram: VELINFORMERET,telegram,27,credited-by-mirror
denmark,2024-08-04,Telegram: ostashkonews,telegram,3,credited-by-mirror
denmark,2024-08-04,lenta.ru,domain,1,credited-by-mirror
denmark,2024-08-05,Telegram: VELINFORMERET,telegram,28,credited-by-mirror
denmark,2024-08-05,kp.ru,domain,1,credited-by-mirror
denmark,2024-08-05,tass.ru,domain,2,credited-by-mirror
denmark,2024-08-06,Telegram: VELINFORMERET,telegram,21,credited-by-mirror
denmark,2024-08-06,Telegram: lomovkaa,telegram,2,credited-by-mirror
denmark,2024-08-06,kp.ru,domain,1,credited-by-mirror
denmark,2024-08-06,lenta.ru,domain,1,credited-by-mirror
denmark,2024-08-06,ria.ru,domain,4,credited-by-mirror
denmark,2024-08-06,tass.ru,domain,6,credited-by-mirror
denmark,2024-08-07,Telegram: VELINFORMERET,telegram,16,credited-by-mirror
denmark,2024-08-07,Telegram: ostashkonews,telegram,1,credited-by-mirror
denmark,2024-08-07,kp.ru,domain,2,credited-by-mirror
denmark,2024-08-07,lenta.ru,domain,2,credited-by-mirror
denmark,2024-08-07,tass.ru,domain,5,credited-by-mirror
denmark,2024-08-08,Telegram: VELINFORMERET,telegram,16,credited-by-mirror
denmark,2024-08-08,lenta.ru,domain,1,credited-by-mirror
denmark,2024-08-08,tass.ru,domain,4,credited-by-mirror
denmark,2024-08-09,Telegram: VELINFORMERET,telegram,21,credited-by-mirror
denmark,2024-08-09,lenta.ru,domain,1,credited-by-mirror
denmark,2024-08-09,tass.ru,domain,3,credited-by-mirror
denmark,2024-08-10,Telegram: VELINFORMERET,telegram,23,credited-by-mirror
denmark,2024-08-10,tass.ru,domain,1,credited-by-mirror
denmark,2024-08-11,Telegram: VELINFORMERET,telegram,22,credited-by-mirror
denmark,2024-08-11,tass.ru,domain,1,credited-by-mirror
denmark,2024-08-12,Telegram: VELINFORMERET,telegram,20,credited-by-mirror
denmark,2024-08-12,lenta.ru,domain,1,credited-by-mirror
denmark,2024-08-12,tass.ru,domain,2,credited-by-mirror
denmark,2024-08-13,Telegram: VELINFORMERET,telegram,13,credited-by-mirror
denmark,2024-08-13,kp.ru,domain,2,credited-by-mirror
denmark,2024-08-13,lenta.ru,domain,2,credited-by-mirror
denmark,2024-08-13,tass.ru,domain,2,credited-by-mirror
denmark,2024-08-14,Telegram: VELINFORMERET,telegram,17,credited-by-mirror
denmark,2024-08-14,Telegram: lomovkaa,telegram,1,credited-by-mirror
denmark,2024-08-14,ria.ru,domain,1,credited-by-mirror
denmark,2024-08-14,tass.ru,domain,4,credited-by-mirror
denmark,2024-08-15,Telegram: VELINFORMERET,telegram,13,credited-by-mirror
denmark,2024-08-15,lenta.ru,domain,1,credited-by-mirror
denmark,2024-08-15,ria.ru,domain,1,credited-by-mirror
denmark,2024-08-16,Telegram: VELINFORMERET,telegram,24,credited-by-mirror
denmark,2024-08-16,lenta.ru,domain,1,credited-by-mirror
denmark,2024-08-17,Telegram: SolovievLive,telegram,1,credited-by-mirror
denmark,2024-08-17,Telegram: VELINFORMERET,telegram,16,credited-by-mirror
denmark,2024-08-17,ria.ru,domain,1,credited-by-mirror
denmark,2024-08-18,Telegram: VELINFORMERET,telegram,19,credited-by-mirror
denmark,2024-08-18,Telegram: kornilov1968,telegram,1,credited-by-mirror
denmark,2024-08-18,lenta.ru,domain,1,credited-by-mirror
denmark,2024-08-19,Telegram: VELINFORMERET,telegram,20,credited-by-mirror
denmark,2024-08-19,Telegram: ostashkonews,telegram,1,credited-by-mirror
denmark,2024-08-19,kp.ru,domain,2,credited-by-mirror
denmark,2024-08-19,lenta.ru,domain,4,credited-by-mirror
denmark,2024-08-19,ria.ru,domain,1,credited-by-mirror
denmark,2024-08-20,Telegram: VELINFORMERET,telegram,19,credited-by-mirror
denmark,2024-08-20,lenta.ru,domain,2,credited-by-mirror
denmark,2024-08-21,Telegram: VELINFORMERET,telegram,19,credited-by-mirror
denmark,2024-08-21,Telegram: lomovkaa,telegram,1,credited-by-mirror
denmark,2024-08-21,kp.ru,domain,1,credited-by-mirror
denmark,2024-08-21,lenta.ru,domain,1,credited-by-mirror
denmark,2024-08-22,Telegram: SolovievLive,telegram,2,credited-by-mirror
denmark,2024-08-22,Telegram: VELINFORMERET,telegram,20,credited-by-mirror
denmark,2024-08-22,kp.ru,domain,1,credited-by-mirror
denmark,2024-08-22,lenta.ru,domain,4,credited-by-mirror
denmark,2024-08-22,ria.ru,domain,1,credited-by-mirror
denmark,2024-08-23,Telegram: VELINFORMERET,telegram,23,credited-by-mirror
denmark,2024-08-23,kp.ru,domain,1,credited-by-mirror
denmark,2024-08-23,lenta.ru,domain,2,credited-by-mirror
denmark,2024-08-23,ria.ru,domain,1,credited-by-mirror
denmark,2024-08-24,Telegram: SolovievLive,telegram,1,credited-by-mirror
denmark,2024-08-24,Telegram: VELINFORMERET,telegram,20,credited-by-mirror
denmark,2024-08-24,kp.ru,domain,1,credited-by-mirror
denmark,2024-08-24,lenta.ru,domain,4,credited-by-mirror
denmark,2024-08-24,ria.ru,domain,2,credited-by-mirror
denmark,2024-08-25,Telegram: VELINFORMERET,telegram,21,credited-by-mirror
denmark,2024-08-26,Telegram: VELINFORMERET,telegram,18,credited-by-mirror
denmark,2024-08-27,Telegram: VELINFORMERET,telegram,21,credited-by-mirror
denmark,2024-08-27,kp.ru,domain,1,credited-by-mirror
denmark,2024-08-27,lenta.ru,domain,1,credited-by-mirror
denmark,2024-08-27,ria.ru,domain,1,credited-by-mirror
denmark,2024-08-28,Telegram: VELINFORMERET,telegram,23,credited-by-mirror
denmark,2024-08-28,kp.ru,domain,1,credited-by-mirror
denmark,2024-08-28,lenta.ru,domain,4,credited-by-mirror
denmark,2024-08-28,ria.ru,domain,1,credited-by-mirror
denmark,2024-08-29,Telegram: VELINFORMERET,telegram,23,credited-by-mirror
denmark,2024-08-29,Telegram: lomovkaa,telegram,1,credited-by-mirror
denmark,2024-08-29,kp.ru,domain,1,credited-by-mirror
denmark,2024-08-29,lenta.ru,domain,1,credited-by-mirror
denmark,2024-08-29,ria.ru,domain,1,credited-by-mirror
denmark,2024-08-30,Telegram: VELINFORMERET,telegram,16,credited-by-mirror
denmark,2024-08-30,kp.ru,domain,1,credited-by-mirror
denmark,2024-08-30,lenta.ru,domain,3,credited-by-mirror
denmark,2024-08-30,ria.ru,domain,2,credited-by-mirror
denmark,2024-08-31,Telegram: VELINFORMERET,telegram,18,credited-by-mirror
denmark,2024-08-31,kp.ru,domain,1,credited-by-mirror
denmark,2024-08-31,lenta.ru,domain,2,credited-by-mirror
denmark,2024-08-31,ria.ru,domain,2,credited-by-mirror
deutsch,2024-08-01,Telegram: DruschbaFM,telegram,37,credited-by-mirror
deutsch,2024-08-01,Telegram: RuAS_Org,telegram,23,credited-by-mirror
deutsch,2024-08-01,Telegram: craZybear2022,telegram,14,credited-by-mirror
deutsch,2024-08-01,Telegram: rt_de,telegram,55,credited-by-mirror
deutsch,2024-08-01,Telegram: satellit_de,telegram,25,credited-by-mirror
deutsch,2024-08-01,de.rt.com,domain,45,credited-by-mirror
deutsch,2024-08-01,ria.ru,domain,21,credited-by-mirror
deutsch,2024-08-01,tass.ru,domain,32,credited-by-mirror
deutsch,2024-08-02,Telegram: DruschbaFM,telegram,36,credited-by-mirror
deutsch,2024-08-02,Telegram: RuAS_Org,telegram,18,credited-by-mirror
deutsch,2024-08-02,Telegram: craZybear2022,telegram,15,credited-by-mirror
deutsch,2024-08-02,Telegram: rt_de,telegram,39,credited-by-mirror
deutsch,2024-08-02,Telegram: satellit_de,telegram,24,credited-by-mirror
deutsch,2024-08-02,de.rt.com,domain,31,credited-by-mirror
deutsch,2024-08-02,ria.ru,domain,20,credited-by-mirror
deutsch,2024-08-02,tass.ru,domain,18,credited-by-mirror
deutsch,2024-08-03,Telegram: DruschbaFM,telegram,34,credited-by-mirror
deutsch,2024-08-03,Telegram: RuAS_Org,telegram,23,credited-by-mirror
deutsch,2024-08-03,Telegram: craZybear2022,telegram,16,credited-by-mirror
deutsch,2024-08-03,Telegram: rt_de,telegram,29,credited-by-mirror
deutsch,2024-08-03,Telegram: satellit_de,telegram,25,credited-by-mirror
deutsch,2024-08-03,de.rt.com,domain,29,credited-by-mirror
deutsch,2024-08-03,ria.ru,domain,9,credited-by-mirror
deutsch,2024-08-03,tass.ru,domain,12,credited-by-mirror
deutsch,2024-08-04,Telegram: DruschbaFM,telegram,34,credited-by-mirror
deutsch,2024-08-04,Telegram: RuAS_Org,telegram,19,credited-by-mirror
deutsch,2024-08-04,Telegram: craZybear2022,telegram,16,credited-by-mirror
deutsch,2024-08-04,Telegram: rt_de,telegram,28,credited-by-mirror
deutsch,2024-08-04,Telegram: satellit_de,telegram,26,credited-by-mirror
deutsch,2024-08-04,de.rt.com,domain,27,credited-by-mirror
deutsch,2024-08-04,ria.ru,domain,9,credited-by-mirror
deutsch,2024-08-04,tass.ru,domain,13,credited-by-mirror
deutsch,2024-08-05,Telegram: DruschbaFM,telegram,34,credited-by-mirror
deutsch,2024-08-05,Telegram: RuAS_Org,telegram,25,credited-by-mirror
deutsch,2024-08-05,Telegram: craZybear2022,telegram,17,credited-by-mirror
deutsch,2024-08-05,Telegram: rt_de,telegram,42,credited-by-mirror
deutsch,2024-08-05,Telegram: satellit_de,telegram,21,credited-by-mirror
deutsch,2024-08-05,de.rt.com,domain,31,credited-by-mirror
deutsch,2024-08-05,ria.ru,domain,18,credited-by-mirror
deutsch,2024-08-05,tass.ru,domain,16,credited-by-mirror
deutsch,2024-08-06,Telegram: DruschbaFM,telegram,37,credited-by-mirror
deutsch,2024-08-06,Telegram: RuAS_Org,telegram,28,credited-by-mirror
deutsch,2024-08-06,Telegram: craZybear2022,telegram,16,credited-by-mirror
deutsch,2024-08-06,Telegram: rt_de,telegram,36,credited-by-mirror
deutsch,2024-08-06,Telegram: satellit_de,telegram,22,credited-by-mirror
deutsch,2024-08-06,de.rt.com,domain,37,credited-by-mirror
deutsch,2024-08-06,ria.ru,domain,17,credited-by-mirror
deutsch,2024-08-06,tass.ru,domain,20,credited-by-mirror
deutsch,2024-08-07,Telegram: DruschbaFM,telegram,35,credited-by-mirror
deutsch,2024-08-07,Telegram: RuAS_Org,telegram,28,credited-by-mirror
deutsch,2024-08-07,Telegram: craZybear2022,telegram,19,credited-by-mirror
deutsch,2024-08-07,Telegram: rt_de,telegram,48,credited-by-mirror
deutsch,2024-08-07,Telegram: satellit_de,telegram,23,credited-by-mirror
deutsch,2024-08-07,de.rt.com,domain,41,credited-by-mirror
deutsch,2024-08-07,ria.ru,domain,15,credited-by-mirror
deutsch,2024-08-07,tass.ru,domain,28,credited-by-mirror
deutsch,2024-08-08,Telegram: DruschbaFM,telegram,32,credited-by-mirror
deutsch,2024-08-08,Telegram: RuAS_Org,telegram,38,credited-by-mirror
deutsch,2024-08-08,Telegram: craZybear2022,telegram,16,credited-by-mirror
deutsch,2024-08-08,Telegram: rt_de,telegram,44,credited-by-mirror
deutsch,2024-08-08,Telegram: satellit_de,telegram,24,credited-by-mirror
deutsch,2024-08-08,de.rt.com,domain,42,credited-by-mirror
deutsch,2024-08-08,ria.ru,domain,26,credited-by-mirror
deutsch,2024-08-08,tass.ru,domain,30,credited-by-mirror
deutsch,2024-08-09,Telegram: DruschbaFM,telegram,37,credited-by-mirror
deutsch,2024-08-09,Telegram: RuAS_Org,telegram,27,credited-by-mirror
deutsch,2024-08-09,Telegram: craZybear2022,telegram,19,credited-by-mirror
deutsch,2024-08-09,Telegram: rt_de,telegram,41,credited-by-mirror
deutsch,2024-08-09,Telegram: satellit_de,telegram,20,credited-by-mirror
deutsch,2024-08-09,de.rt.com,domain,44,credited-by-mirror
deutsch,2024-08-09,ria.ru,domain,22,credited-by-mirror
deutsch,2024-08-09,tass.ru,domain,27,credited-by-mirror
deutsch,2024-08-10,Telegram: DruschbaFM,telegram,37,credited-by-mirror
deutsch,2024-08-10,Telegram: RuAS_Org,telegram,33,credited-by-mirror
deutsch,2024-08-10,Telegram: craZybear2022,telegram,16,credited-by-mirror
deutsch,2024-08-10,Telegram: rt_de,telegram,34,credited-by-mirror
deutsch,2024-08-10,Telegram: satellit_de,telegram,22,credited-by-mirror
deutsch,2024-08-10,de.rt.com,domain,31,credited-by-mirror
deutsch,2024-08-10,ria.ru,domain,11,credited-by-mirror
deutsch,2024-08-10,tass.ru,domain,15,credited-by-mirror
deutsch,2024-08-11,Telegram: DruschbaFM,telegram,34,credited-by-mirror
deutsch,2024-08-11,Telegram: RuAS_Org,telegram,29,credited-by-mirror
deutsch,2024-08-11,Telegram: craZybear2022,telegram,13,credited-by-mirror
deutsch,2024-08-11,Telegram: rt_de,telegram,31,credited-by-mirror
deutsch,2024-08-11,Telegram: satellit_de,telegram,20,credited-by-mirror
deutsch,2024-08-11,de.rt.com,domain,26,credited-by-mirror
deutsch,2024-08-11,ria.ru,domain,8,credited-by-mirror
deutsch,2024-08-11,tass.ru,domain,10,credited-by-mirror
deutsch,2024-08-12,Telegram: DruschbaFM,telegram,33,credited-by-mirror
deutsch,2024-08-12,Telegram: RuAS_Org,telegram,37,credited-by-mirror
deutsch,2024-08-12,Telegram: craZybear2022,telegram,11,credited-by-mirror
deutsch,2024-08-12,Telegram: rt_de,telegram,43,credited-by-mirror
deutsch,2024-08-12,Telegram: satellit_de,telegram,23,credited-by-mirror
deutsch,2024-08-12,de.rt.com,domain,35,credited-by-mirror
deutsch,2024-08-12,ria.ru,domain,25,credited-by-mirror
deutsch,2024-08-12,tass.ru,domain,31,credited-by-mirror
deutsch,2024-08-13,Telegram: DruschbaFM,telegram,30,credited-by-mirror
deutsch,2024-08-13,Telegram: RuAS_Org,telegram,24,credited-by-mirror
deutsch,2024-08-13,Telegram: craZybear2022,telegram,16,credited-by-mirror
deutsch,2024-08-13,Telegram: rt_de,telegram,33,credited-by-mirror
deutsch,2024-08-13,Telegram: satellit_de,telegram,9,credited-by-mirror
deutsch,2024-08-13,de.rt.com,domain,45,credited-by-mirror
deutsch,2024-08-13,ria.ru,domain,17,credited-by-mirror
deutsch,2024-08-13,tass.ru,domain,37,credited-by-mirror
deutsch,2024-08-14,Telegram: DruschbaFM,telegram,29,credited-by-mirror
deutsch,2024-08-14,Telegram: RuAS_Org,telegram,8,credited-by-mirror
deutsch,2024-08-14,Telegram: craZybear2022,telegram,14,credited-by-mirror
deutsch,2024-08-14,Telegram: rt_de,telegram,33,credited-by-mirror
deutsch,2024-08-14,Telegram: satellit_de,telegram,14,credited-by-mirror
deutsch,2024-08-14,de.rt.com,domain,48,credited-by-mirror
deutsch,2024-08-14,ria.ru,domain,22,credited-by-mirror
deutsch,2024-08-14,tass.ru,domain,12,credited-by-mirror
deutsch,2024-08-15,Telegram: DruschbaFM,telegram,30,credited-by-mirror
deutsch,2024-08-15,Telegram: RuAS_Org,telegram,26,credited-by-mirror
deutsch,2024-08-15,Telegram: craZybear2022,telegram,12,credited-by-mirror
deutsch,2024-08-15,Telegram: rt_de,telegram,43,credited-by-mirror
deutsch,2024-08-15,Telegram: satellit_de,telegram,20,credited-by-mirror
deutsch,2024-08-15,de.rt.com,domain,42,credited-by-mirror
deutsch,2024-08-15,ria.ru,domain,26,credited-by-mirror
deutsch,2024-08-16,Telegram: DruschbaFM,telegram,30,credited-by-mirror
deutsch,2024-08-16,Telegram: RuAS_Org,telegram,30,credited-by-mirror
deutsch,2024-08-16,Telegram: craZybear2022,telegram,12,credited-by-mirror
deutsch,2024-08-16,Telegram: rt_de,telegram,39,credited-by-mirror
deutsch,2024-08-16,Telegram: satellit_de,telegram,21,credited-by-mirror
deutsch,2024-08-16,de.rt.com,domain,41,credited-by-mirror
deutsch,2024-08-16,ria.ru,domain,19,credited-by-mirror
deutsch,2024-08-17,Telegram: DruschbaFM,telegram,30,credited-by-mirror
deutsch,2024-08-17,Telegram: RuAS_Org,telegram,25,credited-by-mirror
deutsch,2024-08-17,Telegram: craZybear2022,telegram,11,credited-by-mirror
deutsch,2024-08-17,Telegram: rt_de,telegram,42,credited-by-mirror
deutsch,2024-08-17,Telegram: satellit_de,telegram,17,credited-by-mirror
deutsch,2024-08-17,de.rt.com,domain,33,credited-by-mirror
deutsch,2024-08-17,ria.ru,domain,14,credited-by-mirror
deutsch,2024-08-18,Telegram: DruschbaFM,telegram,40,credited-by-mirror
deutsch,2024-08-18,Telegram: RuAS_Org,telegram,34,credited-by-mirror
deutsch,2024-08-18,Telegram: craZybear2022,telegram,11,credited-by-mirror
deutsch,2024-08-18,Telegram: rt_de,telegram,30,credited-by-mirror
deutsch,2024-08-18,Telegram: satellit_de,telegram,19,credited-by-mirror
deutsch,2024-08-18,de.rt.com,domain,29,credited-by-mirror
deutsch,2024-08-18,ria.ru,domain,14,credited-by-mirror
deutsch,2024-08-19,Telegram: DruschbaFM,telegram,30,credited-by-mirror
deutsch,2024-08-19,Telegram: RuAS_Org,telegram,22,credited-by-mirror
deutsch,2024-08-19,Telegram: craZybear2022,telegram,17,credited-by-mirror
deutsch,2024-08-19,Telegram: rt_de,telegram,47,credited-by-mirror
deutsch,2024-08-19,Telegram: satellit_de,telegram,21,credited-by-mirror
deutsch,2024-08-19,de.rt.com,domain,40,credited-by-mirror
deutsch,2024-08-19,ria.ru,domain,23,credited-by-mirror
deutsch,2024-08-20,Telegram: DruschbaFM,telegram,28,credited-by-mirror
deutsch,2024-08-20,Telegram: RuAS_Org,telegram,37,credited-by-mirror
deutsch,2024-08-20,Telegram: craZybear2022,telegram,13,credited-by-mirror
deutsch,2024-08-20,Telegram: rt_de,telegram,44,credited-by-mirror
deutsch,2024-08-20,Telegram: satellit_de,telegram,22,credited-by-mirror
deutsch,2024-08-20,de.rt.com,domain,52,credited-by-mirror
deutsch,2024-08-20,ria.ru,domain,21,credited-by-mirror
deutsch,2024-08-21,Telegram: DruschbaFM,telegram,36,credited-by-mirror
deutsch,2024-08-21,Telegram: RuAS_Org,telegram,26,credited-by-mirror
deutsch,2024-08-21,Telegram: craZybear2022,telegram,17,credited-by-mirror
deutsch,2024-08-21,Telegram: rt_de,telegram,48,credited-by-mirror
deutsch,2024-08-21,Telegram: satellit_de,telegram,17,credited-by-mirror
deutsch,2024-08-21,de.rt.com,domain,48,credited-by-mirror
deutsch,2024-08-21,ria.ru,domain,18,credited-by-mirror
deutsch,2024-08-22,Telegram: DruschbaFM,telegram,36,credited-by-mirror
deutsch,2024-08-22,Telegram: RuAS_Org,telegram,35,credited-by-mirror
deutsch,2024-08-22,Telegram: craZybear2022,telegram,14,credited-by-mirror
deutsch,2024-08-22,Telegram: rt_de,telegram,53,credited-by-mirror
deutsch,2024-08-22,Telegram: satellit_de,telegram,22,credited-by-mirror
deutsch,2024-08-22,de.rt.com,domain,54,credited-by-mirror
deutsch,2024-08-22,ria.ru,domain,16,credited-by-mirror
deutsch,2024-08-23,Telegram: DruschbaFM,telegram,35,credited-by-mirror
deutsch,2024-08-23,Telegram: RuAS_Org,telegram,38,credited-by-mirror
deutsch,2024-08-23,Telegram: craZybear2022,telegram,13,credited-by-mirror
deutsch,2024-08-23,Telegram: rt_de,telegram,33,credited-by-mirror
deutsch,2024-08-23,Telegram: satellit_de,telegram,24,credited-by-mirror
deutsch,2024-08-23,de.rt.com,domain,46,credited-by-mirror
deutsch,2024-08-23,ria.ru,domain,22,credited-by-mirror
deutsch,2024-08-24,Telegram: DruschbaFM,telegram,34,credited-by-mirror
deutsch,2024-08-24,Telegram: RuAS_Org,telegram,28,credited-by-mirror
deutsch,2024-08-24,Telegram: craZybear2022,telegram,13,credited-by-mirror
deutsch,2024-08-24,Telegram: rt_de,telegram,36,credited-by-mirror
deutsch,2024-08-24,Telegram: satellit_de,telegram,25,credited-by-mirror
deutsch,2024-08-24,de.rt.com,domain,36,credited-by-mirror
deutsch,2024-08-24,ria.ru,domain,21,credited-by-mirror
deutsch,2024-08-25,Telegram: DruschbaFM,telegram,36,credited-by-mirror
deutsch,2024-08-25,Telegram: RuAS_Org,telegram,33,credited-by-mirror
deutsch,2024-08-25,Telegram: craZybear2022,telegram,22,credited-by-mirror
deutsch,2024-08-25,Telegram: rt_de,telegram,47,credited-by-mirror
deutsch,2024-08-25,Telegram: satellit_de,telegram,25,credited-by-mirror
deutsch,2024-08-25,de.rt.com,domain,41,credited-by-mirror
deutsch,2024-08-25,ria.ru,domain,10,credited-by-mirror
deutsch,2024-08-26,Telegram: DruschbaFM,telegram,36,credited-by-mirror
deutsch,2024-08-26,Telegram: RuAS_Org,telegram,34,credited-by-mirror
deutsch,2024-08-26,Telegram: craZybear2022,telegram,18,credited-by-mirror
deutsch,2024-08-26,Telegram: rt_de,telegram,43,credited-by-mirror
deutsch,2024-08-26,Telegram: satellit_de,telegram,27,credited-by-mirror
deutsch,2024-08-26,de.rt.com,domain,44,credited-by-mirror
deutsch,2024-08-26,ria.ru,domain,17,credited-by-mirror
deutsch,2024-08-27,Telegram: DruschbaFM,telegram,34,credited-by-mirror
deutsch,2024-08-27,Telegram: RuAS_Org,telegram,36,credited-by-mirror
deutsch,2024-08-27,Telegram: craZybear2022,telegram,16,credited-by-mirror
deutsch,2024-08-27,Telegram: rt_de,telegram,43,credited-by-mirror
deutsch,2024-08-27,Telegram: satellit_de,telegram,29,credited-by-mirror
deutsch,2024-08-27,de.rt.com,domain,46,credited-by-mirror
deutsch,2024-08-27,ria.ru,domain,11,credited-by-mirror
deutsch,2024-08-28,Telegram: DruschbaFM,telegram,31,credited-by-mirror
deutsch,2024-08-28,Telegram: RuAS_Org,telegram,29,credited-by-mirror
deutsch,2024-08-28,Telegram: craZybear2022,telegram,15,credited-by-mirror
deutsch,2024-08-28,Telegram: rt_de,telegram,50,credited-by-mirror
deutsch,2024-08-28,Telegram: satellit_de,telegram,30,credited-by-mirror
deutsch,2024-08-28,de.rt.com,domain,51,credited-by-mirror
deutsch,2024-08-28,ria.ru,domain,20,credited-by-mirror
deutsch,2024-08-29,Telegram: DruschbaFM,telegram,32,credited-by-mirror
deutsch,2024-08-29,Telegram: RuAS_Org,telegram,35,credited-by-mirror
deutsch,2024-08-29,Telegram: craZybear2022,telegram,19,credited-by-mirror
deutsch,2024-08-29,Telegram: rt_de,telegram,64,credited-by-mirror
deutsch,2024-08-29,Telegram: satellit_de,telegram,17,credited-by-mirror
deutsch,2024-08-29,de.rt.com,domain,62,credited-by-mirror
deutsch,2024-08-29,ria.ru,domain,19,credited-by-mirror
deutsch,2024-08-30,Telegram: DruschbaFM,telegram,35,credited-by-mirror
deutsch,2024-08-30,Telegram: RuAS_Org,telegram,30,credited-by-mirror
deutsch,2024-08-30,Telegram: craZybear2022,telegram,17,credited-by-mirror
deutsch,2024-08-30,Telegram: rt_de,telegram,45,credited-by-mirror
deutsch,2024-08-30,Telegram: satellit_de,telegram,19,credited-by-mirror
deutsch,2024-08-30,de.rt.com,domain,48,credited-by-mirror
deutsch,2024-08-30,ria.ru,domain,17,credited-by-mirror
deutsch,2024-08-31,Telegram: DruschbaFM,telegram,34,credited-by-mirror
deutsch,2024-08-31,Telegram: RuAS_Org,telegram,26,credited-by-mirror
deutsch,2024-08-31,Telegram: craZybear2022,telegram,15,credited-by-mirror
deutsch,2024-08-31,Telegram: rt_de,telegram,37,credited-by-mirror
deutsch,2024-08-31,Telegram: satellit_de,telegram,21,credited-by-mirror
deutsch,2024-08-31,de.rt.com,domain,41,credited-by-mirror
deutsch,2024-08-31,ria.ru,domain,11,credited-by-mirror
dutch,2024-08-01,Telegram: InfodefenseNED,telegram,9,credited-by-mirror
dutch,2024-08-01,Telegram: Mariba2puntnul,telegram,30,credited-by-mirror
dutch,2024-08-01,Telegram: truthned,telegram,23,credited-by-mirror
dutch,2024-08-01,ria.ru,domain,1,credited-by-mirror
dutch,2024-08-01,tass.ru,domain,6,credited-by-mirror
dutch,2024-08-02,Telegram: InfodefenseNED,telegram,3,credited-by-mirror
dutch,2024-08-02,Telegram: Mariba2puntnul,telegram,30,credited-by-mirror
dutch,2024-08-02,Telegram: truthned,telegram,26,credited-by-mirror
dutch,2024-08-02,ria.ru,domain,3,credited-by-mirror
dutch,2024-08-02,tass.ru,domain,8,credited-by-mirror
dutch,2024-08-03,Telegram: InfodefenseNED,telegram,9,credited-by-mirror
dutch,2024-08-03,Telegram: Mariba2puntnul,telegram,33,credited-by-mirror
dutch,2024-08-03,Telegram: truthned,telegram,13,credited-by-mirror
dutch,2024-08-03,tass.ru,domain,4,credited-by-mirror
dutch,2024-08-04,Telegram: InfodefenseNED,telegram,7,credited-by-mirror
dutch,2024-08-04,Telegram: Mariba2puntnul,telegram,41,credited-by-mirror
dutch,2024-08-04,Telegram: truthned,telegram,24,credited-by-mirror
dutch,2024-08-04,ria.ru,domain,1,credited-by-mirror
dutch,2024-08-04,tass.ru,domain,3,credited-by-mirror
dutch,2024-08-05,Telegram: InfodefenseNED,telegram,7,credited-by-mirror
dutch,2024-08-05,Telegram: Mariba2puntnul,telegram,26,credited-by-mirror
dutch,2024-08-05,Telegram: truthned,telegram,30,credited-by-mirror
dutch,2024-08-05,ria.ru,domain,4,credited-by-mirror
dutch,2024-08-05,tass.ru,domain,6,credited-by-mirror
dutch,2024-08-06,Telegram: InfodefenseNED,telegram,4,credited-by-mirror
dutch,2024-08-06,Telegram: Mariba2puntnul,telegram,35,credited-by-mirror
dutch,2024-08-06,Telegram: truthned,telegram,22,credited-by-mirror
dutch,2024-08-06,ria.ru,domain,5,credited-by-mirror
dutch,2024-08-06,tass.ru,domain,10,credited-by-mirror
dutch,2024-08-07,Telegram: InfodefenseNED,telegram,8,credited-by-mirror
dutch,2024-08-07,Telegram: Mariba2puntnul,telegram,37,credited-by-mirror
dutch,2024-08-07,Telegram: truthned,telegram,20,credited-by-mirror
dutch,2024-08-07,ria.ru,domain,4,credited-by-mirror
dutch,2024-08-07,tass.ru,domain,9,credited-by-mirror
dutch,2024-08-08,Telegram: InfodefenseNED,telegram,7,credited-by-mirror
dutch,2024-08-08,Telegram: Mariba2puntnul,telegram,28,credited-by-mirror
dutch,2024-08-08,Telegram: truthned,telegram,17,credited-by-mirror
dutch,2024-08-08,ria.ru,domain,3,credited-by-mirror
dutch,2024-08-08,tass.ru,domain,4,credited-by-mirror
dutch,2024-08-09,Telegram: InfodefenseNED,telegram,5,credited-by-mirror
dutch,2024-08-09,Telegram: Mariba2puntnul,telegram,41,credited-by-mirror
dutch,2024-08-09,Telegram: truthned,telegram,27,credited-by-mirror
dutch,2024-08-09,ria.ru,domain,6,credited-by-mirror
dutch,2024-08-09,tass.ru,domain,3,credited-by-mirror
dutch,2024-08-10,Telegram: InfodefenseNED,telegram,10,credited-by-mirror
dutch,2024-08-10,Telegram: Mariba2puntnul,telegram,29,credited-by-mirror
dutch,2024-08-10,Telegram: berichten_uit_Donbass,telegram,16,credited-by-mirror
dutch,2024-08-10,Telegram: truthned,telegram,19,credited-by-mirror
dutch,2024-08-10,ria.ru,domain,1,credited-by-mirror
dutch,2024-08-10,tass.ru,domain,1,credited-by-mirror
dutch,2024-08-11,Telegram: InfodefenseNED,telegram,6,credited-by-mirror
dutch,2024-08-11,Telegram: Mariba2puntnul,telegram,30,credited-by-mirror
dutch,2024-08-11,Telegram: berichten_uit_Donbass,telegram,11,credited-by-mirror
dutch,2024-08-11,Telegram: truthned,telegram,24,credited-by-mirror
dutch,2024-08-11,ria.ru,domain,2,credited-by-mirror
dutch,2024-08-12,Telegram: InfodefenseNED,telegram,9,credited-by-mirror
dutch,2024-08-12,Telegram: Mariba2puntnul,telegram,44,credited-by-mirror
dutch,2024-08-12,Telegram: berichten_uit_Donbass,telegram,8,credited-by-mirror
dutch,2024-08-12,Telegram: truthned,telegram,30,credited-by-mirror
dutch,2024-08-12,ria.ru,domain,6,credited-by-mirror
dutch,2024-08-12,tass.ru,domain,10,credited-by-mirror
dutch,2024-08-13,Telegram: InfodefenseNED,telegram,4,credited-by-mirror
dutch,2024-08-13,Telegram: Mariba2puntnul,telegram,28,credited-by-mirror
dutch,2024-08-13,Telegram: berichten_uit_Donbass,telegram,5,credited-by-mirror
dutch,2024-08-13,Telegram: truthned,telegram,20,credited-by-mirror
dutch,2024-08-13,ria.ru,domain,2,credited-by-mirror
dutch,2024-08-13,tass.ru,domain,8,credited-by-mirror
dutch,2024-08-14,Telegram: InfodefenseNED,telegram,12,credited-by-mirror
dutch,2024-08-14,Telegram: Mariba2puntnul,telegram,35,credited-by-mirror
dutch,2024-08-14,Telegram: berichten_uit_Donbass,telegram,11,credited-by-mirror
dutch,2024-08-14,Telegram: truthned,telegram,24,credited-by-mirror
dutch,2024-08-14,ria.ru,domain,4,credited-by-mirror
dutch,2024-08-14,tass.ru,domain,1,credited-by-mirror
dutch,2024-08-15,Telegram: InfodefenseNED,telegram,8,credited-by-mirror
dutch,2024-08-15,Telegram: Mariba2puntnul,telegram,39,credited-by-mirror
dutch,2024-08-15,Telegram: berichten_uit_Donbass,telegram,12,credited-by-mirror
dutch,2024-08-15,Telegram: truthned,telegram,23,credited-by-mirror
dutch,2024-08-15,ria.ru,domain,5,credited-by-mirror
dutch,2024-08-16,Telegram: InfodefenseNED,telegram,3,credited-by-mirror
dutch,2024-08-16,Telegram: Mariba2puntnul,telegram,38,credited-by-mirror
dutch,2024-08-16,Telegram: berichten_uit_Donbass,telegram,14,credited-by-mirror
dutch,2024-08-16,Telegram: truthned,telegram,17,credited-by-mirror
dutch,2024-08-16,ria.ru,domain,3,credited-by-mirror
dutch,2024-08-17,Telegram: InfodefenseNED,telegram,6,credited-by-mirror
dutch,2024-08-17,Telegram: Mariba2puntnul,telegram,48,credited-by-mirror
dutch,2024-08-17,Telegram: berichten_uit_Donbass,telegram,18,credited-by-mirror
dutch,2024-08-17,Telegram: truthned,telegram,9,credited-by-mirror
dutch,2024-08-17,ria.ru,domain,1,credited-by-mirror
dutch,2024-08-18,Telegram: InfodefenseNED,telegram,8,credited-by-mirror
dutch,2024-08-18,Telegram: Mariba2puntnul,telegram,44,credited-by-mirror
dutch,2024-08-18,Telegram: berichten_uit_Donbass,telegram,10,credited-by-mirror
dutch,2024-08-18,Telegram: truthned,telegram,12,credited-by-mirror
dutch,2024-08-18,ria.ru,domain,3,credited-by-mirror
dutch,2024-08-19,Telegram: InfodefenseNED,telegram,11,credited-by-mirror
dutch,2024-08-19,Telegram: Mariba2puntnul,telegram,54,credited-by-mirror
dutch,2024-08-19,Telegram: berichten_uit_Donbass,telegram,11,credited-by-mirror
dutch,2024-08-19,Telegram: truthned,telegram,32,credited-by-mirror
dutch,2024-08-19,ria.ru,domain,4,credited-by-mirror
dutch,2024-08-20,Telegram: InfodefenseNED,telegram,5,credited-by-mirror
dutch,2024-08-20,Telegram: Mariba2puntnul,telegram,53,credited-by-mirror
dutch,2024-08-20,Telegram: berichten_uit_Donbass,telegram,14,credited-by-mirror
dutch,2024-08-20,Telegram: truthned,telegram,25,credited-by-mirror
dutch,2024-08-20,ria.ru,domain,4,credited-by-mirror
dutch,2024-08-21,Telegram: InfodefenseNED,telegram,10,credited-by-mirror
dutch,2024-08-21,Telegram: Mariba2puntnul,telegram,53,credited-by-mirror
dutch,2024-08-21,Telegram: berichten_uit_Donbass,telegram,14,credited-by-mirror
dutch,2024-08-21,Telegram: truthned,telegram,15,credited-by-mirror
dutch,2024-08-21,ria.ru,domain,3,credited-by-mirror
dutch,2024-08-22,Telegram: InfodefenseNED,telegram,13,credited-by-mirror
dutch,2024-08-22,Telegram: Mariba2puntnul,telegram,58,credited-by-mirror
dutch,2024-08-22,Telegram: berichten_uit_Donbass,telegram,12,credited-by-mirror
dutch,2024-08-22,Telegram: truthned,telegram,24,credited-by-mirror
dutch,2024-08-22,ria.ru,domain,7,credited-by-mirror
dutch,2024-08-23,Telegram: InfodefenseNED,telegram,5,credited-by-mirror
dutch,2024-08-23,Telegram: Mariba2puntnul,telegram,70,credited-by-mirror
dutch,2024-08-23,Telegram: berichten_uit_Donbass,telegram,9,credited-by-mirror
dutch,2024-08-23,Telegram: truthned,telegram,22,credited-by-mirror
dutch,2024-08-23,ria.ru,domain,5,credited-by-mirror
dutch,2024-08-24,Telegram: InfodefenseNED,telegram,10,credited-by-mirror
dutch,2024-08-24,Telegram: Mariba2puntnul,telegram,48,credited-by-mirror
dutch,2024-08-24,Telegram: berichten_uit_Donbass,telegram,9,credited-by-mirror
dutch,2024-08-24,Telegram: truthned,telegram,23,credited-by-mirror
dutch,2024-08-24,ria.ru,domain,4,credited-by-mirror
dutch,2024-08-25,Telegram: InfodefenseNED,telegram,9,credited-by-mirror
dutch,2024-08-25,Telegram: Mariba2puntnul,telegram,59,credited-by-mirror
dutch,2024-08-25,Telegram: berichten_uit_Donbass,telegram,13,credited-by-mirror
dutch,2024-08-25,Telegram: truthned,telegram,14,credited-by-mirror
dutch,2024-08-25,ria.ru,domain,4,credited-by-mirror
dutch,2024-08-26,Telegram: InfodefenseNED,telegram,7,credited-by-mirror
dutch,2024-08-26,Telegram: Mariba2puntnul,telegram,103,credited-by-mirror
dutch,2024-08-26,Telegram: berichten_uit_Donbass,telegram,15,credited-by-mirror
dutch,2024-08-26,Telegram: truthned,telegram,34,credited-by-mirror
dutch,2024-08-26,ria.ru,domain,3,credited-by-mirror
dutch,2024-08-27,Telegram: InfodefenseNED,telegram,6,credited-by-mirror
dutch,2024-08-27,Telegram: Mariba2puntnul,telegram,70,credited-by-mirror
dutch,2024-08-27,Telegram: berichten_uit_Donbass,telegram,10,credited-by-mirror
dutch,2024-08-27,Telegram: truthned,telegram,22,credited-by-mirror
dutch,2024-08-27,ria.ru,domain,1,credited-by-mirror
dutch,2024-08-28,Telegram: InfodefenseNED,telegram,8,credited-by-mirror
dutch,2024-08-28,Telegram: Mariba2puntnul,telegram,65,credited-by-mirror
dutch,2024-08-28,Telegram: berichten_uit_Donbass,telegram,9,credited-by-mirror
dutch,2024-08-28,Telegram: truthned,telegram,25,credited-by-mirror
dutch,2024-08-28,ria.ru,domain,2,credited-by-mirror
dutch,2024-08-29,Telegram: InfodefenseNED,telegram,15,credited-by-mirror
dutch,2024-08-29,Telegram: Mariba2puntnul,telegram,58,credited-by-mirror
dutch,2024-08-29,Telegram: berichten_uit_Donbass,telegram,17,credited-by-mirror
dutch,2024-08-29,Telegram: truthned,telegram,31,credited-by-mirror
dutch,2024-08-29,ria.ru,domain,11,credited-by-mirror
dutch,2024-08-30,Telegram: InfodefenseNED,telegram,1,credited-by-mirror
dutch,2024-08-30,Telegram: Mariba2puntnul,telegram,44,credited-by-mirror
dutch,2024-08-30,Telegram: berichten_uit_Donbass,telegram,8,credited-by-mirror
dutch,2024-08-30,Telegram: truthned,telegram,22,credited-by-mirror
dutch,2024-08-30,ria.ru,domain,6,credited-by-mirror
dutch,2024-08-31,Telegram: InfodefenseNED,telegram,12,credited-by-mirror
dutch,2024-08-31,Telegram: Mariba2puntnul,telegram,31,credited-by-mirror
dutch,2024-08-31,Telegram: berichten_uit_Donbass,telegram,12,credited-by-mirror
dutch,2024-08-31,Telegram: truthned,telegram,15,credited-by-mirror
dutch,2024-08-31,ria.ru,domain,2,credited-by-mirror
estonia,2024-08-01,Telegrami baltnews,other,10,credited-by-mirror
estonia,2024-08-01,Telegrami sputniklive,other,4,credited-by-mirror
estonia,2024-08-01,baltnews.com,domain,4,credited-by-mirror
estonia,2024-08-01,lenta.ru,domain,3,credited-by-mirror
estonia,2024-08-01,ria.ru,domain,1,credited-by-mirror
estonia,2024-08-01,tass.ru,domain,3,credited-by-mirror
estonia,2024-08-02,Telegrami baltnews,other,6,credited-by-mirror
estonia,2024-08-02,Telegrami sputniklive,other,3,credited-by-mirror
estonia,2024-08-02,baltnews.com,domain,1,credited-by-mirror
estonia,2024-08-02,lenta.ru,domain,3,credited-by-mirror
estonia,2024-08-02,ria.ru,domain,2,credited-by-mirror
estonia,2024-08-02,tass.ru,domain,3,credited-by-mirror
estonia,2024-08-03,Telegrami antifalivland,other,1,credited-by-mirror
estonia,2024-08-03,Telegrami baltnews,other,6,credited-by-mirror
estonia,2024-08-03,lenta.ru,domain,1,credited-by-mirror
estonia,2024-08-03,tass.ru,domain,2,credited-by-mirror
estonia,2024-08-04,Telegrami baltnews,other,6,credited-by-mirror
estonia,2024-08-04,Telegrami sputniklive,other,1,credited-by-mirror
estonia,2024-08-04,ria.ru,domain,1,credited-by-mirror
estonia,2024-08-05,Telegrami baltnews,other,3,credited-by-mirror
estonia,2024-08-05,Telegrami sputniklive,other,1,credited-by-mirror
estonia,2024-08-05,baltnews.com,domain,3,credited-by-mirror
estonia,2024-08-06,Telegrami antifalivland,other,1,credited-by-mirror
estonia,2024-08-06,Telegrami baltnews,other,5,credited-by-mirror
estonia,2024-08-06,Telegrami sputniklive,other,1,credited-by-mirror
estonia,2024-08-06,baltnews.com,domain,3,credited-by-mirror
estonia,2024-08-06,ria.ru,domain,1,credited-by-mirror
estonia,2024-08-06,tass.ru,domain,3,credited-by-mirror
estonia,2024-08-07,Telegrami baltnews,other,10,credited-by-mirror
estonia,2024-08-07,Telegrami sputniklive,other,4,credited-by-mirror
estonia,2024-08-07,baltnews.com,domain,4,credited-by-mirror
estonia,2024-08-07,lenta.ru,domain,3,credited-by-mirror
estonia,2024-08-07,ria.ru,domain,2,credited-by-mirror
estonia,2024-08-07,tass.ru,domain,4,credited-by-mirror
estonia,2024-08-08,Telegrami baltnews,other,8,credited-by-mirror
estonia,2024-08-08,Telegrami sputniklive,other,3,credited-by-mirror
estonia,2024-08-08,baltnews.com,domain,5,credited-by-mirror
estonia,2024-08-08,lenta.ru,domain,1,credited-by-mirror
estonia,2024-08-08,ria.ru,domain,1,credited-by-mirror
estonia,2024-08-08,tass.ru,domain,3,credited-by-mirror
estonia,2024-08-09,Telegrami baltnews,other,8,credited-by-mirror
estonia,2024-08-09,baltnews.com,domain,4,credited-by-mirror
estonia,2024-08-10,Telegrami baltnews,other,9,credited-by-mirror
estonia,2024-08-10,lenta.ru,domain,1,credited-by-mirror
estonia,2024-08-10,tass.ru,domain,1,credited-by-mirror
estonia,2024-08-11,Telegrami antifalivland,other,1,credited-by-mirror
estonia,2024-08-11,Telegrami baltnews,other,1,credited-by-mirror
estonia,2024-08-11,Telegrami sputniklive,other,4,credited-by-mirror
estonia,2024-08-11,tass.ru,domain,1,credited-by-mirror
estonia,2024-08-12,Telegrami antifalivland,other,2,credited-by-mirror
estonia,2024-08-12,Telegrami baltnews,other,8,credited-by-mirror
estonia,2024-08-12,baltnews.com,domain,4,credited-by-mirror
estonia,2024-08-12,tass.ru,domain,4,credited-by-mirror
estonia,2024-08-13,Telegrami baltnews,other,10,credited-by-mirror
estonia,2024-08-13,Telegrami sputniklive,other,2,credited-by-mirror
estonia,2024-08-13,baltnews.com,domain,1,credited-by-mirror
estonia,2024-08-13,lenta.ru,domain,2,credited-by-mirror
estonia,2024-08-13,tass.ru,domain,4,credited-by-mirror
estonia,2024-08-14,Telegrami baltnews,other,9,credited-by-mirror
estonia,2024-08-14,Telegrami sputniklive,other,3,credited-by-mirror
estonia,2024-08-14,baltnews.com,domain,4,credited-by-mirror
estonia,2024-08-14,lenta.ru,domain,3,credited-by-mirror
estonia,2024-08-14,tass.ru,domain,2,credited-by-mirror
estonia,2024-08-15,Telegrami InfoDefEstonia,other,3,credited-by-mirror
estonia,2024-08-15,Telegrami baltnews,other,10,credited-by-mirror
estonia,2024-08-15,Telegrami sputniklive,other,3,credited-by-mirror
estonia,2024-08-15,baltnews.com,domain,4,credited-by-mirror
estonia,2024-08-15,ria.ru,domain,1,credited-by-mirror
estonia,2024-08-16,Telegrami InfoDefEstonia,other,9,credited-by-mirror
estonia,2024-08-16,Telegrami baltnews,other,3,credited-by-mirror
estonia,2024-08-16,baltnews.com,domain,6,credited-by-mirror
estonia,2024-08-17,Telegrami InfoDefEstonia,other,8,credited-by-mirror
estonia,2024-08-17,Telegrami baltnews,other,6,credited-by-mirror
estonia,2024-08-18,Telegrami InfoDefEstonia,other,8,credited-by-mirror
estonia,2024-08-18,Telegrami baltnews,other,9,credited-by-mirror
estonia,2024-08-18,Telegrami sputniklive,other,2,credited-by-mirror
estonia,2024-08-18,baltnews.com,domain,1,credited-by-mirror
estonia,2024-08-18,lenta.ru,domain,2,credited-by-mirror
estonia,2024-08-18,ria.ru,domain,2,credited-by-mirror
estonia,2024-08-19,Telegrami InfoDefEstonia,other,8,credited-by-mirror
estonia,2024-08-19,Telegrami baltnews,other,9,credited-by-mirror
estonia,2024-08-19,Telegrami sputniklive,other,3,credited-by-mirror
estonia,2024-08-19,baltnews.com,domain,3,credited-by-mirror
estonia,2024-08-19,lenta.ru,domain,1,credited-by-mirror
estonia,2024-08-20,Telegrami InfoDefEstonia,other,6,credited-by-mirror
estonia,2024-08-20,Telegrami baltnews,other,7,credited-by-mirror
estonia,2024-08-20,Telegrami sputniklive,other,1,credited-by-mirror
estonia,2024-08-20,baltnews.com,domain,2,credited-by-mirror
estonia,2024-08-20,lenta.ru,domain,1,credited-by-mirror
estonia,2024-08-20,ria.ru,domain,2,credited-by-mirror
estonia,2024-08-21,Telegrami InfoDefEstonia,other,7,credited-by-mirror
estonia,2024-08-21,Telegrami baltnews,other,5,credited-by-mirror
estonia,2024-08-21,baltnews.com,domain,2,credited-by-mirror
estonia,2024-08-21,lenta.ru,domain,1,credited-by-mirror
estonia,2024-08-21,ria.ru,domain,1,credited-by-mirror
estonia,2024-08-22,Telegrami InfoDefEstonia,other,9,credited-by-mirror
estonia,2024-08-22,Telegrami baltnews,other,9,credited-by-mirror
estonia,2024-08-22,Telegrami sputniklive,other,2,credited-by-mirror
estonia,2024-08-22,baltnews.com,domain,2,credited-by-mirror
estonia,2024-08-22,lenta.ru,domain,2,credited-by-mirror
estonia,2024-08-23,Telegrami InfoDefEstonia,other,9,credited-by-mirror
estonia,2024-08-23,Telegrami baltnews,other,12,credited-by-mirror
estonia,2024-08-23,Telegrami sputniklive,other,1,credited-by-mirror
estonia,2024-08-23,baltnews.com,domain,3,credited-by-mirror
estonia,2024-08-23,ria.ru,domain,1,credited-by-mirror
estonia,2024-08-24,Telegrami InfoDefEstonia,other,9,credited-by-mirror
estonia,2024-08-24,Telegrami baltnews,other,4,credited-by-mirror
estonia,2024-08-25,Telegrami InfoDefEstonia,other,10,credited-by-mirror
estonia,2024-08-25,Telegrami baltnews,other,5,credited-by-mirror
estonia,2024-08-25,Telegrami sputniklive,other,1,credited-by-mirror
estonia,2024-08-26,Telegrami InfoDefEstonia,other,9,credited-by-mirror
estonia,2024-08-26,Telegrami baltnews,other,3,credited-by-mirror
estonia,2024-08-26,Telegrami sputniklive,other,1,credited-by-mirror
estonia,2024-08-26,baltnews.com,domain,2,credited-by-mirror
estonia,2024-08-26,lenta.ru,domain,3,credited-by-mirror
estonia,2024-08-26,ria.ru,domain,1,credited-by-mirror
estonia,2024-08-27,Telegrami InfoDefEstonia,other,9,credited-by-mirror
estonia,2024-08-27,Telegrami baltnews,other,12,credited-by-mirror
estonia,2024-08-27,Telegrami sputniklive,other,2,credited-by-mirror
estonia,2024-08-27,baltnews.com,domain,4,credited-by-mirror
estonia,2024-08-28,Telegrami InfoDefEstonia,other,9,credited-by-mirror
estonia,2024-08-28,Telegrami baltnews,other,8,credited-by-mirror
estonia,2024-08-28,Telegrami sputniklive,other,3,credited-by-mirror
estonia,2024-08-28,baltnews.com,domain,1,credited-by-mirror
estonia,2024-08-28,lenta.ru,domain,1,credited-by-mirror
estonia,2024-08-29,Telegrami InfoDefEstonia,other,8,credited-by-mirror
estonia,2024-08-29,Telegrami baltnews,other,11,credited-by-mirror
estonia,2024-08-29,Telegrami sputniklive,other,2,credited-by-mirror
estonia,2024-08-29,baltnews.com,domain,3,credited-by-mirror
estonia,2024-08-29,lenta.ru,domain,1,credited-by-mirror
estonia,2024-08-29,ria.ru,domain,1,credited-by-mirror
estonia,2024-08-30,Telegrami InfoDefEstonia,other,8,credited-by-mirror
estonia,2024-08-30,Telegrami baltnews,other,11,credited-by-mirror
estonia,2024-08-30,baltnews.com,domain,5,credited-by-mirror
estonia,2024-08-30,lenta.ru,domain,2,credited-by-mirror
estonia,2024-08-30,ria.ru,domain,2,credited-by-mirror
estonia,2024-08-31,Telegrami InfoDefEstonia,other,8,credited-by-mirror
estonia,2024-08-31,Telegrami baltnews,other,3,credited-by-mirror
estonia,2024-08-31,Telegrami sputniklive,other,3,credited-by-mirror
estonia,2024-08-31,ria.ru,domain,1,credited-by-mirror
finland,2024-08-01,kp.ru,domain,1,credited-by-mirror
finland,2024-08-01,lenta.ru,domain,1,credited-by-mirror
finland,2024-08-01,ria.ru,domain,3,credited-by-mirror
finland,2024-08-01,russian.rt.com,domain,1,credited-by-mirror
finland,2024-08-01,tass.ru,domain,8,credited-by-mirror
finland,2024-08-02,Telegram: baltnews,telegram,1,credited-by-mirror
finland,2024-08-02,kp.ru,domain,1,credited-by-mirror
finland,2024-08-02,lenta.ru,domain,2,credited-by-mirror
finland,2024-08-02,ria.ru,domain,5,credited-by-mirror
finland,2024-08-02,tass.ru,domain,5,credited-by-mirror
finland,2024-08-03,Telegram: baltnews,telegram,2,credited-by-mirror
finland,2024-08-03,kp.ru,domain,1,credited-by-mirror
finland,2024-08-03,lenta.ru,domain,3,credited-by-mirror
finland,2024-08-03,ria.ru,domain,1,credited-by-mirror
finland,2024-08-03,tass.ru,domain,4,credited-by-mirror
finland,2024-08-03,tsargrad.tv,domain,2,credited-by-mirror
finland,2024-08-04,kp.ru,domain,1,credited-by-mirror
finland,2024-08-04,lenta.ru,domain,3,credited-by-mirror
finland,2024-08-04,ria.ru,domain,1,credited-by-mirror
finland,2024-08-04,russian.rt.com,domain,2,credited-by-mirror
finland,2024-08-04,tass.ru,domain,2,credited-by-mirror
finland,2024-08-05,Telegram: baltnews,telegram,1,credited-by-mirror
finland,2024-08-05,Telegram: lomovkaa,telegram,1,credited-by-mirror
finland,2024-08-05,kp.ru,domain,2,credited-by-mirror
finland,2024-08-05,ria.ru,domain,2,credited-by-mirror
finland,2024-08-05,tass.ru,domain,2,credited-by-mirror
finland,2024-08-05,tsargrad.tv,domain,2,credited-by-mirror
finland,2024-08-06,Telegram: baltnews,telegram,1,credited-by-mirror
finland,2024-08-06,kp.ru,domain,1,credited-by-mirror
finland,2024-08-06,lenta.ru,domain,3,credited-by-mirror
finland,2024-08-06,ria.ru,domain,1,credited-by-mirror
finland,2024-08-06,tass.ru,domain,5,credited-by-mirror
finland,2024-08-06,tsargrad.tv,domain,1,credited-by-mirror
finland,2024-08-07,kp.ru,domain,3,credited-by-mirror
finland,2024-08-07,lenta.ru,domain,3,credited-by-mirror
finland,2024-08-07,ria.ru,domain,3,credited-by-mirror
finland,2024-08-07,tass.ru,domain,8,credited-by-mirror
finland,2024-08-08,Telegram: ostashkonews,telegram,1,credited-by-mirror
finland,2024-08-08,kp.ru,domain,1,credited-by-mirror
finland,2024-08-08,lenta.ru,domain,3,credited-by-mirror
finland,2024-08-08,ria.ru,domain,4,credited-by-mirror
finland,2024-08-08,russian.rt.com,domain,1,credited-by-mirror
finland,2024-08-08,tass.ru,domain,8,credited-by-mirror
finland,2024-08-09,kp.ru,domain,1,credited-by-mirror
finland,2024-08-09,lenta.ru,domain,1,credited-by-mirror
finland,2024-08-09,ria.ru,domain,4,credited-by-mirror
finland,2024-08-09,tass.ru,domain,3,credited-by-mirror
finland,2024-08-10,lenta.ru,domain,2,credited-by-mirror
finland,2024-08-10,tass.ru,domain,1,credited-by-mirror
finland,2024-08-11,Telegram: baltnews,telegram,1,credited-by-mirror
finland,2024-08-11,ria.ru,domain,1,credited-by-mirror
finland,2024-08-11,tass.ru,domain,2,credited-by-mirror
finland,2024-08-12,Telegram: baltnews,telegram,2,credited-by-mirror
finland,2024-08-12,ria.ru,domain,1,credited-by-mirror
finland,2024-08-12,tass.ru,domain,2,credited-by-mirror
finland,2024-08-13,Telegram: baltnews,telegram,2,credited-by-mirror
finland,2024-08-13,Telegram: lomovkaa,telegram,1,credited-by-mirror
finland,2024-08-13,kp.ru,domain,1,credited-by-mirror
finland,2024-08-13,lenta.ru,domain,3,credited-by-mirror
finland,2024-08-13,ria.ru,domain,2,credited-by-mirror
finland,2024-08-13,russian.rt.com,domain,3,credited-by-mirror
finland,2024-08-13,tass.ru,domain,7,credited-by-mirror
finland,2024-08-13,tsargrad.tv,domain,1,credited-by-mirror
finland,2024-08-14,Telegram: baltnews,telegram,3,credited-by-mirror
finland,2024-08-14,Telegram: ostashkonews,telegram,2,credited-by-mirror
finland,2024-08-14,lenta.ru,domain,7,credited-by-mirror
finland,2024-08-14,ria.ru,domain,3,credited-by-mirror
finland,2024-08-14,tass.ru,domain,3,credited-by-mirror
finland,2024-08-15,Telegram: lomovkaa,telegram,1,credited-by-mirror
finland,2024-08-15,kp.ru,domain,2,credited-by-mirror
finland,2024-08-15,lenta.ru,domain,4,credited-by-mirror
finland,2024-08-15,ria.ru,domain,3,credited-by-mirror
finland,2024-08-15,russian.rt.com,domain,1,credited-by-mirror
finland,2024-08-15,tsargrad.tv,domain,1,credited-by-mirror
finland,2024-08-16,Telegram: lomovkaa,telegram,1,credited-by-mirror
finland,2024-08-16,Telegram: ostashkonews,telegram,2,credited-by-mirror
finland,2024-08-16,kp.ru,domain,4,credited-by-mirror
finland,2024-08-16,lenta.ru,domain,2,credited-by-mirror
finland,2024-08-16,ria.ru,domain,4,credited-by-mirror
finland,2024-08-16,russian.rt.com,domain,2,credited-by-mirror
finland,2024-08-16,tsargrad.tv,domain,2,credited-by-mirror
finland,2024-08-17,lenta.ru,domain,1,credited-by-mirror
finland,2024-08-18,kp.ru,domain,1,credited-by-mirror
finland,2024-08-18,lenta.ru,domain,1,credited-by-mirror
finland,2024-08-18,ria.ru,domain,1,credited-by-mirror
finland,2024-08-18,tsargrad.tv,domain,1,credited-by-mirror
finland,2024-08-19,Telegram: baltnews,telegram,1,credited-by-mirror
finland,2024-08-19,Telegram: lomovkaa,telegram,1,credited-by-mirror
finland,2024-08-19,Telegram: ostashkonews,telegram,1,credited-by-mirror
finland,2024-08-19,kp.ru,domain,2,credited-by-mirror
finland,2024-08-19,ria.ru,domain,1,credited-by-mirror
finland,2024-08-19,russian.rt.com,domain,1,credited-by-mirror
finland,2024-08-19,tsargrad.tv,domain,1,credited-by-mirror
finland,2024-08-20,Telegram: ostashkonews,telegram,1,credited-by-mirror
finland,2024-08-20,kp.ru,domain,2,credited-by-mirror
finland,2024-08-20,lenta.ru,domain,1,credited-by-mirror
finland,2024-08-20,ria.ru,domain,1,credited-by-mirror
finland,2024-08-20,tsargrad.tv,domain,1,credited-by-mirror
finland,2024-08-21,Telegram: baltnews,telegram,1,credited-by-mirror
finland,2024-08-21,Telegram: ostashkonews,telegram,2,credited-by-mirror
finland,2024-08-21,lenta.ru,domain,3,credited-by-mirror
finland,2024-08-21,ria.ru,domain,4,credited-by-mirror
finland,2024-08-22,Telegram: ostashkonews,telegram,5,credited-by-mirror
finland,2024-08-22,kp.ru,domain,5,credited-by-mirror
finland,2024-08-22,lenta.ru,domain,6,credited-by-mirror
finland,2024-08-22,ria.ru,domain,6,credited-by-mirror
finland,2024-08-22,russian.rt.com,domain,4,credited-by-mirror
finland,2024-08-22,tsargrad.tv,domain,7,credited-by-mirror
finland,2024-08-23,kp.ru,domain,3,credited-by-mirror
finland,2024-08-23,lenta.ru,domain,1,credited-by-mirror
finland,2024-08-23,ria.ru,domain,4,credited-by-mirror
finland,2024-08-23,russian.rt.com,domain,2,credited-by-mirror
finland,2024-08-23,tsargrad.tv,domain,1,credited-by-mirror
finland,2024-08-24,Telegram: lomovkaa,telegram,3,credited-by-mirror
finland,2024-08-24,kp.ru,domain,3,credited-by-mirror
finland,2024-08-24,lenta.ru,domain,4,credited-by-mirror
finland,2024-08-24,ria.ru,domain,6,credited-by-mirror
finland,2024-08-24,russian.rt.com,domain,4,credited-by-mirror
finland,2024-08-25,kp.ru,domain,1,credited-by-mirror
finland,2024-08-26,kp.ru,domain,3,credited-by-mirror
finland,2024-08-26,lenta.ru,domain,3,credited-by-mirror
finland,2024-08-26,ria.ru,domain,2,credited-by-mirror
finland,2024-08-26,russian.rt.com,domain,2,credited-by-mirror
finland,2024-08-26,tsargrad.tv,domain,4,credited-by-mirror
finland,2024-08-27,Telegram: lomovkaa,telegram,2,credited-by-mirror
finland,2024-08-27,Telegram: ostashkonews,telegram,1,credited-by-mirror
finland,2024-08-27,kp.ru,domain,1,credited-by-mirror
finland,2024-08-27,lenta.ru,domain,4,credited-by-mirror
finland,2024-08-27,ria.ru,domain,2,credited-by-mirror
finland,2024-08-27,russian.rt.com,domain,1,credited-by-mirror
finland,2024-08-28,tsargrad.tv,domain,2,credited-by-mirror
finland,2024-08-29,Telegram: baltnews,telegram,2,credited-by-mirror
finland,2024-08-29,lenta.ru,domain,4,credited-by-mirror
finland,2024-08-30,Telegram: baltnews,telegram,3,credited-by-mirror
finland,2024-08-30,kp.ru,domain,1,credited-by-mirror
finland,2024-08-30,lenta.ru,domain,2,credited-by-mirror
finland,2024-08-30,ria.ru,domain,4,credited-by-mirror
finland,2024-08-30,russian.rt.com,domain,2,credited-by-mirror
finland,2024-08-30,tsargrad.tv,domain,3,credited-by-mirror
finland,2024-08-31,Telegram: lomovkaa,telegram,1,credited-by-mirror
finland,2024-08-31,tsargrad.tv,domain,2,credited-by-mirror
francais,2024-08-01,Telegram: RTenfrancais,telegram,34,credited-by-mirror
francais,2024-08-01,Telegram: Vbachir,telegram,126,credited-by-mirror
francais,2024-08-01,Telegram: info0701world,telegram,22,credited-by-mirror
francais,2024-08-01,Telegram: mondepourtous,telegram,54,credited-by-mirror
francais,2024-08-01,Telegram: russosphere,telegram,27,credited-by-mirror
francais,2024-08-01,francais.rt.com,domain,15,credited-by-mirror
francais,2024-08-01,tass.ru,domain,58,credited-by-mirror
francais,2024-08-02,Telegram: BorisKarpovRussie,telegram,2,credited-by-mirror
francais,2024-08-02,Telegram: RTenfrancais,telegram,33,credited-by-mirror
francais,2024-08-02,Telegram: Vbachir,telegram,130,credited-by-mirror
francais,2024-08-02,Telegram: info0701world,telegram,21,credited-by-mirror
francais,2024-08-02,Telegram: mondepourtous,telegram,34,credited-by-mirror
francais,2024-08-02,Telegram: russosphere,telegram,31,credited-by-mirror
francais,2024-08-02,francais.rt.com,domain,13,credited-by-mirror
francais,2024-08-02,tass.ru,domain,60,credited-by-mirror
francais,2024-08-03,Telegram: BorisKarpovRussie,telegram,6,credited-by-mirror
francais,2024-08-03,Telegram: RTenfrancais,telegram,37,credited-by-mirror
francais,2024-08-03,Telegram: Vbachir,telegram,136,credited-by-mirror
francais,2024-08-03,Telegram: info0701world,telegram,30,credited-by-mirror
francais,2024-08-03,Telegram: mondepourtous,telegram,39,credited-by-mirror
francais,2024-08-03,Telegram: russosphere,telegram,27,credited-by-mirror
francais,2024-08-03,francais.rt.com,domain,11,credited-by-mirror
francais,2024-08-03,tass.ru,domain,40,credited-by-mirror
francais,2024-08-04,Telegram: RTenfrancais,telegram,35,credited-by-mirror
francais,2024-08-04,Telegram: Vbachir,telegram,112,credited-by-mirror
francais,2024-08-04,Telegram: info0701world,telegram,34,credited-by-mirror
francais,2024-08-04,Telegram: mondepourtous,telegram,34,credited-by-mirror
francais,2024-08-04,Telegram: russosphere,telegram,23,credited-by-mirror
francais,2024-08-04,francais.rt.com,domain,10,credited-by-mirror
francais,2024-08-04,tass.ru,domain,43,credited-by-mirror
francais,2024-08-05,Telegram: RTenfrancais,telegram,46,credited-by-mirror
francais,2024-08-05,Telegram: Vbachir,telegram,119,credited-by-mirror
francais,2024-08-05,Telegram: info0701world,telegram,26,credited-by-mirror
francais,2024-08-05,Telegram: mondepourtous,telegram,41,credited-by-mirror
francais,2024-08-05,Telegram: russosphere,telegram,27,credited-by-mirror
francais,2024-08-05,francais.rt.com,domain,19,credited-by-mirror
francais,2024-08-05,tass.ru,domain,56,credited-by-mirror
francais,2024-08-06,Telegram: RTenfrancais,telegram,40,credited-by-mirror
francais,2024-08-06,Telegram: Vbachir,telegram,100,credited-by-mirror
francais,2024-08-06,Telegram: info0701world,telegram,36,credited-by-mirror
francais,2024-08-06,Telegram: mondepourtous,telegram,50,credited-by-mirror
francais,2024-08-06,Telegram: russosphere,telegram,34,credited-by-mirror
francais,2024-08-06,francais.rt.com,domain,15,credited-by-mirror
francais,2024-08-06,tass.ru,domain,70,credited-by-mirror
francais,2024-08-07,Telegram: RTenfrancais,telegram,41,credited-by-mirror
francais,2024-08-07,Telegram: Vbachir,telegram,134,credited-by-mirror
francais,2024-08-07,Telegram: info0701world,telegram,31,credited-by-mirror
francais,2024-08-07,Telegram: mondepourtous,telegram,43,credited-by-mirror
francais,2024-08-07,Telegram: russosphere,telegram,29,credited-by-mirror
francais,2024-08-07,francais.rt.com,domain,12,credited-by-mirror
francais,2024-08-07,tass.ru,domain,46,credited-by-mirror
francais,2024-08-08,Telegram: RTenfrancais,telegram,34,credited-by-mirror
francais,2024-08-08,Telegram: Vbachir,telegram,150,credited-by-mirror
francais,2024-08-08,Telegram: info0701world,telegram,25,credited-by-mirror
francais,2024-08-08,Telegram: mondepourtous,telegram,49,credited-by-mirror
francais,2024-08-08,Telegram: russosphere,telegram,28,credited-by-mirror
francais,2024-08-08,francais.rt.com,domain,13,credited-by-mirror
francais,2024-08-08,tass.ru,domain,47,credited-by-mirror
francais,2024-08-09,Telegram: RTenfrancais,telegram,31,credited-by-mirror
francais,2024-08-09,Telegram: Vbachir,telegram,129,credited-by-mirror
francais,2024-08-09,Telegram: info0701world,telegram,25,credited-by-mirror
francais,2024-08-09,Telegram: mondepourtous,telegram,50,credited-by-mirror
francais,2024-08-09,Telegram: russosphere,telegram,38,credited-by-mirror
francais,2024-08-09,francais.rt.com,domain,14,credited-by-mirror
francais,2024-08-09,tass.ru,domain,49,credited-by-mirror
francais,2024-08-10,Telegram: RTenfrancais,telegram,30,credited-by-mirror
francais,2024-08-10,Telegram: Vbachir,telegram,141,credited-by-mirror
francais,2024-08-10,Telegram: info0701world,telegram,30,credited-by-mirror
francais,2024-08-10,Telegram: mondepourtous,telegram,50,credited-by-mirror
francais,2024-08-10,Telegram: russosphere,telegram,32,credited-by-mirror
francais,2024-08-10,francais.rt.com,domain,11,credited-by-mirror
francais,2024-08-10,tass.ru,domain,49,credited-by-mirror
francais,2024-08-11,Telegram: RTenfrancais,telegram,43,credited-by-mirror
francais,2024-08-11,Telegram: Vbachir,telegram,123,credited-by-mirror
francais,2024-08-11,Telegram: info0701world,telegram,34,credited-by-mirror
francais,2024-08-11,Telegram: mondepourtous,telegram,46,credited-by-mirror
francais,2024-08-11,Telegram: russosphere,telegram,39,credited-by-mirror
francais,2024-08-11,francais.rt.com,domain,12,credited-by-mirror
francais,2024-08-11,tass.ru,domain,25,credited-by-mirror
francais,2024-08-12,Telegram: RTenfrancais,telegram,50,credited-by-mirror
francais,2024-08-12,Telegram: Vbachir,telegram,154,credited-by-mirror
francais,2024-08-12,Telegram: info0701world,telegram,26,credited-by-mirror
francais,2024-08-12,Telegram: mondepourtous,telegram,32,credited-by-mirror
francais,2024-08-12,Telegram: russosphere,telegram,30,credited-by-mirror
francais,2024-08-12,francais.rt.com,domain,19,credited-by-mirror
francais,2024-08-12,tass.ru,domain,55,credited-by-mirror
francais,2024-08-13,Telegram: RTenfrancais,telegram,34,credited-by-mirror
francais,2024-08-13,Telegram: Vbachir,telegram,89,credited-by-mirror
francais,2024-08-13,Telegram: info0701world,telegram,26,credited-by-mirror
francais,2024-08-13,Telegram: mondepourtous,telegram,34,credited-by-mirror
francais,2024-08-13,Telegram: russosphere,telegram,21,credited-by-mirror
francais,2024-08-13,francais.rt.com,domain,22,credited-by-mirror
francais,2024-08-13,tass.ru,domain,41,credited-by-mirror
francais,2024-08-14,Telegram: RTenfrancais,telegram,37,credited-by-mirror
francais,2024-08-14,Telegram: Vbachir,telegram,95,credited-by-mirror
francais,2024-08-14,Telegram: info0701world,telegram,17,credited-by-mirror
francais,2024-08-14,Telegram: mondepourtous,telegram,29,credited-by-mirror
francais,2024-08-14,Telegram: russosphere,telegram,22,credited-by-mirror
francais,2024-08-14,francais.rt.com,domain,18,credited-by-mirror
francais,2024-08-14,tass.ru,domain,17,credited-by-mirror
francais,2024-08-15,Telegram: RTenfrancais,telegram,34,credited-by-mirror
francais,2024-08-15,Telegram: Vbachir,telegram,115,credited-by-mirror
francais,2024-08-15,Telegram: info0701world,telegram,14,credited-by-mirror
francais,2024-08-15,Telegram: mondepourtous,telegram,46,credited-by-mirror
francais,2024-08-15,Telegram: russosphere,telegram,28,credited-by-mirror
francais,2024-08-15,francais.rt.com,domain,19,credited-by-mirror
francais,2024-08-16,Telegram: RTenfrancais,telegram,43,credited-by-mirror
francais,2024-08-16,Telegram: Vbachir,telegram,110,credited-by-mirror
francais,2024-08-16,Telegram: info0701world,telegram,25,credited-by-mirror
francais,2024-08-16,Telegram: mondepourtous,telegram,51,credited-by-mirror
francais,2024-08-16,Telegram: russosphere,telegram,31,credited-by-mirror
francais,2024-08-16,francais.rt.com,domain,18,credited-by-mirror
francais,2024-08-17,Telegram: RTenfrancais,telegram,30,credited-by-mirror
francais,2024-08-17,Telegram: Vbachir,telegram,111,credited-by-mirror
francais,2024-08-17,Telegram: info0701world,telegram,15,credited-by-mirror
francais,2024-08-17,Telegram: mondepourtous,telegram,48,credited-by-mirror
francais,2024-08-17,Telegram: russosphere,telegram,39,credited-by-mirror
francais,2024-08-17,francais.rt.com,domain,9,credited-by-mirror
francais,2024-08-18,Telegram: RTenfrancais,telegram,27,credited-by-mirror
francais,2024-08-18,Telegram: Vbachir,telegram,101,credited-by-mirror
francais,2024-08-18,Telegram: info0701world,telegram,32,credited-by-mirror
francais,2024-08-18,Telegram: mondepourtous,telegram,53,credited-by-mirror
francais,2024-08-18,Telegram: russosphere,telegram,30,credited-by-mirror
francais,2024-08-18,francais.rt.com,domain,11,credited-by-mirror
francais,2024-08-19,Telegram: RTenfrancais,telegram,41,credited-by-mirror
francais,2024-08-19,Telegram: Vbachir,telegram,122,credited-by-mirror
francais,2024-08-19,Telegram: info0701world,telegram,23,credited-by-mirror
francais,2024-08-19,Telegram: mondepourtous,telegram,46,credited-by-mirror
francais,2024-08-19,Telegram: russosphere,telegram,36,credited-by-mirror
francais,2024-08-19,francais.rt.com,domain,20,credited-by-mirror
francais,2024-08-20,Telegram: RTenfrancais,telegram,39,credited-by-mirror
francais,2024-08-20,Telegram: Vbachir,telegram,118,credited-by-mirror
francais,2024-08-20,Telegram: info0701world,telegram,37,credited-by-mirror
francais,2024-08-20,Telegram: mondepourtous,telegram,57,credited-by-mirror
francais,2024-08-20,Telegram: russosphere,telegram,29,credited-by-mirror
francais,2024-08-20,francais.rt.com,domain,16,credited-by-mirror
francais,2024-08-21,Telegram: RTenfrancais,telegram,39,credited-by-mirror
francais,2024-08-21,Telegram: Vbachir,telegram,158,credited-by-mirror
francais,2024-08-21,Telegram: info0701world,telegram,23,credited-by-mirror
francais,2024-08-21,Telegram: mondepourtous,telegram,41,credited-by-mirror
francais,2024-08-21,Telegram: russosphere,telegram,32,credited-by-mirror
francais,2024-08-21,francais.rt.com,domain,17,credited-by-mirror
francais,2024-08-22,Telegram: RTenfrancais,telegram,37,credited-by-mirror
francais,2024-08-22,Telegram: Vbachir,telegram,132,credited-by-mirror
francais,2024-08-22,Telegram: info0701world,telegram,30,credited-by-mirror
francais,2024-08-22,Telegram: mondepourtous,telegram,42,credited-by-mirror
francais,2024-08-22,Telegram: russosphere,telegram,30,credited-by-mirror
francais,2024-08-22,francais.rt.com,domain,18,credited-by-mirror
francais,2024-08-23,Telegram: RTenfrancais,telegram,41,credited-by-mirror
francais,2024-08-23,Telegram: Vbachir,telegram,171,credited-by-mirror
francais,2024-08-23,Telegram: info0701world,telegram,26,credited-by-mirror
francais,2024-08-23,Telegram: mondepourtous,telegram,42,credited-by-mirror
francais,2024-08-23,Telegram: russosphere,telegram,31,credited-by-mirror
francais,2024-08-23,francais.rt.com,domain,17,credited-by-mirror
francais,2024-08-24,Telegram: RTenfrancais,telegram,28,credited-by-mirror
francais,2024-08-24,Telegram: Vbachir,telegram,115,credited-by-mirror
francais,2024-08-24,Telegram: info0701world,telegram,24,credited-by-mirror
francais,2024-08-24,Telegram: mondepourtous,telegram,33,credited-by-mirror
francais,2024-08-24,Telegram: russosphere,telegram,37,credited-by-mirror
francais,2024-08-24,francais.rt.com,domain,11,credited-by-mirror
francais,2024-08-25,Telegram: RTenfrancais,telegram,31,credited-by-mirror
francais,2024-08-25,Telegram: Vbachir,telegram,98,credited-by-mirror
francais,2024-08-25,Telegram: info0701world,telegram,18,credited-by-mirror
francais,2024-08-25,Telegram: mondepourtous,telegram,44,credited-by-mirror
francais,2024-08-25,Telegram: russosphere,telegram,33,credited-by-mirror
francais,2024-08-25,francais.rt.com,domain,11,credited-by-mirror
francais,2024-08-26,Telegram: RTenfrancais,telegram,37,credited-by-mirror
francais,2024-08-26,Telegram: Vbachir,telegram,100,credited-by-mirror
francais,2024-08-26,Telegram: info0701world,telegram,28,credited-by-mirror
francais,2024-08-26,Telegram: mondepourtous,telegram,58,credited-by-mirror
francais,2024-08-26,Telegram: russosphere,telegram,42,credited-by-mirror
francais,2024-08-26,francais.rt.com,domain,13,credited-by-mirror
francais,2024-08-27,Telegram: RTenfrancais,telegram,43,credited-by-mirror
francais,2024-08-27,Telegram: Vbachir,telegram,133,credited-by-mirror
francais,2024-08-27,Telegram: info0701world,telegram,26,credited-by-mirror
francais,2024-08-27,Telegram: mondepourtous,telegram,45,credited-by-mirror
francais,2024-08-27,Telegram: russosphere,telegram,35,credited-by-mirror
francais,2024-08-27,francais.rt.com,domain,17,credited-by-mirror
francais,2024-08-28,Telegram: RTenfrancais,telegram,44,credited-by-mirror
francais,2024-08-28,Telegram: Vbachir,telegram,125,credited-by-mirror
francais,2024-08-28,Telegram: info0701world,telegram,35,credited-by-mirror
francais,2024-08-28,Telegram: mondepourtous,telegram,48,credited-by-mirror
francais,2024-08-28,Telegram: russosphere,telegram,32,credited-by-mirror
francais,2024-08-28,francais.rt.com,domain,16,credited-by-mirror
francais,2024-08-29,Telegram: RTenfrancais,telegram,52,credited-by-mirror
francais,2024-08-29,Telegram: Vbachir,telegram,115,credited-by-mirror
francais,2024-08-29,Telegram: info0701world,telegram,29,credited-by-mirror
francais,2024-08-29,Telegram: mondepourtous,telegram,50,credited-by-mirror
francais,2024-08-29,Telegram: russosphere,telegram,35,credited-by-mirror
francais,2024-08-29,francais.rt.com,domain,18,credited-by-mirror
francais,2024-08-30,Telegram: RTenfrancais,telegram,39,credited-by-mirror
francais,2024-08-30,Telegram: Vbachir,telegram,109,credited-by-mirror
francais,2024-08-30,Telegram: info0701world,telegram,26,credited-by-mirror
francais,2024-08-30,Telegram: mondepourtous,telegram,40,credited-by-mirror
francais,2024-08-30,Telegram: russosphere,telegram,32,credited-by-mirror
francais,2024-08-30,francais.rt.com,domain,13,credited-by-mirror
francais,2024-08-31,Telegram: RTenfrancais,telegram,27,credited-by-mirror
francais,2024-08-31,Telegram: Vbachir,telegram,116,credited-by-mirror
francais,2024-08-31,Telegram: info0701world,telegram,22,credited-by-mirror
francais,2024-08-31,Telegram: mondepourtous,telegram,34,credited-by-mirror
francais,2024-08-31,Telegram: russosphere,telegram,30,credited-by-mirror
francais,2024-08-31,francais.rt.com,domain,9,credited-by-mirror
greece,2024-08-01,Telegram: infodefGreece,telegram,2,credited-by-mirror
greece,2024-08-01,Telegram: leblorikzov,telegram,107,credited-by-mirror
greece,2024-08-01,Telegram: skipaspakis,telegram,9,credited-by-mirror
greece,2024-08-01,Telegram: thersitisnew,telegram,5,credited-by-mirror
greece,2024-08-02,Telegram: infodefGreece,telegram,5,credited-by-mirror
greece,2024-08-02,Telegram: leblorikzov,telegram,90,credited-by-mirror
greece,2024-08-02,Telegram: skipaspakis,telegram,10,credited-by-mirror
greece,2024-08-02,Telegram: thersitisnew,telegram,4,credited-by-mirror
greece,2024-08-03,Telegram: HellasGlobalNews,telegram,1,credited-by-mirror
greece,2024-08-03,Telegram: infodefGreece,telegram,4,credited-by-mirror
greece,2024-08-03,Telegram: leblorikzov,telegram,79,credited-by-mirror
greece,2024-08-03,Telegram: skipaspakis,telegram,1,credited-by-mirror
greece,2024-08-03,Telegram: thersitisnew,telegram,5,credited-by-mirror
greece,2024-08-04,Telegram: infodefGreece,telegram,1,credited-by-mirror
greece,2024-08-04,Telegram: leblorikzov,telegram,86,credited-by-mirror
greece,2024-08-04,Telegram: thersitisnew,telegram,8,credited-by-mirror
greece,2024-08-05,Telegram: infodefGreece,telegram,4,credited-by-mirror
greece,2024-08-05,Telegram: leblorikzov,telegram,131,credited-by-mirror
greece,2024-08-05,Telegram: skipaspakis,telegram,32,credited-by-mirror
greece,2024-08-05,Telegram: thersitisnew,telegram,4,credited-by-mirror
greece,2024-08-06,Telegram: infodefGreece,telegram,4,credited-by-mirror
greece,2024-08-06,Telegram: leblorikzov,telegram,100,credited-by-mirror
greece,2024-08-06,Telegram: skipaspakis,telegram,36,credited-by-mirror
greece,2024-08-07,Telegram: ClinkerCM,telegram,2,credited-by-mirror
greece,2024-08-07,Telegram: infodefGreece,telegram,6,credited-by-mirror
greece,2024-08-07,Telegram: leblorikzov,telegram,124,credited-by-mirror
greece,2024-08-07,Telegram: skipaspakis,telegram,42,credited-by-mirror
greece,2024-08-08,Telegram: ClinkerCM,telegram,1,credited-by-mirror
greece,2024-08-08,Telegram: infodefGreece,telegram,3,credited-by-mirror
greece,2024-08-08,Telegram: leblorikzov,telegram,124,credited-by-mirror
greece,2024-08-08,Telegram: skipaspakis,telegram,29,credited-by-mirror
greece,2024-08-08,Telegram: thersitisnew,telegram,3,credited-by-mirror
greece,2024-08-09,Telegram: infodefGreece,telegram,1,credited-by-mirror
greece,2024-08-09,Telegram: leblorikzov,telegram,107,credited-by-mirror
greece,2024-08-09,Telegram: skipaspakis,telegram,33,credited-by-mirror
greece,2024-08-09,Telegram: thersitisnew,telegram,2,credited-by-mirror
greece,2024-08-10,Telegram: HellasGlobalNews,telegram,13,credited-by-mirror
greece,2024-08-10,Telegram: leblorikzov,telegram,102,credited-by-mirror
greece,2024-08-10,Telegram: skipaspakis,telegram,28,credited-by-mirror
greece,2024-08-10,Telegram: thersitisnew,telegram,4,credited-by-mirror
greece,2024-08-11,Telegram: HellasGlobalNews,telegram,15,credited-by-mirror
greece,2024-08-11,Telegram: infodefGreece,telegram,5,credited-by-mirror
greece,2024-08-11,Telegram: leblorikzov,telegram,104,credited-by-mirror
greece,2024-08-11,Telegram: skipaspakis,telegram,28,credited-by-mirror
greece,2024-08-11,Telegram: thersitisnew,telegram,2,credited-by-mirror
greece,2024-08-12,Telegram: ClinkerCM,telegram,1,credited-by-mirror
greece,2024-08-12,Telegram: HellasGlobalNews,telegram,20,credited-by-mirror
greece,2024-08-12,Telegram: infodefGreece,telegram,5,credited-by-mirror
greece,2024-08-12,Telegram: leblorikzov,telegram,92,credited-by-mirror
greece,2024-08-12,Telegram: skipaspakis,telegram,38,credited-by-mirror
greece,2024-08-12,Telegram: thersitisnew,telegram,4,credited-by-mirror
greece,2024-08-13,Telegram: HellasGlobalNews,telegram,8,credited-by-mirror
greece,2024-08-13,Telegram: infodefGreece,telegram,2,credited-by-mirror
greece,2024-08-13,Telegram: leblorikzov,telegram,75,credited-by-mirror
greece,2024-08-13,Telegram: skipaspakis,telegram,32,credited-by-mirror
greece,2024-08-13,Telegram: thersitisnew,telegram,1,credited-by-mirror
greece,2024-08-14,Telegram: HellasGlobalNews,telegram,14,credited-by-mirror
greece,2024-08-14,Telegram: infodefGreece,telegram,4,credited-by-mirror
greece,2024-08-14,Telegram: leblorikzov,telegram,50,credited-by-mirror
greece,2024-08-14,Telegram: skipaspakis,telegram,8,credited-by-mirror
greece,2024-08-15,Telegram: HellasGlobalNews,telegram,13,credited-by-mirror
greece,2024-08-15,Telegram: infodefGreece,telegram,3,credited-by-mirror
greece,2024-08-15,Telegram: leblorikzov,telegram,105,credited-by-mirror
greece,2024-08-16,Telegram: HellasGlobalNews,telegram,12,credited-by-mirror
greece,2024-08-16,Telegram: infodefGreece,telegram,5,credited-by-mirror
greece,2024-08-16,Telegram: leblorikzov,telegram,101,credited-by-mirror
greece,2024-08-16,Telegram: thersitisnew,telegram,3,credited-by-mirror
greece,2024-08-17,Telegram: ClinkerCM,telegram,1,credited-by-mirror
greece,2024-08-17,Telegram: HellasGlobalNews,telegram,21,credited-by-mirror
greece,2024-08-17,Telegram: infodefGreece,telegram,6,credited-by-mirror
greece,2024-08-17,Telegram: leblorikzov,telegram,100,credited-by-mirror
greece,2024-08-17,Telegram: skipaspakis,telegram,18,credited-by-mirror
greece,2024-08-17,Telegram: thersitisnew,telegram,7,credited-by-mirror
greece,2024-08-18,Telegram: HellasGlobalNews,telegram,17,credited-by-mirror
greece,2024-08-18,Telegram: infodefGreece,telegram,5,credited-by-mirror
greece,2024-08-18,Telegram: leblorikzov,telegram,95,credited-by-mirror
greece,2024-08-18,Telegram: skipaspakis,telegram,37,credited-by-mirror
greece,2024-08-18,Telegram: thersitisnew,telegram,1,credited-by-mirror
greece,2024-08-19,Telegram: HellasGlobalNews,telegram,26,credited-by-mirror
greece,2024-08-19,Telegram: infodefGreece,telegram,4,credited-by-mirror
greece,2024-08-19,Telegram: leblorikzov,telegram,131,credited-by-mirror
greece,2024-08-19,Telegram: skipaspakis,telegram,40,credited-by-mirror
greece,2024-08-19,Telegram: thersitisnew,telegram,9,credited-by-mirror
greece,2024-08-20,Telegram: ClinkerCM,telegram,1,credited-by-mirror
greece,2024-08-20,Telegram: HellasGlobalNews,telegram,20,credited-by-mirror
greece,2024-08-20,Telegram: infodefGreece,telegram,9,credited-by-mirror
greece,2024-08-20,Telegram: leblorikzov,telegram,124,credited-by-mirror
greece,2024-08-20,Telegram: skipaspakis,telegram,37,credited-by-mirror
greece,2024-08-20,Telegram: thersitisnew,telegram,5,credited-by-mirror
greece,2024-08-21,Telegram: HellasGlobalNews,telegram,20,credited-by-mirror
greece,2024-08-21,Telegram: infodefGreece,telegram,7,credited-by-mirror
greece,2024-08-21,Telegram: leblorikzov,telegram,116,credited-by-mirror
greece,2024-08-21,Telegram: skipaspakis,telegram,14,credited-by-mirror
greece,2024-08-21,Telegram: thersitisnew,telegram,3,credited-by-mirror
greece,2024-08-22,Telegram: HellasGlobalNews,telegram,20,credited-by-mirror
greece,2024-08-22,Telegram: infodefGreece,telegram,7,credited-by-mirror
greece,2024-08-22,Telegram: leblorikzov,telegram,121,credited-by-mirror
greece,2024-08-22,Telegram: skipaspakis,telegram,33,credited-by-mirror
greece,2024-08-22,Telegram: thersitisnew,telegram,8,credited-by-mirror
greece,2024-08-23,Telegram: HellasGlobalNews,telegram,16,credited-by-mirror
greece,2024-08-23,Telegram: infodefGreece,telegram,7,credited-by-mirror
greece,2024-08-23,Telegram: leblorikzov,telegram,121,credited-by-mirror
greece,2024-08-23,Telegram: skipaspakis,telegram,31,credited-by-mirror
greece,2024-08-24,Telegram: ClinkerCM,telegram,2,credited-by-mirror
greece,2024-08-24,Telegram: HellasGlobalNews,telegram,9,credited-by-mirror
greece,2024-08-24,Telegram: infodefGreece,telegram,6,credited-by-mirror
greece,2024-08-24,Telegram: leblorikzov,telegram,97,credited-by-mirror
greece,2024-08-24,Telegram: skipaspakis,telegram,29,credited-by-mirror
greece,2024-08-24,Telegram: thersitisnew,telegram,5,credited-by-mirror
greece,2024-08-25,Telegram: ClinkerCM,telegram,1,credited-by-mirror
greece,2024-08-25,Telegram: HellasGlobalNews,telegram,20,credited-by-mirror
greece,2024-08-25,Telegram: infodefGreece,telegram,14,credited-by-mirror
greece,2024-08-25,Telegram: leblorikzov,telegram,111,credited-by-mirror
greece,2024-08-25,Telegram: skipaspakis,telegram,55,credited-by-mirror
greece,2024-08-26,Telegram: ClinkerCM,telegram,1,credited-by-mirror
greece,2024-08-26,Telegram: HellasGlobalNews,telegram,16,credited-by-mirror
greece,2024-08-26,Telegram: infodefGreece,telegram,5,credited-by-mirror
greece,2024-08-26,Telegram: leblorikzov,telegram,114,credited-by-mirror
greece,2024-08-26,Telegram: skipaspakis,telegram,50,credited-by-mirror
greece,2024-08-27,Telegram: HellasGlobalNews,telegram,22,credited-by-mirror
greece,2024-08-27,Telegram: infodefGreece,telegram,14,credited-by-mirror
greece,2024-08-27,Telegram: leblorikzov,telegram,100,credited-by-mirror
greece,2024-08-27,Telegram: skipaspakis,telegram,57,credited-by-mirror
greece,2024-08-28,Telegram: HellasGlobalNews,telegram,15,credited-by-mirror
greece,2024-08-28,Telegram: infodefGreece,telegram,2,credited-by-mirror
greece,2024-08-28,Telegram: leblorikzov,telegram,83,credited-by-mirror
greece,2024-08-28,Telegram: skipaspakis,telegram,49,credited-by-mirror
greece,2024-08-28,Telegram: thersitisnew,telegram,2,credited-by-mirror
greece,2024-08-29,Telegram: HellasGlobalNews,telegram,22,credited-by-mirror
greece,2024-08-29,Telegram: infodefGreece,telegram,14,credited-by-mirror
greece,2024-08-29,Telegram: leblorikzov,telegram,117,credited-by-mirror
greece,2024-08-29,Telegram: skipaspakis,telegram,38,credited-by-mirror
greece,2024-08-29,Telegram: thersitisnew,telegram,4,credited-by-mirror
greece,2024-08-30,Telegram: ClinkerCM,telegram,1,credited-by-mirror
greece,2024-08-30,Telegram: HellasGlobalNews,telegram,22,credited-by-mirror
greece,2024-08-30,Telegram: infodefGreece,telegram,3,credited-by-mirror
greece,2024-08-30,Telegram: leblorikzov,telegram,122,credited-by-mirror
greece,2024-08-30,Telegram: skipaspakis,telegram,44,credited-by-mirror
greece,2024-08-30,Telegram: thersitisnew,telegram,6,credited-by-mirror
greece,2024-08-31,Telegram: HellasGlobalNews,telegram,19,credited-by-mirror
greece,2024-08-31,Telegram: leblorikzov,telegram,136,credited-by-mirror
greece,2024-08-31,Telegram: skipaspakis,telegram,39,credited-by-mirror
greece,2024-08-31,Telegram: thersitisnew,telegram,5,credited-by-mirror
hu-hu,2024-08-01,Telegram: InfoDefMagyarok,telegram,6,credited-by-mirror
hu-hu,2024-08-01,Telegram: VilagHelyzeteBlog,telegram,1,credited-by-mirror
hu-hu,2024-08-01,hu.news-front.su,domain,13,credited-by-mirror
hu-hu,2024-08-01,ria.ru,domain,5,credited-by-mirror
hu-hu,2024-08-01,tass.ru,domain,8,credited-by-mirror
hu-hu,2024-08-02,Telegram: InfoDefMagyarok,telegram,7,credited-by-mirror
hu-hu,2024-08-02,hu.news-front.su,domain,14,credited-by-mirror
hu-hu,2024-08-02,ria.ru,domain,4,credited-by-mirror
hu-hu,2024-08-02,tass.ru,domain,7,credited-by-mirror
hu-hu,2024-08-03,Telegram: InfoDefMagyarok,telegram,8,credited-by-mirror
hu-hu,2024-08-03,ria.ru,domain,1,credited-by-mirror
hu-hu,2024-08-03,tass.ru,domain,3,credited-by-mirror
hu-hu,2024-08-04,Telegram: InfoDefMagyarok,telegram,8,credited-by-mirror
hu-hu,2024-08-04,ria.ru,domain,1,credited-by-mirror
hu-hu,2024-08-04,tass.ru,domain,2,credited-by-mirror
hu-hu,2024-08-05,Telegram: InfoDefMagyarok,telegram,9,credited-by-mirror
hu-hu,2024-08-05,hu.news-front.su,domain,14,credited-by-mirror
hu-hu,2024-08-05,ria.ru,domain,2,credited-by-mirror
hu-hu,2024-08-05,tass.ru,domain,6,credited-by-mirror
hu-hu,2024-08-06,Telegram: InfoDefMagyarok,telegram,7,credited-by-mirror
hu-hu,2024-08-06,hu.news-front.su,domain,10,credited-by-mirror
hu-hu,2024-08-06,ria.ru,domain,4,credited-by-mirror
hu-hu,2024-08-06,tass.ru,domain,5,credited-by-mirror
hu-hu,2024-08-07,Telegram: InfoDefMagyarok,telegram,8,credited-by-mirror
hu-hu,2024-08-07,hu.news-front.su,domain,11,credited-by-mirror
hu-hu,2024-08-07,ria.ru,domain,2,credited-by-mirror
hu-hu,2024-08-07,tass.ru,domain,2,credited-by-mirror
hu-hu,2024-08-08,Telegram: InfoDefMagyarok,telegram,7,credited-by-mirror
hu-hu,2024-08-08,hu.news-front.su,domain,11,credited-by-mirror
hu-hu,2024-08-08,ria.ru,domain,1,credited-by-mirror
hu-hu,2024-08-09,Telegram: InfoDefMagyarok,telegram,8,credited-by-mirror
hu-hu,2024-08-09,hu.news-front.su,domain,14,credited-by-mirror
hu-hu,2024-08-09,ria.ru,domain,3,credited-by-mirror
hu-hu,2024-08-09,tass.ru,domain,2,credited-by-mirror
hu-hu,2024-08-10,Telegram: InfoDefMagyarok,telegram,8,credited-by-mirror
hu-hu,2024-08-10,ria.ru,domain,3,credited-by-mirror
hu-hu,2024-08-10,tass.ru,domain,1,credited-by-mirror
hu-hu,2024-08-11,Telegram: InfoDefMagyarok,telegram,6,credited-by-mirror
hu-hu,2024-08-11,ria.ru,domain,2,credited-by-mirror
hu-hu,2024-08-11,tass.ru,domain,2,credited-by-mirror
hu-hu,2024-08-12,Telegram: InfoDefMagyarok,telegram,8,credited-by-mirror
hu-hu,2024-08-12,ria.ru,domain,2,credited-by-mirror
hu-hu,2024-08-12,tass.ru,domain,2,credited-by-mirror
hu-hu,2024-08-13,Telegram: InfoDefMagyarok,telegram,8,credited-by-mirror
hu-hu,2024-08-13,hu.news-front.su,domain,13,credited-by-mirror
hu-hu,2024-08-13,tass.ru,domain,2,credited-by-mirror
hu-hu,2024-08-14,Telegram: InfoDefMagyarok,telegram,7,credited-by-mirror
hu-hu,2024-08-14,hu.news-front.su,domain,12,credited-by-mirror
hu-hu,2024-08-14,ria.ru,domain,3,credited-by-mirror
hu-hu,2024-08-15,Telegram: InfoDefMagyarok,telegram,8,credited-by-mirror
hu-hu,2024-08-15,hu.news-front.su,domain,12,credited-by-mirror
hu-hu,2024-08-15,ria.ru,domain,1,credited-by-mirror
hu-hu,2024-08-16,Telegram: InfoDefMagyarok,telegram,10,credited-by-mirror
hu-hu,2024-08-16,hu.news-front.su,domain,15,credited-by-mirror
hu-hu,2024-08-17,Telegram: InfoDefMagyarok,telegram,9,credited-by-mirror
hu-hu,2024-08-18,Telegram: InfoDefMagyarok,telegram,9,credited-by-mirror
hu-hu,2024-08-18,ria.ru,domain,2,credited-by-mirror
hu-hu,2024-08-19,Telegram: InfoDefMagyarok,telegram,8,credited-by-mirror
hu-hu,2024-08-19,hu.news-front.su,domain,13,credited-by-mirror
hu-hu,2024-08-19,ria.ru,domain,1,credited-by-mirror
hu-hu,2024-08-20,Telegram: InfoDefMagyarok,telegram,9,credited-by-mirror
hu-hu,2024-08-20,hu.news-front.su,domain,10,credited-by-mirror
hu-hu,2024-08-20,ria.ru,domain,3,credited-by-mirror
hu-hu,2024-08-21,Telegram: InfoDefMagyarok,telegram,9,credited-by-mirror
hu-hu,2024-08-21,hu.news-front.su,domain,16,credited-by-mirror
hu-hu,2024-08-21,ria.ru,domain,4,credited-by-mirror
hu-hu,2024-08-22,Telegram: InfoDefMagyarok,telegram,9,credited-by-mirror
hu-hu,2024-08-22,hu.news-front.su,domain,13,credited-by-mirror
hu-hu,2024-08-22,ria.ru,domain,4,credited-by-mirror
hu-hu,2024-08-23,Telegram: InfoDefMagyarok,telegram,9,credited-by-mirror
hu-hu,2024-08-23,hu.news-front.su,domain,15,credited-by-mirror
hu-hu,2024-08-23,ria.ru,domain,5,credited-by-mirror
hu-hu,2024-08-24,Telegram: InfoDefMagyarok,telegram,9,credited-by-mirror
hu-hu,2024-08-24,ria.ru,domain,11,credited-by-mirror
hu-hu,2024-08-25,Telegram: InfoDefMagyarok,telegram,9,credited-by-mirror
hu-hu,2024-08-25,ria.ru,domain,1,credited-by-mirror
hu-hu,2024-08-26,Telegram: InfoDefMagyarok,telegram,9,credited-by-mirror
hu-hu,2024-08-26,hu.news-front.su,domain,16,credited-by-mirror
hu-hu,2024-08-27,Telegram: InfoDefMagyarok,telegram,9,credited-by-mirror
hu-hu,2024-08-27,hu.news-front.su,domain,13,credited-by-mirror
hu-hu,2024-08-27,ria.ru,domain,2,credited-by-mirror
hu-hu,2024-08-28,Telegram: InfoDefMagyarok,telegram,8,credited-by-mirror
hu-hu,2024-08-28,hu.news-front.su,domain,16,credited-by-mirror
hu-hu,2024-08-28,ria.ru,domain,1,credited-by-mirror
hu-hu,2024-08-29,Telegram: InfoDefMagyarok,telegram,9,credited-by-mirror
hu-hu,2024-08-29,hu.news-front.su,domain,10,credited-by-mirror
hu-hu,2024-08-29,ria.ru,domain,6,credited-by-mirror
hu-hu,2024-08-30,Telegram: InfoDefMagyarok,telegram,9,credited-by-mirror
hu-hu,2024-08-30,hu.news-front.su,domain,12,credited-by-mirror
hu-hu,2024-08-30,ria.ru,domain,5,credited-by-mirror
hu-hu,2024-08-31,Telegram: InfoDefMagyarok,telegram,9,credited-by-mirror
hu-hu,2024-08-31,ria.ru,domain,2,credited-by-mirror
hungary,2024-08-01,Telegram: InfoDefMagyarok,telegram,6,credited-by-mirror
hungary,2024-08-01,Telegram: VilagHelyzeteBlog,telegram,1,credited-by-mirror
hungary,2024-08-01,hu.news-front.su,domain,13,credited-by-mirror
hungary,2024-08-01,ria.ru,domain,5,credited-by-mirror
hungary,2024-08-01,tass.ru,domain,8,credited-by-mirror
hungary,2024-08-02,Telegram: InfoDefMagyarok,telegram,7,credited-by-mirror
hungary,2024-08-02,hu.news-front.su,domain,14,credited-by-mirror
hungary,2024-08-02,ria.ru,domain,4,credited-by-mirror
hungary,2024-08-02,tass.ru,domain,7,credited-by-mirror
hungary,2024-08-03,Telegram: InfoDefMagyarok,telegram,8,credited-by-mirror
hungary,2024-08-03,ria.ru,domain,1,credited-by-mirror
hungary,2024-08-03,tass.ru,domain,3,credited-by-mirror
hungary,2024-08-04,Telegram: InfoDefMagyarok,telegram,8,credited-by-mirror
hungary,2024-08-04,ria.ru,domain,1,credited-by-mirror
hungary,2024-08-04,tass.ru,domain,2,credited-by-mirror
hungary,2024-08-05,Telegram: InfoDefMagyarok,telegram,9,credited-by-mirror
hungary,2024-08-05,hu.news-front.su,domain,14,credited-by-mirror
hungary,2024-08-05,ria.ru,domain,2,credited-by-mirror
hungary,2024-08-05,tass.ru,domain,6,credited-by-mirror
hungary,2024-08-06,Telegram: InfoDefMagyarok,telegram,7,credited-by-mirror
hungary,2024-08-06,hu.news-front.su,domain,10,credited-by-mirror
hungary,2024-08-06,ria.ru,domain,4,credited-by-mirror
hungary,2024-08-06,tass.ru,domain,5,credited-by-mirror
hungary,2024-08-07,Telegram: InfoDefMagyarok,telegram,8,credited-by-mirror
hungary,2024-08-07,hu.news-front.su,domain,11,credited-by-mirror
hungary,2024-08-07,ria.ru,domain,2,credited-by-mirror
hungary,2024-08-07,tass.ru,domain,2,credited-by-mirror
hungary,2024-08-08,Telegram: InfoDefMagyarok,telegram,7,credited-by-mirror
hungary,2024-08-08,hu.news-front.su,domain,11,credited-by-mirror
hungary,2024-08-08,ria.ru,domain,1,credited-by-mirror
hungary,2024-08-09,Telegram: InfoDefMagyarok,telegram,8,credited-by-mirror
hungary,2024-08-09,hu.news-front.su,domain,14,credited-by-mirror
hungary,2024-08-09,ria.ru,domain,3,credited-by-mirror
hungary,2024-08-09,tass.ru,domain,2,credited-by-mirror
hungary,2024-08-10,Telegram: InfoDefMagyarok,telegram,8,credited-by-mirror
hungary,2024-08-10,ria.ru,domain,3,credited-by-mirror
hungary,2024-08-10,tass.ru,domain,1,credited-by-mirror
hungary,2024-08-11,Telegram: InfoDefMagyarok,telegram,6,credited-by-mirror
hungary,2024-08-11,ria.ru,domain,2,credited-by-mirror
hungary,2024-08-11,tass.ru,domain,2,credited-by-mirror
hungary,2024-08-12,Telegram: InfoDefMagyarok,telegram,8,credited-by-mirror
hungary,2024-08-12,ria.ru,domain,2,credited-by-mirror
hungary,2024-08-12,tass.ru,domain,2,credited-by-mirror
hungary,2024-08-13,Telegram: InfoDefMagyarok,telegram,8,credited-by-mirror
hungary,2024-08-13,hu.news-front.su,domain,13,credited-by-mirror
hungary,2024-08-13,tass.ru,domain,2,credited-by-mirror
hungary,2024-08-14,Telegram: InfoDefMagyarok,telegram,7,credited-by-mirror
hungary,2024-08-14,hu.news-front.su,domain,12,credited-by-mirror
hungary,2024-08-14,ria.ru,domain,3,credited-by-mirror
hungary,2024-08-15,Telegram: InfoDefMagyarok,telegram,8,credited-by-mirror
hungary,2024-08-15,hu.news-front.su,domain,12,credited-by-mirror
hungary,2024-08-15,ria.ru,domain,1,credited-by-mirror
hungary,2024-08-16,Telegram: InfoDefMagyarok,telegram,10,credited-by-mirror
hungary,2024-08-16,hu.news-front.su,domain,15,credited-by-mirror
hungary,2024-08-17,Telegram: InfoDefMagyarok,telegram,9,credited-by-mirror
hungary,2024-08-18,Telegram: InfoDefMagyarok,telegram,9,credited-by-mirror
hungary,2024-08-18,ria.ru,domain,2,credited-by-mirror
hungary,2024-08-19,Telegram: InfoDefMagyarok,telegram,8,credited-by-mirror
hungary,2024-08-19,hu.news-front.su,domain,13,credited-by-mirror
hungary,2024-08-19,ria.ru,domain,1,credited-by-mirror
hungary,2024-08-20,Telegram: InfoDefMagyarok,telegram,9,credited-by-mirror
hungary,2024-08-20,hu.news-front.su,domain,10,credited-by-mirror
hungary,2024-08-20,ria.ru,domain,3,credited-by-mirror
hungary,2024-08-21,Telegram: InfoDefMagyarok,telegram,9,credited-by-mirror
hungary,2024-08-21,hu.news-front.su,domain,16,credited-by-mirror
hungary,2024-08-21,ria.ru,domain,4,credited-by-mirror
hungary,2024-08-22,Telegram: InfoDefMagyarok,telegram,9,credited-by-mirror
hungary,2024-08-22,hu.news-front.su,domain,13,credited-by-mirror
hungary,2024-08-22,ria.ru,domain,4,credited-by-mirror
hungary,2024-08-23,Telegram: InfoDefMagyarok,telegram,9,credited-by-mirror
hungary,2024-08-23,hu.news-front.su,domain,15,credited-by-mirror
hungary,2024-08-23,ria.ru,domain,5,credited-by-mirror
hungary,2024-08-24,Telegram: InfoDefMagyarok,telegram,9,credited-by-mirror
hungary,2024-08-24,ria.ru,domain,11,credited-by-mirror
hungary,2024-08-25,Telegram: InfoDefMagyarok,telegram,9,credited-by-mirror
hungary,2024-08-25,ria.ru,domain,1,credited-by-mirror
hungary,2024-08-26,Telegram: InfoDefMagyarok,telegram,9,credited-by-mirror
hungary,2024-08-26,hu.news-front.su,domain,16,credited-by-mirror
hungary,2024-08-27,Telegram: InfoDefMagyarok,telegram,9,credited-by-mirror
hungary,2024-08-27,hu.news-front.su,domain,13,credited-by-mirror
hungary,2024-08-27,ria.ru,domain,2,credited-by-mirror
hungary,2024-08-28,Telegram: InfoDefMagyarok,telegram,8,credited-by-mirror
hungary,2024-08-28,hu.news-front.su,domain,16,credited-by-mirror
hungary,2024-08-28,ria.ru,domain,1,credited-by-mirror
hungary,2024-08-29,Telegram: InfoDefMagyarok,telegram,9,credited-by-mirror
hungary,2024-08-29,hu.news-front.su,domain,10,credited-by-mirror
hungary,2024-08-29,ria.ru,domain,6,credited-by-mirror
hungary,2024-08-30,Telegram: InfoDefMagyarok,telegram,9,credited-by-mirror
hungary,2024-08-30,hu.news-front.su,domain,12,credited-by-mirror
hungary,2024-08-30,ria.ru,domain,5,credited-by-mirror
hungary,2024-08-31,Telegram: InfoDefMagyarok,telegram,9,credited-by-mirror
hungary,2024-08-31,ria.ru,domain,2,credited-by-mirror
ireland,2024-08-01,kp.ru,domain,1,credited-by-mirror
ireland,2024-08-01,lenta.ru,domain,1,credited-by-mirror
ireland,2024-08-01,news-front.su,domain,1,credited-by-mirror
ireland,2024-08-01,ren.tv,domain,1,credited-by-mirror
ireland,2024-08-01,ria.ru,domain,1,credited-by-mirror
ireland,2024-08-01,russian.rt.com,domain,2,credited-by-mirror
ireland,2024-08-01,tass.ru,domain,1,credited-by-mirror
ireland,2024-08-02,kp.ru,domain,1,credited-by-mirror
ireland,2024-08-02,lenta.ru,domain,1,credited-by-mirror
ireland,2024-08-02,news-front.su,domain,1,credited-by-mirror
ireland,2024-08-02,ria.ru,domain,1,credited-by-mirror
ireland,2024-08-03,kp.ru,domain,1,credited-by-mirror
ireland,2024-08-03,lenta.ru,domain,2,credited-by-mirror
ireland,2024-08-03,ria.ru,domain,2,credited-by-mirror
ireland,2024-08-04,kp.ru,domain,1,credited-by-mirror
ireland,2024-08-04,lenta.ru,domain,1,credited-by-mirror
ireland,2024-08-04,news-front.su,domain,1,credited-by-mirror
ireland,2024-08-04,ren.tv,domain,1,credited-by-mirror
ireland,2024-08-04,ria.ru,domain,1,credited-by-mirror
ireland,2024-08-07,news-front.su,domain,1,credited-by-mirror
ireland,2024-08-07,ria.ru,domain,1,credited-by-mirror
ireland,2024-08-08,lenta.ru,domain,1,credited-by-mirror
ireland,2024-08-08,news-front.su,domain,1,credited-by-mirror
ireland,2024-08-08,ria.ru,domain,3,credited-by-mirror
ireland,2024-08-08,tsargrad.tv,domain,1,credited-by-mirror
ireland,2024-08-10,news-front.su,domain,1,credited-by-mirror
ireland,2024-08-10,ren.tv,domain,1,credited-by-mirror
ireland,2024-08-10,ria.ru,domain,1,credited-by-mirror
ireland,2024-08-10,russian.rt.com,domain,1,credited-by-mirror
ireland,2024-08-11,kp.ru,domain,1,credited-by-mirror
ireland,2024-08-11,lenta.ru,domain,2,credited-by-mirror
ireland,2024-08-11,news-front.su,domain,1,credited-by-mirror
ireland,2024-08-11,ria.ru,domain,3,credited-by-mirror
ireland,2024-08-12,kp.ru,domain,1,credited-by-mirror
ireland,2024-08-12,lenta.ru,domain,2,credited-by-mirror
ireland,2024-08-12,news-front.su,domain,1,credited-by-mirror
ireland,2024-08-12,ria.ru,domain,3,credited-by-mirror
ireland,2024-08-12,russian.rt.com,domain,1,credited-by-mirror
ireland,2024-08-12,tsargrad.tv,domain,1,credited-by-mirror
ireland,2024-08-13,kp.ru,domain,1,credited-by-mirror
ireland,2024-08-13,ria.ru,domain,2,credited-by-mirror
ireland,2024-08-13,tass.ru,domain,1,credited-by-mirror
ireland,2024-08-14,kp.ru,domain,2,credited-by-mirror
ireland,2024-08-14,lenta.ru,domain,2,credited-by-mirror
ireland,2024-08-14,news-front.su,domain,1,credited-by-mirror
ireland,2024-08-14,ria.ru,domain,3,credited-by-mirror
ireland,2024-08-14,tass.ru,domain,1,credited-by-mirror
ireland,2024-08-14,tsargrad.tv,domain,1,credited-by-mirror
ireland,2024-08-15,kp.ru,domain,2,credited-by-mirror
ireland,2024-08-15,lenta.ru,domain,1,credited-by-mirror
ireland,2024-08-15,news-front.su,domain,1,credited-by-mirror
ireland,2024-08-15,ria.ru,domain,1,credited-by-mirror
ireland,2024-08-16,kp.ru,domain,3,credited-by-mirror
ireland,2024-08-16,lenta.ru,domain,1,credited-by-mirror
ireland,2024-08-16,news-front.su,domain,2,credited-by-mirror
ireland,2024-08-16,ria.ru,domain,2,credited-by-mirror
ireland,2024-08-16,tsargrad.tv,domain,1,credited-by-mirror
ireland,2024-08-17,kp.ru,domain,2,credited-by-mirror
ireland,2024-08-17,lenta.ru,domain,2,credited-by-mirror
ireland,2024-08-17,news-front.su,domain,1,credited-by-mirror
ireland,2024-08-17,ren.tv,domain,1,credited-by-mirror
ireland,2024-08-17,ria.ru,domain,3,credited-by-mirror
ireland,2024-08-18,kp.ru,domain,2,credited-by-mirror
ireland,2024-08-18,news-front.su,domain,1,credited-by-mirror
ireland,2024-08-18,ria.ru,domain,1,credited-by-mirror
ireland,2024-08-18,russian.rt.com,domain,1,credited-by-mirror
ireland,2024-08-19,kp.ru,domain,2,credited-by-mirror
ireland,2024-08-19,lenta.ru,domain,1,credited-by-mirror
ireland,2024-08-19,news-front.su,domain,2,credited-by-mirror
ireland,2024-08-19,ren.tv,domain,1,credited-by-mirror
ireland,2024-08-19,ria.ru,domain,2,credited-by-mirror
ireland,2024-08-20,kp.ru,domain,1,credited-by-mirror
ireland,2024-08-20,ria.ru,domain,1,credited-by-mirror
ireland,2024-08-21,lenta.ru,domain,1,credited-by-mirror
ireland,2024-08-21,ria.ru,domain,1,credited-by-mirror
ireland,2024-08-22,kp.ru,domain,1,credited-by-mirror
ireland,2024-08-22,lenta.ru,domain,2,credited-by-mirror
ireland,2024-08-22,news-front.su,domain,1,credited-by-mirror
ireland,2024-08-22,ria.ru,domain,1,credited-by-mirror
ireland,2024-08-22,tsargrad.tv,domain,1,credited-by-mirror
ireland,2024-08-23,kp.ru,domain,1,credited-by-mirror
ireland,2024-08-24,kp.ru,domain,1,credited-by-mirror
ireland,2024-08-24,lenta.ru,domain,2,credited-by-mirror
ireland,2024-08-24,news-front.su,domain,1,credited-by-mirror
ireland,2024-08-24,ria.ru,domain,1,credited-by-mirror
ireland,2024-08-25,news-front.su,domain,1,credited-by-mirror
ireland,2024-08-25,ria.ru,domain,1,credited-by-mirror
ireland,2024-08-26,kp.ru,domain,2,credited-by-mirror
ireland,2024-08-26,lenta.ru,domain,1,credited-by-mirror
ireland,2024-08-26,ren.tv,domain,1,credited-by-mirror
ireland,2024-08-26,ria.ru,domain,2,credited-by-mirror
ireland,2024-08-26,tsargrad.tv,domain,1,credited-by-mirror
ireland,2024-08-27,lenta.ru,domain,1,credited-by-mirror
ireland,2024-08-27,news-front.su,domain,1,credited-by-mirror
ireland,2024-08-27,ren.tv,domain,1,credited-by-mirror
ireland,2024-08-27,ria.ru,domain,3,credited-by-mirror
ireland,2024-08-28,kp.ru,domain,3,credited-by-mirror
ireland,2024-08-28,ria.ru,domain,1,credited-by-mirror
ireland,2024-08-29,Telegram: ostashkonews,telegram,1,credited-by-mirror
ireland,2024-08-29,kp.ru,domain,2,credited-by-mirror
ireland,2024-08-29,lenta.ru,domain,1,credited-by-mirror
ireland,2024-08-29,news-front.su,domain,1,credited-by-mirror
ireland,2024-08-29,ren.tv,domain,2,credited-by-mirror
ireland,2024-08-29,ria.ru,domain,3,credited-by-mirror
ireland,2024-08-30,kp.ru,domain,2,credited-by-mirror
ireland,2024-08-30,lenta.ru,domain,2,credited-by-mirror
ireland,2024-08-30,ren.tv,domain,3,credited-by-mirror
ireland,2024-08-30,ria.ru,domain,2,credited-by-mirror
ireland,2024-08-31,lenta.ru,domain,2,credited-by-mirror
ireland,2024-08-31,ren.tv,domain,4,credited-by-mirror
ireland,2024-08-31,tsargrad.tv,domain,1,credited-by-mirror
irish,2024-08-01,kp.ru,domain,1,credited-by-mirror
irish,2024-08-01,lenta.ru,domain,1,credited-by-mirror
irish,2024-08-01,news-front.su,domain,1,credited-by-mirror
irish,2024-08-01,ren.tv,domain,1,credited-by-mirror
irish,2024-08-01,ria.ru,domain,1,credited-by-mirror
irish,2024-08-01,russian.rt.com,domain,2,credited-by-mirror
irish,2024-08-01,tass.ru,domain,1,credited-by-mirror
irish,2024-08-02,kp.ru,domain,1,credited-by-mirror
irish,2024-08-02,lenta.ru,domain,1,credited-by-mirror
irish,2024-08-02,news-front.su,domain,1,credited-by-mirror
irish,2024-08-02,ria.ru,domain,1,credited-by-mirror
irish,2024-08-03,kp.ru,domain,1,credited-by-mirror
irish,2024-08-03,lenta.ru,domain,2,credited-by-mirror
irish,2024-08-03,ria.ru,domain,2,credited-by-mirror
irish,2024-08-04,kp.ru,domain,1,credited-by-mirror
irish,2024-08-04,lenta.ru,domain,1,credited-by-mirror
irish,2024-08-04,news-front.su,domain,1,credited-by-mirror
irish,2024-08-04,ren.tv,domain,1,credited-by-mirror
irish,2024-08-04,ria.ru,domain,1,credited-by-mirror
irish,2024-08-07,news-front.su,domain,1,credited-by-mirror
irish,2024-08-07,ria.ru,domain,1,credited-by-mirror
irish,2024-08-08,lenta.ru,domain,1,credited-by-mirror
irish,2024-08-08,news-front.su,domain,1,credited-by-mirror
irish,2024-08-08,ria.ru,domain,3,credited-by-mirror
irish,2024-08-08,tsargrad.tv,domain,1,credited-by-mirror
irish,2024-08-10,news-front.su,domain,1,credited-by-mirror
irish,2024-08-10,ren.tv,domain,1,credited-by-mirror
irish,2024-08-10,ria.ru,domain,1,credited-by-mirror
irish,2024-08-10,russian.rt.com,domain,1,credited-by-mirror
irish,2024-08-11,kp.ru,domain,1,credited-by-mirror
irish,2024-08-11,lenta.ru,domain,2,credited-by-mirror
irish,2024-08-11,news-front.su,domain,1,credited-by-mirror
irish,2024-08-11,ria.ru,domain,3,credited-by-mirror
irish,2024-08-12,kp.ru,domain,1,credited-by-mirror
irish,2024-08-12,lenta.ru,domain,2,credited-by-mirror
irish,2024-08-12,news-front.su,domain,1,credited-by-mirror
irish,2024-08-12,ria.ru,domain,3,credited-by-mirror
irish,2024-08-12,russian.rt.com,domain,1,credited-by-mirror
irish,2024-08-12,tsargrad.tv,domain,1,credited-by-mirror
irish,2024-08-13,kp.ru,domain,1,credited-by-mirror
irish,2024-08-13,ria.ru,domain,2,credited-by-mirror
irish,2024-08-13,tass.ru,domain,1,credited-by-mirror
irish,2024-08-14,kp.ru,domain,2,credited-by-mirror
irish,2024-08-14,lenta.ru,domain,2,credited-by-mirror
irish,2024-08-14,news-front.su,domain,1,credited-by-mirror
irish,2024-08-14,ria.ru,domain,3,credited-by-mirror
irish,2024-08-14,tass.ru,domain,1,credited-by-mirror
irish,2024-08-14,tsargrad.tv,domain,1,credited-by-mirror
irish,2024-08-15,kp.ru,domain,2,credited-by-mirror
irish,2024-08-15,lenta.ru,domain,1,credited-by-mirror
irish,2024-08-15,news-front.su,domain,1,credited-by-mirror
irish,2024-08-15,ria.ru,domain,1,credited-by-mirror
irish,2024-08-16,kp.ru,domain,3,credited-by-mirror
irish,2024-08-16,lenta.ru,domain,1,credited-by-mirror
irish,2024-08-16,news-front.su,domain,2,credited-by-mirror
irish,2024-08-16,ria.ru,domain,2,credited-by-mirror
irish,2024-08-16,tsargrad.tv,domain,1,credited-by-mirror
irish,2024-08-17,kp.ru,domain,2,credited-by-mirror
irish,2024-08-17,lenta.ru,domain,2,credited-by-mirror
irish,2024-08-17,news-front.su,domain,1,credited-by-mirror
irish,2024-08-17,ren.tv,domain,1,credited-by-mirror
irish,2024-08-17,ria.ru,domain,3,credited-by-mirror
irish,2024-08-18,kp.ru,domain,2,credited-by-mirror
irish,2024-08-18,news-front.su,domain,1,credited-by-mirror
irish,2024-08-18,ria.ru,domain,1,credited-by-mirror
irish,2024-08-18,russian.rt.com,domain,1,credited-by-mirror
irish,2024-08-19,kp.ru,domain,2,credited-by-mirror
irish,2024-08-19,lenta.ru,domain,1,credited-by-mirror
irish,2024-08-19,news-front.su,domain,2,credited-by-mirror
irish,2024-08-19,ren.tv,domain,1,credited-by-mirror
irish,2024-08-19,ria.ru,domain,2,credited-by-mirror
irish,2024-08-20,kp.ru,domain,1,credited-by-mirror
irish,2024-08-20,ria.ru,domain,1,credited-by-mirror
irish,2024-08-21,lenta.ru,domain,1,credited-by-mirror
irish,2024-08-21,ria.ru,domain,1,credited-by-mirror
irish,2024-08-22,kp.ru,domain,1,credited-by-mirror
irish,2024-08-22,lenta.ru,domain,2,credited-by-mirror
irish,2024-08-22,news-front.su,domain,1,credited-by-mirror
irish,2024-08-22,ria.ru,domain,1,credited-by-mirror
irish,2024-08-22,tsargrad.tv,domain,1,credited-by-mirror
irish,2024-08-23,kp.ru,domain,1,credited-by-mirror
irish,2024-08-24,kp.ru,domain,1,credited-by-mirror
irish,2024-08-24,lenta.ru,domain,2,credited-by-mirror
irish,2024-08-24,news-front.su,domain,1,credited-by-mirror
irish,2024-08-24,ria.ru,domain,1,credited-by-mirror
irish,2024-08-25,news-front.su,domain,1,credited-by-mirror
irish,2024-08-25,ria.ru,domain,1,credited-by-mirror
irish,2024-08-26,kp.ru,domain,2,credited-by-mirror
irish,2024-08-26,lenta.ru,domain,1,credited-by-mirror
irish,2024-08-26,ren.tv,domain,1,credited-by-mirror
irish,2024-08-26,ria.ru,domain,2,credited-by-mirror
irish,2024-08-26,tsargrad.tv,domain,1,credited-by-mirror
irish,2024-08-27,lenta.ru,domain,1,credited-by-mirror
irish,2024-08-27,news-front.su,domain,1,credited-by-mirror
irish,2024-08-27,ren.tv,domain,1,credited-by-mirror
irish,2024-08-27,ria.ru,domain,3,credited-by-mirror
irish,2024-08-28,kp.ru,domain,3,credited-by-mirror
irish,2024-08-28,ria.ru,domain,1,credited-by-mirror
irish,2024-08-29,Telegram: ostashkonews,telegram,1,credited-by-mirror
irish,2024-08-29,kp.ru,domain,2,credited-by-mirror
irish,2024-08-29,lenta.ru,domain,1,credited-by-mirror
irish,2024-08-29,news-front.su,domain,1,credited-by-mirror
irish,2024-08-29,ren.tv,domain,2,credited-by-mirror
irish,2024-08-29,ria.ru,domain,3,credited-by-mirror
irish,2024-08-30,kp.ru,domain,2,credited-by-mirror
irish,2024-08-30,lenta.ru,domain,2,credited-by-mirror
irish,2024-08-30,ren.tv,domain,3,credited-by-mirror
irish,2024-08-30,ria.ru,domain,2,credited-by-mirror
irish,2024-08-31,lenta.ru,domain,2,credited-by-mirror
irish,2024-08-31,ren.tv,domain,4,credited-by-mirror
irish,2024-08-31,tsargrad.tv,domain,1,credited-by-mirror
italy,2024-08-01,Telegram: giuseppemasala,telegram,26,credited-by-mirror
italy,2024-08-01,Telegram: sadefenza,telegram,33,credited-by-mirror
italy,2024-08-01,Telegram: sakeritalianotizie,telegram,95,credited-by-mirror
italy,2024-08-01,Telegram: surf_noise_ita,telegram,26,credited-by-mirror
italy,2024-08-01,Telegram: ukr_leaks_italia,telegram,12,credited-by-mirror
italy,2024-08-02,Telegram: giuseppemasala,telegram,26,credited-by-mirror
italy,2024-08-02,Telegram: russiaedintorni,telegram,1,credited-by-mirror
italy,2024-08-02,Telegram: sadefenza,telegram,30,credited-by-mirror
italy,2024-08-02,Telegram: sakeritalianotizie,telegram,92,credited-by-mirror
italy,2024-08-02,Telegram: surf_noise_ita,telegram,25,credited-by-mirror
italy,2024-08-02,Telegram: ukr_leaks_italia,telegram,13,credited-by-mirror
italy,2024-08-03,Telegram: giuseppemasala,telegram,17,credited-by-mirror
italy,2024-08-03,Telegram: sadefenza,telegram,33,credited-by-mirror
italy,2024-08-03,Telegram: sakeritalianotizie,telegram,84,credited-by-mirror
italy,2024-08-03,Telegram: surf_noise_ita,telegram,12,credited-by-mirror
italy,2024-08-03,Telegram: ukr_leaks_italia,telegram,14,credited-by-mirror
italy,2024-08-04,Telegram: giuseppemasala,telegram,22,credited-by-mirror
italy,2024-08-04,Telegram: sadefenza,telegram,20,credited-by-mirror
italy,2024-08-04,Telegram: sakeritalianotizie,telegram,85,credited-by-mirror
italy,2024-08-04,Telegram: surf_noise_ita,telegram,19,credited-by-mirror
italy,2024-08-04,Telegram: ukr_leaks_italia,telegram,17,credited-by-mirror
italy,2024-08-05,Telegram: giuseppemasala,telegram,24,credited-by-mirror
italy,2024-08-05,Telegram: sadefenza,telegram,31,credited-by-mirror
italy,2024-08-05,Telegram: sakeritalianotizie,telegram,96,credited-by-mirror
italy,2024-08-05,Telegram: surf_noise_ita,telegram,22,credited-by-mirror
italy,2024-08-05,Telegram: ukr_leaks_italia,telegram,15,credited-by-mirror
italy,2024-08-06,Telegram: giuseppemasala,telegram,12,credited-by-mirror
italy,2024-08-06,Telegram: sadefenza,telegram,20,credited-by-mirror
italy,2024-08-06,Telegram: sakeritalianotizie,telegram,95,credited-by-mirror
italy,2024-08-06,Telegram: surf_noise_ita,telegram,12,credited-by-mirror
italy,2024-08-06,Telegram: ukr_leaks_italia,telegram,9,credited-by-mirror
italy,2024-08-07,Telegram: giuseppemasala,telegram,13,credited-by-mirror
italy,2024-08-07,Telegram: sadefenza,telegram,19,credited-by-mirror
italy,2024-08-07,Telegram: sakeritalianotizie,telegram,88,credited-by-mirror
italy,2024-08-07,Telegram: surf_noise_ita,telegram,29,credited-by-mirror
italy,2024-08-07,Telegram: ukr_leaks_italia,telegram,11,credited-by-mirror
italy,2024-08-08,Telegram: giuseppemasala,telegram,15,credited-by-mirror
italy,2024-08-08,Telegram: sadefenza,telegram,31,credited-by-mirror
italy,2024-08-08,Telegram: sakeritalianotizie,telegram,89,credited-by-mirror
italy,2024-08-08,Telegram: surf_noise_ita,telegram,18,credited-by-mirror
italy,2024-08-08,Telegram: ukr_leaks_italia,telegram,10,credited-by-mirror
italy,2024-08-09,Telegram: giuseppemasala,telegram,7,credited-by-mirror
italy,2024-08-09,Telegram: sadefenza,telegram,31,credited-by-mirror
italy,2024-08-09,Telegram: sakeritalianotizie,telegram,83,credited-by-mirror
italy,2024-08-09,Telegram: surf_noise_ita,telegram,15,credited-by-mirror
italy,2024-08-09,Telegram: ukr_leaks_italia,telegram,12,credited-by-mirror
italy,2024-08-10,Telegram: giuseppemasala,telegram,26,credited-by-mirror
italy,2024-08-10,Telegram: infodefITALY,telegram,1,credited-by-mirror
italy,2024-08-10,Telegram: sadefenza,telegram,45,credited-by-mirror
italy,2024-08-10,Telegram: sakeritalianotizie,telegram,93,credited-by-mirror
italy,2024-08-10,Telegram: surf_noise_ita,telegram,9,credited-by-mirror
italy,2024-08-10,Telegram: ukr_leaks_italia,telegram,13,credited-by-mirror
italy,2024-08-11,Telegram: giuseppemasala,telegram,11,credited-by-mirror
italy,2024-08-11,Telegram: sadefenza,telegram,24,credited-by-mirror
italy,2024-08-11,Telegram: sakeritalianotizie,telegram,88,credited-by-mirror
italy,2024-08-11,Telegram: surf_noise_ita,telegram,3,credited-by-mirror
italy,2024-08-11,Telegram: ukr_leaks_italia,telegram,10,credited-by-mirror
italy,2024-08-12,Telegram: giuseppemasala,telegram,14,credited-by-mirror
italy,2024-08-12,Telegram: sadefenza,telegram,28,credited-by-mirror
italy,2024-08-12,Telegram: sakeritalianotizie,telegram,88,credited-by-mirror
italy,2024-08-12,Telegram: surf_noise_ita,telegram,21,credited-by-mirror
italy,2024-08-12,Telegram: ukr_leaks_italia,telegram,14,credited-by-mirror
italy,2024-08-13,Telegram: giuseppemasala,telegram,12,credited-by-mirror
italy,2024-08-13,Telegram: sadefenza,telegram,19,credited-by-mirror
italy,2024-08-13,Telegram: sakeritalianotizie,telegram,54,credited-by-mirror
italy,2024-08-13,Telegram: surf_noise_ita,telegram,22,credited-by-mirror
italy,2024-08-13,Telegram: ukr_leaks_italia,telegram,9,credited-by-mirror
italy,2024-08-13,Telegram: wardigitalnews,telegram,1,credited-by-mirror
italy,2024-08-14,Telegram: giuseppemasala,telegram,19,credited-by-mirror
italy,2024-08-14,Telegram: sadefenza,telegram,19,credited-by-mirror
italy,2024-08-14,Telegram: sakeritalianotizie,telegram,73,credited-by-mirror
italy,2024-08-14,Telegram: surf_noise_ita,telegram,17,credited-by-mirror
italy,2024-08-14,Telegram: ukr_leaks_italia,telegram,13,credited-by-mirror
italy,2024-08-15,Telegram: giuseppemasala,telegram,12,credited-by-mirror
italy,2024-08-15,Telegram: infodefITALY,telegram,9,credited-by-mirror
italy,2024-08-15,Telegram: russiaedintorni,telegram,1,credited-by-mirror
italy,2024-08-15,Telegram: sadefenza,telegram,24,credited-by-mirror
italy,2024-08-15,Telegram: sakeritalianotizie,telegram,80,credited-by-mirror
italy,2024-08-15,Telegram: surf_noise_ita,telegram,10,credited-by-mirror
italy,2024-08-15,Telegram: ukr_leaks_italia,telegram,13,credited-by-mirror
italy,2024-08-15,Telegram: wardigitalnews,telegram,1,credited-by-mirror
italy,2024-08-16,Telegram: giuseppemasala,telegram,5,credited-by-mirror
italy,2024-08-16,Telegram: infodefITALY,telegram,9,credited-by-mirror
italy,2024-08-16,Telegram: sadefenza,telegram,35,credited-by-mirror
italy,2024-08-16,Telegram: sakeritalianotizie,telegram,96,credited-by-mirror
italy,2024-08-16,Telegram: surf_noise_ita,telegram,15,credited-by-mirror
italy,2024-08-16,Telegram: ukr_leaks_italia,telegram,15,credited-by-mirror
italy,2024-08-16,Telegram: wardigitalnews,telegram,1,credited-by-mirror
italy,2024-08-17,Telegram: giuseppemasala,telegram,17,credited-by-mirror
italy,2024-08-17,Telegram: infodefITALY,telegram,12,credited-by-mirror
italy,2024-08-17,Telegram: sadefenza,telegram,26,credited-by-mirror
italy,2024-08-17,Telegram: sakeritalianotizie,telegram,63,credited-by-mirror
italy,2024-08-17,Telegram: surf_noise_ita,telegram,21,credited-by-mirror
italy,2024-08-17,Telegram: ukr_leaks_italia,telegram,12,credited-by-mirror
italy,2024-08-18,Telegram: giuseppemasala,telegram,23,credited-by-mirror
italy,2024-08-18,Telegram: infodefITALY,telegram,14,credited-by-mirror
italy,2024-08-18,Telegram: sadefenza,telegram,22,credited-by-mirror
italy,2024-08-18,Telegram: sakeritalianotizie,telegram,61,credited-by-mirror
italy,2024-08-18,Telegram: surf_noise_ita,telegram,11,credited-by-mirror
italy,2024-08-18,Telegram: ukr_leaks_italia,telegram,11,credited-by-mirror
italy,2024-08-19,Telegram: giuseppemasala,telegram,18,credited-by-mirror
italy,2024-08-19,Telegram: infodefITALY,telegram,15,credited-by-mirror
italy,2024-08-19,Telegram: russiaedintorni,telegram,1,credited-by-mirror
italy,2024-08-19,Telegram: sadefenza,telegram,55,credited-by-mirror
italy,2024-08-19,Telegram: sakeritalianotizie,telegram,102,credited-by-mirror
italy,2024-08-19,Telegram: surf_noise_ita,telegram,13,credited-by-mirror
italy,2024-08-19,Telegram: ukr_leaks_italia,telegram,12,credited-by-mirror
italy,2024-08-19,Telegram: wardigitalnews,telegram,1,credited-by-mirror
italy,2024-08-20,Telegram: giuseppemasala,telegram,12,credited-by-mirror
italy,2024-08-20,Telegram: infodefITALY,telegram,9,credited-by-mirror
italy,2024-08-20,Telegram: sadefenza,telegram,17,credited-by-mirror
italy,2024-08-20,Telegram: sakeritalianotizie,telegram,74,credited-by-mirror
italy,2024-08-20,Telegram: surf_noise_ita,telegram,15,credited-by-mirror
italy,2024-08-20,Telegram: ukr_leaks_italia,telegram,12,credited-by-mirror
italy,2024-08-20,Telegram: wardigitalnews,telegram,1,credited-by-mirror
italy,2024-08-21,Telegram: giuseppemasala,telegram,7,credited-by-mirror
italy,2024-08-21,Telegram: infodefITALY,telegram,18,credited-by-mirror
italy,2024-08-21,Telegram: sadefenza,telegram,27,credited-by-mirror
italy,2024-08-21,Telegram: sakeritalianotizie,telegram,98,credited-by-mirror
italy,2024-08-21,Telegram: surf_noise_ita,telegram,28,credited-by-mirror
italy,2024-08-21,Telegram: ukr_leaks_italia,telegram,17,credited-by-mirror
italy,2024-08-22,Telegram: giuseppemasala,telegram,14,credited-by-mirror
italy,2024-08-22,Telegram: infodefITALY,telegram,20,credited-by-mirror
italy,2024-08-22,Telegram: russiaedintorni,telegram,1,credited-by-mirror
italy,2024-08-22,Telegram: sadefenza,telegram,25,credited-by-mirror
italy,2024-08-22,Telegram: sakeritalianotizie,telegram,103,credited-by-mirror
italy,2024-08-22,Telegram: surf_noise_ita,telegram,23,credited-by-mirror
italy,2024-08-22,Telegram: ukr_leaks_italia,telegram,15,credited-by-mirror
italy,2024-08-23,Telegram: giuseppemasala,telegram,19,credited-by-mirror
italy,2024-08-23,Telegram: infodefITALY,telegram,15,credited-by-mirror
italy,2024-08-23,Telegram: sadefenza,telegram,33,credited-by-mirror
italy,2024-08-23,Telegram: sakeritalianotizie,telegram,100,credited-by-mirror
italy,2024-08-23,Telegram: surf_noise_ita,telegram,5,credited-by-mirror
italy,2024-08-23,Telegram: ukr_leaks_italia,telegram,12,credited-by-mirror
italy,2024-08-23,Telegram: wardigitalnews,telegram,7,credited-by-mirror
italy,2024-08-24,Telegram: giuseppemasala,telegram,21,credited-by-mirror
italy,2024-08-24,Telegram: infodefITALY,telegram,16,credited-by-mirror
italy,2024-08-24,Telegram: sadefenza,telegram,25,credited-by-mirror
italy,2024-08-24,Telegram: sakeritalianotizie,telegram,93,credited-by-mirror
italy,2024-08-24,Telegram: surf_noise_ita,telegram,7,credited-by-mirror
italy,2024-08-24,Telegram: ukr_leaks_italia,telegram,13,credited-by-mirror
italy,2024-08-24,Telegram: wardigitalnews,telegram,1,credited-by-mirror
italy,2024-08-25,Telegram: giuseppemasala,telegram,22,credited-by-mirror
italy,2024-08-25,Telegram: infodefITALY,telegram,13,credited-by-mirror
italy,2024-08-25,Telegram: sadefenza,telegram,25,credited-by-mirror
italy,2024-08-25,Telegram: sakeritalianotizie,telegram,97,credited-by-mirror
italy,2024-08-25,Telegram: surf_noise_ita,telegram,9,credited-by-mirror
italy,2024-08-25,Telegram: ukr_leaks_italia,telegram,14,credited-by-mirror
italy,2024-08-26,Telegram: WarRealTime,telegram,1,credited-by-mirror
italy,2024-08-26,Telegram: giuseppemasala,telegram,20,credited-by-mirror
italy,2024-08-26,Telegram: infodefITALY,telegram,13,credited-by-mirror
italy,2024-08-26,Telegram: sadefenza,telegram,33,credited-by-mirror
italy,2024-08-26,Telegram: sakeritalianotizie,telegram,95,credited-by-mirror
italy,2024-08-26,Telegram: surf_noise_ita,telegram,14,credited-by-mirror
italy,2024-08-26,Telegram: ukr_leaks_italia,telegram,13,credited-by-mirror
italy,2024-08-27,Telegram: giuseppemasala,telegram,20,credited-by-mirror
italy,2024-08-27,Telegram: infodefITALY,telegram,13,credited-by-mirror
italy,2024-08-27,Telegram: russiaedintorni,telegram,1,credited-by-mirror
italy,2024-08-27,Telegram: sadefenza,telegram,25,credited-by-mirror
italy,2024-08-27,Telegram: sakeritalianotizie,telegram,87,credited-by-mirror
italy,2024-08-27,Telegram: surf_noise_ita,telegram,7,credited-by-mirror
italy,2024-08-27,Telegram: ukr_leaks_italia,telegram,16,credited-by-mirror
italy,2024-08-28,Telegram: giuseppemasala,telegram,13,credited-by-mirror
italy,2024-08-28,Telegram: infodefITALY,telegram,16,credited-by-mirror
italy,2024-08-28,Telegram: sadefenza,telegram,29,credited-by-mirror
italy,2024-08-28,Telegram: sakeritalianotizie,telegram,89,credited-by-mirror
italy,2024-08-28,Telegram: surf_noise_ita,telegram,15,credited-by-mirror
italy,2024-08-28,Telegram: ukr_leaks_italia,telegram,16,credited-by-mirror
italy,2024-08-29,Telegram: giuseppemasala,telegram,10,credited-by-mirror
italy,2024-08-29,Telegram: infodefITALY,telegram,14,credited-by-mirror
italy,2024-08-29,Telegram: sadefenza,telegram,29,credited-by-mirror
italy,2024-08-29,Telegram: sakeritalianotizie,telegram,79,credited-by-mirror
italy,2024-08-29,Telegram: surf_noise_ita,telegram,22,credited-by-mirror
italy,2024-08-29,Telegram: ukr_leaks_italia,telegram,17,credited-by-mirror
italy,2024-08-30,Telegram: giuseppemasala,telegram,15,credited-by-mirror
italy,2024-08-30,Telegram: infodefITALY,telegram,16,credited-by-mirror
italy,2024-08-30,Telegram: sadefenza,telegram,19,credited-by-mirror
italy,2024-08-30,Telegram: sakeritalianotizie,telegram,81,credited-by-mirror
italy,2024-08-30,Telegram: surf_noise_ita,telegram,23,credited-by-mirror
italy,2024-08-30,Telegram: ukr_leaks_italia,telegram,16,credited-by-mirror
italy,2024-08-30,Telegram: wardigitalnews,telegram,1,credited-by-mirror
italy,2024-08-31,Telegram: giuseppemasala,telegram,35,credited-by-mirror
italy,2024-08-31,Telegram: infodefITALY,telegram,11,credited-by-mirror
italy,2024-08-31,Telegram: sadefenza,telegram,12,credited-by-mirror
italy,2024-08-31,Telegram: sakeritalianotizie,telegram,91,credited-by-mirror
italy,2024-08-31,Telegram: surf_noise_ita,telegram,14,credited-by-mirror
italy,2024-08-31,Telegram: ukr_leaks_italia,telegram,11,credited-by-mirror
ja-jp,2024-08-01,Telegram: infodefensejpn,telegram,9,credited-by-mirror
ja-jp,2024-08-01,Telegram: rusembjp,telegram,9,credited-by-mirror
ja-jp,2024-08-01,kp.ru,domain,1,credited-by-mirror
ja-jp,2024-08-01,lenta.ru,domain,4,credited-by-mirror
ja-jp,2024-08-01,ria.ru,domain,5,credited-by-mirror
ja-jp,2024-08-01,tass.ru,domain,10,credited-by-mirror
ja-jp,2024-08-02,Telegram: infodefensejpn,telegram,12,credited-by-mirror
ja-jp,2024-08-02,Telegram: rusembjp,telegram,9,credited-by-mirror
ja-jp,2024-08-02,kp.ru,domain,2,credited-by-mirror
ja-jp,2024-08-02,lenta.ru,domain,5,credited-by-mirror
ja-jp,2024-08-02,ria.ru,domain,4,credited-by-mirror
ja-jp,2024-08-02,tass.ru,domain,17,credited-by-mirror
ja-jp,2024-08-03,Telegram: infodefensejpn,telegram,5,credited-by-mirror
ja-jp,2024-08-03,Telegram: rusembjp,telegram,4,credited-by-mirror
ja-jp,2024-08-03,kp.ru,domain,1,credited-by-mirror
ja-jp,2024-08-03,lenta.ru,domain,2,credited-by-mirror
ja-jp,2024-08-03,ria.ru,domain,1,credited-by-mirror
ja-jp,2024-08-03,tass.ru,domain,11,credited-by-mirror
ja-jp,2024-08-04,Telegram: infodefensejpn,telegram,4,credited-by-mirror
ja-jp,2024-08-04,Telegram: rusembjp,telegram,4,credited-by-mirror
ja-jp,2024-08-04,lenta.ru,domain,2,credited-by-mirror
ja-jp,2024-08-04,ria.ru,domain,2,credited-by-mirror
ja-jp,2024-08-04,tass.ru,domain,4,credited-by-mirror
ja-jp,2024-08-05,Telegram: infodefensejpn,telegram,4,credited-by-mirror
ja-jp,2024-08-05,Telegram: rusembjp,telegram,10,credited-by-mirror
ja-jp,2024-08-05,kp.ru,domain,8,credited-by-mirror
ja-jp,2024-08-05,lenta.ru,domain,11,credited-by-mirror
ja-jp,2024-08-05,ria.ru,domain,5,credited-by-mirror
ja-jp,2024-08-05,tass.ru,domain,14,credited-by-mirror
ja-jp,2024-08-06,Telegram: infodefensejpn,telegram,7,credited-by-mirror
ja-jp,2024-08-06,Telegram: rusembjp,telegram,11,credited-by-mirror
ja-jp,2024-08-06,kp.ru,domain,7,credited-by-mirror
ja-jp,2024-08-06,lenta.ru,domain,12,credited-by-mirror
ja-jp,2024-08-06,ria.ru,domain,11,credited-by-mirror
ja-jp,2024-08-06,tass.ru,domain,22,credited-by-mirror
ja-jp,2024-08-07,Telegram: infodefensejpn,telegram,8,credited-by-mirror
ja-jp,2024-08-07,Telegram: miyupova,telegram,2,credited-by-mirror
ja-jp,2024-08-07,Telegram: rusembjp,telegram,9,credited-by-mirror
ja-jp,2024-08-07,kp.ru,domain,1,credited-by-mirror
ja-jp,2024-08-07,lenta.ru,domain,7,credited-by-mirror
ja-jp,2024-08-07,ria.ru,domain,10,credited-by-mirror
ja-jp,2024-08-07,tass.ru,domain,17,credited-by-mirror
ja-jp,2024-08-08,Telegram: infodefensejpn,telegram,6,credited-by-mirror
ja-jp,2024-08-08,Telegram: rusembjp,telegram,8,credited-by-mirror
ja-jp,2024-08-08,kp.ru,domain,2,credited-by-mirror
ja-jp,2024-08-08,lenta.ru,domain,8,credited-by-mirror
ja-jp,2024-08-08,ria.ru,domain,4,credited-by-mirror
ja-jp,2024-08-08,tass.ru,domain,22,credited-by-mirror
ja-jp,2024-08-09,Telegram: infodefensejpn,telegram,5,credited-by-mirror
ja-jp,2024-08-09,Telegram: rusembjp,telegram,9,credited-by-mirror
ja-jp,2024-08-09,kp.ru,domain,3,credited-by-mirror
ja-jp,2024-08-09,lenta.ru,domain,7,credited-by-mirror
ja-jp,2024-08-09,ria.ru,domain,7,credited-by-mirror
ja-jp,2024-08-09,tass.ru,domain,20,credited-by-mirror
ja-jp,2024-08-10,Telegram: infodefensejpn,telegram,7,credited-by-mirror
ja-jp,2024-08-10,Telegram: rusembjp,telegram,3,credited-by-mirror
ja-jp,2024-08-10,kp.ru,domain,1,credited-by-mirror
ja-jp,2024-08-10,lenta.ru,domain,2,credited-by-mirror
ja-jp,2024-08-10,ria.ru,domain,3,credited-by-mirror
ja-jp,2024-08-10,tass.ru,domain,5,credited-by-mirror
ja-jp,2024-08-11,Telegram: infodefensejpn,telegram,5,credited-by-mirror
ja-jp,2024-08-11,Telegram: rusembjp,telegram,4,credited-by-mirror
ja-jp,2024-08-11,kp.ru,domain,1,credited-by-mirror
ja-jp,2024-08-11,lenta.ru,domain,2,credited-by-mirror
ja-jp,2024-08-11,ria.ru,domain,2,credited-by-mirror
ja-jp,2024-08-11,tass.ru,domain,7,credited-by-mirror
ja-jp,2024-08-12,Telegram: infodefensejpn,telegram,3,credited-by-mirror
ja-jp,2024-08-12,Telegram: rusembjp,telegram,8,credited-by-mirror
ja-jp,2024-08-12,lenta.ru,domain,5,credited-by-mirror
ja-jp,2024-08-12,ria.ru,domain,2,credited-by-mirror
ja-jp,2024-08-12,tass.ru,domain,5,credited-by-mirror
ja-jp,2024-08-13,Telegram: infodefensejpn,telegram,8,credited-by-mirror
ja-jp,2024-08-13,Telegram: rusembjp,telegram,8,credited-by-mirror
ja-jp,2024-08-13,kp.ru,domain,2,credited-by-mirror
ja-jp,2024-08-13,lenta.ru,domain,4,credited-by-mirror
ja-jp,2024-08-13,ria.ru,domain,10,credited-by-mirror
ja-jp,2024-08-13,tass.ru,domain,6,credited-by-mirror
ja-jp,2024-08-14,Telegram: infodefensejpn,telegram,6,credited-by-mirror
ja-jp,2024-08-14,Telegram: rusembjp,telegram,6,credited-by-mirror
ja-jp,2024-08-14,kp.ru,domain,3,credited-by-mirror
ja-jp,2024-08-14,lenta.ru,domain,7,credited-by-mirror
ja-jp,2024-08-14,ria.ru,domain,9,credited-by-mirror
ja-jp,2024-08-14,tass.ru,domain,10,credited-by-mirror
ja-jp,2024-08-15,Telegram: infodefensejpn,telegram,7,credited-by-mirror
ja-jp,2024-08-15,Telegram: rusembjp,telegram,6,credited-by-mirror
ja-jp,2024-08-15,kp.ru,domain,2,credited-by-mirror
ja-jp,2024-08-15,lenta.ru,domain,2,credited-by-mirror
ja-jp,2024-08-15,ria.ru,domain,12,credited-by-mirror
ja-jp,2024-08-16,Telegram: infodefensejpn,telegram,6,credited-by-mirror
ja-jp,2024-08-16,Telegram: rusembjp,telegram,7,credited-by-mirror
ja-jp,2024-08-16,kp.ru,domain,1,credited-by-mirror
ja-jp,2024-08-16,lenta.ru,domain,3,credited-by-mirror
ja-jp,2024-08-16,ria.ru,domain,3,credited-by-mirror
ja-jp,2024-08-17,Telegram: infodefensejpn,telegram,10,credited-by-mirror
ja-jp,2024-08-17,Telegram: rusembjp,telegram,4,credited-by-mirror
ja-jp,2024-08-17,ria.ru,domain,1,credited-by-mirror
ja-jp,2024-08-18,Telegram: infodefensejpn,telegram,10,credited-by-mirror
ja-jp,2024-08-18,Telegram: rusembjp,telegram,4,credited-by-mirror
ja-jp,2024-08-18,lenta.ru,domain,1,credited-by-mirror
ja-jp,2024-08-18,ria.ru,domain,1,credited-by-mirror
ja-jp,2024-08-19,Telegram: infodefensejpn,telegram,6,credited-by-mirror
ja-jp,2024-08-19,Telegram: rusembjp,telegram,6,credited-by-mirror
ja-jp,2024-08-19,kp.ru,domain,2,credited-by-mirror
ja-jp,2024-08-19,lenta.ru,domain,3,credited-by-mirror
ja-jp,2024-08-20,Telegram: infodefensejpn,telegram,6,credited-by-mirror
ja-jp,2024-08-20,Telegram: miyupova,telegram,2,credited-by-mirror
ja-jp,2024-08-20,Telegram: rusembjp,telegram,4,credited-by-mirror
ja-jp,2024-08-20,kp.ru,domain,1,credited-by-mirror
ja-jp,2024-08-20,lenta.ru,domain,3,credited-by-mirror
ja-jp,2024-08-20,ria.ru,domain,2,credited-by-mirror
ja-jp,2024-08-21,Telegram: infodefensejpn,telegram,7,credited-by-mirror
ja-jp,2024-08-21,Telegram: rusembjp,telegram,7,credited-by-mirror
ja-jp,2024-08-21,kp.ru,domain,2,credited-by-mirror
ja-jp,2024-08-21,lenta.ru,domain,4,credited-by-mirror
ja-jp,2024-08-21,ria.ru,domain,3,credited-by-mirror
ja-jp,2024-08-22,Telegram: infodefensejpn,telegram,6,credited-by-mirror
ja-jp,2024-08-22,Telegram: rusembjp,telegram,6,credited-by-mirror
ja-jp,2024-08-22,kp.ru,domain,4,credited-by-mirror
ja-jp,2024-08-22,lenta.ru,domain,4,credited-by-mirror
ja-jp,2024-08-22,ria.ru,domain,2,credited-by-mirror
ja-jp,2024-08-23,Telegram: infodefensejpn,telegram,4,credited-by-mirror
ja-jp,2024-08-23,Telegram: rusembjp,telegram,6,credited-by-mirror
ja-jp,2024-08-23,lenta.ru,domain,2,credited-by-mirror
ja-jp,2024-08-24,Telegram: infodefensejpn,telegram,9,credited-by-mirror
ja-jp,2024-08-24,Telegram: rusembjp,telegram,4,credited-by-mirror
ja-jp,2024-08-24,kp.ru,domain,1,credited-by-mirror
ja-jp,2024-08-25,Telegram: infodefensejpn,telegram,8,credited-by-mirror
ja-jp,2024-08-25,Telegram: rusembjp,telegram,4,credited-by-mirror
ja-jp,2024-08-25,kp.ru,domain,1,credited-by-mirror
ja-jp,2024-08-26,Telegram: infodefensejpn,telegram,5,credited-by-mirror
ja-jp,2024-08-26,Telegram: rusembjp,telegram,6,credited-by-mirror
ja-jp,2024-08-26,lenta.ru,domain,4,credited-by-mirror
ja-jp,2024-08-26,ria.ru,domain,2,credited-by-mirror
ja-jp,2024-08-27,Telegram: infodefensejpn,telegram,8,credited-by-mirror
ja-jp,2024-08-27,Telegram: rusembjp,telegram,5,credited-by-mirror
ja-jp,2024-08-27,lenta.ru,domain,6,credited-by-mirror
ja-jp,2024-08-27,ria.ru,domain,2,credited-by-mirror
ja-jp,2024-08-28,Telegram: infodefensejpn,telegram,8,credited-by-mirror
ja-jp,2024-08-28,Telegram: rusembjp,telegram,4,credited-by-mirror
ja-jp,2024-08-28,kp.ru,domain,2,credited-by-mirror
ja-jp,2024-08-28,lenta.ru,domain,4,credited-by-mirror
ja-jp,2024-08-28,ria.ru,domain,2,credited-by-mirror
ja-jp,2024-08-29,Telegram: infodefensejpn,telegram,4,credited-by-mirror
ja-jp,2024-08-29,Telegram: rusembjp,telegram,4,credited-by-mirror
ja-jp,2024-08-29,kp.ru,domain,2,credited-by-mirror
ja-jp,2024-08-29,lenta.ru,domain,6,credited-by-mirror
ja-jp,2024-08-29,ria.ru,domain,1,credited-by-mirror
ja-jp,2024-08-30,Telegram: infodefensejpn,telegram,5,credited-by-mirror
ja-jp,2024-08-30,Telegram: rusembjp,telegram,5,credited-by-mirror
ja-jp,2024-08-30,kp.ru,domain,2,credited-by-mirror
ja-jp,2024-08-30,lenta.ru,domain,3,credited-by-mirror
ja-jp,2024-08-30,ria.ru,domain,1,credited-by-mirror
ja-jp,2024-08-31,Telegram: infodefensejpn,telegram,8,credited-by-mirror
ja-jp,2024-08-31,Telegram: rusembjp,telegram,4,credited-by-mirror
ja-jp,2024-08-31,lenta.ru,domain,1,credited-by-mirror
ja-jp,2024-08-31,ria.ru,domain,1,credited-by-mirror
japan,2024-08-01,Telegram: infodefensejpn,telegram,9,credited-by-mirror
japan,2024-08-01,Telegram: rusembjp,telegram,9,credited-by-mirror
japan,2024-08-01,kp.ru,domain,1,credited-by-mirror
japan,2024-08-01,lenta.ru,domain,4,credited-by-mirror
japan,2024-08-01,ria.ru,domain,5,credited-by-mirror
japan,2024-08-01,tass.ru,domain,10,credited-by-mirror
japan,2024-08-02,Telegram: infodefensejpn,telegram,12,credited-by-mirror
japan,2024-08-02,Telegram: rusembjp,telegram,9,credited-by-mirror
japan,2024-08-02,kp.ru,domain,2,credited-by-mirror
japan,2024-08-02,lenta.ru,domain,5,credited-by-mirror
japan,2024-08-02,ria.ru,domain,4,credited-by-mirror
japan,2024-08-02,tass.ru,domain,17,credited-by-mirror
japan,2024-08-03,Telegram: infodefensejpn,telegram,5,credited-by-mirror
japan,2024-08-03,Telegram: rusembjp,telegram,4,credited-by-mirror
japan,2024-08-03,kp.ru,domain,1,credited-by-mirror
japan,2024-08-03,lenta.ru,domain,2,credited-by-mirror
japan,2024-08-03,ria.ru,domain,1,credited-by-mirror
japan,2024-08-03,tass.ru,domain,11,credited-by-mirror
japan,2024-08-04,Telegram: infodefensejpn,telegram,4,credited-by-mirror
japan,2024-08-04,Telegram: rusembjp,telegram,4,credited-by-mirror
japan,2024-08-04,lenta.ru,domain,2,credited-by-mirror
japan,2024-08-04,ria.ru,domain,2,credited-by-mirror
japan,2024-08-04,tass.ru,domain,4,credited-by-mirror
japan,2024-08-05,Telegram: infodefensejpn,telegram,4,credited-by-mirror
japan,2024-08-05,Telegram: rusembjp,telegram,10,credited-by-mirror
japan,2024-08-05,kp.ru,domain,8,credited-by-mirror
japan,2024-08-05,lenta.ru,domain,11,credited-by-mirror
japan,2024-08-05,ria.ru,domain,5,credited-by-mirror
japan,2024-08-05,tass.ru,domain,14,credited-by-mirror
japan,2024-08-06,Telegram: infodefensejpn,telegram,7,credited-by-mirror
japan,2024-08-06,Telegram: rusembjp,telegram,11,credited-by-mirror
japan,2024-08-06,kp.ru,domain,7,credited-by-mirror
japan,2024-08-06,lenta.ru,domain,12,credited-by-mirror
japan,2024-08-06,ria.ru,domain,11,credited-by-mirror
japan,2024-08-06,tass.ru,domain,22,credited-by-mirror
japan,2024-08-07,Telegram: infodefensejpn,telegram,8,credited-by-mirror
japan,2024-08-07,Telegram: miyupova,telegram,2,credited-by-mirror
japan,2024-08-07,Telegram: rusembjp,telegram,9,credited-by-mirror
japan,2024-08-07,kp.ru,domain,1,credited-by-mirror
japan,2024-08-07,lenta.ru,domain,7,credited-by-mirror
japan,2024-08-07,ria.ru,domain,10,credited-by-mirror
japan,2024-08-07,tass.ru,domain,17,credited-by-mirror
japan,2024-08-08,Telegram: infodefensejpn,telegram,6,credited-by-mirror
japan,2024-08-08,Telegram: rusembjp,telegram,8,credited-by-mirror
japan,2024-08-08,kp.ru,domain,2,credited-by-mirror
japan,2024-08-08,lenta.ru,domain,8,credited-by-mirror
japan,2024-08-08,ria.ru,domain,4,credited-by-mirror
japan,2024-08-08,tass.ru,domain,22,credited-by-mirror
japan,2024-08-09,Telegram: infodefensejpn,telegram,5,credited-by-mirror
japan,2024-08-09,Telegram: rusembjp,telegram,9,credited-by-mirror
japan,2024-08-09,kp.ru,domain,3,credited-by-mirror
japan,2024-08-09,lenta.ru,domain,7,credited-by-mirror
japan,2024-08-09,ria.ru,domain,7,credited-by-mirror
japan,2024-08-09,tass.ru,domain,20,credited-by-mirror
japan,2024-08-10,Telegram: infodefensejpn,telegram,7,credited-by-mirror
japan,2024-08-10,Telegram: rusembjp,telegram,3,credited-by-mirror
japan,2024-08-10,kp.ru,domain,1,credited-by-mirror
japan,2024-08-10,lenta.ru,domain,2,credited-by-mirror
japan,2024-08-10,ria.ru,domain,3,credited-by-mirror
japan,2024-08-10,tass.ru,domain,5,credited-by-mirror
japan,2024-08-11,Telegram: infodefensejpn,telegram,5,credited-by-mirror
japan,2024-08-11,Telegram: rusembjp,telegram,4,credited-by-mirror
japan,2024-08-11,kp.ru,domain,1,credited-by-mirror
japan,2024-08-11,lenta.ru,domain,2,credited-by-mirror
japan,2024-08-11,ria.ru,domain,2,credited-by-mirror
japan,2024-08-11,tass.ru,domain,7,credited-by-mirror
japan,2024-08-12,Telegram: infodefensejpn,telegram,3,credited-by-mirror
japan,2024-08-12,Telegram: rusembjp,telegram,8,credited-by-mirror
japan,2024-08-12,lenta.ru,domain,5,credited-by-mirror
japan,2024-08-12,ria.ru,domain,2,credited-by-mirror
japan,2024-08-12,tass.ru,domain,5,credited-by-mirror
japan,2024-08-13,Telegram: infodefensejpn,telegram,8,credited-by-mirror
japan,2024-08-13,Telegram: rusembjp,telegram,8,credited-by-mirror
japan,2024-08-13,kp.ru,domain,2,credited-by-mirror
japan,2024-08-13,lenta.ru,domain,4,credited-by-mirror
japan,2024-08-13,ria.ru,domain,10,credited-by-mirror
japan,2024-08-13,tass.ru,domain,6,credited-by-mirror
japan,2024-08-14,Telegram: infodefensejpn,telegram,6,credited-by-mirror
japan,2024-08-14,Telegram: rusembjp,telegram,6,credited-by-mirror
japan,2024-08-14,kp.ru,domain,3,credited-by-mirror
japan,2024-08-14,lenta.ru,domain,7,credited-by-mirror
japan,2024-08-14,ria.ru,domain,9,credited-by-mirror
japan,2024-08-14,tass.ru,domain,10,credited-by-mirror
japan,2024-08-15,Telegram: infodefensejpn,telegram,7,credited-by-mirror
japan,2024-08-15,Telegram: rusembjp,telegram,6,credited-by-mirror
japan,2024-08-15,kp.ru,domain,2,credited-by-mirror
japan,2024-08-15,lenta.ru,domain,2,credited-by-mirror
japan,2024-08-15,ria.ru,domain,12,credited-by-mirror
japan,2024-08-16,Telegram: infodefensejpn,telegram,6,credited-by-mirror
japan,2024-08-16,Telegram: rusembjp,telegram,7,credited-by-mirror
japan,2024-08-16,kp.ru,domain,1,credited-by-mirror
japan,2024-08-16,lenta.ru,domain,3,credited-by-mirror
japan,2024-08-16,ria.ru,domain,3,credited-by-mirror
japan,2024-08-17,Telegram: infodefensejpn,telegram,10,credited-by-mirror
japan,2024-08-17,Telegram: rusembjp,telegram,4,credited-by-mirror
japan,2024-08-17,ria.ru,domain,1,credited-by-mirror
japan,2024-08-18,Telegram: infodefensejpn,telegram,10,credited-by-mirror
japan,2024-08-18,Telegram: rusembjp,telegram,4,credited-by-mirror
japan,2024-08-18,lenta.ru,domain,1,credited-by-mirror
japan,2024-08-18,ria.ru,domain,1,credited-by-mirror
japan,2024-08-19,Telegram: infodefensejpn,telegram,6,credited-by-mirror
japan,2024-08-19,Telegram: rusembjp,telegram,6,credited-by-mirror
japan,2024-08-19,kp.ru,domain,2,credited-by-mirror
japan,2024-08-19,lenta.ru,domain,3,credited-by-mirror
japan,2024-08-20,Telegram: infodefensejpn,telegram,6,credited-by-mirror
japan,2024-08-20,Telegram: miyupova,telegram,2,credited-by-mirror
japan,2024-08-20,Telegram: rusembjp,telegram,4,credited-by-mirror
japan,2024-08-20,kp.ru,domain,1,credited-by-mirror
japan,2024-08-20,lenta.ru,domain,3,credited-by-mirror
japan,2024-08-20,ria.ru,domain,2,credited-by-mirror
japan,2024-08-21,Telegram: infodefensejpn,telegram,7,credited-by-mirror
japan,2024-08-21,Telegram: rusembjp,telegram,7,credited-by-mirror
japan,2024-08-21,kp.ru,domain,2,credited-by-mirror
japan,2024-08-21,lenta.ru,domain,4,credited-by-mirror
japan,2024-08-21,ria.ru,domain,3,credited-by-mirror
japan,2024-08-22,Telegram: infodefensejpn,telegram,6,credited-by-mirror
japan,2024-08-22,Telegram: rusembjp,telegram,6,credited-by-mirror
japan,2024-08-22,kp.ru,domain,4,credited-by-mirror
japan,2024-08-22,lenta.ru,domain,4,credited-by-mirror
japan,2024-08-22,ria.ru,domain,2,credited-by-mirror
japan,2024-08-23,Telegram: infodefensejpn,telegram,4,credited-by-mirror
japan,2024-08-23,Telegram: rusembjp,telegram,6,credited-by-mirror
japan,2024-08-23,lenta.ru,domain,2,credited-by-mirror
japan,2024-08-24,Telegram: infodefensejpn,telegram,9,credited-by-mirror
japan,2024-08-24,Telegram: rusembjp,telegram,4,credited-by-mirror
japan,2024-08-24,kp.ru,domain,1,credited-by-mirror
japan,2024-08-25,Telegram: infodefensejpn,telegram,8,credited-by-mirror
japan,2024-08-25,Telegram: rusembjp,telegram,4,credited-by-mirror
japan,2024-08-25,kp.ru,domain,1,credited-by-mirror
japan,2024-08-26,Telegram: infodefensejpn,telegram,5,credited-by-mirror
japan,2024-08-26,Telegram: rusembjp,telegram,6,credited-by-mirror
japan,2024-08-26,lenta.ru,domain,4,credited-by-mirror
japan,2024-08-26,ria.ru,domain,2,credited-by-mirror
japan,2024-08-27,Telegram: infodefensejpn,telegram,8,credited-by-mirror
japan,2024-08-27,Telegram: rusembjp,telegram,5,credited-by-mirror
japan,2024-08-27,lenta.ru,domain,6,credited-by-mirror
japan,2024-08-27,ria.ru,domain,2,credited-by-mirror
japan,2024-08-28,Telegram: infodefensejpn,telegram,8,credited-by-mirror
japan,2024-08-28,Telegram: rusembjp,telegram,4,credited-by-mirror
japan,2024-08-28,kp.ru,domain,2,credited-by-mirror
japan,2024-08-28,lenta.ru,domain,4,credited-by-mirror
japan,2024-08-28,ria.ru,domain,2,credited-by-mirror
japan,2024-08-29,Telegram: infodefensejpn,telegram,4,credited-by-mirror
japan,2024-08-29,Telegram: rusembjp,telegram,4,credited-by-mirror
japan,2024-08-29,kp.ru,domain,2,credited-by-mirror
japan,2024-08-29,lenta.ru,domain,6,credited-by-mirror
japan,2024-08-29,ria.ru,domain,1,credited-by-mirror
japan,2024-08-30,Telegram: infodefensejpn,telegram,5,credited-by-mirror
japan,2024-08-30,Telegram: rusembjp,telegram,5,credited-by-mirror
japan,2024-08-30,kp.ru,domain,2,credited-by-mirror
japan,2024-08-30,lenta.ru,domain,3,credited-by-mirror
japan,2024-08-30,ria.ru,domain,1,credited-by-mirror
japan,2024-08-31,Telegram: infodefensejpn,telegram,8,credited-by-mirror
japan,2024-08-31,Telegram: rusembjp,telegram,4,credited-by-mirror
japan,2024-08-31,lenta.ru,domain,1,credited-by-mirror
japan,2024-08-31,ria.ru,domain,1,credited-by-mirror
korea,2024-08-01,Telegram: news_of_nutcracker,telegram,9,credited-by-mirror
korea,2024-08-01,Telegram: nucdprk,telegram,2,credited-by-mirror
korea,2024-08-01,kp.ru,domain,3,credited-by-mirror
korea,2024-08-01,lenta.ru,domain,2,credited-by-mirror
korea,2024-08-01,russian.rt.com,domain,1,credited-by-mirror
korea,2024-08-01,tass.ru,domain,7,credited-by-mirror
korea,2024-08-01,tsargrad.tv,domain,2,credited-by-mirror
korea,2024-08-02,Telegram: news_of_nutcracker,telegram,9,credited-by-mirror
korea,2024-08-02,Telegram: nucdprk,telegram,1,credited-by-mirror
korea,2024-08-02,lenta.ru,domain,2,credited-by-mirror
korea,2024-08-02,ria.ru,domain,1,credited-by-mirror
korea,2024-08-02,tass.ru,domain,4,credited-by-mirror
korea,2024-08-03,Telegram: news_of_nutcracker,telegram,2,credited-by-mirror
korea,2024-08-03,kp.ru,domain,2,credited-by-mirror
korea,2024-08-03,lenta.ru,domain,4,credited-by-mirror
korea,2024-08-03,russian.rt.com,domain,2,credited-by-mirror
korea,2024-08-03,tass.ru,domain,6,credited-by-mirror
korea,2024-08-04,Telegram: nucdprk,telegram,1,credited-by-mirror
korea,2024-08-04,kp.ru,domain,1,credited-by-mirror
korea,2024-08-04,lenta.ru,domain,5,credited-by-mirror
korea,2024-08-04,ria.ru,domain,3,credited-by-mirror
korea,2024-08-04,russian.rt.com,domain,2,credited-by-mirror
korea,2024-08-04,tass.ru,domain,5,credited-by-mirror
korea,2024-08-05,Telegram: news_of_nutcracker,telegram,5,credited-by-mirror
korea,2024-08-05,Telegram: nucdprk,telegram,2,credited-by-mirror
korea,2024-08-05,kp.ru,domain,1,credited-by-mirror
korea,2024-08-05,lenta.ru,domain,6,credited-by-mirror
korea,2024-08-05,ria.ru,domain,2,credited-by-mirror
korea,2024-08-05,russian.rt.com,domain,1,credited-by-mirror
korea,2024-08-05,tass.ru,domain,11,credited-by-mirror
korea,2024-08-05,tsargrad.tv,domain,2,credited-by-mirror
korea,2024-08-06,Telegram: news_of_nutcracker,telegram,7,credited-by-mirror
korea,2024-08-06,kp.ru,domain,1,credited-by-mirror
korea,2024-08-06,lenta.ru,domain,1,credited-by-mirror
korea,2024-08-06,ria.ru,domain,3,credited-by-mirror
korea,2024-08-06,russian.rt.com,domain,1,credited-by-mirror
korea,2024-08-06,tass.ru,domain,5,credited-by-mirror
korea,2024-08-06,tsargrad.tv,domain,3,credited-by-mirror
korea,2024-08-07,Telegram: news_of_nutcracker,telegram,6,credited-by-mirror
korea,2024-08-07,lenta.ru,domain,4,credited-by-mirror
korea,2024-08-07,ria.ru,domain,1,credited-by-mirror
korea,2024-08-07,russian.rt.com,domain,1,credited-by-mirror
korea,2024-08-07,tass.ru,domain,2,credited-by-mirror
korea,2024-08-07,tsargrad.tv,domain,1,credited-by-mirror
korea,2024-08-08,Telegram: news_of_nutcracker,telegram,5,credited-by-mirror
korea,2024-08-08,kp.ru,domain,1,credited-by-mirror
korea,2024-08-08,lenta.ru,domain,8,credited-by-mirror
korea,2024-08-08,ria.ru,domain,3,credited-by-mirror
korea,2024-08-08,russian.rt.com,domain,2,credited-by-mirror
korea,2024-08-08,tass.ru,domain,12,credited-by-mirror
korea,2024-08-09,Telegram: news_of_nutcracker,telegram,12,credited-by-mirror
korea,2024-08-09,kp.ru,domain,1,credited-by-mirror
korea,2024-08-09,lenta.ru,domain,2,credited-by-mirror
korea,2024-08-09,tass.ru,domain,4,credited-by-mirror
korea,2024-08-10,Telegram: news_of_nutcracker,telegram,3,credited-by-mirror
korea,2024-08-10,Telegram: nucdprk,telegram,1,credited-by-mirror
korea,2024-08-10,lenta.ru,domain,1,credited-by-mirror
korea,2024-08-10,ria.ru,domain,2,credited-by-mirror
korea,2024-08-10,tass.ru,domain,2,credited-by-mirror
korea,2024-08-11,Telegram: news_of_nutcracker,telegram,10,credited-by-mirror
korea,2024-08-11,Telegram: nucdprk,telegram,1,credited-by-mirror
korea,2024-08-11,tass.ru,domain,1,credited-by-mirror
korea,2024-08-12,Telegram: news_of_nutcracker,telegram,11,credited-by-mirror
korea,2024-08-12,kp.ru,domain,1,credited-by-mirror
korea,2024-08-12,lenta.ru,domain,3,credited-by-mirror
korea,2024-08-12,ria.ru,domain,2,credited-by-mirror
korea,2024-08-12,tass.ru,domain,6,credited-by-mirror
korea,2024-08-12,tsargrad.tv,domain,1,credited-by-mirror
korea,2024-08-13,Telegram: news_of_nutcracker,telegram,5,credited-by-mirror
korea,2024-08-13,kp.ru,domain,3,credited-by-mirror
korea,2024-08-13,lenta.ru,domain,3,credited-by-mirror
korea,2024-08-13,ria.ru,domain,5,credited-by-mirror
korea,2024-08-13,russian.rt.com,domain,2,credited-by-mirror
korea,2024-08-13,tass.ru,domain,7,credited-by-mirror
korea,2024-08-13,tsargrad.tv,domain,1,credited-by-mirror
korea,2024-08-14,Telegram: news_of_nutcracker,telegram,6,credited-by-mirror
korea,2024-08-14,Telegram: nucdprk,telegram,1,credited-by-mirror
korea,2024-08-14,kp.ru,domain,4,credited-by-mirror
korea,2024-08-14,lenta.ru,domain,2,credited-by-mirror
korea,2024-08-14,ria.ru,domain,4,credited-by-mirror
korea,2024-08-14,russian.rt.com,domain,1,credited-by-mirror
korea,2024-08-14,tass.ru,domain,5,credited-by-mirror
korea,2024-08-14,tsargrad.tv,domain,1,credited-by-mirror
korea,2024-08-15,Telegram: news_of_nutcracker,telegram,5,credited-by-mirror
korea,2024-08-15,lenta.ru,domain,3,credited-by-mirror
korea,2024-08-15,ria.ru,domain,5,credited-by-mirror
korea,2024-08-15,russian.rt.com,domain,1,credited-by-mirror
korea,2024-08-15,tsargrad.tv,domain,1,credited-by-mirror
korea,2024-08-16,Telegram: news_of_nutcracker,telegram,8,credited-by-mirror
korea,2024-08-16,Telegram: nucdprk,telegram,1,credited-by-mirror
korea,2024-08-16,kp.ru,domain,2,credited-by-mirror
korea,2024-08-16,lenta.ru,domain,1,credited-by-mirror
korea,2024-08-16,ria.ru,domain,6,credited-by-mirror
korea,2024-08-16,russian.rt.com,domain,2,credited-by-mirror
korea,2024-08-17,Telegram: news_of_nutcracker,telegram,5,credited-by-mirror
korea,2024-08-17,Telegram: nucdprk,telegram,2,credited-by-mirror
korea,2024-08-17,kp.ru,domain,1,credited-by-mirror
korea,2024-08-17,lenta.ru,domain,2,credited-by-mirror
korea,2024-08-17,ria.ru,domain,2,credited-by-mirror
korea,2024-08-17,russian.rt.com,domain,1,credited-by-mirror
korea,2024-08-17,tsargrad.tv,domain,1,credited-by-mirror
korea,2024-08-18,Telegram: news_of_nutcracker,telegram,8,credited-by-mirror
korea,2024-08-18,Telegram: nucdprk,telegram,1,credited-by-mirror
korea,2024-08-18,lenta.ru,domain,3,credited-by-mirror
korea,2024-08-18,ria.ru,domain,4,credited-by-mirror
korea,2024-08-18,tsargrad.tv,domain,1,credited-by-mirror
korea,2024-08-19,Telegram: news_of_nutcracker,telegram,8,credited-by-mirror
korea,2024-08-19,lenta.ru,domain,4,credited-by-mirror
korea,2024-08-19,ria.ru,domain,3,credited-by-mirror
korea,2024-08-19,tsargrad.tv,domain,1,credited-by-mirror
korea,2024-08-20,Telegram: news_of_nutcracker,telegram,4,credited-by-mirror
korea,2024-08-20,Telegram: nucdprk,telegram,1,credited-by-mirror
korea,2024-08-20,kp.ru,domain,1,credited-by-mirror
korea,2024-08-20,lenta.ru,domain,3,credited-by-mirror
korea,2024-08-20,ria.ru,domain,4,credited-by-mirror
korea,2024-08-20,russian.rt.com,domain,2,credited-by-mirror
korea,2024-08-20,tsargrad.tv,domain,1,credited-by-mirror
korea,2024-08-21,Telegram: news_of_nutcracker,telegram,13,credited-by-mirror
korea,2024-08-21,lenta.ru,domain,1,credited-by-mirror
korea,2024-08-21,ria.ru,domain,4,credited-by-mirror
korea,2024-08-21,tsargrad.tv,domain,2,credited-by-mirror
korea,2024-08-22,Telegram: news_of_nutcracker,telegram,3,credited-by-mirror
korea,2024-08-22,kp.ru,domain,2,credited-by-mirror
korea,2024-08-22,lenta.ru,domain,2,credited-by-mirror
korea,2024-08-22,ria.ru,domain,5,credited-by-mirror
korea,2024-08-22,russian.rt.com,domain,2,credited-by-mirror
korea,2024-08-23,Telegram: news_of_nutcracker,telegram,17,credited-by-mirror
korea,2024-08-23,lenta.ru,domain,2,credited-by-mirror
korea,2024-08-23,ria.ru,domain,5,credited-by-mirror
korea,2024-08-23,russian.rt.com,domain,2,credited-by-mirror
korea,2024-08-23,tsargrad.tv,domain,4,credited-by-mirror
korea,2024-08-24,Telegram: news_of_nutcracker,telegram,7,credited-by-mirror
korea,2024-08-24,lenta.ru,domain,2,credited-by-mirror
korea,2024-08-24,ria.ru,domain,2,credited-by-mirror
korea,2024-08-24,russian.rt.com,domain,1,credited-by-mirror
korea,2024-08-24,tsargrad.tv,domain,1,credited-by-mirror
korea,2024-08-25,Telegram: news_of_nutcracker,telegram,20,credited-by-mirror
korea,2024-08-25,ria.ru,domain,3,credited-by-mirror
korea,2024-08-25,russian.rt.com,domain,1,credited-by-mirror
korea,2024-08-25,tsargrad.tv,domain,1,credited-by-mirror
korea,2024-08-26,Telegram: news_of_nutcracker,telegram,14,credited-by-mirror
korea,2024-08-26,Telegram: nucdprk,telegram,1,credited-by-mirror
korea,2024-08-26,kp.ru,domain,1,credited-by-mirror
korea,2024-08-26,lenta.ru,domain,2,credited-by-mirror
korea,2024-08-26,ria.ru,domain,5,credited-by-mirror
korea,2024-08-26,russian.rt.com,domain,1,credited-by-mirror
korea,2024-08-27,Telegram: news_of_nutcracker,telegram,7,credited-by-mirror
korea,2024-08-27,Telegram: nucdprk,telegram,1,credited-by-mirror
korea,2024-08-27,lenta.ru,domain,1,credited-by-mirror
korea,2024-08-27,ria.ru,domain,2,credited-by-mirror
korea,2024-08-27,tsargrad.tv,domain,1,credited-by-mirror
korea,2024-08-28,Telegram: news_of_nutcracker,telegram,7,credited-by-mirror
korea,2024-08-28,Telegram: nucdprk,telegram,2,credited-by-mirror
korea,2024-08-28,kp.ru,domain,1,credited-by-mirror
korea,2024-08-28,lenta.ru,domain,8,credited-by-mirror
korea,2024-08-28,ria.ru,domain,8,credited-by-mirror
korea,2024-08-28,russian.rt.com,domain,3,credited-by-mirror
korea,2024-08-29,Telegram: news_of_nutcracker,telegram,12,credited-by-mirror
korea,2024-08-29,kp.ru,domain,1,credited-by-mirror
korea,2024-08-29,lenta.ru,domain,2,credited-by-mirror
korea,2024-08-29,ria.ru,domain,5,credited-by-mirror
korea,2024-08-30,Telegram: news_of_nutcracker,telegram,10,credited-by-mirror
korea,2024-08-30,Telegram: nucdprk,telegram,3,credited-by-mirror
korea,2024-08-30,lenta.ru,domain,1,credited-by-mirror
korea,2024-08-30,ria.ru,domain,3,credited-by-mirror
korea,2024-08-30,russian.rt.com,domain,1,credited-by-mirror
korea,2024-08-31,Telegram: news_of_nutcracker,telegram,7,credited-by-mirror
korea,2024-08-31,Telegram: nucdprk,telegram,3,credited-by-mirror
korea,2024-08-31,kp.ru,domain,1,credited-by-mirror
korea,2024-08-31,lenta.ru,domain,2,credited-by-mirror
korea,2024-08-31,ria.ru,domain,3,credited-by-mirror
korea,2024-08-31,russian.rt.com,domain,2,credited-by-mirror
korea,2024-08-31,tsargrad.tv,domain,1,credited-by-mirror
latvia,2024-08-01,Telegram: InfodefenseLVA,telegram,9,credited-by-mirror
latvia,2024-08-01,Telegram: baltnews,telegram,10,credited-by-mirror
latvia,2024-08-01,Telegram: latvijasbalzams,telegram,4,credited-by-mirror
latvia,2024-08-01,Telegram: news_lv,telegram,40,credited-by-mirror
latvia,2024-08-01,Telegram: sputniklive,telegram,3,credited-by-mirror
latvia,2024-08-02,Telegram: InfodefenseLVA,telegram,7,credited-by-mirror
latvia,2024-08-02,Telegram: baltnews,telegram,11,credited-by-mirror
latvia,2024-08-02,Telegram: latvijasbalzams,telegram,7,credited-by-mirror
latvia,2024-08-02,Telegram: news_lv,telegram,37,credited-by-mirror
latvia,2024-08-02,Telegram: sputniklive,telegram,1,credited-by-mirror
latvia,2024-08-03,Telegram: InfodefenseLVA,telegram,9,credited-by-mirror
latvia,2024-08-03,Telegram: baltnews,telegram,3,credited-by-mirror
latvia,2024-08-03,Telegram: latvijasbalzams,telegram,3,credited-by-mirror
latvia,2024-08-03,Telegram: news_lv,telegram,22,credited-by-mirror
latvia,2024-08-03,Telegram: sputniklive,telegram,1,credited-by-mirror
latvia,2024-08-04,Telegram: InfodefenseLVA,telegram,10,credited-by-mirror
latvia,2024-08-04,Telegram: baltnews,telegram,6,credited-by-mirror
latvia,2024-08-04,Telegram: latvijasbalzams,telegram,1,credited-by-mirror
latvia,2024-08-04,Telegram: news_lv,telegram,22,credited-by-mirror
latvia,2024-08-04,Telegram: sputniklive,telegram,3,credited-by-mirror
latvia,2024-08-05,Telegram: InfodefenseLVA,telegram,8,credited-by-mirror
latvia,2024-08-05,Telegram: baltnews,telegram,8,credited-by-mirror
latvia,2024-08-05,Telegram: latvijasbalzams,telegram,11,credited-by-mirror
latvia,2024-08-05,Telegram: news_lv,telegram,36,credited-by-mirror
latvia,2024-08-05,Telegram: sputniklive,telegram,3,credited-by-mirror
latvia,2024-08-06,Telegram: InfodefenseLVA,telegram,9,credited-by-mirror
latvia,2024-08-06,Telegram: antifalivland,telegram,1,credited-by-mirror
latvia,2024-08-06,Telegram: baltnews,telegram,11,credited-by-mirror
latvia,2024-08-06,Telegram: latvijasbalzams,telegram,8,credited-by-mirror
latvia,2024-08-06,Telegram: news_lv,telegram,36,credited-by-mirror
latvia,2024-08-06,Telegram: sputniklive,telegram,3,credited-by-mirror
latvia,2024-08-07,Telegram: InfodefenseLVA,telegram,7,credited-by-mirror
latvia,2024-08-07,Telegram: baltnews,telegram,10,credited-by-mirror
latvia,2024-08-07,Telegram: latvijasbalzams,telegram,10,credited-by-mirror
latvia,2024-08-07,Telegram: news_lv,telegram,34,credited-by-mirror
latvia,2024-08-07,Telegram: sputniklive,telegram,1,credited-by-mirror
latvia,2024-08-08,Telegram: InfodefenseLVA,telegram,6,credited-by-mirror
latvia,2024-08-08,Telegram: baltnews,telegram,9,credited-by-mirror
latvia,2024-08-08,Telegram: latvijasbalzams,telegram,12,credited-by-mirror
latvia,2024-08-08,Telegram: news_lv,telegram,38,credited-by-mirror
latvia,2024-08-08,Telegram: sputniklive,telegram,2,credited-by-mirror
latvia,2024-08-09,Telegram: InfodefenseLVA,telegram,12,credited-by-mirror
latvia,2024-08-09,Telegram: baltnews,telegram,10,credited-by-mirror
latvia,2024-08-09,Telegram: latvijasbalzams,telegram,6,credited-by-mirror
latvia,2024-08-09,Telegram: news_lv,telegram,39,credited-by-mirror
latvia,2024-08-10,Telegram: InfodefenseLVA,telegram,12,credited-by-mirror
latvia,2024-08-10,Telegram: baltnews,telegram,6,credited-by-mirror
latvia,2024-08-10,Telegram: latvijasbalzams,telegram,3,credited-by-mirror
latvia,2024-08-10,Telegram: news_lv,telegram,22,credited-by-mirror
latvia,2024-08-11,Telegram: InfodefenseLVA,telegram,10,credited-by-mirror
latvia,2024-08-11,Telegram: baltnews,telegram,7,credited-by-mirror
latvia,2024-08-11,Telegram: latvijasbalzams,telegram,4,credited-by-mirror
latvia,2024-08-11,Telegram: news_lv,telegram,22,credited-by-mirror
latvia,2024-08-11,Telegram: sputniklive,telegram,1,credited-by-mirror
latvia,2024-08-12,Telegram: InfodefenseLVA,telegram,7,credited-by-mirror
latvia,2024-08-12,Telegram: antifalivland,telegram,1,credited-by-mirror
latvia,2024-08-12,Telegram: baltnews,telegram,7,credited-by-mirror
latvia,2024-08-12,Telegram: latvijasbalzams,telegram,12,credited-by-mirror
latvia,2024-08-12,Telegram: news_lv,telegram,39,credited-by-mirror
latvia,2024-08-13,Telegram: InfodefenseLVA,telegram,7,credited-by-mirror
latvia,2024-08-13,Telegram: antifalivland,telegram,2,credited-by-mirror
latvia,2024-08-13,Telegram: baltnews,telegram,10,credited-by-mirror
latvia,2024-08-13,Telegram: latvijasbalzams,telegram,8,credited-by-mirror
latvia,2024-08-13,Telegram: news_lv,telegram,33,credited-by-mirror
latvia,2024-08-13,Telegram: sputniklive,telegram,2,credited-by-mirror
latvia,2024-08-14,Telegram: InfodefenseLVA,telegram,6,credited-by-mirror
latvia,2024-08-14,Telegram: baltnews,telegram,11,credited-by-mirror
latvia,2024-08-14,Telegram: latvijasbalzams,telegram,10,credited-by-mirror
latvia,2024-08-14,Telegram: news_lv,telegram,37,credited-by-mirror
latvia,2024-08-14,Telegram: sputniklive,telegram,2,credited-by-mirror
latvia,2024-08-15,Telegram: InfodefenseLVA,telegram,8,credited-by-mirror
latvia,2024-08-15,Telegram: baltnews,telegram,10,credited-by-mirror
latvia,2024-08-15,Telegram: latvijasbalzams,telegram,5,credited-by-mirror
latvia,2024-08-15,Telegram: news_lv,telegram,41,credited-by-mirror
latvia,2024-08-15,Telegram: sputniklive,telegram,3,credited-by-mirror
latvia,2024-08-16,Telegram: InfodefenseLVA,telegram,8,credited-by-mirror
latvia,2024-08-16,Telegram: baltnews,telegram,11,credited-by-mirror
latvia,2024-08-16,Telegram: news_lv,telegram,39,credited-by-mirror
latvia,2024-08-17,Telegram: InfodefenseLVA,telegram,8,credited-by-mirror
latvia,2024-08-17,Telegram: baltnews,telegram,7,credited-by-mirror
latvia,2024-08-17,Telegram: news_lv,telegram,22,credited-by-mirror
latvia,2024-08-17,Telegram: sputniklive,telegram,1,credited-by-mirror
latvia,2024-08-18,Telegram: InfodefenseLVA,telegram,10,credited-by-mirror
latvia,2024-08-18,Telegram: baltnews,telegram,4,credited-by-mirror
latvia,2024-08-18,Telegram: news_lv,telegram,23,credited-by-mirror
latvia,2024-08-18,Telegram: sputniklive,telegram,1,credited-by-mirror
latvia,2024-08-19,Telegram: InfodefenseLVA,telegram,9,credited-by-mirror
latvia,2024-08-19,Telegram: baltnews,telegram,8,credited-by-mirror
latvia,2024-08-19,Telegram: news_lv,telegram,45,credited-by-mirror
latvia,2024-08-19,Telegram: sputniklive,telegram,1,credited-by-mirror
latvia,2024-08-20,Telegram: InfodefenseLVA,telegram,8,credited-by-mirror
latvia,2024-08-20,Telegram: baltnews,telegram,14,credited-by-mirror
latvia,2024-08-20,Telegram: news_lv,telegram,36,credited-by-mirror
latvia,2024-08-20,Telegram: sputniklive,telegram,1,credited-by-mirror
latvia,2024-08-21,Telegram: InfodefenseLVA,telegram,8,credited-by-mirror
latvia,2024-08-21,Telegram: baltnews,telegram,14,credited-by-mirror
latvia,2024-08-21,Telegram: latvijasbalzams,telegram,10,credited-by-mirror
latvia,2024-08-21,Telegram: news_lv,telegram,41,credited-by-mirror
latvia,2024-08-21,Telegram: sputniklive,telegram,1,credited-by-mirror
latvia,2024-08-22,Telegram: InfodefenseLVA,telegram,10,credited-by-mirror
latvia,2024-08-22,Telegram: baltnews,telegram,8,credited-by-mirror
latvia,2024-08-22,Telegram: latvijasbalzams,telegram,16,credited-by-mirror
latvia,2024-08-22,Telegram: news_lv,telegram,38,credited-by-mirror
latvia,2024-08-23,Telegram: InfodefenseLVA,telegram,8,credited-by-mirror
latvia,2024-08-23,Telegram: baltnews,telegram,6,credited-by-mirror
latvia,2024-08-23,Telegram: latvijasbalzams,telegram,18,credited-by-mirror
latvia,2024-08-23,Telegram: news_lv,telegram,39,credited-by-mirror
latvia,2024-08-24,Telegram: InfodefenseLVA,telegram,10,credited-by-mirror
latvia,2024-08-24,Telegram: baltnews,telegram,6,credited-by-mirror
latvia,2024-08-24,Telegram: latvijasbalzams,telegram,3,credited-by-mirror
latvia,2024-08-24,Telegram: news_lv,telegram,24,credited-by-mirror
latvia,2024-08-24,Telegram: sputniklive,telegram,2,credited-by-mirror
latvia,2024-08-25,Telegram: InfodefenseLVA,telegram,12,credited-by-mirror
latvia,2024-08-25,Telegram: baltnews,telegram,6,credited-by-mirror
latvia,2024-08-25,Telegram: latvijasbalzams,telegram,4,credited-by-mirror
latvia,2024-08-25,Telegram: news_lv,telegram,23,credited-by-mirror
latvia,2024-08-25,Telegram: sputniklive,telegram,3,credited-by-mirror
latvia,2024-08-26,Telegram: InfodefenseLVA,telegram,10,credited-by-mirror
latvia,2024-08-26,Telegram: baltnews,telegram,18,credited-by-mirror
latvia,2024-08-26,Telegram: latvijasbalzams,telegram,20,credited-by-mirror
latvia,2024-08-26,Telegram: news_lv,telegram,41,credited-by-mirror
latvia,2024-08-26,Telegram: sputniklive,telegram,3,credited-by-mirror
latvia,2024-08-27,Telegram: InfodefenseLVA,telegram,12,credited-by-mirror
latvia,2024-08-27,Telegram: baltnews,telegram,11,credited-by-mirror
latvia,2024-08-27,Telegram: latvijasbalzams,telegram,26,credited-by-mirror
latvia,2024-08-27,Telegram: news_lv,telegram,38,credited-by-mirror
latvia,2024-08-27,Telegram: sputniklive,telegram,2,credited-by-mirror
latvia,2024-08-28,Telegram: InfodefenseLVA,telegram,9,credited-by-mirror
latvia,2024-08-28,Telegram: baltnews,telegram,11,credited-by-mirror
latvia,2024-08-28,Telegram: latvijasbalzams,telegram,15,credited-by-mirror
latvia,2024-08-28,Telegram: news_lv,telegram,43,credited-by-mirror
latvia,2024-08-28,Telegram: sputniklive,telegram,2,credited-by-mirror
latvia,2024-08-29,Telegram: InfodefenseLVA,telegram,9,credited-by-mirror
latvia,2024-08-29,Telegram: baltnews,telegram,10,credited-by-mirror
latvia,2024-08-29,Telegram: latvijasbalzams,telegram,10,credited-by-mirror
latvia,2024-08-29,Telegram: news_lv,telegram,38,credited-by-mirror
latvia,2024-08-30,Telegram: InfodefenseLVA,telegram,11,credited-by-mirror
latvia,2024-08-30,Telegram: baltnews,telegram,13,credited-by-mirror
latvia,2024-08-30,Telegram: latvijasbalzams,telegram,16,credited-by-mirror
latvia,2024-08-30,Telegram: news_lv,telegram,42,credited-by-mirror
latvia,2024-08-30,Telegram: sputniklive,telegram,1,credited-by-mirror
latvia,2024-08-31,Telegram: InfodefenseLVA,telegram,11,credited-by-mirror
latvia,2024-08-31,Telegram: baltnews,telegram,6,credited-by-mirror
latvia,2024-08-31,Telegram: latvijasbalzams,telegram,4,credited-by-mirror
latvia,2024-08-31,Telegram: news_lv,telegram,24,credited-by-mirror
latvia,2024-08-31,Telegram: sputniklive,telegram,2,credited-by-mirror
lithuania,2024-08-01,Telegram: baltnews,telegram,9,credited-by-mirror
lithuania,2024-08-01,Telegram: news_lv,telegram,9,credited-by-mirror
lithuania,2024-08-01,Telegram: sputniklive,telegram,3,credited-by-mirror
lithuania,2024-08-01,Telegram: sputniknews_lt,telegram,21,credited-by-mirror
lithuania,2024-08-01,baltnews.com,domain,4,credited-by-mirror
lithuania,2024-08-01,lenta.ru,domain,2,credited-by-mirror
lithuania,2024-08-01,tass.ru,domain,7,credited-by-mirror
lithuania,2024-08-02,Telegram: baltnews,telegram,12,credited-by-mirror
lithuania,2024-08-02,Telegram: news_lv,telegram,5,credited-by-mirror
lithuania,2024-08-02,Telegram: sputniklive,telegram,1,credited-by-mirror
lithuania,2024-08-02,Telegram: sputniknews_lt,telegram,14,credited-by-mirror
lithuania,2024-08-02,baltnews.com,domain,2,credited-by-mirror
lithuania,2024-08-02,lenta.ru,domain,2,credited-by-mirror
lithuania,2024-08-02,tass.ru,domain,11,credited-by-mirror
lithuania,2024-08-03,Telegram: baltnews,telegram,3,credited-by-mirror
lithuania,2024-08-03,Telegram: news_lv,telegram,2,credited-by-mirror
lithuania,2024-08-03,Telegram: sputniklive,telegram,1,credited-by-mirror
lithuania,2024-08-03,Telegram: sputniknews_lt,telegram,10,credited-by-mirror
lithuania,2024-08-03,baltnews.com,domain,1,credited-by-mirror
lithuania,2024-08-03,lenta.ru,domain,1,credited-by-mirror
lithuania,2024-08-03,tass.ru,domain,3,credited-by-mirror
lithuania,2024-08-04,Telegram: baltnews,telegram,2,credited-by-mirror
lithuania,2024-08-04,Telegram: news_lv,telegram,2,credited-by-mirror
lithuania,2024-08-04,Telegram: sputniklive,telegram,1,credited-by-mirror
lithuania,2024-08-04,Telegram: sputniknews_lt,telegram,13,credited-by-mirror
lithuania,2024-08-04,tass.ru,domain,3,credited-by-mirror
lithuania,2024-08-05,Telegram: baltnews,telegram,6,credited-by-mirror
lithuania,2024-08-05,Telegram: news_lv,telegram,6,credited-by-mirror
lithuania,2024-08-05,Telegram: sputniknews_lt,telegram,14,credited-by-mirror
lithuania,2024-08-05,baltnews.com,domain,1,credited-by-mirror
lithuania,2024-08-05,lenta.ru,domain,1,credited-by-mirror
lithuania,2024-08-05,tass.ru,domain,4,credited-by-mirror
lithuania,2024-08-06,Telegram: baltnews,telegram,10,credited-by-mirror
lithuania,2024-08-06,Telegram: news_lv,telegram,12,credited-by-mirror
lithuania,2024-08-06,Telegram: sputniklive,telegram,1,credited-by-mirror
lithuania,2024-08-06,Telegram: sputniknews_lt,telegram,15,credited-by-mirror
lithuania,2024-08-06,baltnews.com,domain,3,credited-by-mirror
lithuania,2024-08-06,lenta.ru,domain,1,credited-by-mirror
lithuania,2024-08-06,tass.ru,domain,2,credited-by-mirror
lithuania,2024-08-07,Telegram: baltnews,telegram,17,credited-by-mirror
lithuania,2024-08-07,Telegram: news_lv,telegram,4,credited-by-mirror
lithuania,2024-08-07,Telegram: sputniklive,telegram,4,credited-by-mirror
lithuania,2024-08-07,Telegram: sputniknews_lt,telegram,15,credited-by-mirror
lithuania,2024-08-07,baltnews.com,domain,3,credited-by-mirror
lithuania,2024-08-07,lenta.ru,domain,3,credited-by-mirror
lithuania,2024-08-07,tass.ru,domain,9,credited-by-mirror
lithuania,2024-08-08,Telegram: baltnews,telegram,8,credited-by-mirror
lithuania,2024-08-08,Telegram: news_lv,telegram,6,credited-by-mirror
lithuania,2024-08-08,Telegram: sputniklive,telegram,1,credited-by-mirror
lithuania,2024-08-08,Telegram: sputniknews_lt,telegram,13,credited-by-mirror
lithuania,2024-08-08,baltnews.com,domain,5,credited-by-mirror
lithuania,2024-08-08,tass.ru,domain,5,credited-by-mirror
lithuania,2024-08-09,Telegram: baltnews,telegram,8,credited-by-mirror
lithuania,2024-08-09,Telegram: news_lv,telegram,7,credited-by-mirror
lithuania,2024-08-09,Telegram: sputniklive,telegram,1,credited-by-mirror
lithuania,2024-08-09,Telegram: sputniknews_lt,telegram,13,credited-by-mirror
lithuania,2024-08-09,baltnews.com,domain,6,credited-by-mirror
lithuania,2024-08-09,tass.ru,domain,4,credited-by-mirror
lithuania,2024-08-10,Telegram: baltnews,telegram,2,credited-by-mirror
lithuania,2024-08-10,Telegram: news_lv,telegram,4,credited-by-mirror
lithuania,2024-08-10,Telegram: sputniknews_lt,telegram,15,credited-by-mirror
lithuania,2024-08-10,tass.ru,domain,1,credited-by-mirror
lithuania,2024-08-11,Telegram: baltnews,telegram,3,credited-by-mirror
lithuania,2024-08-11,Telegram: news_lv,telegram,3,credited-by-mirror
lithuania,2024-08-11,Telegram: sputniklive,telegram,3,credited-by-mirror
lithuania,2024-08-11,Telegram: sputniknews_lt,telegram,12,credited-by-mirror
lithuania,2024-08-11,baltnews.com,domain,2,credited-by-mirror
lithuania,2024-08-11,lenta.ru,domain,1,credited-by-mirror
lithuania,2024-08-11,tass.ru,domain,5,credited-by-mirror
lithuania,2024-08-12,Telegram: baltnews,telegram,10,credited-by-mirror
lithuania,2024-08-12,Telegram: news_lv,telegram,5,credited-by-mirror
lithuania,2024-08-12,Telegram: sputniklive,telegram,3,credited-by-mirror
lithuania,2024-08-12,Telegram: sputniknews_lt,telegram,12,credited-by-mirror
lithuania,2024-08-12,baltnews.com,domain,3,credited-by-mirror
lithuania,2024-08-12,lenta.ru,domain,5,credited-by-mirror
lithuania,2024-08-12,tass.ru,domain,6,credited-by-mirror
lithuania,2024-08-13,Telegram: baltnews,telegram,7,credited-by-mirror
lithuania,2024-08-13,Telegram: news_lv,telegram,6,credited-by-mirror
lithuania,2024-08-13,Telegram: sputniklive,telegram,2,credited-by-mirror
lithuania,2024-08-13,Telegram: sputniknews_lt,telegram,14,credited-by-mirror
lithuania,2024-08-13,baltnews.com,domain,3,credited-by-mirror
lithuania,2024-08-13,lenta.ru,domain,2,credited-by-mirror
lithuania,2024-08-13,tass.ru,domain,5,credited-by-mirror
lithuania,2024-08-14,Telegram: baltnews,telegram,6,credited-by-mirror
lithuania,2024-08-14,Telegram: news_lv,telegram,6,credited-by-mirror
lithuania,2024-08-14,Telegram: sputniklive,telegram,2,credited-by-mirror
lithuania,2024-08-14,Telegram: sputniknews_lt,telegram,14,credited-by-mirror
lithuania,2024-08-14,baltnews.com,domain,5,credited-by-mirror
lithuania,2024-08-14,lenta.ru,domain,1,credited-by-mirror
lithuania,2024-08-14,tass.ru,domain,2,credited-by-mirror
lithuania,2024-08-15,Telegram: InfoDefenseLIT,telegram,2,credited-by-mirror
lithuania,2024-08-15,Telegram: baltnews,telegram,9,credited-by-mirror
lithuania,2024-08-15,Telegram: news_lv,telegram,10,credited-by-mirror
lithuania,2024-08-15,Telegram: sputniklive,telegram,2,credited-by-mirror
lithuania,2024-08-15,Telegram: sputniknews_lt,telegram,13,credited-by-mirror
lithuania,2024-08-15,baltnews.com,domain,3,credited-by-mirror
lithuania,2024-08-15,lenta.ru,domain,5,credited-by-mirror
lithuania,2024-08-16,Telegram: InfoDefenseLIT,telegram,4,credited-by-mirror
lithuania,2024-08-16,Telegram: baltnews,telegram,6,credited-by-mirror
lithuania,2024-08-16,Telegram: news_lv,telegram,4,credited-by-mirror
lithuania,2024-08-16,Telegram: sputniklive,telegram,1,credited-by-mirror
lithuania,2024-08-16,Telegram: sputniknews_lt,telegram,15,credited-by-mirror
lithuania,2024-08-16,baltnews.com,domain,4,credited-by-mirror
lithuania,2024-08-16,lenta.ru,domain,1,credited-by-mirror
lithuania,2024-08-17,Telegram: InfoDefenseLIT,telegram,7,credited-by-mirror
lithuania,2024-08-17,Telegram: baltnews,telegram,4,credited-by-mirror
lithuania,2024-08-17,Telegram: news_lv,telegram,2,credited-by-mirror
lithuania,2024-08-17,Telegram: sputniklive,telegram,1,credited-by-mirror
lithuania,2024-08-17,Telegram: sputniknews_lt,telegram,12,credited-by-mirror
lithuania,2024-08-17,baltnews.com,domain,1,credited-by-mirror
lithuania,2024-08-18,Telegram: InfoDefenseLIT,telegram,4,credited-by-mirror
lithuania,2024-08-18,Telegram: baltnews,telegram,3,credited-by-mirror
lithuania,2024-08-18,Telegram: news_lv,telegram,4,credited-by-mirror
lithuania,2024-08-18,Telegram: sputniklive,telegram,2,credited-by-mirror
lithuania,2024-08-18,Telegram: sputniknews_lt,telegram,14,credited-by-mirror
lithuania,2024-08-19,Telegram: InfoDefenseLIT,telegram,8,credited-by-mirror
lithuania,2024-08-19,Telegram: baltnews,telegram,10,credited-by-mirror
lithuania,2024-08-19,Telegram: news_lv,telegram,7,credited-by-mirror
lithuania,2024-08-19,Telegram: sputniklive,telegram,2,credited-by-mirror
lithuania,2024-08-19,Telegram: sputniknews_lt,telegram,17,credited-by-mirror
lithuania,2024-08-19,baltnews.com,domain,4,credited-by-mirror
lithuania,2024-08-19,lenta.ru,domain,4,credited-by-mirror
lithuania,2024-08-20,Telegram: InfoDefenseLIT,telegram,7,credited-by-mirror
lithuania,2024-08-20,Telegram: baltnews,telegram,3,credited-by-mirror
lithuania,2024-08-20,Telegram: news_lv,telegram,6,credited-by-mirror
lithuania,2024-08-20,Telegram: sputniknews_lt,telegram,12,credited-by-mirror
lithuania,2024-08-20,baltnews.com,domain,3,credited-by-mirror
lithuania,2024-08-20,lenta.ru,domain,3,credited-by-mirror
lithuania,2024-08-21,Telegram: InfoDefenseLIT,telegram,8,credited-by-mirror
lithuania,2024-08-21,Telegram: baltnews,telegram,4,credited-by-mirror
lithuania,2024-08-21,Telegram: news_lv,telegram,8,credited-by-mirror
lithuania,2024-08-21,Telegram: sputniklive,telegram,2,credited-by-mirror
lithuania,2024-08-21,Telegram: sputniknews_lt,telegram,15,credited-by-mirror
lithuania,2024-08-21,baltnews.com,domain,5,credited-by-mirror
lithuania,2024-08-21,lenta.ru,domain,1,credited-by-mirror
lithuania,2024-08-22,Telegram: InfoDefenseLIT,telegram,7,credited-by-mirror
lithuania,2024-08-22,Telegram: baltnews,telegram,14,credited-by-mirror
lithuania,2024-08-22,Telegram: news_lv,telegram,3,credited-by-mirror
lithuania,2024-08-22,Telegram: sputniklive,telegram,1,credited-by-mirror
lithuania,2024-08-22,Telegram: sputniknews_lt,telegram,13,credited-by-mirror
lithuania,2024-08-22,baltnews.com,domain,2,credited-by-mirror
lithuania,2024-08-22,lenta.ru,domain,2,credited-by-mirror
lithuania,2024-08-23,Telegram: InfoDefenseLIT,telegram,5,credited-by-mirror
lithuania,2024-08-23,Telegram: baltnews,telegram,10,credited-by-mirror
lithuania,2024-08-23,Telegram: news_lv,telegram,5,credited-by-mirror
lithuania,2024-08-23,Telegram: sputniknews_lt,telegram,12,credited-by-mirror
lithuania,2024-08-23,baltnews.com,domain,4,credited-by-mirror
lithuania,2024-08-23,lenta.ru,domain,1,credited-by-mirror
lithuania,2024-08-24,Telegram: InfoDefenseLIT,telegram,5,credited-by-mirror
lithuania,2024-08-24,Telegram: baltnews,telegram,4,credited-by-mirror
lithuania,2024-08-24,Telegram: news_lv,telegram,3,credited-by-mirror
lithuania,2024-08-24,Telegram: sputniknews_lt,telegram,11,credited-by-mirror
lithuania,2024-08-24,lenta.ru,domain,3,credited-by-mirror
lithuania,2024-08-25,Telegram: InfoDefenseLIT,telegram,4,credited-by-mirror
lithuania,2024-08-25,Telegram: baltnews,telegram,8,credited-by-mirror
lithuania,2024-08-25,Telegram: news_lv,telegram,4,credited-by-mirror
lithuania,2024-08-25,Telegram: sputniklive,telegram,2,credited-by-mirror
lithuania,2024-08-25,Telegram: sputniknews_lt,telegram,11,credited-by-mirror
lithuania,2024-08-25,baltnews.com,domain,2,credited-by-mirror
lithuania,2024-08-26,Telegram: InfoDefenseLIT,telegram,6,credited-by-mirror
lithuania,2024-08-26,Telegram: baltnews,telegram,9,credited-by-mirror
lithuania,2024-08-26,Telegram: news_lv,telegram,3,credited-by-mirror
lithuania,2024-08-26,Telegram: sputniknews_lt,telegram,14,credited-by-mirror
lithuania,2024-08-26,baltnews.com,domain,4,credited-by-mirror
lithuania,2024-08-27,Telegram: InfoDefenseLIT,telegram,5,credited-by-mirror
lithuania,2024-08-27,Telegram: baltnews,telegram,5,credited-by-mirror
lithuania,2024-08-27,Telegram: news_lv,telegram,3,credited-by-mirror
lithuania,2024-08-27,Telegram: sputniknews_lt,telegram,14,credited-by-mirror
lithuania,2024-08-27,baltnews.com,domain,4,credited-by-mirror
lithuania,2024-08-27,lenta.ru,domain,1,credited-by-mirror
lithuania,2024-08-28,Telegram: InfoDefenseLIT,telegram,9,credited-by-mirror
lithuania,2024-08-28,Telegram: baltnews,telegram,14,credited-by-mirror
lithuania,2024-08-28,Telegram: news_lv,telegram,5,credited-by-mirror
lithuania,2024-08-28,Telegram: sputniklive,telegram,1,credited-by-mirror
lithuania,2024-08-28,Telegram: sputniknews_lt,telegram,14,credited-by-mirror
lithuania,2024-08-28,baltnews.com,domain,4,credited-by-mirror
lithuania,2024-08-28,lenta.ru,domain,2,credited-by-mirror
lithuania,2024-08-29,Telegram: InfoDefenseLIT,telegram,4,credited-by-mirror
lithuania,2024-08-29,Telegram: baltnews,telegram,8,credited-by-mirror
lithuania,2024-08-29,Telegram: news_lv,telegram,3,credited-by-mirror
lithuania,2024-08-29,Telegram: sputniklive,telegram,1,credited-by-mirror
lithuania,2024-08-29,Telegram: sputniknews_lt,telegram,14,credited-by-mirror
lithuania,2024-08-29,baltnews.com,domain,2,credited-by-mirror
lithuania,2024-08-30,Telegram: InfoDefenseLIT,telegram,5,credited-by-mirror
lithuania,2024-08-30,Telegram: baltnews,telegram,13,credited-by-mirror
lithuania,2024-08-30,Telegram: news_lv,telegram,2,credited-by-mirror
lithuania,2024-08-30,Telegram: sputniknews_lt,telegram,12,credited-by-mirror
lithuania,2024-08-30,baltnews.com,domain,4,credited-by-mirror
lithuania,2024-08-31,Telegram: InfoDefenseLIT,telegram,6,credited-by-mirror
lithuania,2024-08-31,Telegram: baltnews,telegram,5,credited-by-mirror
lithuania,2024-08-31,Telegram: news_lv,telegram,4,credited-by-mirror
lithuania,2024-08-31,Telegram: sputniklive,telegram,2,credited-by-mirror
lithuania,2024-08-31,Telegram: sputniknews_lt,telegram,13,credited-by-mirror
lithuania,2024-08-31,lenta.ru,domain,1,credited-by-mirror
lt,2024-08-01,Telegram: baltnews,telegram,9,credited-by-mirror
lt,2024-08-01,Telegram: news_lv,telegram,9,credited-by-mirror
lt,2024-08-01,Telegram: sputniklive,telegram,3,credited-by-mirror
lt,2024-08-01,Telegram: sputniknews_lt,telegram,21,credited-by-mirror
lt,2024-08-01,baltnews.com,domain,4,credited-by-mirror
lt,2024-08-01,lenta.ru,domain,2,credited-by-mirror
lt,2024-08-01,tass.ru,domain,7,credited-by-mirror
lt,2024-08-02,Telegram: baltnews,telegram,12,credited-by-mirror
lt,2024-08-02,Telegram: news_lv,telegram,5,credited-by-mirror
lt,2024-08-02,Telegram: sputniklive,telegram,1,credited-by-mirror
lt,2024-08-02,Telegram: sputniknews_lt,telegram,14,credited-by-mirror
lt,2024-08-02,baltnews.com,domain,2,credited-by-mirror
lt,2024-08-02,lenta.ru,domain,2,credited-by-mirror
lt,2024-08-02,tass.ru,domain,11,credited-by-mirror
lt,2024-08-03,Telegram: baltnews,telegram,3,credited-by-mirror
lt,2024-08-03,Telegram: news_lv,telegram,2,credited-by-mirror
lt,2024-08-03,Telegram: sputniklive,telegram,1,credited-by-mirror
lt,2024-08-03,Telegram: sputniknews_lt,telegram,10,credited-by-mirror
lt,2024-08-03,baltnews.com,domain,1,credited-by-mirror
lt,2024-08-03,lenta.ru,domain,1,credited-by-mirror
lt,2024-08-03,tass.ru,domain,3,credited-by-mirror
lt,2024-08-04,Telegram: baltnews,telegram,2,credited-by-mirror
lt,2024-08-04,Telegram: news_lv,telegram,2,credited-by-mirror
lt,2024-08-04,Telegram: sputniklive,telegram,1,credited-by-mirror
lt,2024-08-04,Telegram: sputniknews_lt,telegram,13,credited-by-mirror
lt,2024-08-04,tass.ru,domain,3,credited-by-mirror
lt,2024-08-05,Telegram: baltnews,telegram,6,credited-by-mirror
lt,2024-08-05,Telegram: news_lv,telegram,6,credited-by-mirror
lt,2024-08-05,Telegram: sputniknews_lt,telegram,14,credited-by-mirror
lt,2024-08-05,baltnews.com,domain,1,credited-by-mirror
lt,2024-08-05,lenta.ru,domain,1,credited-by-mirror
lt,2024-08-05,tass.ru,domain,4,credited-by-mirror
lt,2024-08-06,Telegram: baltnews,telegram,10,credited-by-mirror
lt,2024-08-06,Telegram: news_lv,telegram,12,credited-by-mirror
lt,2024-08-06,Telegram: sputniklive,telegram,1,credited-by-mirror
lt,2024-08-06,Telegram: sputniknews_lt,telegram,15,credited-by-mirror
lt,2024-08-06,baltnews.com,domain,3,credited-by-mirror
lt,2024-08-06,lenta.ru,domain,1,credited-by-mirror
lt,2024-08-06,tass.ru,domain,2,credited-by-mirror
lt,2024-08-07,Telegram: baltnews,telegram,17,credited-by-mirror
lt,2024-08-07,Telegram: news_lv,telegram,4,credited-by-mirror
lt,2024-08-07,Telegram: sputniklive,telegram,4,credited-by-mirror
lt,2024-08-07,Telegram: sputniknews_lt,telegram,15,credited-by-mirror
lt,2024-08-07,baltnews.com,domain,3,credited-by-mirror
lt,2024-08-07,lenta.ru,domain,3,credited-by-mirror
lt,2024-08-07,tass.ru,domain,9,credited-by-mirror
lt,2024-08-08,Telegram: baltnews,telegram,8,credited-by-mirror
lt,2024-08-08,Telegram: news_lv,telegram,6,credited-by-mirror
lt,2024-08-08,Telegram: sputniklive,telegram,1,credited-by-mirror
lt,2024-08-08,Telegram: sputniknews_lt,telegram,13,credited-by-mirror
lt,2024-08-08,baltnews.com,domain,5,credited-by-mirror
lt,2024-08-08,tass.ru,domain,5,credited-by-mirror
lt,2024-08-09,Telegram: baltnews,telegram,8,credited-by-mirror
lt,2024-08-09,Telegram: news_lv,telegram,7,credited-by-mirror
lt,2024-08-09,Telegram: sputniklive,telegram,1,credited-by-mirror
lt,2024-08-09,Telegram: sputniknews_lt,telegram,13,credited-by-mirror
lt,2024-08-09,baltnews.com,domain,6,credited-by-mirror
lt,2024-08-09,tass.ru,domain,4,credited-by-mirror
lt,2024-08-10,Telegram: baltnews,telegram,2,credited-by-mirror
lt,2024-08-10,Telegram: news_lv,telegram,4,credited-by-mirror
lt,2024-08-10,Telegram: sputniknews_lt,telegram,15,credited-by-mirror
lt,2024-08-10,tass.ru,domain,1,credited-by-mirror
lt,2024-08-11,Telegram: baltnews,telegram,3,credited-by-mirror
lt,2024-08-11,Telegram: news_lv,telegram,3,credited-by-mirror
lt,2024-08-11,Telegram: sputniklive,telegram,3,credited-by-mirror
lt,2024-08-11,Telegram: sputniknews_lt,telegram,12,credited-by-mirror
lt,2024-08-11,baltnews.com,domain,2,credited-by-mirror
lt,2024-08-11,lenta.ru,domain,1,credited-by-mirror
lt,2024-08-11,tass.ru,domain,5,credited-by-mirror
lt,2024-08-12,Telegram: baltnews,telegram,10,credited-by-mirror
lt,2024-08-12,Telegram: news_lv,telegram,5,credited-by-mirror
lt,2024-08-12,Telegram: sputniklive,telegram,3,credited-by-mirror
lt,2024-08-12,Telegram: sputniknews_lt,telegram,12,credited-by-mirror
lt,2024-08-12,baltnews.com,domain,3,credited-by-mirror
lt,2024-08-12,lenta.ru,domain,5,credited-by-mirror
lt,2024-08-12,tass.ru,domain,6,credited-by-mirror
lt,2024-08-13,Telegram: baltnews,telegram,7,credited-by-mirror
lt,2024-08-13,Telegram: news_lv,telegram,6,credited-by-mirror
lt,2024-08-13,Telegram: sputniklive,telegram,2,credited-by-mirror
lt,2024-08-13,Telegram: sputniknews_lt,telegram,14,credited-by-mirror
lt,2024-08-13,baltnews.com,domain,3,credited-by-mirror
lt,2024-08-13,lenta.ru,domain,2,credited-by-mirror
lt,2024-08-13,tass.ru,domain,5,credited-by-mirror
lt,2024-08-14,Telegram: baltnews,telegram,6,credited-by-mirror
lt,2024-08-14,Telegram: news_lv,telegram,6,credited-by-mirror
lt,2024-08-14,Telegram: sputniklive,telegram,2,credited-by-mirror
lt,2024-08-14,Telegram: sputniknews_lt,telegram,14,credited-by-mirror
lt,2024-08-14,baltnews.com,domain,5,credited-by-mirror
lt,2024-08-14,lenta.ru,domain,1,credited-by-mirror
lt,2024-08-14,tass.ru,domain,2,credited-by-mirror
lt,2024-08-15,Telegram: InfoDefenseLIT,telegram,2,credited-by-mirror
lt,2024-08-15,Telegram: baltnews,telegram,9,credited-by-mirror
lt,2024-08-15,Telegram: news_lv,telegram,10,credited-by-mirror
lt,2024-08-15,Telegram: sputniklive,telegram,2,credited-by-mirror
lt,2024-08-15,Telegram: sputniknews_lt,telegram,13,credited-by-mirror
lt,2024-08-15,baltnews.com,domain,3,credited-by-mirror
lt,2024-08-15,lenta.ru,domain,5,credited-by-mirror
lt,2024-08-16,Telegram: InfoDefenseLIT,telegram,4,credited-by-mirror
lt,2024-08-16,Telegram: baltnews,telegram,6,credited-by-mirror
lt,2024-08-16,Telegram: news_lv,telegram,4,credited-by-mirror
lt,2024-08-16,Telegram: sputniklive,telegram,1,credited-by-mirror
lt,2024-08-16,Telegram: sputniknews_lt,telegram,15,credited-by-mirror
lt,2024-08-16,baltnews.com,domain,4,credited-by-mirror
lt,2024-08-16,lenta.ru,domain,1,credited-by-mirror
lt,2024-08-17,Telegram: InfoDefenseLIT,telegram,7,credited-by-mirror
lt,2024-08-17,Telegram: baltnews,telegram,4,credited-by-mirror
lt,2024-08-17,Telegram: news_lv,telegram,2,credited-by-mirror
lt,2024-08-17,Telegram: sputniklive,telegram,1,credited-by-mirror
lt,2024-08-17,Telegram: sputniknews_lt,telegram,12,credited-by-mirror
lt,2024-08-17,baltnews.com,domain,1,credited-by-mirror
lt,2024-08-18,Telegram: InfoDefenseLIT,telegram,4,credited-by-mirror
lt,2024-08-18,Telegram: baltnews,telegram,3,credited-by-mirror
lt,2024-08-18,Telegram: news_lv,telegram,4,credited-by-mirror
lt,2024-08-18,Telegram: sputniklive,telegram,2,credited-by-mirror
lt,2024-08-18,Telegram: sputniknews_lt,telegram,14,credited-by-mirror
lt,2024-08-19,Telegram: InfoDefenseLIT,telegram,8,credited-by-mirror
lt,2024-08-19,Telegram: baltnews,telegram,10,credited-by-mirror
lt,2024-08-19,Telegram: news_lv,telegram,7,credited-by-mirror
lt,2024-08-19,Telegram: sputniklive,telegram,2,credited-by-mirror
lt,2024-08-19,Telegram: sputniknews_lt,telegram,17,credited-by-mirror
lt,2024-08-19,baltnews.com,domain,4,credited-by-mirror
lt,2024-08-19,lenta.ru,domain,4,credited-by-mirror
lt,2024-08-20,Telegram: InfoDefenseLIT,telegram,7,credited-by-mirror
lt,2024-08-20,Telegram: baltnews,telegram,3,credited-by-mirror
lt,2024-08-20,Telegram: news_lv,telegram,6,credited-by-mirror
lt,2024-08-20,Telegram: sputniknews_lt,telegram,12,credited-by-mirror
lt,2024-08-20,baltnews.com,domain,3,credited-by-mirror
lt,2024-08-20,lenta.ru,domain,3,credited-by-mirror
lt,2024-08-21,Telegram: InfoDefenseLIT,telegram,8,credited-by-mirror
lt,2024-08-21,Telegram: baltnews,telegram,4,credited-by-mirror
lt,2024-08-21,Telegram: news_lv,telegram,8,credited-by-mirror
lt,2024-08-21,Telegram: sputniklive,telegram,2,credited-by-mirror
lt,2024-08-21,Telegram: sputniknews_lt,telegram,15,credited-by-mirror
lt,2024-08-21,baltnews.com,domain,5,credited-by-mirror
lt,2024-08-21,lenta.ru,domain,1,credited-by-mirror
lt,2024-08-22,Telegram: InfoDefenseLIT,telegram,7,credited-by-mirror
lt,2024-08-22,Telegram: baltnews,telegram,14,credited-by-mirror
lt,2024-08-22,Telegram: news_lv,telegram,3,credited-by-mirror
lt,2024-08-22,Telegram: sputniklive,telegram,1,credited-by-mirror
lt,2024-08-22,Telegram: sputniknews_lt,telegram,13,credited-by-mirror
lt,2024-08-22,baltnews.com,domain,2,credited-by-mirror
lt,2024-08-22,lenta.ru,domain,2,credited-by-mirror
lt,2024-08-23,Telegram: InfoDefenseLIT,telegram,5,credited-by-mirror
lt,2024-08-23,Telegram: baltnews,telegram,10,credited-by-mirror
lt,2024-08-23,Telegram: news_lv,telegram,5,credited-by-mirror
lt,2024-08-23,Telegram: sputniknews_lt,telegram,12,credited-by-mirror
lt,2024-08-23,baltnews.com,domain,4,credited-by-mirror
lt,2024-08-23,lenta.ru,domain,1,credited-by-mirror
lt,2024-08-24,Telegram: InfoDefenseLIT,telegram,5,credited-by-mirror
lt,2024-08-24,Telegram: baltnews,telegram,4,credited-by-mirror
lt,2024-08-24,Telegram: news_lv,telegram,3,credited-by-mirror
lt,2024-08-24,Telegram: sputniknews_lt,telegram,11,credited-by-mirror
lt,2024-08-24,lenta.ru,domain,3,credited-by-mirror
lt,2024-08-25,Telegram: InfoDefenseLIT,telegram,4,credited-by-mirror
lt,2024-08-25,Telegram: baltnews,telegram,8,credited-by-mirror
lt,2024-08-25,Telegram: news_lv,telegram,4,credited-by-mirror
lt,2024-08-25,Telegram: sputniklive,telegram,2,credited-by-mirror
lt,2024-08-25,Telegram: sputniknews_lt,telegram,11,credited-by-mirror
lt,2024-08-25,baltnews.com,domain,2,credited-by-mirror
lt,2024-08-26,Telegram: InfoDefenseLIT,telegram,6,credited-by-mirror
lt,2024-08-26,Telegram: baltnews,telegram,9,credited-by-mirror
lt,2024-08-26,Telegram: news_lv,telegram,3,credited-by-mirror
lt,2024-08-26,Telegram: sputniknews_lt,telegram,14,credited-by-mirror
lt,2024-08-26,baltnews.com,domain,4,credited-by-mirror
lt,2024-08-27,Telegram: InfoDefenseLIT,telegram,5,credited-by-mirror
lt,2024-08-27,Telegram: baltnews,telegram,5,credited-by-mirror
lt,2024-08-27,Telegram: news_lv,telegram,3,credited-by-mirror
lt,2024-08-27,Telegram: sputniknews_lt,telegram,14,credited-by-mirror
lt,2024-08-27,baltnews.com,domain,4,credited-by-mirror
lt,2024-08-27,lenta.ru,domain,1,credited-by-mirror
lt,2024-08-28,Telegram: InfoDefenseLIT,telegram,9,credited-by-mirror
lt,2024-08-28,Telegram: baltnews,telegram,14,credited-by-mirror
lt,2024-08-28,Telegram: news_lv,telegram,5,credited-by-mirror
lt,2024-08-28,Telegram: sputniklive,telegram,1,credited-by-mirror
lt,2024-08-28,Telegram: sputniknews_lt,telegram,14,credited-by-mirror
lt,2024-08-28,baltnews.com,domain,4,credited-by-mirror
lt,2024-08-28,lenta.ru,domain,2,credited-by-mirror
lt,2024-08-29,Telegram: InfoDefenseLIT,telegram,4,credited-by-mirror
lt,2024-08-29,Telegram: baltnews,telegram,8,credited-by-mirror
lt,2024-08-29,Telegram: news_lv,telegram,3,credited-by-mirror
lt,2024-08-29,Telegram: sputniklive,telegram,1,credited-by-mirror
lt,2024-08-29,Telegram: sputniknews_lt,telegram,14,credited-by-mirror
lt,2024-08-29,baltnews.com,domain,2,credited-by-mirror
lt,2024-08-30,Telegram: InfoDefenseLIT,telegram,5,credited-by-mirror
lt,2024-08-30,Telegram: baltnews,telegram,13,credited-by-mirror
lt,2024-08-30,Telegram: news_lv,telegram,2,credited-by-mirror
lt,2024-08-30,Telegram: sputniknews_lt,telegram,12,credited-by-mirror
lt,2024-08-30,baltnews.com,domain,4,credited-by-mirror
lt,2024-08-31,Telegram: InfoDefenseLIT,telegram,6,credited-by-mirror
lt,2024-08-31,Telegram: baltnews,telegram,5,credited-by-mirror
lt,2024-08-31,Telegram: news_lv,telegram,4,credited-by-mirror
lt,2024-08-31,Telegram: sputniklive,telegram,2,credited-by-mirror
lt,2024-08-31,Telegram: sputniknews_lt,telegram,13,credited-by-mirror
lt,2024-08-31,lenta.ru,domain,1,credited-by-mirror
md,2024-08-01,Telegram: KpMoldova,telegram,22,credited-by-mirror
md,2024-08-01,Telegram: md_krot,telegram,15,credited-by-mirror
md,2024-08-01,Telegram: mdsputnikmd,telegram,32,credited-by-mirror
md,2024-08-01,Telegram: moldovaexpress,telegram,6,credited-by-mirror
md,2024-08-01,Telegram: romania_ru,telegram,12,credited-by-mirror
md,2024-08-01,Telegram: rusputnikmd,telegram,43,credited-by-mirror
md,2024-08-01,Telegram: salutmd,telegram,16,credited-by-mirror
md,2024-08-01,Telegram: trech_kich,telegram,13,credited-by-mirror
md,2024-08-02,Telegram: KpMoldova,telegram,24,credited-by-mirror
md,2024-08-02,Telegram: md_krot,telegram,12,credited-by-mirror
md,2024-08-02,Telegram: mdsputnikmd,telegram,17,credited-by-mirror
md,2024-08-02,Telegram: moldovaexpress,telegram,9,credited-by-mirror
md,2024-08-02,Telegram: romania_ru,telegram,13,credited-by-mirror
md,2024-08-02,Telegram: rusputnikmd,telegram,41,credited-by-mirror
md,2024-08-02,Telegram: salutmd,telegram,13,credited-by-mirror
md,2024-08-02,Telegram: trech_kich,telegram,13,credited-by-mirror
md,2024-08-03,Telegram: KpMoldova,telegram,26,credited-by-mirror
md,2024-08-03,Telegram: md_krot,telegram,8,credited-by-mirror
md,2024-08-03,Telegram: mdsputnikmd,telegram,17,credited-by-mirror
md,2024-08-03,Telegram: moldovaexpress,telegram,7,credited-by-mirror
md,2024-08-03,Telegram: romania_ru,telegram,6,credited-by-mirror
md,2024-08-03,Telegram: rusputnikmd,telegram,26,credited-by-mirror
md,2024-08-03,Telegram: salutmd,telegram,9,credited-by-mirror
md,2024-08-03,Telegram: trech_kich,telegram,11,credited-by-mirror
md,2024-08-04,Telegram: KpMoldova,telegram,13,credited-by-mirror
md,2024-08-04,Telegram: md_krot,telegram,6,credited-by-mirror
md,2024-08-04,Telegram: mdsputnikmd,telegram,17,credited-by-mirror
md,2024-08-04,Telegram: moldovaexpress,telegram,6,credited-by-mirror
md,2024-08-04,Telegram: romania_ru,telegram,7,credited-by-mirror
md,2024-08-04,Telegram: rusputnikmd,telegram,31,credited-by-mirror
md,2024-08-04,Telegram: salutmd,telegram,7,credited-by-mirror
md,2024-08-04,Telegram: trech_kich,telegram,10,credited-by-mirror
md,2024-08-05,Telegram: KpMoldova,telegram,24,credited-by-mirror
md,2024-08-05,Telegram: md_krot,telegram,9,credited-by-mirror
md,2024-08-05,Telegram: mdsputnikmd,telegram,23,credited-by-mirror
md,2024-08-05,Telegram: moldovaexpress,telegram,8,credited-by-mirror
md,2024-08-05,Telegram: romania_ru,telegram,11,credited-by-mirror
md,2024-08-05,Telegram: rusputnikmd,telegram,23,credited-by-mirror
md,2024-08-05,Telegram: salutmd,telegram,12,credited-by-mirror
md,2024-08-05,Telegram: trech_kich,telegram,13,credited-by-mirror
md,2024-08-06,Telegram: KpMoldova,telegram,19,credited-by-mirror
md,2024-08-06,Telegram: md_krot,telegram,11,credited-by-mirror
md,2024-08-06,Telegram: mdsputnikmd,telegram,25,credited-by-mirror
md,2024-08-06,Telegram: moldovaexpress,telegram,7,credited-by-mirror
md,2024-08-06,Telegram: romania_ru,telegram,7,credited-by-mirror
md,2024-08-06,Telegram: rusputnikmd,telegram,29,credited-by-mirror
md,2024-08-06,Telegram: salutmd,telegram,19,credited-by-mirror
md,2024-08-06,Telegram: trech_kich,telegram,15,credited-by-mirror
md,2024-08-07,Telegram: KpMoldova,telegram,32,credited-by-mirror
md,2024-08-07,Telegram: md_krot,telegram,12,credited-by-mirror
md,2024-08-07,Telegram: mdsputnikmd,telegram,19,credited-by-mirror
md,2024-08-07,Telegram: moldovaexpress,telegram,9,credited-by-mirror
md,2024-08-07,Telegram: romania_ru,telegram,9,credited-by-mirror
md,2024-08-07,Telegram: rusputnikmd,telegram,32,credited-by-mirror
md,2024-08-07,Telegram: salutmd,telegram,15,credited-by-mirror
md,2024-08-07,Telegram: trech_kich,telegram,16,credited-by-mirror
md,2024-08-08,Telegram: KpMoldova,telegram,22,credited-by-mirror
md,2024-08-08,Telegram: md_krot,telegram,18,credited-by-mirror
md,2024-08-08,Telegram: mdsputnikmd,telegram,44,credited-by-mirror
md,2024-08-08,Telegram: moldovaexpress,telegram,10,credited-by-mirror
md,2024-08-08,Telegram: romania_ru,telegram,10,credited-by-mirror
md,2024-08-08,Telegram: rusputnikmd,telegram,33,credited-by-mirror
md,2024-08-08,Telegram: salutmd,telegram,12,credited-by-mirror
md,2024-08-08,Telegram: trech_kich,telegram,17,credited-by-mirror
md,2024-08-09,Telegram: KpMoldova,telegram,37,credited-by-mirror
md,2024-08-09,Telegram: md_krot,telegram,16,credited-by-mirror
md,2024-08-09,Telegram: mdsputnikmd,telegram,33,credited-by-mirror
md,2024-08-09,Telegram: moldovaexpress,telegram,9,credited-by-mirror
md,2024-08-09,Telegram: romania_ru,telegram,15,credited-by-mirror
md,2024-08-09,Telegram: rusputnikmd,telegram,35,credited-by-mirror
md,2024-08-09,Telegram: salutmd,telegram,11,credited-by-mirror
md,2024-08-09,Telegram: trech_kich,telegram,15,credited-by-mirror
md,2024-08-09,Telegram: ultimaoramd,telegram,2,credited-by-mirror
md,2024-08-10,Telegram: KpMoldova,telegram,24,credited-by-mirror
md,2024-08-10,Telegram: md_krot,telegram,7,credited-by-mirror
md,2024-08-10,Telegram: mdsputnikmd,telegram,15,credited-by-mirror
md,2024-08-10,Telegram: moldovaexpress,telegram,6,credited-by-mirror
md,2024-08-10,Telegram: romania_ru,telegram,7,credited-by-mirror
md,2024-08-10,Telegram: rusputnikmd,telegram,26,credited-by-mirror
md,2024-08-10,Telegram: salutmd,telegram,7,credited-by-mirror
md,2024-08-10,Telegram: trech_kich,telegram,10,credited-by-mirror
md,2024-08-10,Telegram: ultimaoramd,telegram,12,credited-by-mirror
md,2024-08-11,Telegram: KpMoldova,telegram,24,credited-by-mirror
md,2024-08-11,Telegram: md_krot,telegram,6,credited-by-mirror
md,2024-08-11,Telegram: mdsputnikmd,telegram,20,credited-by-mirror
md,2024-08-11,Telegram: moldovaexpress,telegram,6,credited-by-mirror
md,2024-08-11,Telegram: romania_ru,telegram,5,credited-by-mirror
md,2024-08-11,Telegram: rusputnikmd,telegram,19,credited-by-mirror
md,2024-08-11,Telegram: salutmd,telegram,5,credited-by-mirror
md,2024-08-11,Telegram: trech_kich,telegram,10,credited-by-mirror
md,2024-08-11,Telegram: ultimaoramd,telegram,12,credited-by-mirror
md,2024-08-12,Telegram: KpMoldova,telegram,28,credited-by-mirror
md,2024-08-12,Telegram: md_krot,telegram,13,credited-by-mirror
md,2024-08-12,Telegram: mdsputnikmd,telegram,38,credited-by-mirror
md,2024-08-12,Telegram: moldovaexpress,telegram,6,credited-by-mirror
md,2024-08-12,Telegram: romania_ru,telegram,10,credited-by-mirror
md,2024-08-12,Telegram: rusputnikmd,telegram,34,credited-by-mirror
md,2024-08-12,Telegram: salutmd,telegram,11,credited-by-mirror
md,2024-08-12,Telegram: trech_kich,telegram,12,credited-by-mirror
md,2024-08-12,Telegram: ultimaoramd,telegram,20,credited-by-mirror
md,2024-08-13,Telegram: KpMoldova,telegram,24,credited-by-mirror
md,2024-08-13,Telegram: md_krot,telegram,13,credited-by-mirror
md,2024-08-13,Telegram: mdsputnikmd,telegram,30,credited-by-mirror
md,2024-08-13,Telegram: moldovaexpress,telegram,8,credited-by-mirror
md,2024-08-13,Telegram: romania_ru,telegram,9,credited-by-mirror
md,2024-08-13,Telegram: rusputnikmd,telegram,33,credited-by-mirror
md,2024-08-13,Telegram: salutmd,telegram,10,credited-by-mirror
md,2024-08-13,Telegram: trech_kich,telegram,10,credited-by-mirror
md,2024-08-13,Telegram: ultimaoramd,telegram,15,credited-by-mirror
md,2024-08-14,Telegram: KpMoldova,telegram,21,credited-by-mirror
md,2024-08-14,Telegram: md_krot,telegram,13,credited-by-mirror
md,2024-08-14,Telegram: mdsputnikmd,telegram,25,credited-by-mirror
md,2024-08-14,Telegram: moldovaexpress,telegram,6,credited-by-mirror
md,2024-08-14,Telegram: romania_ru,telegram,12,credited-by-mirror
md,2024-08-14,Telegram: rusputnikmd,telegram,38,credited-by-mirror
md,2024-08-14,Telegram: salutmd,telegram,11,credited-by-mirror
md,2024-08-14,Telegram: trech_kich,telegram,11,credited-by-mirror
md,2024-08-14,Telegram: ultimaoramd,telegram,17,credited-by-mirror
md,2024-08-15,Telegram: KpMoldova,telegram,20,credited-by-mirror
md,2024-08-15,Telegram: md_krot,telegram,7,credited-by-mirror
md,2024-08-15,Telegram: mdsputnikmd,telegram,27,credited-by-mirror
md,2024-08-15,Telegram: moldovaexpress,telegram,6,credited-by-mirror
md,2024-08-15,Telegram: romania_ru,telegram,15,credited-by-mirror
md,2024-08-15,Telegram: rusputnikmd,telegram,54,credited-by-mirror
md,2024-08-15,Telegram: salutmd,telegram,19,credited-by-mirror
md,2024-08-15,Telegram: trech_kich,telegram,12,credited-by-mirror
md,2024-08-15,Telegram: ultimaoramd,telegram,24,credited-by-mirror
md,2024-08-16,Telegram: KpMoldova,telegram,17,credited-by-mirror
md,2024-08-16,Telegram: md_krot,telegram,14,credited-by-mirror
md,2024-08-16,Telegram: mdsputnikmd,telegram,39,credited-by-mirror
md,2024-08-16,Telegram: moldovaexpress,telegram,8,credited-by-mirror
md,2024-08-16,Telegram: romania_ru,telegram,10,credited-by-mirror
md,2024-08-16,Telegram: rusputnikmd,telegram,46,credited-by-mirror
md,2024-08-16,Telegram: salutmd,telegram,22,credited-by-mirror
md,2024-08-16,Telegram: trech_kich,telegram,17,credited-by-mirror
md,2024-08-16,Telegram: ultimaoramd,telegram,28,credited-by-mirror
md,2024-08-17,Telegram: KpMoldova,telegram,22,credited-by-mirror
md,2024-08-17,Telegram: md_krot,telegram,11,credited-by-mirror
md,2024-08-17,Telegram: mdsputnikmd,telegram,25,credited-by-mirror
md,2024-08-17,Telegram: moldovaexpress,telegram,9,credited-by-mirror
md,2024-08-17,Telegram: romania_ru,telegram,5,credited-by-mirror
md,2024-08-17,Telegram: rusputnikmd,telegram,23,credited-by-mirror
md,2024-08-17,Telegram: salutmd,telegram,10,credited-by-mirror
md,2024-08-17,Telegram: trech_kich,telegram,11,credited-by-mirror
md,2024-08-17,Telegram: ultimaoramd,telegram,10,credited-by-mirror
md,2024-08-18,Telegram: KpMoldova,telegram,24,credited-by-mirror
md,2024-08-18,Telegram: md_krot,telegram,8,credited-by-mirror
md,2024-08-18,Telegram: mdsputnikmd,telegram,24,credited-by-mirror
md,2024-08-18,Telegram: moldovaexpress,telegram,8,credited-by-mirror
md,2024-08-18,Telegram: romania_ru,telegram,2,credited-by-mirror
md,2024-08-18,Telegram: rusputnikmd,telegram,30,credited-by-mirror
md,2024-08-18,Telegram: salutmd,telegram,9,credited-by-mirror
md,2024-08-18,Telegram: trech_kich,telegram,10,credited-by-mirror
md,2024-08-18,Telegram: ultimaoramd,telegram,17,credited-by-mirror
md,2024-08-19,Telegram: KpMoldova,telegram,24,credited-by-mirror
md,2024-08-19,Telegram: md_krot,telegram,12,credited-by-mirror
md,2024-08-19,Telegram: mdsputnikmd,telegram,25,credited-by-mirror
md,2024-08-19,Telegram: moldovaexpress,telegram,9,credited-by-mirror
md,2024-08-19,Telegram: romania_ru,telegram,10,credited-by-mirror
md,2024-08-19,Telegram: rusputnikmd,telegram,36,credited-by-mirror
md,2024-08-19,Telegram: salutmd,telegram,14,credited-by-mirror
md,2024-08-19,Telegram: trech_kich,telegram,17,credited-by-mirror
md,2024-08-19,Telegram: ultimaoramd,telegram,36,credited-by-mirror
md,2024-08-20,Telegram: KpMoldova,telegram,16,credited-by-mirror
md,2024-08-20,Telegram: md_krot,telegram,15,credited-by-mirror
md,2024-08-20,Telegram: mdsputnikmd,telegram,41,credited-by-mirror
md,2024-08-20,Telegram: moldovaexpress,telegram,8,credited-by-mirror
md,2024-08-20,Telegram: romania_ru,telegram,11,credited-by-mirror
md,2024-08-20,Telegram: rusputnikmd,telegram,59,credited-by-mirror
md,2024-08-20,Telegram: salutmd,telegram,22,credited-by-mirror
md,2024-08-20,Telegram: trech_kich,telegram,14,credited-by-mirror
md,2024-08-20,Telegram: ultimaoramd,telegram,17,credited-by-mirror
md,2024-08-21,Telegram: KpMoldova,telegram,25,credited-by-mirror
md,2024-08-21,Telegram: md_krot,telegram,12,credited-by-mirror
md,2024-08-21,Telegram: mdsputnikmd,telegram,39,credited-by-mirror
md,2024-08-21,Telegram: moldovaexpress,telegram,8,credited-by-mirror
md,2024-08-21,Telegram: romania_ru,telegram,10,credited-by-mirror
md,2024-08-21,Telegram: rusputnikmd,telegram,66,credited-by-mirror
md,2024-08-21,Telegram: salutmd,telegram,19,credited-by-mirror
md,2024-08-21,Telegram: trech_kich,telegram,12,credited-by-mirror
md,2024-08-21,Telegram: ultimaoramd,telegram,17,credited-by-mirror
md,2024-08-22,Telegram: KpMoldova,telegram,25,credited-by-mirror
md,2024-08-22,Telegram: md_krot,telegram,14,credited-by-mirror
md,2024-08-22,Telegram: mdsputnikmd,telegram,27,credited-by-mirror
md,2024-08-22,Telegram: moldovaexpress,telegram,8,credited-by-mirror
md,2024-08-22,Telegram: romania_ru,telegram,10,credited-by-mirror
md,2024-08-22,Telegram: rusputnikmd,telegram,58,credited-by-mirror
md,2024-08-22,Telegram: salutmd,telegram,18,credited-by-mirror
md,2024-08-22,Telegram: trech_kich,telegram,13,credited-by-mirror
md,2024-08-22,Telegram: ultimaoramd,telegram,14,credited-by-mirror
md,2024-08-23,Telegram: KpMoldova,telegram,30,credited-by-mirror
md,2024-08-23,Telegram: md_krot,telegram,13,credited-by-mirror
md,2024-08-23,Telegram: mdsputnikmd,telegram,20,credited-by-mirror
md,2024-08-23,Telegram: moldovaexpress,telegram,11,credited-by-mirror
md,2024-08-23,Telegram: romania_ru,telegram,11,credited-by-mirror
md,2024-08-23,Telegram: rusputnikmd,telegram,56,credited-by-mirror
md,2024-08-23,Telegram: salutmd,telegram,15,credited-by-mirror
md,2024-08-23,Telegram: trech_kich,telegram,15,credited-by-mirror
md,2024-08-23,Telegram: ultimaoramd,telegram,19,credited-by-mirror
md,2024-08-24,Telegram: KpMoldova,telegram,37,credited-by-mirror
md,2024-08-24,Telegram: md_krot,telegram,8,credited-by-mirror
md,2024-08-24,Telegram: mdsputnikmd,telegram,29,credited-by-mirror
md,2024-08-24,Telegram: moldovaexpress,telegram,9,credited-by-mirror
md,2024-08-24,Telegram: romania_ru,telegram,7,credited-by-mirror
md,2024-08-24,Telegram: rusputnikmd,telegram,49,credited-by-mirror
md,2024-08-24,Telegram: salutmd,telegram,7,credited-by-mirror
md,2024-08-24,Telegram: trech_kich,telegram,10,credited-by-mirror
md,2024-08-24,Telegram: ultimaoramd,telegram,9,credited-by-mirror
md,2024-08-25,Telegram: KpMoldova,telegram,24,credited-by-mirror
md,2024-08-25,Telegram: md_krot,telegram,9,credited-by-mirror
md,2024-08-25,Telegram: mdsputnikmd,telegram,21,credited-by-mirror
md,2024-08-25,Telegram: moldovaexpress,telegram,6,credited-by-mirror
md,2024-08-25,Telegram: romania_ru,telegram,7,credited-by-mirror
md,2024-08-25,Telegram: rusputnikmd,telegram,31,credited-by-mirror
md,2024-08-25,Telegram: salutmd,telegram,11,credited-by-mirror
md,2024-08-25,Telegram: trech_kich,telegram,9,credited-by-mirror
md,2024-08-25,Telegram: ultimaoramd,telegram,9,credited-by-mirror
md,2024-08-26,Telegram: KpMoldova,telegram,29,credited-by-mirror
md,2024-08-26,Telegram: md_krot,telegram,11,credited-by-mirror
md,2024-08-26,Telegram: mdsputnikmd,telegram,23,credited-by-mirror
md,2024-08-26,Telegram: moldovaexpress,telegram,10,credited-by-mirror
md,2024-08-26,Telegram: romania_ru,telegram,18,credited-by-mirror
md,2024-08-26,Telegram: rusputnikmd,telegram,48,credited-by-mirror
md,2024-08-26,Telegram: salutmd,telegram,20,credited-by-mirror
md,2024-08-26,Telegram: trech_kich,telegram,12,credited-by-mirror
md,2024-08-26,Telegram: ultimaoramd,telegram,34,credited-by-mirror
md,2024-08-27,Telegram: KpMoldova,telegram,29,credited-by-mirror
md,2024-08-27,Telegram: md_krot,telegram,11,credited-by-mirror
md,2024-08-27,Telegram: mdsputnikmd,telegram,31,credited-by-mirror
md,2024-08-27,Telegram: moldovaexpress,telegram,10,credited-by-mirror
md,2024-08-27,Telegram: romania_ru,telegram,10,credited-by-mirror
md,2024-08-27,Telegram: rusputnikmd,telegram,61,credited-by-mirror
md,2024-08-27,Telegram: salutmd,telegram,22,credited-by-mirror
md,2024-08-27,Telegram: trech_kich,telegram,14,credited-by-mirror
md,2024-08-27,Telegram: ultimaoramd,telegram,25,credited-by-mirror
md,2024-08-28,Telegram: KpMoldova,telegram,28,credited-by-mirror
md,2024-08-28,Telegram: md_krot,telegram,15,credited-by-mirror
md,2024-08-28,Telegram: mdsputnikmd,telegram,32,credited-by-mirror
md,2024-08-28,Telegram: moldovaexpress,telegram,8,credited-by-mirror
md,2024-08-28,Telegram: romania_ru,telegram,16,credited-by-mirror
md,2024-08-28,Telegram: rusputnikmd,telegram,48,credited-by-mirror
md,2024-08-28,Telegram: salutmd,telegram,17,credited-by-mirror
md,2024-08-28,Telegram: trech_kich,telegram,13,credited-by-mirror
md,2024-08-28,Telegram: ultimaoramd,telegram,24,credited-by-mirror
md,2024-08-29,Telegram: KpMoldova,telegram,20,credited-by-mirror
md,2024-08-29,Telegram: md_krot,telegram,17,credited-by-mirror
md,2024-08-29,Telegram: mdsputnikmd,telegram,27,credited-by-mirror
md,2024-08-29,Telegram: moldovaexpress,telegram,10,credited-by-mirror
md,2024-08-29,Telegram: romania_ru,telegram,13,credited-by-mirror
md,2024-08-29,Telegram: rusputnikmd,telegram,57,credited-by-mirror
md,2024-08-29,Telegram: salutmd,telegram,21,credited-by-mirror
md,2024-08-29,Telegram: trech_kich,telegram,18,credited-by-mirror
md,2024-08-29,Telegram: ultimaoramd,telegram,32,credited-by-mirror
md,2024-08-30,Telegram: KpMoldova,telegram,20,credited-by-mirror
md,2024-08-30,Telegram: md_krot,telegram,17,credited-by-mirror
md,2024-08-30,Telegram: mdsputnikmd,telegram,17,credited-by-mirror
md,2024-08-30,Telegram: moldovaexpress,telegram,9,credited-by-mirror
md,2024-08-30,Telegram: romania_ru,telegram,12,credited-by-mirror
md,2024-08-30,Telegram: rusputnikmd,telegram,60,credited-by-mirror
md,2024-08-30,Telegram: salutmd,telegram,21,credited-by-mirror
md,2024-08-30,Telegram: trech_kich,telegram,12,credited-by-mirror
md,2024-08-30,Telegram: ultimaoramd,telegram,29,credited-by-mirror
md,2024-08-31,Telegram: KpMoldova,telegram,19,credited-by-mirror
md,2024-08-31,Telegram: md_krot,telegram,7,credited-by-mirror
md,2024-08-31,Telegram: mdsputnikmd,telegram,19,credited-by-mirror
md,2024-08-31,Telegram: moldovaexpress,telegram,8,credited-by-mirror
md,2024-08-31,Telegram: romania_ru,telegram,9,credited-by-mirror
md,2024-08-31,Telegram: rusputnikmd,telegram,50,credited-by-mirror
md,2024-08-31,Telegram: salutmd,telegram,9,credited-by-mirror
md,2024-08-31,Telegram: trech_kich,telegram,12,credited-by-mirror
md,2024-08-31,Telegram: ultimaoramd,telegram,15,credited-by-mirror
moldova,2024-08-01,Telegram: KpMoldova,telegram,22,credited-by-mirror
moldova,2024-08-01,Telegram: md_krot,telegram,15,credited-by-mirror
moldova,2024-08-01,Telegram: mdsputnikmd,telegram,32,credited-by-mirror
moldova,2024-08-01,Telegram: moldovaexpress,telegram,6,credited-by-mirror
moldova,2024-08-01,Telegram: romania_ru,telegram,12,credited-by-mirror
moldova,2024-08-01,Telegram: rusputnikmd,telegram,43,credited-by-mirror
moldova,2024-08-01,Telegram: salutmd,telegram,16,credited-by-mirror
moldova,2024-08-01,Telegram: trech_kich,telegram,13,credited-by-mirror
moldova,2024-08-02,Telegram: KpMoldova,telegram,24,credited-by-mirror
moldova,2024-08-02,Telegram: md_krot,telegram,12,credited-by-mirror
moldova,2024-08-02,Telegram: mdsputnikmd,telegram,17,credited-by-mirror
moldova,2024-08-02,Telegram: moldovaexpress,telegram,9,credited-by-mirror
moldova,2024-08-02,Telegram: romania_ru,telegram,13,credited-by-mirror
moldova,2024-08-02,Telegram: rusputnikmd,telegram,41,credited-by-mirror
moldova,2024-08-02,Telegram: salutmd,telegram,13,credited-by-mirror
moldova,2024-08-02,Telegram: trech_kich,telegram,13,credited-by-mirror
moldova,2024-08-03,Telegram: KpMoldova,telegram,26,credited-by-mirror
moldova,2024-08-03,Telegram: md_krot,telegram,8,credited-by-mirror
moldova,2024-08-03,Telegram: mdsputnikmd,telegram,17,credited-by-mirror
moldova,2024-08-03,Telegram: moldovaexpress,telegram,7,credited-by-mirror
moldova,2024-08-03,Telegram: romania_ru,telegram,6,credited-by-mirror
moldova,2024-08-03,Telegram: rusputnikmd,telegram,26,credited-by-mirror
moldova,2024-08-03,Telegram: salutmd,telegram,9,credited-by-mirror
moldova,2024-08-03,Telegram: trech_kich,telegram,11,credited-by-mirror
moldova,2024-08-04,Telegram: KpMoldova,telegram,13,credited-by-mirror
moldova,2024-08-04,Telegram: md_krot,telegram,6,credited-by-mirror
moldova,2024-08-04,Telegram: mdsputnikmd,telegram,17,credited-by-mirror
moldova,2024-08-04,Telegram: moldovaexpress,telegram,6,credited-by-mirror
moldova,2024-08-04,Telegram: romania_ru,telegram,7,credited-by-mirror
moldova,2024-08-04,Telegram: rusputnikmd,telegram,31,credited-by-mirror
moldova,2024-08-04,Telegram: salutmd,telegram,7,credited-by-mirror
moldova,2024-08-04,Telegram: trech_kich,telegram,10,credited-by-mirror
moldova,2024-08-05,Telegram: KpMoldova,telegram,24,credited-by-mirror
moldova,2024-08-05,Telegram: md_krot,telegram,9,credited-by-mirror
moldova,2024-08-05,Telegram: mdsputnikmd,telegram,23,credited-by-mirror
moldova,2024-08-05,Telegram: moldovaexpress,telegram,8,credited-by-mirror
moldova,2024-08-05,Telegram: romania_ru,telegram,11,credited-by-mirror
moldova,2024-08-05,Telegram: rusputnikmd,telegram,23,credited-by-mirror
moldova,2024-08-05,Telegram: salutmd,telegram,12,credited-by-mirror
moldova,2024-08-05,Telegram: trech_kich,telegram,13,credited-by-mirror
moldova,2024-08-06,Telegram: KpMoldova,telegram,19,credited-by-mirror
moldova,2024-08-06,Telegram: md_krot,telegram,11,credited-by-mirror
moldova,2024-08-06,Telegram: mdsputnikmd,telegram,25,credited-by-mirror
moldova,2024-08-06,Telegram: moldovaexpress,telegram,7,credited-by-mirror
moldova,2024-08-06,Telegram: romania_ru,telegram,7,credited-by-mirror
moldova,2024-08-06,Telegram: rusputnikmd,telegram,29,credited-by-mirror
moldova,2024-08-06,Telegram: salutmd,telegram,19,credited-by-mirror
moldova,2024-08-06,Telegram: trech_kich,telegram,15,credited-by-mirror
moldova,2024-08-07,Telegram: KpMoldova,telegram,32,credited-by-mirror
moldova,2024-08-07,Telegram: md_krot,telegram,12,credited-by-mirror
moldova,2024-08-07,Telegram: mdsputnikmd,telegram,19,credited-by-mirror
moldova,2024-08-07,Telegram: moldovaexpress,telegram,9,credited-by-mirror
moldova,2024-08-07,Telegram: romania_ru,telegram,9,credited-by-mirror
moldova,2024-08-07,Telegram: rusputnikmd,telegram,32,credited-by-mirror
moldova,2024-08-07,Telegram: salutmd,telegram,15,credited-by-mirror
moldova,2024-08-07,Telegram: trech_kich,telegram,16,credited-by-mirror
moldova,2024-08-08,Telegram: KpMoldova,telegram,22,credited-by-mirror
moldova,2024-08-08,Telegram: md_krot,telegram,18,credited-by-mirror
moldova,2024-08-08,Telegram: mdsputnikmd,telegram,44,credited-by-mirror
moldova,2024-08-08,Telegram: moldovaexpress,telegram,10,credited-by-mirror
moldova,2024-08-08,Telegram: romania_ru,telegram,10,credited-by-mirror
moldova,2024-08-08,Telegram: rusputnikmd,telegram,33,credited-by-mirror
moldova,2024-08-08,Telegram: salutmd,telegram,12,credited-by-mirror
moldova,2024-08-08,Telegram: trech_kich,telegram,17,credited-by-mirror
moldova,2024-08-09,Telegram: KpMoldova,telegram,37,credited-by-mirror
moldova,2024-08-09,Telegram: md_krot,telegram,16,credited-by-mirror
moldova,2024-08-09,Telegram: mdsputnikmd,telegram,33,credited-by-mirror
moldova,2024-08-09,Telegram: moldovaexpress,telegram,9,credited-by-mirror
moldova,2024-08-09,Telegram: romania_ru,telegram,15,credited-by-mirror
moldova,2024-08-09,Telegram: rusputnikmd,telegram,35,credited-by-mirror
moldova,2024-08-09,Telegram: salutmd,telegram,11,credited-by-mirror
moldova,2024-08-09,Telegram: trech_kich,telegram,15,credited-by-mirror
moldova,2024-08-09,Telegram: ultimaoramd,telegram,2,credited-by-mirror
moldova,2024-08-10,Telegram: KpMoldova,telegram,24,credited-by-mirror
moldova,2024-08-10,Telegram: md_krot,telegram,7,credited-by-mirror
moldova,2024-08-10,Telegram: mdsputnikmd,telegram,15,credited-by-mirror
moldova,2024-08-10,Telegram: moldovaexpress,telegram,6,credited-by-mirror
moldova,2024-08-10,Telegram: romania_ru,telegram,7,credited-by-mirror
moldova,2024-08-10,Telegram: rusputnikmd,telegram,26,credited-by-mirror
moldova,2024-08-10,Telegram: salutmd,telegram,7,credited-by-mirror
moldova,2024-08-10,Telegram: trech_kich,telegram,10,credited-by-mirror
moldova,2024-08-10,Telegram: ultimaoramd,telegram,12,credited-by-mirror
moldova,2024-08-11,Telegram: KpMoldova,telegram,24,credited-by-mirror
moldova,2024-08-11,Telegram: md_krot,telegram,6,credited-by-mirror
moldova,2024-08-11,Telegram: mdsputnikmd,telegram,20,credited-by-mirror
moldova,2024-08-11,Telegram: moldovaexpress,telegram,6,credited-by-mirror
moldova,2024-08-11,Telegram: romania_ru,telegram,5,credited-by-mirror
moldova,2024-08-11,Telegram: rusputnikmd,telegram,19,credited-by-mirror
moldova,2024-08-11,Telegram: salutmd,telegram,5,credited-by-mirror
moldova,2024-08-11,Telegram: trech_kich,telegram,10,credited-by-mirror
moldova,2024-08-11,Telegram: ultimaoramd,telegram,12,credited-by-mirror
moldova,2024-08-12,Telegram: KpMoldova,telegram,28,credited-by-mirror
moldova,2024-08-12,Telegram: md_krot,telegram,13,credited-by-mirror
moldova,2024-08-12,Telegram: mdsputnikmd,telegram,38,credited-by-mirror
moldova,2024-08-12,Telegram: moldovaexpress,telegram,6,credited-by-mirror
moldova,2024-08-12,Telegram: romania_ru,telegram,10,credited-by-mirror
moldova,2024-08-12,Telegram: rusputnikmd,telegram,34,credited-by-mirror
moldova,2024-08-12,Telegram: salutmd,telegram,11,credited-by-mirror
moldova,2024-08-12,Telegram: trech_kich,telegram,12,credited-by-mirror
moldova,2024-08-12,Telegram: ultimaoramd,telegram,20,credited-by-mirror
moldova,2024-08-13,Telegram: KpMoldova,telegram,24,credited-by-mirror
moldova,2024-08-13,Telegram: md_krot,telegram,13,credited-by-mirror
moldova,2024-08-13,Telegram: mdsputnikmd,telegram,30,credited-by-mirror
moldova,2024-08-13,Telegram: moldovaexpress,telegram,8,credited-by-mirror
moldova,2024-08-13,Telegram: romania_ru,telegram,9,credited-by-mirror
moldova,2024-08-13,Telegram: rusputnikmd,telegram,33,credited-by-mirror
moldova,2024-08-13,Telegram: salutmd,telegram,10,credited-by-mirror
moldova,2024-08-13,Telegram: trech_kich,telegram,10,credited-by-mirror
moldova,2024-08-13,Telegram: ultimaoramd,telegram,15,credited-by-mirror
moldova,2024-08-14,Telegram: KpMoldova,telegram,21,credited-by-mirror
moldova,2024-08-14,Telegram: md_krot,telegram,13,credited-by-mirror
moldova,2024-08-14,Telegram: mdsputnikmd,telegram,25,credited-by-mirror
moldova,2024-08-14,Telegram: moldovaexpress,telegram,6,credited-by-mirror
moldova,2024-08-14,Telegram: romania_ru,telegram,12,credited-by-mirror
moldova,2024-08-14,Telegram: rusputnikmd,telegram,38,credited-by-mirror
moldova,2024-08-14,Telegram: salutmd,telegram,11,credited-by-mirror
moldova,2024-08-14,Telegram: trech_kich,telegram,11,credited-by-mirror
moldova,2024-08-14,Telegram: ultimaoramd,telegram,17,credited-by-mirror
moldova,2024-08-15,Telegram: KpMoldova,telegram,20,credited-by-mirror
moldova,2024-08-15,Telegram: md_krot,telegram,7,credited-by-mirror
moldova,2024-08-15,Telegram: mdsputnikmd,telegram,27,credited-by-mirror
moldova,2024-08-15,Telegram: moldovaexpress,telegram,6,credited-by-mirror
moldova,2024-08-15,Telegram: romania_ru,telegram,15,credited-by-mirror
moldova,2024-08-15,Telegram: rusputnikmd,telegram,54,credited-by-mirror
moldova,2024-08-15,Telegram: salutmd,telegram,19,credited-by-mirror
moldova,2024-08-15,Telegram: trech_kich,telegram,12,credited-by-mirror
moldova,2024-08-15,Telegram: ultimaoramd,telegram,24,credited-by-mirror
moldova,2024-08-16,Telegram: KpMoldova,telegram,17,credited-by-mirror
moldova,2024-08-16,Telegram: md_krot,telegram,14,credited-by-mirror
moldova,2024-08-16,Telegram: mdsputnikmd,telegram,39,credited-by-mirror
moldova,2024-08-16,Telegram: moldovaexpress,telegram,8,credited-by-mirror
moldova,2024-08-16,Telegram: romania_ru,telegram,10,credited-by-mirror
moldova,2024-08-16,Telegram: rusputnikmd,telegram,46,credited-by-mirror
moldova,2024-08-16,Telegram: salutmd,telegram,22,credited-by-mirror
moldova,2024-08-16,Telegram: trech_kich,telegram,17,credited-by-mirror
moldova,2024-08-16,Telegram: ultimaoramd,telegram,28,credited-by-mirror
moldova,2024-08-17,Telegram: KpMoldova,telegram,22,credited-by-mirror
moldova,2024-08-17,Telegram: md_krot,telegram,11,credited-by-mirror
moldova,2024-08-17,Telegram: mdsputnikmd,telegram,25,credited-by-mirror
moldova,2024-08-17,Telegram: moldovaexpress,telegram,9,credited-by-mirror
moldova,2024-08-17,Telegram: romania_ru,telegram,5,credited-by-mirror
moldova,2024-08-17,Telegram: rusputnikmd,telegram,23,credited-by-mirror
moldova,2024-08-17,Telegram: salutmd,telegram,10,credited-by-mirror
moldova,2024-08-17,Telegram: trech_kich,telegram,11,credited-by-mirror
moldova,2024-08-17,Telegram: ultimaoramd,telegram,10,credited-by-mirror
moldova,2024-08-18,Telegram: KpMoldova,telegram,24,credited-by-mirror
moldova,2024-08-18,Telegram: md_krot,telegram,8,credited-by-mirror
moldova,2024-08-18,Telegram: mdsputnikmd,telegram,24,credited-by-mirror
moldova,2024-08-18,Telegram: moldovaexpress,telegram,8,credited-by-mirror
moldova,2024-08-18,Telegram: romania_ru,telegram,2,credited-by-mirror
moldova,2024-08-18,Telegram: rusputnikmd,telegram,30,credited-by-mirror
moldova,2024-08-18,Telegram: salutmd,telegram,9,credited-by-mirror
moldova,2024-08-18,Telegram: trech_kich,telegram,10,credited-by-mirror
moldova,2024-08-18,Telegram: ultimaoramd,telegram,17,credited-by-mirror
moldova,2024-08-19,Telegram: KpMoldova,telegram,24,credited-by-mirror
moldova,2024-08-19,Telegram: md_krot,telegram,12,credited-by-mirror
moldova,2024-08-19,Telegram: mdsputnikmd,telegram,25,credited-by-mirror
moldova,2024-08-19,Telegram: moldovaexpress,telegram,9,credited-by-mirror
moldova,2024-08-19,Telegram: romania_ru,telegram,10,credited-by-mirror
moldova,2024-08-19,Telegram: rusputnikmd,telegram,36,credited-by-mirror
moldova,2024-08-19,Telegram: salutmd,telegram,14,credited-by-mirror
moldova,2024-08-19,Telegram: trech_kich,telegram,17,credited-by-mirror
moldova,2024-08-19,Telegram: ultimaoramd,telegram,36,credited-by-mirror
moldova,2024-08-20,Telegram: KpMoldova,telegram,16,credited-by-mirror
moldova,2024-08-20,Telegram: md_krot,telegram,15,credited-by-mirror
moldova,2024-08-20,Telegram: mdsputnikmd,telegram,41,credited-by-mirror
moldova,2024-08-20,Telegram: moldovaexpress,telegram,8,credited-by-mirror
moldova,2024-08-20,Telegram: romania_ru,telegram,11,credited-by-mirror
moldova,2024-08-20,Telegram: rusputnikmd,telegram,59,credited-by-mirror
moldova,2024-08-20,Telegram: salutmd,telegram,22,credited-by-mirror
moldova,2024-08-20,Telegram: trech_kich,telegram,14,credited-by-mirror
moldova,2024-08-20,Telegram: ultimaoramd,telegram,17,credited-by-mirror
moldova,2024-08-21,Telegram: KpMoldova,telegram,25,credited-by-mirror
moldova,2024-08-21,Telegram: md_krot,telegram,12,credited-by-mirror
moldova,2024-08-21,Telegram: mdsputnikmd,telegram,39,credited-by-mirror
moldova,2024-08-21,Telegram: moldovaexpress,telegram,8,credited-by-mirror
moldova,2024-08-21,Telegram: romania_ru,telegram,10,credited-by-mirror
moldova,2024-08-21,Telegram: rusputnikmd,telegram,66,credited-by-mirror
moldova,2024-08-21,Telegram: salutmd,telegram,19,credited-by-mirror
moldova,2024-08-21,Telegram: trech_kich,telegram,12,credited-by-mirror
moldova,2024-08-21,Telegram: ultimaoramd,telegram,17,credited-by-mirror
moldova,2024-08-22,Telegram: KpMoldova,telegram,25,credited-by-mirror
moldova,2024-08-22,Telegram: md_krot,telegram,14,credited-by-mirror
moldova,2024-08-22,Telegram: mdsputnikmd,telegram,27,credited-by-mirror
moldova,2024-08-22,Telegram: moldovaexpress,telegram,8,credited-by-mirror
moldova,2024-08-22,Telegram: romania_ru,telegram,10,credited-by-mirror
moldova,2024-08-22,Telegram: rusputnikmd,telegram,58,credited-by-mirror
moldova,2024-08-22,Telegram: salutmd,telegram,18,credited-by-mirror
moldova,2024-08-22,Telegram: trech_kich,telegram,13,credited-by-mirror
moldova,2024-08-22,Telegram: ultimaoramd,telegram,14,credited-by-mirror
moldova,2024-08-23,Telegram: KpMoldova,telegram,30,credited-by-mirror
moldova,2024-08-23,Telegram: md_krot,telegram,13,credited-by-mirror
moldova,2024-08-23,Telegram: mdsputnikmd,telegram,20,credited-by-mirror
moldova,2024-08-23,Telegram: moldovaexpress,telegram,11,credited-by-mirror
moldova,2024-08-23,Telegram: romania_ru,telegram,11,credited-by-mirror
moldova,2024-08-23,Telegram: rusputnikmd,telegram,56,credited-by-mirror
moldova,2024-08-23,Telegram: salutmd,telegram,15,credited-by-mirror
moldova,2024-08-23,Telegram: trech_kich,telegram,15,credited-by-mirror
moldova,2024-08-23,Telegram: ultimaoramd,telegram,19,credited-by-mirror
moldova,2024-08-24,Telegram: KpMoldova,telegram,37,credited-by-mirror
moldova,2024-08-24,Telegram: md_krot,telegram,8,credited-by-mirror
moldova,2024-08-24,Telegram: mdsputnikmd,telegram,29,credited-by-mirror
moldova,2024-08-24,Telegram: moldovaexpress,telegram,9,credited-by-mirror
moldova,2024-08-24,Telegram: romania_ru,telegram,7,credited-by-mirror
moldova,2024-08-24,Telegram: rusputnikmd,telegram,49,credited-by-mirror
moldova,2024-08-24,Telegram: salutmd,telegram,7,credited-by-mirror
moldova,2024-08-24,Telegram: trech_kich,telegram,10,credited-by-mirror
moldova,2024-08-24,Telegram: ultimaoramd,telegram,9,credited-by-mirror
moldova,2024-08-25,Telegram: KpMoldova,telegram,24,credited-by-mirror
moldova,2024-08-25,Telegram: md_krot,telegram,9,credited-by-mirror
moldova,2024-08-25,Telegram: mdsputnikmd,telegram,21,credited-by-mirror
moldova,2024-08-25,Telegram: moldovaexpress,telegram,6,credited-by-mirror
moldova,2024-08-25,Telegram: romania_ru,telegram,7,credited-by-mirror
moldova,2024-08-25,Telegram: rusputnikmd,telegram,31,credited-by-mirror
moldova,2024-08-25,Telegram: salutmd,telegram,11,credited-by-mirror
moldova,2024-08-25,Telegram: trech_kich,telegram,9,credited-by-mirror
moldova,2024-08-25,Telegram: ultimaoramd,telegram,9,credited-by-mirror
moldova,2024-08-26,Telegram: KpMoldova,telegram,29,credited-by-mirror
moldova,2024-08-26,Telegram: md_krot,telegram,11,credited-by-mirror
moldova,2024-08-26,Telegram: mdsputnikmd,telegram,23,credited-by-mirror
moldova,2024-08-26,Telegram: moldovaexpress,telegram,10,credited-by-mirror
moldova,2024-08-26,Telegram: romania_ru,telegram,18,credited-by-mirror
moldova,2024-08-26,Telegram: rusputnikmd,telegram,48,credited-by-mirror
moldova,2024-08-26,Telegram: salutmd,telegram,20,credited-by-mirror
moldova,2024-08-26,Telegram: trech_kich,telegram,12,credited-by-mirror
moldova,2024-08-26,Telegram: ultimaoramd,telegram,34,credited-by-mirror
moldova,2024-08-27,Telegram: KpMoldova,telegram,29,credited-by-mirror
moldova,2024-08-27,Telegram: md_krot,telegram,11,credited-by-mirror
moldova,2024-08-27,Telegram: mdsputnikmd,telegram,31,credited-by-mirror
moldova,2024-08-27,Telegram: moldovaexpress,telegram,10,credited-by-mirror
moldova,2024-08-27,Telegram: romania_ru,telegram,10,credited-by-mirror
moldova,2024-08-27,Telegram: rusputnikmd,telegram,61,credited-by-mirror
moldova,2024-08-27,Telegram: salutmd,telegram,22,credited-by-mirror
moldova,2024-08-27,Telegram: trech_kich,telegram,14,credited-by-mirror
moldova,2024-08-27,Telegram: ultimaoramd,telegram,25,credited-by-mirror
moldova,2024-08-28,Telegram: KpMoldova,telegram,28,credited-by-mirror
moldova,2024-08-28,Telegram: md_krot,telegram,15,credited-by-mirror
moldova,2024-08-28,Telegram: mdsputnikmd,telegram,32,credited-by-mirror
moldova,2024-08-28,Telegram: moldovaexpress,telegram,8,credited-by-mirror
moldova,2024-08-28,Telegram: romania_ru,telegram,16,credited-by-mirror
moldova,2024-08-28,Telegram: rusputnikmd,telegram,48,credited-by-mirror
moldova,2024-08-28,Telegram: salutmd,telegram,17,credited-by-mirror
moldova,2024-08-28,Telegram: trech_kich,telegram,13,credited-by-mirror
moldova,2024-08-28,Telegram: ultimaoramd,telegram,24,credited-by-mirror
moldova,2024-08-29,Telegram: KpMoldova,telegram,20,credited-by-mirror
moldova,2024-08-29,Telegram: md_krot,telegram,17,credited-by-mirror
moldova,2024-08-29,Telegram: mdsputnikmd,telegram,27,credited-by-mirror
moldova,2024-08-29,Telegram: moldovaexpress,telegram,10,credited-by-mirror
moldova,2024-08-29,Telegram: romania_ru,telegram,13,credited-by-mirror
moldova,2024-08-29,Telegram: rusputnikmd,telegram,57,credited-by-mirror
moldova,2024-08-29,Telegram: salutmd,telegram,21,credited-by-mirror
moldova,2024-08-29,Telegram: trech_kich,telegram,18,credited-by-mirror
moldova,2024-08-29,Telegram: ultimaoramd,telegram,32,credited-by-mirror
moldova,2024-08-30,Telegram: KpMoldova,telegram,20,credited-by-mirror
moldova,2024-08-30,Telegram: md_krot,telegram,17,credited-by-mirror
moldova,2024-08-30,Telegram: mdsputnikmd,telegram,17,credited-by-mirror
moldova,2024-08-30,Telegram: moldovaexpress,telegram,9,credited-by-mirror
moldova,2024-08-30,Telegram: romania_ru,telegram,12,credited-by-mirror
moldova,2024-08-30,Telegram: rusputnikmd,telegram,60,credited-by-mirror
moldova,2024-08-30,Telegram: salutmd,telegram,21,credited-by-mirror
moldova,2024-08-30,Telegram: trech_kich,telegram,12,credited-by-mirror
moldova,2024-08-30,Telegram: ultimaoramd,telegram,29,credited-by-mirror
moldova,2024-08-31,Telegram: KpMoldova,telegram,19,credited-by-mirror
moldova,2024-08-31,Telegram: md_krot,telegram,7,credited-by-mirror
moldova,2024-08-31,Telegram: mdsputnikmd,telegram,19,credited-by-mirror
moldova,2024-08-31,Telegram: moldovaexpress,telegram,8,credited-by-mirror
moldova,2024-08-31,Telegram: romania_ru,telegram,9,credited-by-mirror
moldova,2024-08-31,Telegram: rusputnikmd,telegram,50,credited-by-mirror
moldova,2024-08-31,Telegram: salutmd,telegram,9,credited-by-mirror
moldova,2024-08-31,Telegram: trech_kich,telegram,12,credited-by-mirror
moldova,2024-08-31,Telegram: ultimaoramd,telegram,15,credited-by-mirror
niger,2024-08-01,actuniger.com,domain,2,credited-by-mirror
niger,2024-08-01,fr.sputniknews.africa,domain,1,credited-by-mirror
niger,2024-08-01,nigerinter.com,domain,1,credited-by-mirror
niger,2024-08-02,Telegram: africaninitiative,telegram,1,credited-by-mirror
niger,2024-08-02,Telegram: westernafrica,telegram,1,credited-by-mirror
niger,2024-08-02,actuniger.com,domain,4,credited-by-mirror
niger,2024-08-02,airinfoagadez.com,domain,1,credited-by-mirror
niger,2024-08-02,fr.sputniknews.africa,domain,1,credited-by-mirror
niger,2024-08-03,Telegram: RTenfrancais,telegram,3,credited-by-mirror
niger,2024-08-03,Telegram: africaninitiative,telegram,2,credited-by-mirror
niger,2024-08-03,Telegram: sputnik_afrique,telegram,1,credited-by-mirror
niger,2024-08-03,Telegram: westernafrica,telegram,1,credited-by-mirror
niger,2024-08-03,airinfoagadez.com,domain,3,credited-by-mirror
niger,2024-08-03,fr.sputniknews.africa,domain,3,credited-by-mirror
niger,2024-08-04,Telegram: RTenfrancais,telegram,2,credited-by-mirror
niger,2024-08-04,Telegram: africaninitiative,telegram,1,credited-by-mirror
niger,2024-08-04,Telegram: sputnik_afrique,telegram,1,credited-by-mirror
niger,2024-08-04,fr.sputniknews.africa,domain,4,credited-by-mirror
niger,2024-08-04,nigerinter.com,domain,2,credited-by-mirror
niger,2024-08-05,Telegram: RTenfrancais,telegram,3,credited-by-mirror
niger,2024-08-05,Telegram: africaninitiative,telegram,1,credited-by-mirror
niger,2024-08-05,Telegram: sputnik_afrique,telegram,4,credited-by-mirror
niger,2024-08-05,Telegram: westernafrica,telegram,2,credited-by-mirror
niger,2024-08-05,actuniger.com,domain,2,credited-by-mirror
niger,2024-08-05,airinfoagadez.com,domain,2,credited-by-mirror
niger,2024-08-05,fr.sputniknews.africa,domain,1,credited-by-mirror
niger,2024-08-06,Telegram: africaninitiative,telegram,1,credited-by-mirror
niger,2024-08-06,Telegram: sputnik_afrique,telegram,3,credited-by-mirror
niger,2024-08-06,Telegram: westernafrica,telegram,1,credited-by-mirror
niger,2024-08-06,fr.sputniknews.africa,domain,1,credited-by-mirror
niger,2024-08-06,nigerinter.com,domain,1,credited-by-mirror
niger,2024-08-07,Telegram: RTenfrancais,telegram,2,credited-by-mirror
niger,2024-08-07,Telegram: sputnik_afrique,telegram,2,credited-by-mirror
niger,2024-08-07,Telegram: westernafrica,telegram,1,credited-by-mirror
niger,2024-08-07,airinfoagadez.com,domain,1,credited-by-mirror
niger,2024-08-07,fr.sputniknews.africa,domain,3,credited-by-mirror
niger,2024-08-07,nigerinter.com,domain,3,credited-by-mirror
niger,2024-08-08,Telegram: sputnik_afrique,telegram,1,credited-by-mirror
niger,2024-08-08,Telegram: westernafrica,telegram,1,credited-by-mirror
niger,2024-08-08,actuniger.com,domain,3,credited-by-mirror
niger,2024-08-08,airinfoagadez.com,domain,1,credited-by-mirror
niger,2024-08-09,Telegram: RTenfrancais,telegram,3,credited-by-mirror
niger,2024-08-09,Telegram: africaninitiative,telegram,2,credited-by-mirror
niger,2024-08-09,Telegram: sputnik_afrique,telegram,3,credited-by-mirror
niger,2024-08-09,actuniger.com,domain,2,credited-by-mirror
niger,2024-08-09,fr.sputniknews.africa,domain,2,credited-by-mirror
niger,2024-08-10,Telegram: RTenfrancais,telegram,1,credited-by-mirror
niger,2024-08-10,Telegram: africaninitiative,telegram,2,credited-by-mirror
niger,2024-08-10,actuniger.com,domain,1,credited-by-mirror
niger,2024-08-10,airinfoagadez.com,domain,2,credited-by-mirror
niger,2024-08-10,fr.sputniknews.africa,domain,1,credited-by-mirror
niger,2024-08-11,actuniger.com,domain,3,credited-by-mirror
niger,2024-08-11,fr.sputniknews.africa,domain,1,credited-by-mirror
niger,2024-08-11,nigerinter.com,domain,2,credited-by-mirror
niger,2024-08-12,Telegram: africaninitiative,telegram,1,credited-by-mirror
niger,2024-08-12,Telegram: sputnik_afrique,telegram,1,credited-by-mirror
niger,2024-08-12,Telegram: westernafrica,telegram,2,credited-by-mirror
niger,2024-08-12,actuniger.com,domain,1,credited-by-mirror
niger,2024-08-12,airinfoagadez.com,domain,1,credited-by-mirror
niger,2024-08-12,nigerinter.com,domain,2,credited-by-mirror
niger,2024-08-13,actuniger.com,domain,4,credited-by-mirror
niger,2024-08-13,fr.sputniknews.africa,domain,2,credited-by-mirror
niger,2024-08-13,nigerinter.com,domain,2,credited-by-mirror
niger,2024-08-14,Telegram: RTenfrancais,telegram,1,credited-by-mirror
niger,2024-08-14,Telegram: africaninitiative,telegram,1,credited-by-mirror
niger,2024-08-14,Telegram: sputnik_afrique,telegram,3,credited-by-mirror
niger,2024-08-14,actuniger.com,domain,1,credited-by-mirror
niger,2024-08-14,fr.sputniknews.africa,domain,2,credited-by-mirror
niger,2024-08-15,Telegram: RTenfrancais,telegram,3,credited-by-mirror
niger,2024-08-15,Telegram: sputnik_afrique,telegram,3,credited-by-mirror
niger,2024-08-15,Telegram: westernafrica,telegram,2,credited-by-mirror
niger,2024-08-15,actuniger.com,domain,3,credited-by-mirror
niger,2024-08-15,airinfoagadez.com,domain,1,credited-by-mirror
niger,2024-08-16,Telegram: africaninitiative,telegram,1,credited-by-mirror
niger,2024-08-16,Telegram: sputnik_afrique,telegram,1,credited-by-mirror
niger,2024-08-16,Telegram: westernafrica,telegram,1,credited-by-mirror
niger,2024-08-16,actuniger.com,domain,1,credited-by-mirror
niger,2024-08-16,fr.sputniknews.africa,domain,1,credited-by-mirror
niger,2024-08-17,actuniger.com,domain,5,credited-by-mirror
niger,2024-08-17,airinfoagadez.com,domain,3,credited-by-mirror
niger,2024-08-17,fr.sputniknews.africa,domain,1,credited-by-mirror
niger,2024-08-18,Telegram: RTenfrancais,telegram,2,credited-by-mirror
niger,2024-08-18,Telegram: sputnik_afrique,telegram,2,credited-by-mirror
niger,2024-08-18,Telegram: westernafrica,telegram,2,credited-by-mirror
niger,2024-08-18,nigerinter.com,domain,1,credited-by-mirror
niger,2024-08-19,Telegram: RTenfrancais,telegram,2,credited-by-mirror
niger,2024-08-19,Telegram: africaninitiative,telegram,2,credited-by-mirror
niger,2024-08-19,Telegram: westernafrica,telegram,3,credited-by-mirror
niger,2024-08-19,actuniger.com,domain,2,credited-by-mirror
niger,2024-08-19,airinfoagadez.com,domain,1,credited-by-mirror
niger,2024-08-19,fr.sputniknews.africa,domain,1,credited-by-mirror
niger,2024-08-19,nigerinter.com,domain,1,credited-by-mirror
niger,2024-08-20,Telegram: RTenfrancais,telegram,1,credited-by-mirror
niger,2024-08-20,Telegram: sputnik_afrique,telegram,3,credited-by-mirror
niger,2024-08-20,Telegram: westernafrica,telegram,3,credited-by-mirror
niger,2024-08-20,actuniger.com,domain,1,credited-by-mirror
niger,2024-08-20,airinfoagadez.com,domain,1,credited-by-mirror
niger,2024-08-20,fr.sputniknews.africa,domain,4,credited-by-mirror
niger,2024-08-21,Telegram: RTenfrancais,telegram,1,credited-by-mirror
niger,2024-08-21,Telegram: africaninitiative,telegram,1,credited-by-mirror
niger,2024-08-21,Telegram: sputnik_afrique,telegram,5,credited-by-mirror
niger,2024-08-21,Telegram: westernafrica,telegram,1,credited-by-mirror
niger,2024-08-21,actuniger.com,domain,1,credited-by-mirror
niger,2024-08-21,airinfoagadez.com,domain,4,credited-by-mirror
niger,2024-08-21,fr.sputniknews.africa,domain,4,credited-by-mirror
niger,2024-08-22,Telegram: RTenfrancais,telegram,3,credited-by-mirror
niger,2024-08-22,Telegram: sputnik_afrique,telegram,2,credited-by-mirror
niger,2024-08-22,Telegram: westernafrica,telegram,1,credited-by-mirror
niger,2024-08-22,actuniger.com,domain,2,credited-by-mirror
niger,2024-08-22,airinfoagadez.com,domain,4,credited-by-mirror
niger,2024-08-22,fr.sputniknews.africa,domain,4,credited-by-mirror
niger,2024-08-22,nigerinter.com,domain,1,credited-by-mirror
niger,2024-08-23,Telegram: RTenfrancais,telegram,2,credited-by-mirror
niger,2024-08-23,Telegram: sputnik_afrique,telegram,1,credited-by-mirror
niger,2024-08-23,Telegram: westernafrica,telegram,2,credited-by-mirror
niger,2024-08-23,actuniger.com,domain,4,credited-by-mirror
niger,2024-08-23,airinfoagadez.com,domain,3,credited-by-mirror
niger,2024-08-24,Telegram: RTenfrancais,telegram,4,credited-by-mirror
niger,2024-08-24,Telegram: sputnik_afrique,telegram,3,credited-by-mirror
niger,2024-08-24,Telegram: westernafrica,telegram,1,credited-by-mirror
niger,2024-08-24,actuniger.com,domain,2,credited-by-mirror
niger,2024-08-24,airinfoagadez.com,domain,2,credited-by-mirror
niger,2024-08-24,fr.sputniknews.africa,domain,3,credited-by-mirror
niger,2024-08-25,Telegram: sputnik_afrique,telegram,3,credited-by-mirror
niger,2024-08-25,Telegram: westernafrica,telegram,1,credited-by-mirror
niger,2024-08-25,actuniger.com,domain,1,credited-by-mirror
niger,2024-08-25,nigerinter.com,domain,2,credited-by-mirror
niger,2024-08-26,Telegram: africaninitiative,telegram,4,credited-by-mirror
niger,2024-08-26,Telegram: sputnik_afrique,telegram,1,credited-by-mirror
niger,2024-08-26,Telegram: westernafrica,telegram,1,credited-by-mirror
niger,2024-08-26,airinfoagadez.com,domain,1,credited-by-mirror
niger,2024-08-26,nigerinter.com,domain,6,credited-by-mirror
niger,2024-08-27,Telegram: RTenfrancais,telegram,2,credited-by-mirror
niger,2024-08-27,Telegram: africaninitiative,telegram,2,credited-by-mirror
niger,2024-08-27,Telegram: sputnik_afrique,telegram,1,credited-by-mirror
niger,2024-08-27,Telegram: westernafrica,telegram,1,credited-by-mirror
niger,2024-08-27,actuniger.com,domain,1,credited-by-mirror
niger,2024-08-27,airinfoagadez.com,domain,1,credited-by-mirror
niger,2024-08-27,fr.sputniknews.africa,domain,2,credited-by-mirror
niger,2024-08-28,Telegram: RTenfrancais,telegram,1,credited-by-mirror
niger,2024-08-28,Telegram: africaninitiative,telegram,1,credited-by-mirror
niger,2024-08-28,Telegram: sputnik_afrique,telegram,1,credited-by-mirror
niger,2024-08-28,Telegram: westernafrica,telegram,1,credited-by-mirror
niger,2024-08-28,actuniger.com,domain,2,credited-by-mirror
niger,2024-08-28,airinfoagadez.com,domain,1,credited-by-mirror
niger,2024-08-28,fr.sputniknews.africa,domain,1,credited-by-mirror
niger,2024-08-29,Telegram: africaninitiative,telegram,2,credited-by-mirror
niger,2024-08-29,Telegram: sputnik_afrique,telegram,4,credited-by-mirror
niger,2024-08-29,Telegram: westernafrica,telegram,2,credited-by-mirror
niger,2024-08-29,actuniger.com,domain,1,credited-by-mirror
niger,2024-08-29,airinfoagadez.com,domain,2,credited-by-mirror
niger,2024-08-29,fr.sputniknews.africa,domain,3,credited-by-mirror
niger,2024-08-29,nigerinter.com,domain,7,credited-by-mirror
niger,2024-08-30,Telegram: RTenfrancais,telegram,2,credited-by-mirror
niger,2024-08-30,Telegram: africaninitiative,telegram,2,credited-by-mirror
niger,2024-08-30,Telegram: sputnik_afrique,telegram,3,credited-by-mirror
niger,2024-08-30,Telegram: westernafrica,telegram,2,credited-by-mirror
niger,2024-08-30,actuniger.com,domain,3,credited-by-mirror
niger,2024-08-30,airinfoagadez.com,domain,1,credited-by-mirror
niger,2024-08-30,fr.sputniknews.africa,domain,3,credited-by-mirror
niger,2024-08-31,Telegram: sputnik_afrique,telegram,1,credited-by-mirror
niger,2024-08-31,Telegram: westernafrica,telegram,1,credited-by-mirror
niger,2024-08-31,actuniger.com,domain,1,credited-by-mirror
north-macedonia,2024-08-01,Telegram: rus_mkd,telegram,9,credited-by-mirror
north-macedonia,2024-08-01,tass.ru,domain,1,credited-by-mirror
north-macedonia,2024-08-02,Telegram: rus_mkd,telegram,5,credited-by-mirror
north-macedonia,2024-08-02,tass.ru,domain,3,credited-by-mirror
north-macedonia,2024-08-03,Telegram: rus_mkd,telegram,4,credited-by-mirror
north-macedonia,2024-08-04,Telegram: rus_mkd,telegram,3,credited-by-mirror
north-macedonia,2024-08-05,Telegram: rus_mkd,telegram,7,credited-by-mirror
north-macedonia,2024-08-05,tass.ru,domain,1,credited-by-mirror
north-macedonia,2024-08-06,Telegram: rus_mkd,telegram,5,credited-by-mirror
north-macedonia,2024-08-06,tass.ru,domain,2,credited-by-mirror
north-macedonia,2024-08-07,Telegram: rus_mkd,telegram,5,credited-by-mirror
north-macedonia,2024-08-08,Telegram: rus_mkd,telegram,9,credited-by-mirror
north-macedonia,2024-08-09,Telegram: rus_mkd,telegram,4,credited-by-mirror
north-macedonia,2024-08-09,Telegram: rybar,telegram,1,credited-by-mirror
north-macedonia,2024-08-10,Telegram: rus_mkd,telegram,2,credited-by-mirror
north-macedonia,2024-08-11,Telegram: rus_mkd,telegram,2,credited-by-mirror
north-macedonia,2024-08-12,Telegram: rus_mkd,telegram,6,credited-by-mirror
north-macedonia,2024-08-13,Telegram: rus_mkd,telegram,4,credited-by-mirror
north-macedonia,2024-08-14,Telegram: rus_mkd,telegram,6,credited-by-mirror
north-macedonia,2024-08-15,Telegram: rus_mkd,telegram,6,credited-by-mirror
north-macedonia,2024-08-16,Telegram: Politnavigator,telegram,1,credited-by-mirror
north-macedonia,2024-08-16,Telegram: rus_mkd,telegram,3,credited-by-mirror
north-macedonia,2024-08-17,Telegram: rus_mkd,telegram,4,credited-by-mirror
north-macedonia,2024-08-18,Telegram: rus_mkd,telegram,3,credited-by-mirror
north-macedonia,2024-08-19,Telegram: rus_mkd,telegram,6,credited-by-mirror
north-macedonia,2024-08-19,ria.ru,domain,1,credited-by-mirror
north-macedonia,2024-08-20,Telegram: rus_mkd,telegram,6,credited-by-mirror
north-macedonia,2024-08-21,Telegram: rus_mkd,telegram,6,credited-by-mirror
north-macedonia,2024-08-22,Telegram: rus_mkd,telegram,6,credited-by-mirror
north-macedonia,2024-08-23,Telegram: rus_mkd,telegram,5,credited-by-mirror
north-macedonia,2024-08-24,Telegram: rus_mkd,telegram,7,credited-by-mirror
north-macedonia,2024-08-25,Telegram: rus_mkd,telegram,4,credited-by-mirror
north-macedonia,2024-08-26,Telegram: rus_mkd,telegram,3,credited-by-mirror
north-macedonia,2024-08-27,Telegram: Politnavigator,telegram,1,credited-by-mirror
north-macedonia,2024-08-27,Telegram: rus_mkd,telegram,5,credited-by-mirror
north-macedonia,2024-08-28,Telegram: rus_mkd,telegram,5,credited-by-mirror
north-macedonia,2024-08-29,Telegram: rus_mkd,telegram,5,credited-by-mirror
north-macedonia,2024-08-29,ria.ru,domain,1,credited-by-mirror
north-macedonia,2024-08-30,Telegram: rus_mkd,telegram,8,credited-by-mirror
north-macedonia,2024-08-31,Telegram: rus_mkd,telegram,3,credited-by-mirror
norway,2024-08-01,Telegram: norgerussisk,telegram,2,credited-by-mirror
norway,2024-08-01,Telegram: ostashkonews,telegram,1,credited-by-mirror
norway,2024-08-01,kp.ru,domain,3,credited-by-mirror
norway,2024-08-01,lenta.ru,domain,1,credited-by-mirror
norway,2024-08-01,ria.ru,domain,1,credited-by-mirror
norway,2024-08-01,tsargrad.tv,domain,2,credited-by-mirror
norway,2024-08-02,Telegram: norgerussisk,telegram,1,credited-by-mirror
norway,2024-08-02,Telegram: ostashkonews,telegram,1,credited-by-mirror
norway,2024-08-02,kp.ru,domain,2,credited-by-mirror
norway,2024-08-02,lenta.ru,domain,1,credited-by-mirror
norway,2024-08-02,ria.ru,domain,1,credited-by-mirror
norway,2024-08-02,russian.rt.com,domain,1,credited-by-mirror
norway,2024-08-02,tass.ru,domain,2,credited-by-mirror
norway,2024-08-03,Telegram: norgerussisk,telegram,4,credited-by-mirror
norway,2024-08-03,tsargrad.tv,domain,2,credited-by-mirror
norway,2024-08-04,Telegram: norgerussisk,telegram,3,credited-by-mirror
norway,2024-08-04,kp.ru,domain,1,credited-by-mirror
norway,2024-08-04,ria.ru,domain,2,credited-by-mirror
norway,2024-08-04,tsargrad.tv,domain,1,credited-by-mirror
norway,2024-08-05,Telegram: norgerussisk,telegram,1,credited-by-mirror
norway,2024-08-05,kp.ru,domain,2,credited-by-mirror
norway,2024-08-05,lenta.ru,domain,1,credited-by-mirror
norway,2024-08-05,ria.ru,domain,2,credited-by-mirror
norway,2024-08-05,russian.rt.com,domain,1,credited-by-mirror
norway,2024-08-05,tass.ru,domain,2,credited-by-mirror
norway,2024-08-06,Telegram: norgerussisk,telegram,1,credited-by-mirror
norway,2024-08-06,kp.ru,domain,3,credited-by-mirror
norway,2024-08-06,lenta.ru,domain,1,credited-by-mirror
norway,2024-08-06,ria.ru,domain,2,credited-by-mirror
norway,2024-08-07,Telegram: norgerussisk,telegram,1,credited-by-mirror
norway,2024-08-07,kp.ru,domain,3,credited-by-mirror
norway,2024-08-07,lenta.ru,domain,2,credited-by-mirror
norway,2024-08-07,ria.ru,domain,1,credited-by-mirror
norway,2024-08-07,tass.ru,domain,1,credited-by-mirror
norway,2024-08-07,tsargrad.tv,domain,1,credited-by-mirror
norway,2024-08-08,Telegram: norgerussisk,telegram,4,credited-by-mirror
norway,2024-08-08,lenta.ru,domain,2,credited-by-mirror
norway,2024-08-08,tass.ru,domain,6,credited-by-mirror
norway,2024-08-09,Telegram: norgerussisk,telegram,3,credited-by-mirror
norway,2024-08-09,kp.ru,domain,1,credited-by-mirror
norway,2024-08-09,lenta.ru,domain,3,credited-by-mirror
norway,2024-08-09,ria.ru,domain,2,credited-by-mirror
norway,2024-08-09,russian.rt.com,domain,1,credited-by-mirror
norway,2024-08-09,tass.ru,domain,3,credited-by-mirror
norway,2024-08-10,Telegram: norgerussisk,telegram,4,credited-by-mirror
norway,2024-08-10,ria.ru,domain,1,credited-by-mirror
norway,2024-08-11,Telegram: RusEmbNo,telegram,1,credited-by-mirror
norway,2024-08-11,Telegram: norgerussisk,telegram,1,credited-by-mirror
norway,2024-08-11,tass.ru,domain,1,credited-by-mirror
norway,2024-08-12,Telegram: norgerussisk,telegram,2,credited-by-mirror
norway,2024-08-12,kp.ru,domain,1,credited-by-mirror
norway,2024-08-12,lenta.ru,domain,2,credited-by-mirror
norway,2024-08-12,ria.ru,domain,1,credited-by-mirror
norway,2024-08-12,tass.ru,domain,1,credited-by-mirror
norway,2024-08-12,tsargrad.tv,domain,1,credited-by-mirror
norway,2024-08-13,Telegram: norgerussisk,telegram,3,credited-by-mirror
norway,2024-08-13,Telegram: ostashkonews,telegram,1,credited-by-mirror
norway,2024-08-13,kp.ru,domain,1,credited-by-mirror
norway,2024-08-13,ria.ru,domain,3,credited-by-mirror
norway,2024-08-13,tass.ru,domain,1,credited-by-mirror
norway,2024-08-13,tsargrad.tv,domain,1,credited-by-mirror
norway,2024-08-14,Telegram: norgerussisk,telegram,1,credited-by-mirror
norway,2024-08-14,kp.ru,domain,1,credited-by-mirror
norway,2024-08-14,lenta.ru,domain,2,credited-by-mirror
norway,2024-08-14,ria.ru,domain,1,credited-by-mirror
norway,2024-08-14,russian.rt.com,domain,1,credited-by-mirror
norway,2024-08-14,tass.ru,domain,1,credited-by-mirror
norway,2024-08-15,Telegram: norgerussisk,telegram,2,credited-by-mirror
norway,2024-08-16,Telegram: norgerussisk,telegram,1,credited-by-mirror
norway,2024-08-16,lenta.ru,domain,1,credited-by-mirror
norway,2024-08-17,Telegram: norgerussisk,telegram,2,credited-by-mirror
norway,2024-08-17,lenta.ru,domain,1,credited-by-mirror
norway,2024-08-17,ria.ru,domain,1,credited-by-mirror
norway,2024-08-17,tsargrad.tv,domain,1,credited-by-mirror
norway,2024-08-18,Telegram: norgerussisk,telegram,2,credited-by-mirror
norway,2024-08-18,kp.ru,domain,3,credited-by-mirror
norway,2024-08-18,ria.ru,domain,1,credited-by-mirror
norway,2024-08-19,Telegram: norgerussisk,telegram,1,credited-by-mirror
norway,2024-08-20,Telegram: norgerussisk,telegram,2,credited-by-mirror
norway,2024-08-20,Telegram: ostashkonews,telegram,1,credited-by-mirror
norway,2024-08-20,lenta.ru,domain,3,credited-by-mirror
norway,2024-08-20,russian.rt.com,domain,1,credited-by-mirror
norway,2024-08-21,Telegram: norgerussisk,telegram,1,credited-by-mirror
norway,2024-08-21,kp.ru,domain,1,credited-by-mirror
norway,2024-08-21,lenta.ru,domain,2,credited-by-mirror
norway,2024-08-21,ria.ru,domain,3,credited-by-mirror
norway,2024-08-22,Telegram: norgerussisk,telegram,4,credited-by-mirror
norway,2024-08-22,lenta.ru,domain,1,credited-by-mirror
norway,2024-08-22,ria.ru,domain,6,credited-by-mirror
norway,2024-08-22,russian.rt.com,domain,2,credited-by-mirror
norway,2024-08-22,tsargrad.tv,domain,2,credited-by-mirror
norway,2024-08-23,Telegram: norgerussisk,telegram,4,credited-by-mirror
norway,2024-08-23,kp.ru,domain,1,credited-by-mirror
norway,2024-08-23,lenta.ru,domain,1,credited-by-mirror
norway,2024-08-23,ria.ru,domain,2,credited-by-mirror
norway,2024-08-23,russian.rt.com,domain,2,credited-by-mirror
norway,2024-08-24,Telegram: norgerussisk,telegram,2,credited-by-mirror
norway,2024-08-24,lenta.ru,domain,1,credited-by-mirror
norway,2024-08-24,ria.ru,domain,1,credited-by-mirror
norway,2024-08-24,tsargrad.tv,domain,1,credited-by-mirror
norway,2024-08-25,Telegram: norgerussisk,telegram,1,credited-by-mirror
norway,2024-08-26,Telegram: norgerussisk,telegram,5,credited-by-mirror
norway,2024-08-26,lenta.ru,domain,1,credited-by-mirror
norway,2024-08-26,tsargrad.tv,domain,1,credited-by-mirror
norway,2024-08-27,Telegram: RusEmbNo,telegram,1,credited-by-mirror
norway,2024-08-27,Telegram: norgerussisk,telegram,5,credited-by-mirror
norway,2024-08-27,kp.ru,domain,2,credited-by-mirror
norway,2024-08-27,lenta.ru,domain,6,credited-by-mirror
norway,2024-08-27,ria.ru,domain,2,credited-by-mirror
norway,2024-08-27,russian.rt.com,domain,1,credited-by-mirror
norway,2024-08-28,Telegram: norgerussisk,telegram,1,credited-by-mirror
norway,2024-08-28,lenta.ru,domain,2,credited-by-mirror
norway,2024-08-28,ria.ru,domain,1,credited-by-mirror
norway,2024-08-28,russian.rt.com,domain,1,credited-by-mirror
norway,2024-08-28,tsargrad.tv,domain,1,credited-by-mirror
norway,2024-08-29,Telegram: RusEmbNo,telegram,1,credited-by-mirror
norway,2024-08-29,Telegram: norgerussisk,telegram,2,credited-by-mirror
norway,2024-08-29,lenta.ru,domain,3,credited-by-mirror
norway,2024-08-30,Telegram: norgerussisk,telegram,1,credited-by-mirror
norway,2024-08-30,lenta.ru,domain,1,credited-by-mirror
norway,2024-08-30,tsargrad.tv,domain,1,credited-by-mirror
norway,2024-08-31,Telegram: norgerussisk,telegram,2,credited-by-mirror
norway,2024-08-31,Telegram: ostashkonews,telegram,1,credited-by-mirror
norway,2024-08-31,kp.ru,domain,1,credited-by-mirror
norway,2024-08-31,lenta.ru,domain,2,credited-by-mirror
norway,2024-08-31,ria.ru,domain,3,credited-by-mirror
norway,2024-08-31,russian.rt.com,domain,2,credited-by-mirror
poland,2024-08-01,Telegram: RuskiStatek,telegram,38,credited-by-mirror
poland,2024-08-01,Telegram: ukr_leaks_pl,telegram,22,credited-by-mirror
poland,2024-08-01,ria.ru,domain,2,credited-by-mirror
poland,2024-08-01,tass.ru,domain,10,credited-by-mirror
poland,2024-08-02,Telegram: RuskiStatek,telegram,9,credited-by-mirror
poland,2024-08-02,Telegram: ukr_leaks_pl,telegram,18,credited-by-mirror
poland,2024-08-02,ria.ru,domain,6,credited-by-mirror
poland,2024-08-02,tass.ru,domain,12,credited-by-mirror
poland,2024-08-03,Telegram: RuskiStatek,telegram,62,credited-by-mirror
poland,2024-08-03,Telegram: ukr_leaks_pl,telegram,20,credited-by-mirror
poland,2024-08-03,ria.ru,domain,1,credited-by-mirror
poland,2024-08-03,tass.ru,domain,6,credited-by-mirror
poland,2024-08-04,Telegram: RuskiStatek,telegram,48,credited-by-mirror
poland,2024-08-04,Telegram: ukr_leaks_pl,telegram,15,credited-by-mirror
poland,2024-08-04,ria.ru,domain,8,credited-by-mirror
poland,2024-08-04,tass.ru,domain,6,credited-by-mirror
poland,2024-08-05,Telegram: RuskiStatek,telegram,55,credited-by-mirror
poland,2024-08-05,Telegram: ukr_leaks_pl,telegram,25,credited-by-mirror
poland,2024-08-05,ria.ru,domain,5,credited-by-mirror
poland,2024-08-05,tass.ru,domain,5,credited-by-mirror
poland,2024-08-06,Telegram: RuskiStatek,telegram,24,credited-by-mirror
poland,2024-08-06,Telegram: ukr_leaks_pl,telegram,16,credited-by-mirror
poland,2024-08-06,ria.ru,domain,6,credited-by-mirror
poland,2024-08-06,tass.ru,domain,13,credited-by-mirror
poland,2024-08-07,Telegram: RuskiStatek,telegram,40,credited-by-mirror
poland,2024-08-07,Telegram: ukr_leaks_pl,telegram,18,credited-by-mirror
poland,2024-08-07,ria.ru,domain,5,credited-by-mirror
poland,2024-08-07,tass.ru,domain,15,credited-by-mirror
poland,2024-08-08,Telegram: RuskiStatek,telegram,44,credited-by-mirror
poland,2024-08-08,Telegram: ukr_leaks_pl,telegram,18,credited-by-mirror
poland,2024-08-08,ria.ru,domain,4,credited-by-mirror
poland,2024-08-08,tass.ru,domain,9,credited-by-mirror
poland,2024-08-09,Telegram: RuskiStatek,telegram,29,credited-by-mirror
poland,2024-08-09,Telegram: bialywywiad,telegram,13,credited-by-mirror
poland,2024-08-09,Telegram: ukr_leaks_pl,telegram,21,credited-by-mirror
poland,2024-08-09,ria.ru,domain,6,credited-by-mirror
poland,2024-08-09,tass.ru,domain,15,credited-by-mirror
poland,2024-08-10,Telegram: RuskiStatek,telegram,27,credited-by-mirror
poland,2024-08-10,Telegram: bialywywiad,telegram,30,credited-by-mirror
poland,2024-08-10,Telegram: ukr_leaks_pl,telegram,21,credited-by-mirror
poland,2024-08-10,ria.ru,domain,2,credited-by-mirror
poland,2024-08-10,tass.ru,domain,4,credited-by-mirror
poland,2024-08-11,Telegram: RuskiStatek,telegram,16,credited-by-mirror
poland,2024-08-11,Telegram: bialywywiad,telegram,38,credited-by-mirror
poland,2024-08-11,Telegram: ndp_pl,telegram,4,credited-by-mirror
poland,2024-08-11,Telegram: ukr_leaks_pl,telegram,17,credited-by-mirror
poland,2024-08-11,ria.ru,domain,1,credited-by-mirror
poland,2024-08-11,tass.ru,domain,3,credited-by-mirror
poland,2024-08-12,Telegram: RuskiStatek,telegram,74,credited-by-mirror
poland,2024-08-12,Telegram: bialywywiad,telegram,51,credited-by-mirror
poland,2024-08-12,Telegram: ukr_leaks_pl,telegram,14,credited-by-mirror
poland,2024-08-12,ria.ru,domain,6,credited-by-mirror
poland,2024-08-12,tass.ru,domain,18,credited-by-mirror
poland,2024-08-13,Telegram: RuskiStatek,telegram,30,credited-by-mirror
poland,2024-08-13,Telegram: bialywywiad,telegram,32,credited-by-mirror
poland,2024-08-13,Telegram: ndp_pl,telegram,1,credited-by-mirror
poland,2024-08-13,Telegram: ukr_leaks_pl,telegram,17,credited-by-mirror
poland,2024-08-13,ria.ru,domain,9,credited-by-mirror
poland,2024-08-13,tass.ru,domain,16,credited-by-mirror
poland,2024-08-14,Telegram: RuskiStatek,telegram,6,credited-by-mirror
poland,2024-08-14,Telegram: bialywywiad,telegram,33,credited-by-mirror
poland,2024-08-14,Telegram: ndp_pl,telegram,1,credited-by-mirror
poland,2024-08-14,Telegram: ukr_leaks_pl,telegram,18,credited-by-mirror
poland,2024-08-14,ria.ru,domain,10,credited-by-mirror
poland,2024-08-14,tass.ru,domain,10,credited-by-mirror
poland,2024-08-15,Telegram: RuskiStatek,telegram,40,credited-by-mirror
poland,2024-08-15,Telegram: bialywywiad,telegram,31,credited-by-mirror
poland,2024-08-15,Telegram: ndp_pl,telegram,1,credited-by-mirror
poland,2024-08-15,Telegram: ukr_leaks_pl,telegram,20,credited-by-mirror
poland,2024-08-15,ria.ru,domain,4,credited-by-mirror
poland,2024-08-16,Telegram: RuskiStatek,telegram,41,credited-by-mirror
poland,2024-08-16,Telegram: bialywywiad,telegram,46,credited-by-mirror
poland,2024-08-16,Telegram: ukr_leaks_pl,telegram,13,credited-by-mirror
poland,2024-08-16,ria.ru,domain,8,credited-by-mirror
poland,2024-08-17,Telegram: RuskiStatek,telegram,53,credited-by-mirror
poland,2024-08-17,Telegram: bialywywiad,telegram,25,credited-by-mirror
poland,2024-08-17,Telegram: ndp_pl,telegram,1,credited-by-mirror
poland,2024-08-17,Telegram: ukr_leaks_pl,telegram,15,credited-by-mirror
poland,2024-08-17,ria.ru,domain,5,credited-by-mirror
poland,2024-08-18,Telegram: RuskiStatek,telegram,46,credited-by-mirror
poland,2024-08-18,Telegram: bialywywiad,telegram,41,credited-by-mirror
poland,2024-08-18,Telegram: ukr_leaks_pl,telegram,15,credited-by-mirror
poland,2024-08-18,ria.ru,domain,5,credited-by-mirror
poland,2024-08-19,Telegram: RuskiStatek,telegram,50,credited-by-mirror
poland,2024-08-19,Telegram: bialywywiad,telegram,16,credited-by-mirror
poland,2024-08-19,Telegram: newsfactory_pl,telegram,1,credited-by-mirror
poland,2024-08-19,Telegram: ukr_leaks_pl,telegram,17,credited-by-mirror
poland,2024-08-19,ria.ru,domain,9,credited-by-mirror
poland,2024-08-20,Telegram: RuskiStatek,telegram,35,credited-by-mirror
poland,2024-08-20,Telegram: bialywywiad,telegram,28,credited-by-mirror
poland,2024-08-20,Telegram: ndp_pl,telegram,3,credited-by-mirror
poland,2024-08-20,Telegram: ukr_leaks_pl,telegram,15,credited-by-mirror
poland,2024-08-20,ria.ru,domain,3,credited-by-mirror
poland,2024-08-21,Telegram: RuskiStatek,telegram,7,credited-by-mirror
poland,2024-08-21,Telegram: bialywywiad,telegram,51,credited-by-mirror
poland,2024-08-21,Telegram: ukr_leaks_pl,telegram,21,credited-by-mirror
poland,2024-08-21,ria.ru,domain,10,credited-by-mirror
poland,2024-08-22,Telegram: RuskiStatek,telegram,41,credited-by-mirror
poland,2024-08-22,Telegram: bialywywiad,telegram,24,credited-by-mirror
poland,2024-08-22,Telegram: ukr_leaks_pl,telegram,21,credited-by-mirror
poland,2024-08-22,ria.ru,domain,9,credited-by-mirror
poland,2024-08-23,Telegram: RuskiStatek,telegram,32,credited-by-mirror
poland,2024-08-23,Telegram: ukr_leaks_pl,telegram,20,credited-by-mirror
poland,2024-08-23,ria.ru,domain,7,credited-by-mirror
poland,2024-08-24,Telegram: RuskiStatek,telegram,15,credited-by-mirror
poland,2024-08-24,Telegram: ukr_leaks_pl,telegram,18,credited-by-mirror
poland,2024-08-24,ria.ru,domain,5,credited-by-mirror
poland,2024-08-25,Telegram: RuskiStatek,telegram,41,credited-by-mirror
poland,2024-08-25,Telegram: ukr_leaks_pl,telegram,22,credited-by-mirror
poland,2024-08-25,ria.ru,domain,4,credited-by-mirror
poland,2024-08-26,Telegram: RuskiStatek,telegram,24,credited-by-mirror
poland,2024-08-26,Telegram: ukr_leaks_pl,telegram,15,credited-by-mirror
poland,2024-08-26,ria.ru,domain,5,credited-by-mirror
poland,2024-08-27,Telegram: RuskiStatek,telegram,48,credited-by-mirror
poland,2024-08-27,Telegram: ukr_leaks_pl,telegram,17,credited-by-mirror
poland,2024-08-27,ria.ru,domain,9,credited-by-mirror
poland,2024-08-28,Telegram: RuskiStatek,telegram,54,credited-by-mirror
poland,2024-08-28,Telegram: ukr_leaks_pl,telegram,19,credited-by-mirror
poland,2024-08-28,ria.ru,domain,10,credited-by-mirror
poland,2024-08-29,Telegram: RuskiStatek,telegram,46,credited-by-mirror
poland,2024-08-29,Telegram: ukr_leaks_pl,telegram,19,credited-by-mirror
poland,2024-08-29,ria.ru,domain,12,credited-by-mirror
poland,2024-08-30,Telegram: RuskiStatek,telegram,54,credited-by-mirror
poland,2024-08-30,Telegram: ukr_leaks_pl,telegram,17,credited-by-mirror
poland,2024-08-30,ria.ru,domain,10,credited-by-mirror
poland,2024-08-31,Telegram: RuskiStatek,telegram,35,credited-by-mirror
poland,2024-08-31,Telegram: ukr_leaks_pl,telegram,14,credited-by-mirror
poland,2024-08-31,ria.ru,domain,3,credited-by-mirror
portuguese,2024-08-01,Telegram: InfoDefensePOR,telegram,25,credited-by-mirror
portuguese,2024-08-01,Telegram: Op_Esp_Z,telegram,117,credited-by-mirror
portuguese,2024-08-01,Telegram: falandodeguerra1,telegram,57,credited-by-mirror
portuguese,2024-08-01,Telegram: rt_brasil,telegram,1,credited-by-mirror
portuguese,2024-08-01,Telegram: sputnikbrasil,telegram,2,credited-by-mirror
portuguese,2024-08-02,Telegram: InfoDefensePOR,telegram,19,credited-by-mirror
portuguese,2024-08-02,Telegram: Op_Esp_Z,telegram,96,credited-by-mirror
portuguese,2024-08-02,Telegram: falandodeguerra1,telegram,46,credited-by-mirror
portuguese,2024-08-02,Telegram: rt_brasil,telegram,3,credited-by-mirror
portuguese,2024-08-02,Telegram: sputnikbrasil,telegram,3,credited-by-mirror
portuguese,2024-08-03,Telegram: InfoDefensePOR,telegram,26,credited-by-mirror
portuguese,2024-08-03,Telegram: Op_Esp_Z,telegram,121,credited-by-mirror
portuguese,2024-08-03,Telegram: falandodeguerra1,telegram,63,credited-by-mirror
portuguese,2024-08-03,Telegram: rt_brasil,telegram,2,credited-by-mirror
portuguese,2024-08-03,Telegram: sputnikbrasil,telegram,4,credited-by-mirror
portuguese,2024-08-04,Telegram: InfoDefensePOR,telegram,30,credited-by-mirror
portuguese,2024-08-04,Telegram: Op_Esp_Z,telegram,103,credited-by-mirror
portuguese,2024-08-04,Telegram: falandodeguerra1,telegram,54,credited-by-mirror
portuguese,2024-08-04,Telegram: rt_brasil,telegram,2,credited-by-mirror
portuguese,2024-08-05,Telegram: InfoDefensePOR,telegram,21,credited-by-mirror
portuguese,2024-08-05,Telegram: Op_Esp_Z,telegram,123,credited-by-mirror
portuguese,2024-08-05,Telegram: falandodeguerra1,telegram,65,credited-by-mirror
portuguese,2024-08-05,Telegram: rt_brasil,telegram,3,credited-by-mirror
portuguese,2024-08-05,Telegram: sputnikbrasil,telegram,3,credited-by-mirror
portuguese,2024-08-06,Telegram: InfoDefensePOR,telegram,20,credited-by-mirror
portuguese,2024-08-06,Telegram: Op_Esp_Z,telegram,122,credited-by-mirror
portuguese,2024-08-06,Telegram: falandodeguerra1,telegram,52,credited-by-mirror
portuguese,2024-08-06,Telegram: rt_brasil,telegram,5,credited-by-mirror
portuguese,2024-08-06,Telegram: sputnikbrasil,telegram,1,credited-by-mirror
portuguese,2024-08-07,Telegram: InfoDefensePOR,telegram,24,credited-by-mirror
portuguese,2024-08-07,Telegram: Op_Esp_Z,telegram,85,credited-by-mirror
portuguese,2024-08-07,Telegram: falandodeguerra1,telegram,68,credited-by-mirror
portuguese,2024-08-07,Telegram: rt_brasil,telegram,7,credited-by-mirror
portuguese,2024-08-07,Telegram: sputnikbrasil,telegram,8,credited-by-mirror
portuguese,2024-08-08,Telegram: InfoDefensePOR,telegram,23,credited-by-mirror
portuguese,2024-08-08,Telegram: Op_Esp_Z,telegram,86,credited-by-mirror
portuguese,2024-08-08,Telegram: falandodeguerra1,telegram,73,credited-by-mirror
portuguese,2024-08-08,Telegram: rt_brasil,telegram,8,credited-by-mirror
portuguese,2024-08-08,Telegram: sputnikbrasil,telegram,11,credited-by-mirror
portuguese,2024-08-09,Telegram: InfoDefensePOR,telegram,18,credited-by-mirror
portuguese,2024-08-09,Telegram: Op_Esp_Z,telegram,161,credited-by-mirror
portuguese,2024-08-09,Telegram: falandodeguerra1,telegram,80,credited-by-mirror
portuguese,2024-08-09,Telegram: rt_brasil,telegram,6,credited-by-mirror
portuguese,2024-08-09,Telegram: sputnikbrasil,telegram,11,credited-by-mirror
portuguese,2024-08-10,Telegram: InfoDefensePOR,telegram,23,credited-by-mirror
portuguese,2024-08-10,Telegram: Op_Esp_Z,telegram,99,credited-by-mirror
portuguese,2024-08-10,Telegram: falandodeguerra1,telegram,77,credited-by-mirror
portuguese,2024-08-10,Telegram: rt_brasil,telegram,3,credited-by-mirror
portuguese,2024-08-10,Telegram: sputnikbrasil,telegram,7,credited-by-mirror
portuguese,2024-08-11,Telegram: InfoDefensePOR,telegram,28,credited-by-mirror
portuguese,2024-08-11,Telegram: Op_Esp_Z,telegram,112,credited-by-mirror
portuguese,2024-08-11,Telegram: falandodeguerra1,telegram,43,credited-by-mirror
portuguese,2024-08-11,Telegram: rt_brasil,telegram,4,credited-by-mirror
portuguese,2024-08-11,Telegram: sputnikbrasil,telegram,5,credited-by-mirror
portuguese,2024-08-12,Telegram: InfoDefensePOR,telegram,29,credited-by-mirror
portuguese,2024-08-12,Telegram: Op_Esp_Z,telegram,96,credited-by-mirror
portuguese,2024-08-12,Telegram: falandodeguerra1,telegram,55,credited-by-mirror
portuguese,2024-08-12,Telegram: rt_brasil,telegram,7,credited-by-mirror
portuguese,2024-08-12,Telegram: sputnikbrasil,telegram,13,credited-by-mirror
portuguese,2024-08-13,Telegram: InfoDefensePOR,telegram,7,credited-by-mirror
portuguese,2024-08-13,Telegram: Op_Esp_Z,telegram,73,credited-by-mirror
portuguese,2024-08-13,Telegram: falandodeguerra1,telegram,25,credited-by-mirror
portuguese,2024-08-13,Telegram: rt_brasil,telegram,10,credited-by-mirror
portuguese,2024-08-13,Telegram: sofia_smirnov74,telegram,1,credited-by-mirror
portuguese,2024-08-13,Telegram: sputnikbrasil,telegram,11,credited-by-mirror
portuguese,2024-08-14,Telegram: InfoDefensePOR,telegram,14,credited-by-mirror
portuguese,2024-08-14,Telegram: Op_Esp_Z,telegram,106,credited-by-mirror
portuguese,2024-08-14,Telegram: falandodeguerra1,telegram,42,credited-by-mirror
portuguese,2024-08-14,Telegram: rt_brasil,telegram,5,credited-by-mirror
portuguese,2024-08-14,Telegram: sofia_smirnov74,telegram,4,credited-by-mirror
portuguese,2024-08-14,Telegram: sputnikbrasil,telegram,11,credited-by-mirror
portuguese,2024-08-15,Telegram: InfoDefensePOR,telegram,16,credited-by-mirror
portuguese,2024-08-15,Telegram: Op_Esp_Z,telegram,192,credited-by-mirror
portuguese,2024-08-15,Telegram: falandodeguerra1,telegram,25,credited-by-mirror
portuguese,2024-08-15,Telegram: rt_brasil,telegram,2,credited-by-mirror
portuguese,2024-08-15,Telegram: sofia_smirnov74,telegram,7,credited-by-mirror
portuguese,2024-08-15,Telegram: sputnikbrasil,telegram,9,credited-by-mirror
portuguese,2024-08-16,Telegram: InfoDefensePOR,telegram,28,credited-by-mirror
portuguese,2024-08-16,Telegram: Op_Esp_Z,telegram,174,credited-by-mirror
portuguese,2024-08-16,Telegram: falandodeguerra1,telegram,27,credited-by-mirror
portuguese,2024-08-16,Telegram: rt_brasil,telegram,5,credited-by-mirror
portuguese,2024-08-16,Telegram: sofia_smirnov74,telegram,4,credited-by-mirror
portuguese,2024-08-16,Telegram: sputnikbrasil,telegram,8,credited-by-mirror
portuguese,2024-08-17,Telegram: InfoDefensePOR,telegram,24,credited-by-mirror
portuguese,2024-08-17,Telegram: Op_Esp_Z,telegram,148,credited-by-mirror
portuguese,2024-08-17,Telegram: falandodeguerra1,telegram,16,credited-by-mirror
portuguese,2024-08-17,Telegram: rt_brasil,telegram,2,credited-by-mirror
portuguese,2024-08-17,Telegram: sofia_smirnov74,telegram,10,credited-by-mirror
portuguese,2024-08-17,Telegram: sputnikbrasil,telegram,7,credited-by-mirror
portuguese,2024-08-18,Telegram: InfoDefensePOR,telegram,28,credited-by-mirror
portuguese,2024-08-18,Telegram: Op_Esp_Z,telegram,121,credited-by-mirror
portuguese,2024-08-18,Telegram: falandodeguerra1,telegram,18,credited-by-mirror
portuguese,2024-08-18,Telegram: rt_brasil,telegram,1,credited-by-mirror
portuguese,2024-08-18,Telegram: sofia_smirnov74,telegram,6,credited-by-mirror
portuguese,2024-08-18,Telegram: sputnikbrasil,telegram,2,credited-by-mirror
portuguese,2024-08-19,Telegram: InfoDefensePOR,telegram,27,credited-by-mirror
portuguese,2024-08-19,Telegram: Op_Esp_Z,telegram,90,credited-by-mirror
portuguese,2024-08-19,Telegram: falandodeguerra1,telegram,31,credited-by-mirror
portuguese,2024-08-19,Telegram: rt_brasil,telegram,3,credited-by-mirror
portuguese,2024-08-19,Telegram: sofia_smirnov74,telegram,8,credited-by-mirror
portuguese,2024-08-19,Telegram: sputnikbrasil,telegram,7,credited-by-mirror
portuguese,2024-08-20,Telegram: InfoDefensePOR,telegram,18,credited-by-mirror
portuguese,2024-08-20,Telegram: Op_Esp_Z,telegram,107,credited-by-mirror
portuguese,2024-08-20,Telegram: falandodeguerra1,telegram,32,credited-by-mirror
portuguese,2024-08-20,Telegram: rt_brasil,telegram,7,credited-by-mirror
portuguese,2024-08-20,Telegram: sofia_smirnov74,telegram,13,credited-by-mirror
portuguese,2024-08-20,Telegram: sputnikbrasil,telegram,6,credited-by-mirror
portuguese,2024-08-21,Telegram: InfoDefensePOR,telegram,30,credited-by-mirror
portuguese,2024-08-21,Telegram: Op_Esp_Z,telegram,99,credited-by-mirror
portuguese,2024-08-21,Telegram: falandodeguerra1,telegram,43,credited-by-mirror
portuguese,2024-08-21,Telegram: rt_brasil,telegram,2,credited-by-mirror
portuguese,2024-08-21,Telegram: sofia_smirnov74,telegram,5,credited-by-mirror
portuguese,2024-08-21,Telegram: sputnikbrasil,telegram,14,credited-by-mirror
portuguese,2024-08-22,Telegram: InfoDefensePOR,telegram,28,credited-by-mirror
portuguese,2024-08-22,Telegram: Op_Esp_Z,telegram,88,credited-by-mirror
portuguese,2024-08-22,Telegram: falandodeguerra1,telegram,40,credited-by-mirror
portuguese,2024-08-22,Telegram: rt_brasil,telegram,5,credited-by-mirror
portuguese,2024-08-22,Telegram: sofia_smirnov74,telegram,8,credited-by-mirror
portuguese,2024-08-22,Telegram: sputnikbrasil,telegram,14,credited-by-mirror
portuguese,2024-08-23,Telegram: InfoDefensePOR,telegram,28,credited-by-mirror
portuguese,2024-08-23,Telegram: Op_Esp_Z,telegram,156,credited-by-mirror
portuguese,2024-08-23,Telegram: falandodeguerra1,telegram,30,credited-by-mirror
portuguese,2024-08-23,Telegram: rt_brasil,telegram,7,credited-by-mirror
portuguese,2024-08-23,Telegram: sofia_smirnov74,telegram,10,credited-by-mirror
portuguese,2024-08-23,Telegram: sputnikbrasil,telegram,12,credited-by-mirror
portuguese,2024-08-24,Telegram: InfoDefensePOR,telegram,19,credited-by-mirror
portuguese,2024-08-24,Telegram: Op_Esp_Z,telegram,127,credited-by-mirror
portuguese,2024-08-24,Telegram: falandodeguerra1,telegram,18,credited-by-mirror
portuguese,2024-08-24,Telegram: rt_brasil,telegram,11,credited-by-mirror
portuguese,2024-08-24,Telegram: sofia_smirnov74,telegram,13,credited-by-mirror
portuguese,2024-08-24,Telegram: sputnikbrasil,telegram,11,credited-by-mirror
portuguese,2024-08-25,Telegram: InfoDefensePOR,telegram,27,credited-by-mirror
portuguese,2024-08-25,Telegram: Op_Esp_Z,telegram,184,credited-by-mirror
portuguese,2024-08-25,Telegram: falandodeguerra1,telegram,77,credited-by-mirror
portuguese,2024-08-25,Telegram: rt_brasil,telegram,3,credited-by-mirror
portuguese,2024-08-25,Telegram: sofia_smirnov74,telegram,21,credited-by-mirror
portuguese,2024-08-25,Telegram: sputnikbrasil,telegram,18,credited-by-mirror
portuguese,2024-08-26,Telegram: InfoDefensePOR,telegram,27,credited-by-mirror
portuguese,2024-08-26,Telegram: Op_Esp_Z,telegram,201,credited-by-mirror
portuguese,2024-08-26,Telegram: falandodeguerra1,telegram,47,credited-by-mirror
portuguese,2024-08-26,Telegram: rt_brasil,telegram,2,credited-by-mirror
portuguese,2024-08-26,Telegram: sofia_smirnov74,telegram,11,credited-by-mirror
portuguese,2024-08-26,Telegram: sputnikbrasil,telegram,7,credited-by-mirror
portuguese,2024-08-27,Telegram: InfoDefensePOR,telegram,27,credited-by-mirror
portuguese,2024-08-27,Telegram: Op_Esp_Z,telegram,160,credited-by-mirror
portuguese,2024-08-27,Telegram: falandodeguerra1,telegram,49,credited-by-mirror
portuguese,2024-08-27,Telegram: rt_brasil,telegram,6,credited-by-mirror
portuguese,2024-08-27,Telegram: sofia_smirnov74,telegram,20,credited-by-mirror
portuguese,2024-08-27,Telegram: sputnikbrasil,telegram,13,credited-by-mirror
portuguese,2024-08-28,Telegram: InfoDefensePOR,telegram,28,credited-by-mirror
portuguese,2024-08-28,Telegram: Op_Esp_Z,telegram,124,credited-by-mirror
portuguese,2024-08-28,Telegram: falandodeguerra1,telegram,42,credited-by-mirror
portuguese,2024-08-28,Telegram: rt_brasil,telegram,2,credited-by-mirror
portuguese,2024-08-28,Telegram: sofia_smirnov74,telegram,5,credited-by-mirror
portuguese,2024-08-28,Telegram: sputnikbrasil,telegram,6,credited-by-mirror
portuguese,2024-08-29,Telegram: InfoDefensePOR,telegram,27,credited-by-mirror
portuguese,2024-08-29,Telegram: Op_Esp_Z,telegram,136,credited-by-mirror
portuguese,2024-08-29,Telegram: falandodeguerra1,telegram,39,credited-by-mirror
portuguese,2024-08-29,Telegram: rt_brasil,telegram,3,credited-by-mirror
portuguese,2024-08-29,Telegram: sofia_smirnov74,telegram,5,credited-by-mirror
portuguese,2024-08-29,Telegram: sputnikbrasil,telegram,4,credited-by-mirror
portuguese,2024-08-30,Telegram: InfoDefensePOR,telegram,30,credited-by-mirror
portuguese,2024-08-30,Telegram: Op_Esp_Z,telegram,126,credited-by-mirror
portuguese,2024-08-30,Telegram: falandodeguerra1,telegram,19,credited-by-mirror
portuguese,2024-08-30,Telegram: rt_brasil,telegram,2,credited-by-mirror
portuguese,2024-08-30,Telegram: sofia_smirnov74,telegram,6,credited-by-mirror
portuguese,2024-08-30,Telegram: sputnikbrasil,telegram,12,credited-by-mirror
portuguese,2024-08-31,Telegram: InfoDefensePOR,telegram,27,credited-by-mirror
portuguese,2024-08-31,Telegram: Op_Esp_Z,telegram,175,credited-by-mirror
portuguese,2024-08-31,Telegram: falandodeguerra1,telegram,35,credited-by-mirror
portuguese,2024-08-31,Telegram: rt_brasil,telegram,5,credited-by-mirror
portuguese,2024-08-31,Telegram: sofia_smirnov74,telegram,10,credited-by-mirror
portuguese,2024-08-31,Telegram: sputnikbrasil,telegram,8,credited-by-mirror
rca,2024-08-01,Telegram: dnobangui,telegram,4,credited-by-mirror
rca,2024-08-01,acap.cf,domain,1,credited-by-mirror
rca,2024-08-01,minusca.unmissions.org,domain,1,credited-by-mirror
rca,2024-08-01,ndjonisango.com,domain,4,credited-by-mirror
rca,2024-08-01,nouvellesplus.com,domain,1,credited-by-mirror
rca,2024-08-01,oubanguimedias.com,domain,1,credited-by-mirror
rca,2024-08-01,radiondekeluka.org,domain,7,credited-by-mirror
rca,2024-08-02,Telegram: dnobangui,telegram,2,credited-by-mirror
rca,2024-08-02,minusca.unmissions.org,domain,1,credited-by-mirror
rca,2024-08-02,ndjonisango.com,domain,2,credited-by-mirror
rca,2024-08-02,nouvellesplus.com,domain,1,credited-by-mirror
rca,2024-08-02,oubanguimedias.com,domain,6,credited-by-mirror
rca,2024-08-02,radiondekeluka.org,domain,6,credited-by-mirror
rca,2024-08-03,Telegram: dnobangui,telegram,3,credited-by-mirror
rca,2024-08-03,acap.cf,domain,3,credited-by-mirror
rca,2024-08-03,ndjonisango.com,domain,1,credited-by-mirror
rca,2024-08-03,radiondekeluka.org,domain,1,credited-by-mirror
rca,2024-08-04,Telegram: dnobangui,telegram,3,credited-by-mirror
rca,2024-08-04,nouvellesplus.com,domain,1,credited-by-mirror
rca,2024-08-05,Telegram: dnobangui,telegram,4,credited-by-mirror
rca,2024-08-05,minusca.unmissions.org,domain,3,credited-by-mirror
rca,2024-08-05,ndjonisango.com,domain,6,credited-by-mirror
rca,2024-08-05,nouvellesplus.com,domain,1,credited-by-mirror
rca,2024-08-05,oubanguimedias.com,domain,11,credited-by-mirror
rca,2024-08-05,radiondekeluka.org,domain,7,credited-by-mirror
rca,2024-08-05,renaissance.cf,domain,3,credited-by-mirror
rca,2024-08-06,Telegram: dnobangui,telegram,5,credited-by-mirror
rca,2024-08-06,Telegram: officersunion,telegram,1,credited-by-mirror
rca,2024-08-06,acap.cf,domain,3,credited-by-mirror
rca,2024-08-06,minusca.unmissions.org,domain,1,credited-by-mirror
rca,2024-08-06,ndjonisango.com,domain,3,credited-by-mirror
rca,2024-08-06,oubanguimedias.com,domain,2,credited-by-mirror
rca,2024-08-06,radiondekeluka.org,domain,7,credited-by-mirror
rca,2024-08-07,Telegram: dnobangui,telegram,3,credited-by-mirror
rca,2024-08-07,acap.cf,domain,2,credited-by-mirror
rca,2024-08-07,minusca.unmissions.org,domain,3,credited-by-mirror
rca,2024-08-07,ndjonisango.com,domain,4,credited-by-mirror
rca,2024-08-07,nouvellesplus.com,domain,1,credited-by-mirror
rca,2024-08-07,oubanguimedias.com,domain,10,credited-by-mirror
rca,2024-08-07,radiondekeluka.org,domain,4,credited-by-mirror
rca,2024-08-07,renaissance.cf,domain,3,credited-by-mirror
rca,2024-08-08,Telegram: dnobangui,telegram,3,credited-by-mirror
rca,2024-08-08,Telegram: officersunion,telegram,1,credited-by-mirror
rca,2024-08-08,acap.cf,domain,3,credited-by-mirror
rca,2024-08-08,minusca.unmissions.org,domain,1,credited-by-mirror
rca,2024-08-08,ndjonisango.com,domain,5,credited-by-mirror
rca,2024-08-08,radiondekeluka.org,domain,6,credited-by-mirror
rca,2024-08-09,Telegram: dnobangui,telegram,4,credited-by-mirror
rca,2024-08-09,Telegram: officersunion,telegram,1,credited-by-mirror
rca,2024-08-09,acap.cf,domain,5,credited-by-mirror
rca,2024-08-09,minusca.unmissions.org,domain,4,credited-by-mirror
rca,2024-08-09,ndjonisango.com,domain,13,credited-by-mirror
rca,2024-08-09,nouvellesplus.com,domain,1,credited-by-mirror
rca,2024-08-09,oubanguimedias.com,domain,9,credited-by-mirror
rca,2024-08-09,radiondekeluka.org,domain,5,credited-by-mirror
rca,2024-08-10,Telegram: dnobangui,telegram,2,credited-by-mirror
rca,2024-08-10,acap.cf,domain,2,credited-by-mirror
rca,2024-08-10,radiondekeluka.org,domain,4,credited-by-mirror
rca,2024-08-11,Telegram: dnobangui,telegram,4,credited-by-mirror
rca,2024-08-11,nouvellesplus.com,domain,2,credited-by-mirror
rca,2024-08-11,radiondekeluka.org,domain,1,credited-by-mirror
rca,2024-08-12,Telegram: dnobangui,telegram,3,credited-by-mirror
rca,2024-08-12,minusca.unmissions.org,domain,3,credited-by-mirror
rca,2024-08-12,ndjonisango.com,domain,6,credited-by-mirror
rca,2024-08-12,nouvellesplus.com,domain,1,credited-by-mirror
rca,2024-08-12,oubanguimedias.com,domain,9,credited-by-mirror
rca,2024-08-12,radiondekeluka.org,domain,9,credited-by-mirror
rca,2024-08-13,Telegram: dnobangui,telegram,3,credited-by-mirror
rca,2024-08-13,Telegram: officersunion,telegram,1,credited-by-mirror
rca,2024-08-13,Telegram: rusbangui,telegram,2,credited-by-mirror
rca,2024-08-13,minusca.unmissions.org,domain,1,credited-by-mirror
rca,2024-08-13,ndjonisango.com,domain,1,credited-by-mirror
rca,2024-08-13,nouvellesplus.com,domain,1,credited-by-mirror
rca,2024-08-13,radiondekeluka.org,domain,4,credited-by-mirror
rca,2024-08-14,Telegram: dnobangui,telegram,3,credited-by-mirror
rca,2024-08-14,Telegram: rusbangui,telegram,1,credited-by-mirror
rca,2024-08-14,minusca.unmissions.org,domain,2,credited-by-mirror
rca,2024-08-14,ndjonisango.com,domain,3,credited-by-mirror
rca,2024-08-14,nouvellesplus.com,domain,1,credited-by-mirror
rca,2024-08-14,oubanguimedias.com,domain,6,credited-by-mirror
rca,2024-08-14,radiondekeluka.org,domain,5,credited-by-mirror
rca,2024-08-15,Telegram: dnobangui,telegram,4,credited-by-mirror
rca,2024-08-15,minusca.unmissions.org,domain,2,credited-by-mirror
rca,2024-08-15,ndjonisango.com,domain,2,credited-by-mirror
rca,2024-08-15,nouvellesplus.com,domain,1,credited-by-mirror
rca,2024-08-16,Telegram: dnobangui,telegram,3,credited-by-mirror
rca,2024-08-16,Telegram: rusbangui,telegram,1,credited-by-mirror
rca,2024-08-16,minusca.unmissions.org,domain,2,credited-by-mirror
rca,2024-08-16,ndjonisango.com,domain,3,credited-by-mirror
rca,2024-08-16,nouvellesplus.com,domain,1,credited-by-mirror
rca,2024-08-16,oubanguimedias.com,domain,9,credited-by-mirror
rca,2024-08-16,radiondekeluka.org,domain,5,credited-by-mirror
rca,2024-08-17,Telegram: dnobangui,telegram,2,credited-by-mirror
rca,2024-08-17,oubanguimedias.com,domain,3,credited-by-mirror
rca,2024-08-17,radiondekeluka.org,domain,3,credited-by-mirror
rca,2024-08-18,Telegram: dnobangui,telegram,3,credited-by-mirror
rca,2024-08-18,ndjonisango.com,domain,1,credited-by-mirror
rca,2024-08-18,nouvellesplus.com,domain,1,credited-by-mirror
rca,2024-08-18,oubanguimedias.com,domain,1,credited-by-mirror
rca,2024-08-18,radiondekeluka.org,domain,1,credited-by-mirror
rca,2024-08-19,Telegram: dnobangui,telegram,3,credited-by-mirror
rca,2024-08-19,Telegram: rusbangui,telegram,2,credited-by-mirror
rca,2024-08-19,acap.cf,domain,4,credited-by-mirror
rca,2024-08-19,minusca.unmissions.org,domain,1,credited-by-mirror
rca,2024-08-19,ndjonisango.com,domain,3,credited-by-mirror
rca,2024-08-19,oubanguimedias.com,domain,8,credited-by-mirror
rca,2024-08-19,radiondekeluka.org,domain,6,credited-by-mirror
rca,2024-08-20,Telegram: dnobangui,telegram,3,credited-by-mirror
rca,2024-08-20,Telegram: officersunion,telegram,1,credited-by-mirror
rca,2024-08-20,acap.cf,domain,1,credited-by-mirror
rca,2024-08-20,minusca.unmissions.org,domain,2,credited-by-mirror
rca,2024-08-20,ndjonisango.com,domain,2,credited-by-mirror
rca,2024-08-20,nouvellesplus.com,domain,1,credited-by-mirror
rca,2024-08-20,radiondekeluka.org,domain,10,credited-by-mirror
rca,2024-08-20,renaissance.cf,domain,1,credited-by-mirror
rca,2024-08-21,Telegram: dnobangui,telegram,3,credited-by-mirror
rca,2024-08-21,Telegram: officersunion,telegram,1,credited-by-mirror
rca,2024-08-21,Telegram: rusbangui,telegram,1,credited-by-mirror
rca,2024-08-21,minusca.unmissions.org,domain,2,credited-by-mirror
rca,2024-08-21,ndjonisango.com,domain,3,credited-by-mirror
rca,2024-08-21,oubanguimedias.com,domain,5,credited-by-mirror
rca,2024-08-21,radiondekeluka.org,domain,3,credited-by-mirror
rca,2024-08-22,Telegram: dnobangui,telegram,4,credited-by-mirror
rca,2024-08-22,Telegram: rusbangui,telegram,1,credited-by-mirror
rca,2024-08-22,acap.cf,domain,4,credited-by-mirror
rca,2024-08-22,minusca.unmissions.org,domain,4,credited-by-mirror
rca,2024-08-22,nouvellesplus.com,domain,1,credited-by-mirror
rca,2024-08-22,radiondekeluka.org,domain,1,credited-by-mirror
rca,2024-08-23,Telegram: dnobangui,telegram,3,credited-by-mirror
rca,2024-08-23,Telegram: officersunion,telegram,1,credited-by-mirror
rca,2024-08-23,minusca.unmissions.org,domain,1,credited-by-mirror
rca,2024-08-23,ndjonisango.com,domain,10,credited-by-mirror
rca,2024-08-23,nouvellesplus.com,domain,1,credited-by-mirror
rca,2024-08-23,oubanguimedias.com,domain,10,credited-by-mirror
rca,2024-08-23,radiondekeluka.org,domain,9,credited-by-mirror
rca,2024-08-24,Telegram: dnobangui,telegram,3,credited-by-mirror
rca,2024-08-24,Telegram: officersunion,telegram,1,credited-by-mirror
rca,2024-08-24,ndjonisango.com,domain,5,credited-by-mirror
rca,2024-08-24,nouvellesplus.com,domain,1,credited-by-mirror
rca,2024-08-24,radiondekeluka.org,domain,1,credited-by-mirror
rca,2024-08-24,renaissance.cf,domain,1,credited-by-mirror
rca,2024-08-25,Telegram: dnobangui,telegram,2,credited-by-mirror
rca,2024-08-25,Telegram: officersunion,telegram,1,credited-by-mirror
rca,2024-08-25,oubanguimedias.com,domain,1,credited-by-mirror
rca,2024-08-26,Telegram: dnobangui,telegram,3,credited-by-mirror
rca,2024-08-26,minusca.unmissions.org,domain,3,credited-by-mirror
rca,2024-08-26,ndjonisango.com,domain,7,credited-by-mirror
rca,2024-08-26,nouvellesplus.com,domain,1,credited-by-mirror
rca,2024-08-26,oubanguimedias.com,domain,7,credited-by-mirror
rca,2024-08-26,radiondekeluka.org,domain,9,credited-by-mirror
rca,2024-08-27,Telegram: dnobangui,telegram,3,credited-by-mirror
rca,2024-08-27,acap.cf,domain,3,credited-by-mirror
rca,2024-08-27,minusca.unmissions.org,domain,1,credited-by-mirror
rca,2024-08-27,ndjonisango.com,domain,3,credited-by-mirror
rca,2024-08-27,nouvellesplus.com,domain,1,credited-by-mirror
rca,2024-08-27,oubanguimedias.com,domain,1,credited-by-mirror
rca,2024-08-27,radiondekeluka.org,domain,6,credited-by-mirror
rca,2024-08-28,Telegram: dnobangui,telegram,2,credited-by-mirror
rca,2024-08-28,Telegram: rusbangui,telegram,2,credited-by-mirror
rca,2024-08-28,acap.cf,domain,1,credited-by-mirror
rca,2024-08-28,minusca.unmissions.org,domain,3,credited-by-mirror
rca,2024-08-28,ndjonisango.com,domain,1,credited-by-mirror
rca,2024-08-28,nouvellesplus.com,domain,1,credited-by-mirror
rca,2024-08-28,oubanguimedias.com,domain,10,credited-by-mirror
rca,2024-08-28,radiondekeluka.org,domain,9,credited-by-mirror
rca,2024-08-28,renaissance.cf,domain,6,credited-by-mirror
rca,2024-08-29,Telegram: dnobangui,telegram,2,credited-by-mirror
rca,2024-08-29,Telegram: officersunion,telegram,1,credited-by-mirror
rca,2024-08-29,acap.cf,domain,3,credited-by-mirror
rca,2024-08-29,minusca.unmissions.org,domain,1,credited-by-mirror
rca,2024-08-29,nouvellesplus.com,domain,1,credited-by-mirror
rca,2024-08-29,radiondekeluka.org,domain,7,credited-by-mirror
rca,2024-08-29,renaissance.cf,domain,1,credited-by-mirror
rca,2024-08-30,Telegram: dnobangui,telegram,3,credited-by-mirror
rca,2024-08-30,Telegram: rusbangui,telegram,1,credited-by-mirror
rca,2024-08-30,minusca.unmissions.org,domain,1,credited-by-mirror
rca,2024-08-30,ndjonisango.com,domain,6,credited-by-mirror
rca,2024-08-30,nouvellesplus.com,domain,1,credited-by-mirror
rca,2024-08-30,oubanguimedias.com,domain,9,credited-by-mirror
rca,2024-08-30,radiondekeluka.org,domain,4,credited-by-mirror
rca,2024-08-31,Telegram: dnobangui,telegram,3,credited-by-mirror
rca,2024-08-31,ndjonisango.com,domain,1,credited-by-mirror
rca,2024-08-31,nouvellesplus.com,domain,1,credited-by-mirror
ro-ro,2024-08-01,Telegram: InfoDefenseRUM,telegram,3,credited-by-mirror
ro-ro,2024-08-01,Telegram: romania_ru,telegram,19,credited-by-mirror
ro-ro,2024-08-01,Telegram: sputnecenzurat,telegram,29,credited-by-mirror
ro-ro,2024-08-01,Telegram: triunghiulbasarabean,telegram,30,credited-by-mirror
ro-ro,2024-08-01,ria.ru,domain,2,credited-by-mirror
ro-ro,2024-08-01,tass.ru,domain,5,credited-by-mirror
ro-ro,2024-08-02,Telegram: InfoDefenseRUM,telegram,10,credited-by-mirror
ro-ro,2024-08-02,Telegram: romania_ru,telegram,19,credited-by-mirror
ro-ro,2024-08-02,Telegram: sputnecenzurat,telegram,25,credited-by-mirror
ro-ro,2024-08-02,Telegram: triunghiulbasarabean,telegram,25,credited-by-mirror
ro-ro,2024-08-02,ria.ru,domain,2,credited-by-mirror
ro-ro,2024-08-02,tass.ru,domain,4,credited-by-mirror
ro-ro,2024-08-03,Telegram: InfoDefenseRUM,telegram,3,credited-by-mirror
ro-ro,2024-08-03,Telegram: romania_ru,telegram,11,credited-by-mirror
ro-ro,2024-08-03,Telegram: sputnecenzurat,telegram,13,credited-by-mirror
ro-ro,2024-08-03,Telegram: triunghiulbasarabean,telegram,20,credited-by-mirror
ro-ro,2024-08-03,tass.ru,domain,3,credited-by-mirror
ro-ro,2024-08-04,Telegram: InfoDefenseRUM,telegram,9,credited-by-mirror
ro-ro,2024-08-04,Telegram: ambasadarusiei,telegram,1,credited-by-mirror
ro-ro,2024-08-04,Telegram: romania_ru,telegram,9,credited-by-mirror
ro-ro,2024-08-04,Telegram: sputnecenzurat,telegram,27,credited-by-mirror
ro-ro,2024-08-04,Telegram: triunghiulbasarabean,telegram,18,credited-by-mirror
ro-ro,2024-08-04,tass.ru,domain,3,credited-by-mirror
ro-ro,2024-08-05,Telegram: InfoDefenseRUM,telegram,8,credited-by-mirror
ro-ro,2024-08-05,Telegram: romania_ru,telegram,16,credited-by-mirror
ro-ro,2024-08-05,Telegram: sputnecenzurat,telegram,23,credited-by-mirror
ro-ro,2024-08-05,Telegram: triunghiulbasarabean,telegram,17,credited-by-mirror
ro-ro,2024-08-05,ria.ru,domain,1,credited-by-mirror
ro-ro,2024-08-05,tass.ru,domain,7,credited-by-mirror
ro-ro,2024-08-06,Telegram: InfoDefenseRUM,telegram,9,credited-by-mirror
ro-ro,2024-08-06,Telegram: ambasadarusiei,telegram,3,credited-by-mirror
ro-ro,2024-08-06,Telegram: romania_ru,telegram,11,credited-by-mirror
ro-ro,2024-08-06,Telegram: sputnecenzurat,telegram,23,credited-by-mirror
ro-ro,2024-08-06,Telegram: triunghiulbasarabean,telegram,32,credited-by-mirror
ro-ro,2024-08-06,ria.ru,domain,3,credited-by-mirror
ro-ro,2024-08-06,tass.ru,domain,6,credited-by-mirror
ro-ro,2024-08-07,Telegram: InfoDefenseRUM,telegram,11,credited-by-mirror
ro-ro,2024-08-07,Telegram: ambasadarusiei,telegram,1,credited-by-mirror
ro-ro,2024-08-07,Telegram: romania_ru,telegram,14,credited-by-mirror
ro-ro,2024-08-07,Telegram: sputnecenzurat,telegram,21,credited-by-mirror
ro-ro,2024-08-07,Telegram: triunghiulbasarabean,telegram,27,credited-by-mirror
ro-ro,2024-08-07,ria.ru,domain,3,credited-by-mirror
ro-ro,2024-08-07,tass.ru,domain,2,credited-by-mirror
ro-ro,2024-08-08,Telegram: InfoDefenseRUM,telegram,5,credited-by-mirror
ro-ro,2024-08-08,Telegram: ambasadarusiei,telegram,2,credited-by-mirror
ro-ro,2024-08-08,Telegram: romania_ru,telegram,14,credited-by-mirror
ro-ro,2024-08-08,Telegram: sputnecenzurat,telegram,23,credited-by-mirror
ro-ro,2024-08-08,Telegram: triunghiulbasarabean,telegram,39,credited-by-mirror
ro-ro,2024-08-08,ria.ru,domain,3,credited-by-mirror
ro-ro,2024-08-08,tass.ru,domain,5,credited-by-mirror
ro-ro,2024-08-09,Telegram: InfoDefenseRUM,telegram,3,credited-by-mirror
ro-ro,2024-08-09,Telegram: ambasadarusiei,telegram,3,credited-by-mirror
ro-ro,2024-08-09,Telegram: romania_ru,telegram,19,credited-by-mirror
ro-ro,2024-08-09,Telegram: sputnecenzurat,telegram,26,credited-by-mirror
ro-ro,2024-08-09,Telegram: triunghiulbasarabean,telegram,29,credited-by-mirror
ro-ro,2024-08-09,ria.ru,domain,1,credited-by-mirror
ro-ro,2024-08-09,tass.ru,domain,3,credited-by-mirror
ro-ro,2024-08-10,Telegram: InfoDefenseRUM,telegram,6,credited-by-mirror
ro-ro,2024-08-10,Telegram: romania_ru,telegram,10,credited-by-mirror
ro-ro,2024-08-10,Telegram: sputnecenzurat,telegram,9,credited-by-mirror
ro-ro,2024-08-10,Telegram: triunghiulbasarabean,telegram,15,credited-by-mirror
ro-ro,2024-08-10,Telegram: ucrainaruseasca,telegram,1,credited-by-mirror
ro-ro,2024-08-10,ria.ru,domain,1,credited-by-mirror
ro-ro,2024-08-10,tass.ru,domain,1,credited-by-mirror
ro-ro,2024-08-11,Telegram: InfoDefenseRUM,telegram,7,credited-by-mirror
ro-ro,2024-08-11,Telegram: romania_ru,telegram,8,credited-by-mirror
ro-ro,2024-08-11,Telegram: sputnecenzurat,telegram,7,credited-by-mirror
ro-ro,2024-08-11,Telegram: triunghiulbasarabean,telegram,22,credited-by-mirror
ro-ro,2024-08-11,Telegram: ucrainaruseasca,telegram,6,credited-by-mirror
ro-ro,2024-08-11,ria.ru,domain,1,credited-by-mirror
ro-ro,2024-08-11,tass.ru,domain,4,credited-by-mirror
ro-ro,2024-08-12,Telegram: InfoDefenseRUM,telegram,6,credited-by-mirror
ro-ro,2024-08-12,Telegram: ambasadarusiei,telegram,2,credited-by-mirror
ro-ro,2024-08-12,Telegram: romania_ru,telegram,16,credited-by-mirror
ro-ro,2024-08-12,Telegram: sputnecenzurat,telegram,23,credited-by-mirror
ro-ro,2024-08-12,Telegram: triunghiulbasarabean,telegram,36,credited-by-mirror
ro-ro,2024-08-12,Telegram: ucrainaruseasca,telegram,3,credited-by-mirror
ro-ro,2024-08-12,tass.ru,domain,6,credited-by-mirror
ro-ro,2024-08-13,Telegram: InfoDefenseRUM,telegram,5,credited-by-mirror
ro-ro,2024-08-13,Telegram: romania_ru,telegram,16,credited-by-mirror
ro-ro,2024-08-13,Telegram: sputnecenzurat,telegram,24,credited-by-mirror
ro-ro,2024-08-13,Telegram: triunghiulbasarabean,telegram,22,credited-by-mirror
ro-ro,2024-08-13,Telegram: ucrainaruseasca,telegram,3,credited-by-mirror
ro-ro,2024-08-13,ria.ru,domain,1,credited-by-mirror
ro-ro,2024-08-13,tass.ru,domain,5,credited-by-mirror
ro-ro,2024-08-14,Telegram: InfoDefenseRUM,telegram,1,credited-by-mirror
ro-ro,2024-08-14,Telegram: ambasadarusiei,telegram,3,credited-by-mirror
ro-ro,2024-08-14,Telegram: romania_ru,telegram,13,credited-by-mirror
ro-ro,2024-08-14,Telegram: sputnecenzurat,telegram,19,credited-by-mirror
ro-ro,2024-08-14,Telegram: triunghiulbasarabean,telegram,36,credited-by-mirror
ro-ro,2024-08-14,Telegram: ucrainaruseasca,telegram,5,credited-by-mirror
ro-ro,2024-08-14,ria.ru,domain,1,credited-by-mirror
ro-ro,2024-08-14,tass.ru,domain,1,credited-by-mirror
ro-ro,2024-08-15,Telegram: InfoDefenseRUM,telegram,5,credited-by-mirror
ro-ro,2024-08-15,Telegram: ambasadarusiei,telegram,1,credited-by-mirror
ro-ro,2024-08-15,Telegram: romania_ru,telegram,23,credited-by-mirror
ro-ro,2024-08-15,Telegram: sputnecenzurat,telegram,15,credited-by-mirror
ro-ro,2024-08-15,Telegram: triunghiulbasarabean,telegram,34,credited-by-mirror
ro-ro,2024-08-15,Telegram: ucrainaruseasca,telegram,4,credited-by-mirror
ro-ro,2024-08-15,ria.ru,domain,1,credited-by-mirror
ro-ro,2024-08-16,Telegram: InfoDefenseRUM,telegram,8,credited-by-mirror
ro-ro,2024-08-16,Telegram: ambasadarusiei,telegram,4,credited-by-mirror
ro-ro,2024-08-16,Telegram: romania_ru,telegram,13,credited-by-mirror
ro-ro,2024-08-16,Telegram: sputnecenzurat,telegram,27,credited-by-mirror
ro-ro,2024-08-16,Telegram: triunghiulbasarabean,telegram,34,credited-by-mirror
ro-ro,2024-08-16,Telegram: ucrainaruseasca,telegram,4,credited-by-mirror
ro-ro,2024-08-16,ria.ru,domain,1,credited-by-mirror
ro-ro,2024-08-17,Telegram: InfoDefenseRUM,telegram,8,credited-by-mirror
ro-ro,2024-08-17,Telegram: romania_ru,telegram,9,credited-by-mirror
ro-ro,2024-08-17,Telegram: sputnecenzurat,telegram,22,credited-by-mirror
ro-ro,2024-08-17,Telegram: triunghiulbasarabean,telegram,20,credited-by-mirror
ro-ro,2024-08-17,Telegram: ucrainaruseasca,telegram,3,credited-by-mirror
ro-ro,2024-08-18,Telegram: InfoDefenseRUM,telegram,7,credited-by-mirror
ro-ro,2024-08-18,Telegram: romania_ru,telegram,5,credited-by-mirror
ro-ro,2024-08-18,Telegram: sputnecenzurat,telegram,11,credited-by-mirror
ro-ro,2024-08-18,Telegram: triunghiulbasarabean,telegram,22,credited-by-mirror
ro-ro,2024-08-18,Telegram: ucrainaruseasca,telegram,4,credited-by-mirror
ro-ro,2024-08-18,ria.ru,domain,1,credited-by-mirror
ro-ro,2024-08-19,Telegram: InfoDefenseRUM,telegram,7,credited-by-mirror
ro-ro,2024-08-19,Telegram: ambasadarusiei,telegram,2,credited-by-mirror
ro-ro,2024-08-19,Telegram: romania_ru,telegram,19,credited-by-mirror
ro-ro,2024-08-19,Telegram: sputnecenzurat,telegram,21,credited-by-mirror
ro-ro,2024-08-19,Telegram: triunghiulbasarabean,telegram,36,credited-by-mirror
ro-ro,2024-08-19,Telegram: ucrainaruseasca,telegram,1,credited-by-mirror
ro-ro,2024-08-19,ria.ru,domain,2,credited-by-mirror
ro-ro,2024-08-20,Telegram: InfoDefenseRUM,telegram,5,credited-by-mirror
ro-ro,2024-08-20,Telegram: ambasadarusiei,telegram,4,credited-by-mirror
ro-ro,2024-08-20,Telegram: onciu,telegram,1,credited-by-mirror
ro-ro,2024-08-20,Telegram: romania_ru,telegram,14,credited-by-mirror
ro-ro,2024-08-20,Telegram: sputnecenzurat,telegram,30,credited-by-mirror
ro-ro,2024-08-20,Telegram: triunghiulbasarabean,telegram,41,credited-by-mirror
ro-ro,2024-08-20,Telegram: ucrainaruseasca,telegram,3,credited-by-mirror
ro-ro,2024-08-20,ria.ru,domain,1,credited-by-mirror
ro-ro,2024-08-21,Telegram: InfoDefenseRUM,telegram,5,credited-by-mirror
ro-ro,2024-08-21,Telegram: ambasadarusiei,telegram,2,credited-by-mirror
ro-ro,2024-08-21,Telegram: romania_ru,telegram,13,credited-by-mirror
ro-ro,2024-08-21,Telegram: sputnecenzurat,telegram,33,credited-by-mirror
ro-ro,2024-08-21,Telegram: triunghiulbasarabean,telegram,35,credited-by-mirror
ro-ro,2024-08-21,Telegram: ucrainaruseasca,telegram,3,credited-by-mirror
ro-ro,2024-08-22,Telegram: InfoDefenseRUM,telegram,10,credited-by-mirror
ro-ro,2024-08-22,Telegram: romania_ru,telegram,16,credited-by-mirror
ro-ro,2024-08-22,Telegram: sputnecenzurat,telegram,15,credited-by-mirror
ro-ro,2024-08-22,Telegram: triunghiulbasarabean,telegram,26,credited-by-mirror
ro-ro,2024-08-22,Telegram: ucrainaruseasca,telegram,6,credited-by-mirror
ro-ro,2024-08-22,ria.ru,domain,4,credited-by-mirror
ro-ro,2024-08-23,Telegram: InfoDefenseRUM,telegram,8,credited-by-mirror
ro-ro,2024-08-23,Telegram: romania_ru,telegram,18,credited-by-mirror
ro-ro,2024-08-23,Telegram: sputnecenzurat,telegram,22,credited-by-mirror
ro-ro,2024-08-23,Telegram: triunghiulbasarabean,telegram,8,credited-by-mirror
ro-ro,2024-08-23,Telegram: ucrainaruseasca,telegram,1,credited-by-mirror
ro-ro,2024-08-23,ria.ru,domain,1,credited-by-mirror
ro-ro,2024-08-24,Telegram: InfoDefenseRUM,telegram,5,credited-by-mirror
ro-ro,2024-08-24,Telegram: romania_ru,telegram,12,credited-by-mirror
ro-ro,2024-08-24,Telegram: sputnecenzurat,telegram,29,credited-by-mirror
ro-ro,2024-08-24,Telegram: triunghiulbasarabean,telegram,23,credited-by-mirror
ro-ro,2024-08-24,Telegram: ucrainaruseasca,telegram,2,credited-by-mirror
ro-ro,2024-08-24,ria.ru,domain,1,credited-by-mirror
ro-ro,2024-08-25,Telegram: InfoDefenseRUM,telegram,6,credited-by-mirror
ro-ro,2024-08-25,Telegram: ambasadarusiei,telegram,1,credited-by-mirror
ro-ro,2024-08-25,Telegram: romania_ru,telegram,10,credited-by-mirror
ro-ro,2024-08-25,Telegram: sputnecenzurat,telegram,32,credited-by-mirror
ro-ro,2024-08-25,Telegram: triunghiulbasarabean,telegram,23,credited-by-mirror
ro-ro,2024-08-25,Telegram: ucrainaruseasca,telegram,4,credited-by-mirror
ro-ro,2024-08-25,ria.ru,domain,2,credited-by-mirror
ro-ro,2024-08-26,Telegram: InfoDefenseRUM,telegram,4,credited-by-mirror
ro-ro,2024-08-26,Telegram: romania_ru,telegram,24,credited-by-mirror
ro-ro,2024-08-26,Telegram: sputnecenzurat,telegram,17,credited-by-mirror
ro-ro,2024-08-26,Telegram: triunghiulbasarabean,telegram,34,credited-by-mirror
ro-ro,2024-08-26,Telegram: ucrainaruseasca,telegram,5,credited-by-mirror
ro-ro,2024-08-27,Telegram: InfoDefenseRUM,telegram,7,credited-by-mirror
ro-ro,2024-08-27,Telegram: ambasadarusiei,telegram,1,credited-by-mirror
ro-ro,2024-08-27,Telegram: romania_ru,telegram,17,credited-by-mirror
ro-ro,2024-08-27,Telegram: sputnecenzurat,telegram,11,credited-by-mirror
ro-ro,2024-08-27,Telegram: triunghiulbasarabean,telegram,30,credited-by-mirror
ro-ro,2024-08-27,Telegram: ucrainaruseasca,telegram,1,credited-by-mirror
ro-ro,2024-08-27,ria.ru,domain,1,credited-by-mirror
ro-ro,2024-08-28,Telegram: InfoDefenseRUM,telegram,5,credited-by-mirror
ro-ro,2024-08-28,Telegram: ambasadarusiei,telegram,2,credited-by-mirror
ro-ro,2024-08-28,Telegram: romania_ru,telegram,21,credited-by-mirror
ro-ro,2024-08-28,Telegram: sputnecenzurat,telegram,25,credited-by-mirror
ro-ro,2024-08-28,Telegram: triunghiulbasarabean,telegram,30,credited-by-mirror
ro-ro,2024-08-28,Telegram: ucrainaruseasca,telegram,2,credited-by-mirror
ro-ro,2024-08-28,ria.ru,domain,1,credited-by-mirror
ro-ro,2024-08-29,Telegram: InfoDefenseRUM,telegram,3,credited-by-mirror
ro-ro,2024-08-29,Telegram: ambasadarusiei,telegram,2,credited-by-mirror
ro-ro,2024-08-29,Telegram: romania_ru,telegram,17,credited-by-mirror
ro-ro,2024-08-29,Telegram: sputnecenzurat,telegram,27,credited-by-mirror
ro-ro,2024-08-29,Telegram: triunghiulbasarabean,telegram,19,credited-by-mirror
ro-ro,2024-08-29,Telegram: ucrainaruseasca,telegram,1,credited-by-mirror
ro-ro,2024-08-29,ria.ru,domain,6,credited-by-mirror
ro-ro,2024-08-30,Telegram: InfoDefenseRUM,telegram,7,credited-by-mirror
ro-ro,2024-08-30,Telegram: ambasadarusiei,telegram,1,credited-by-mirror
ro-ro,2024-08-30,Telegram: romania_ru,telegram,18,credited-by-mirror
ro-ro,2024-08-30,Telegram: sputnecenzurat,telegram,18,credited-by-mirror
ro-ro,2024-08-30,Telegram: triunghiulbasarabean,telegram,21,credited-by-mirror
ro-ro,2024-08-30,Telegram: ucrainaruseasca,telegram,3,credited-by-mirror
ro-ro,2024-08-30,ria.ru,domain,1,credited-by-mirror
ro-ro,2024-08-31,Telegram: InfoDefenseRUM,telegram,5,credited-by-mirror
ro-ro,2024-08-31,Telegram: romania_ru,telegram,11,credited-by-mirror
ro-ro,2024-08-31,Telegram: sputnecenzurat,telegram,13,credited-by-mirror
ro-ro,2024-08-31,Telegram: triunghiulbasarabean,telegram,21,credited-by-mirror
ro-ro,2024-08-31,Telegram: ucrainaruseasca,telegram,2,credited-by-mirror
ro-ro,2024-08-31,ria.ru,domain,4,credited-by-mirror
romania,2024-08-01,Telegram: InfoDefenseRUM,telegram,3,credited-by-mirror
romania,2024-08-01,Telegram: romania_ru,telegram,19,credited-by-mirror
romania,2024-08-01,Telegram: sputnecenzurat,telegram,29,credited-by-mirror
romania,2024-08-01,Telegram: triunghiulbasarabean,telegram,30,credited-by-mirror
romania,2024-08-01,ria.ru,domain,2,credited-by-mirror
romania,2024-08-01,tass.ru,domain,5,credited-by-mirror
romania,2024-08-02,Telegram: InfoDefenseRUM,telegram,10,credited-by-mirror
romania,2024-08-02,Telegram: romania_ru,telegram,19,credited-by-mirror
romania,2024-08-02,Telegram: sputnecenzurat,telegram,25,credited-by-mirror
romania,2024-08-02,Telegram: triunghiulbasarabean,telegram,25,credited-by-mirror
romania,2024-08-02,ria.ru,domain,2,credited-by-mirror
romania,2024-08-02,tass.ru,domain,4,credited-by-mirror
romania,2024-08-03,Telegram: InfoDefenseRUM,telegram,3,credited-by-mirror
romania,2024-08-03,Telegram: romania_ru,telegram,11,credited-by-mirror
romania,2024-08-03,Telegram: sputnecenzurat,telegram,13,credited-by-mirror
romania,2024-08-03,Telegram: triunghiulbasarabean,telegram,20,credited-by-mirror
romania,2024-08-03,tass.ru,domain,3,credited-by-mirror
romania,2024-08-04,Telegram: InfoDefenseRUM,telegram,9,credited-by-mirror
romania,2024-08-04,Telegram: ambasadarusiei,telegram,1,credited-by-mirror
romania,2024-08-04,Telegram: romania_ru,telegram,9,credited-by-mirror
romania,2024-08-04,Telegram: sputnecenzurat,telegram,27,credited-by-mirror
romania,2024-08-04,Telegram: triunghiulbasarabean,telegram,18,credited-by-mirror
romania,2024-08-04,tass.ru,domain,3,credited-by-mirror
romania,2024-08-05,Telegram: InfoDefenseRUM,telegram,8,credited-by-mirror
romania,2024-08-05,Telegram: romania_ru,telegram,16,credited-by-mirror
romania,2024-08-05,Telegram: sputnecenzurat,telegram,23,credited-by-mirror
romania,2024-08-05,Telegram: triunghiulbasarabean,telegram,17,credited-by-mirror
romania,2024-08-05,ria.ru,domain,1,credited-by-mirror
romania,2024-08-05,tass.ru,domain,7,credited-by-mirror
romania,2024-08-06,Telegram: InfoDefenseRUM,telegram,9,credited-by-mirror
romania,2024-08-06,Telegram: ambasadarusiei,telegram,3,credited-by-mirror
romania,2024-08-06,Telegram: romania_ru,telegram,11,credited-by-mirror
romania,2024-08-06,Telegram: sputnecenzurat,telegram,23,credited-by-mirror
romania,2024-08-06,Telegram: triunghiulbasarabean,telegram,32,credited-by-mirror
romania,2024-08-06,ria.ru,domain,3,credited-by-mirror
romania,2024-08-06,tass.ru,domain,6,credited-by-mirror
romania,2024-08-07,Telegram: InfoDefenseRUM,telegram,11,credited-by-mirror
romania,2024-08-07,Telegram: ambasadarusiei,telegram,1,credited-by-mirror
romania,2024-08-07,Telegram: romania_ru,telegram,14,credited-by-mirror
romania,2024-08-07,Telegram: sputnecenzurat,telegram,21,credited-by-mirror
romania,2024-08-07,Telegram: triunghiulbasarabean,telegram,27,credited-by-mirror
romania,2024-08-07,ria.ru,domain,3,credited-by-mirror
romania,2024-08-07,tass.ru,domain,2,credited-by-mirror
romania,2024-08-08,Telegram: InfoDefenseRUM,telegram,5,credited-by-mirror
romania,2024-08-08,Telegram: ambasadarusiei,telegram,2,credited-by-mirror
romania,2024-08-08,Telegram: romania_ru,telegram,14,credited-by-mirror
romania,2024-08-08,Telegram: sputnecenzurat,telegram,23,credited-by-mirror
romania,2024-08-08,Telegram: triunghiulbasarabean,telegram,39,credited-by-mirror
romania,2024-08-08,ria.ru,domain,3,credited-by-mirror
romania,2024-08-08,tass.ru,domain,5,credited-by-mirror
romania,2024-08-09,Telegram: InfoDefenseRUM,telegram,3,credited-by-mirror
romania,2024-08-09,Telegram: ambasadarusiei,telegram,3,credited-by-mirror
romania,2024-08-09,Telegram: romania_ru,telegram,19,credited-by-mirror
romania,2024-08-09,Telegram: sputnecenzurat,telegram,26,credited-by-mirror
romania,2024-08-09,Telegram: triunghiulbasarabean,telegram,29,credited-by-mirror
romania,2024-08-09,ria.ru,domain,1,credited-by-mirror
romania,2024-08-09,tass.ru,domain,3,credited-by-mirror
romania,2024-08-10,Telegram: InfoDefenseRUM,telegram,6,credited-by-mirror
romania,2024-08-10,Telegram: romania_ru,telegram,10,credited-by-mirror
romania,2024-08-10,Telegram: sputnecenzurat,telegram,9,credited-by-mirror
romania,2024-08-10,Telegram: triunghiulbasarabean,telegram,15,credited-by-mirror
romania,2024-08-10,Telegram: ucrainaruseasca,telegram,1,credited-by-mirror
romania,2024-08-10,ria.ru,domain,1,credited-by-mirror
romania,2024-08-10,tass.ru,domain,1,credited-by-mirror
romania,2024-08-11,Telegram: InfoDefenseRUM,telegram,7,credited-by-mirror
romania,2024-08-11,Telegram: romania_ru,telegram,8,credited-by-mirror
romania,2024-08-11,Telegram: sputnecenzurat,telegram,7,credited-by-mirror
romania,2024-08-11,Telegram: triunghiulbasarabean,telegram,22,credited-by-mirror
romania,2024-08-11,Telegram: ucrainaruseasca,telegram,6,credited-by-mirror
romania,2024-08-11,ria.ru,domain,1,credited-by-mirror
romania,2024-08-11,tass.ru,domain,4,credited-by-mirror
romania,2024-08-12,Telegram: InfoDefenseRUM,telegram,6,credited-by-mirror
romania,2024-08-12,Telegram: ambasadarusiei,telegram,2,credited-by-mirror
romania,2024-08-12,Telegram: romania_ru,telegram,16,credited-by-mirror
romania,2024-08-12,Telegram: sputnecenzurat,telegram,23,credited-by-mirror
romania,2024-08-12,Telegram: triunghiulbasarabean,telegram,36,credited-by-mirror
romania,2024-08-12,Telegram: ucrainaruseasca,telegram,3,credited-by-mirror
romania,2024-08-12,tass.ru,domain,6,credited-by-mirror
romania,2024-08-13,Telegram: InfoDefenseRUM,telegram,5,credited-by-mirror
romania,2024-08-13,Telegram: romania_ru,telegram,16,credited-by-mirror
romania,2024-08-13,Telegram: sputnecenzurat,telegram,24,credited-by-mirror
romania,2024-08-13,Telegram: triunghiulbasarabean,telegram,22,credited-by-mirror
romania,2024-08-13,Telegram: ucrainaruseasca,telegram,3,credited-by-mirror
romania,2024-08-13,ria.ru,domain,1,credited-by-mirror
romania,2024-08-13,tass.ru,domain,5,credited-by-mirror
romania,2024-08-14,Telegram: InfoDefenseRUM,telegram,1,credited-by-mirror
romania,2024-08-14,Telegram: ambasadarusiei,telegram,3,credited-by-mirror
romania,2024-08-14,Telegram: romania_ru,telegram,13,credited-by-mirror
romania,2024-08-14,Telegram: sputnecenzurat,telegram,19,credited-by-mirror
romania,2024-08-14,Telegram: triunghiulbasarabean,telegram,36,credited-by-mirror
romania,2024-08-14,Telegram: ucrainaruseasca,telegram,5,credited-by-mirror
romania,2024-08-14,ria.ru,domain,1,credited-by-mirror
romania,2024-08-14,tass.ru,domain,1,credited-by-mirror
romania,2024-08-15,Telegram: InfoDefenseRUM,telegram,5,credited-by-mirror
romania,2024-08-15,Telegram: ambasadarusiei,telegram,1,credited-by-mirror
romania,2024-08-15,Telegram: romania_ru,telegram,23,credited-by-mirror
romania,2024-08-15,Telegram: sputnecenzurat,telegram,15,credited-by-mirror
romania,2024-08-15,Telegram: triunghiulbasarabean,telegram,34,credited-by-mirror
romania,2024-08-15,Telegram: ucrainaruseasca,telegram,4,credited-by-mirror
romania,2024-08-15,ria.ru,domain,1,credited-by-mirror
romania,2024-08-16,Telegram: InfoDefenseRUM,telegram,8,credited-by-mirror
romania,2024-08-16,Telegram: ambasadarusiei,telegram,4,credited-by-mirror
romania,2024-08-16,Telegram: romania_ru,telegram,13,credited-by-mirror
romania,2024-08-16,Telegram: sputnecenzurat,telegram,27,credited-by-mirror
romania,2024-08-16,Telegram: triunghiulbasarabean,telegram,34,credited-by-mirror
romania,2024-08-16,Telegram: ucrainaruseasca,telegram,4,credited-by-mirror
romania,2024-08-16,ria.ru,domain,1,credited-by-mirror
romania,2024-08-17,Telegram: InfoDefenseRUM,telegram,8,credited-by-mirror
romania,2024-08-17,Telegram: romania_ru,telegram,9,credited-by-mirror
romania,2024-08-17,Telegram: sputnecenzurat,telegram,22,credited-by-mirror
romania,2024-08-17,Telegram: triunghiulbasarabean,telegram,20,credited-by-mirror
romania,2024-08-17,Telegram: ucrainaruseasca,telegram,3,credited-by-mirror
romania,2024-08-18,Telegram: InfoDefenseRUM,telegram,7,credited-by-mirror
romania,2024-08-18,Telegram: romania_ru,telegram,5,credited-by-mirror
romania,2024-08-18,Telegram: sputnecenzurat,telegram,11,credited-by-mirror
romania,2024-08-18,Telegram: triunghiulbasarabean,telegram,22,credited-by-mirror
romania,2024-08-18,Telegram: ucrainaruseasca,telegram,4,credited-by-mirror
romania,2024-08-18,ria.ru,domain,1,credited-by-mirror
romania,2024-08-19,Telegram: InfoDefenseRUM,telegram,7,credited-by-mirror
romania,2024-08-19,Telegram: ambasadarusiei,telegram,2,credited-by-mirror
romania,2024-08-19,Telegram: romania_ru,telegram,19,credited-by-mirror
romania,2024-08-19,Telegram: sputnecenzurat,telegram,21,credited-by-mirror
romania,2024-08-19,Telegram: triunghiulbasarabean,telegram,36,credited-by-mirror
romania,2024-08-19,Telegram: ucrainaruseasca,telegram,1,credited-by-mirror
romania,2024-08-19,ria.ru,domain,2,credited-by-mirror
romania,2024-08-20,Telegram: InfoDefenseRUM,telegram,5,credited-by-mirror
romania,2024-08-20,Telegram: ambasadarusiei,telegram,4,credited-by-mirror
romania,2024-08-20,Telegram: onciu,telegram,1,credited-by-mirror
romania,2024-08-20,Telegram: romania_ru,telegram,14,credited-by-mirror
romania,2024-08-20,Telegram: sputnecenzurat,telegram,30,credited-by-mirror
romania,2024-08-20,Telegram: triunghiulbasarabean,telegram,41,credited-by-mirror
romania,2024-08-20,Telegram: ucrainaruseasca,telegram,3,credited-by-mirror
romania,2024-08-20,ria.ru,domain,1,credited-by-mirror
romania,2024-08-21,Telegram: InfoDefenseRUM,telegram,5,credited-by-mirror
romania,2024-08-21,Telegram: ambasadarusiei,telegram,2,credited-by-mirror
romania,2024-08-21,Telegram: romania_ru,telegram,13,credited-by-mirror
romania,2024-08-21,Telegram: sputnecenzurat,telegram,33,credited-by-mirror
romania,2024-08-21,Telegram: triunghiulbasarabean,telegram,35,credited-by-mirror
romania,2024-08-21,Telegram: ucrainaruseasca,telegram,3,credited-by-mirror
romania,2024-08-22,Telegram: InfoDefenseRUM,telegram,10,credited-by-mirror
romania,2024-08-22,Telegram: romania_ru,telegram,16,credited-by-mirror
romania,2024-08-22,Telegram: sputnecenzurat,telegram,15,credited-by-mirror
romania,2024-08-22,Telegram: triunghiulbasarabean,telegram,26,credited-by-mirror
romania,2024-08-22,Telegram: ucrainaruseasca,telegram,6,credited-by-mirror
romania,2024-08-22,ria.ru,domain,4,credited-by-mirror
romania,2024-08-23,Telegram: InfoDefenseRUM,telegram,8,credited-by-mirror
romania,2024-08-23,Telegram: romania_ru,telegram,18,credited-by-mirror
romania,2024-08-23,Telegram: sputnecenzurat,telegram,22,credited-by-mirror
romania,2024-08-23,Telegram: triunghiulbasarabean,telegram,8,credited-by-mirror
romania,2024-08-23,Telegram: ucrainaruseasca,telegram,1,credited-by-mirror
romania,2024-08-23,ria.ru,domain,1,credited-by-mirror
romania,2024-08-24,Telegram: InfoDefenseRUM,telegram,5,credited-by-mirror
romania,2024-08-24,Telegram: romania_ru,telegram,12,credited-by-mirror
romania,2024-08-24,Telegram: sputnecenzurat,telegram,29,credited-by-mirror
romania,2024-08-24,Telegram: triunghiulbasarabean,telegram,23,credited-by-mirror
romania,2024-08-24,Telegram: ucrainaruseasca,telegram,2,credited-by-mirror
romania,2024-08-24,ria.ru,domain,1,credited-by-mirror
romania,2024-08-25,Telegram: InfoDefenseRUM,telegram,6,credited-by-mirror
romania,2024-08-25,Telegram: ambasadarusiei,telegram,1,credited-by-mirror
romania,2024-08-25,Telegram: romania_ru,telegram,10,credited-by-mirror
romania,2024-08-25,Telegram: sputnecenzurat,telegram,32,credited-by-mirror
romania,2024-08-25,Telegram: triunghiulbasarabean,telegram,23,credited-by-mirror
romania,2024-08-25,Telegram: ucrainaruseasca,telegram,4,credited-by-mirror
romania,2024-08-25,ria.ru,domain,2,credited-by-mirror
romania,2024-08-26,Telegram: InfoDefenseRUM,telegram,4,credited-by-mirror
romania,2024-08-26,Telegram: romania_ru,telegram,24,credited-by-mirror
romania,2024-08-26,Telegram: sputnecenzurat,telegram,17,credited-by-mirror
romania,2024-08-26,Telegram: triunghiulbasarabean,telegram,34,credited-by-mirror
romania,2024-08-26,Telegram: ucrainaruseasca,telegram,5,credited-by-mirror
romania,2024-08-27,Telegram: InfoDefenseRUM,telegram,7,credited-by-mirror
romania,2024-08-27,Telegram: ambasadarusiei,telegram,1,credited-by-mirror
romania,2024-08-27,Telegram: romania_ru,telegram,17,credited-by-mirror
romania,2024-08-27,Telegram: sputnecenzurat,telegram,11,credited-by-mirror
romania,2024-08-27,Telegram: triunghiulbasarabean,telegram,30,credited-by-mirror
romania,2024-08-27,Telegram: ucrainaruseasca,telegram,1,credited-by-mirror
romania,2024-08-27,ria.ru,domain,1,credited-by-mirror
romania,2024-08-28,Telegram: InfoDefenseRUM,telegram,5,credited-by-mirror
romania,2024-08-28,Telegram: ambasadarusiei,telegram,2,credited-by-mirror
romania,2024-08-28,Telegram: romania_ru,telegram,21,credited-by-mirror
romania,2024-08-28,Telegram: sputnecenzurat,telegram,25,credited-by-mirror
romania,2024-08-28,Telegram: triunghiulbasarabean,telegram,30,credited-by-mirror
romania,2024-08-28,Telegram: ucrainaruseasca,telegram,2,credited-by-mirror
romania,2024-08-28,ria.ru,domain,1,credited-by-mirror
romania,2024-08-29,Telegram: InfoDefenseRUM,telegram,3,credited-by-mirror
romania,2024-08-29,Telegram: ambasadarusiei,telegram,2,credited-by-mirror
romania,2024-08-29,Telegram: romania_ru,telegram,17,credited-by-mirror
romania,2024-08-29,Telegram: sputnecenzurat,telegram,27,credited-by-mirror
romania,2024-08-29,Telegram: triunghiulbasarabean,telegram,19,credited-by-mirror
romania,2024-08-29,Telegram: ucrainaruseasca,telegram,1,credited-by-mirror
romania,2024-08-29,ria.ru,domain,6,credited-by-mirror
romania,2024-08-30,Telegram: InfoDefenseRUM,telegram,7,credited-by-mirror
romania,2024-08-30,Telegram: ambasadarusiei,telegram,1,credited-by-mirror
romania,2024-08-30,Telegram: romania_ru,telegram,18,credited-by-mirror
romania,2024-08-30,Telegram: sputnecenzurat,telegram,18,credited-by-mirror
romania,2024-08-30,Telegram: triunghiulbasarabean,telegram,21,credited-by-mirror
romania,2024-08-30,Telegram: ucrainaruseasca,telegram,3,credited-by-mirror
romania,2024-08-30,ria.ru,domain,1,credited-by-mirror
romania,2024-08-31,Telegram: InfoDefenseRUM,telegram,5,credited-by-mirror
romania,2024-08-31,Telegram: romania_ru,telegram,11,credited-by-mirror
romania,2024-08-31,Telegram: sputnecenzurat,telegram,13,credited-by-mirror
romania,2024-08-31,Telegram: triunghiulbasarabean,telegram,21,credited-by-mirror
romania,2024-08-31,Telegram: ucrainaruseasca,telegram,2,credited-by-mirror
romania,2024-08-31,ria.ru,domain,4,credited-by-mirror
slovakia,2024-08-01,Telegram: slovanskenoviny,telegram,74,credited-by-mirror
slovakia,2024-08-01,Telegram: spravy_slovakia,telegram,11,credited-by-mirror
slovakia,2024-08-01,sk.news-front.su,domain,11,credited-by-mirror
slovakia,2024-08-02,Telegram: slovanskenoviny,telegram,75,credited-by-mirror
slovakia,2024-08-02,Telegram: spravy_slovakia,telegram,18,credited-by-mirror
slovakia,2024-08-02,sk.news-front.su,domain,15,credited-by-mirror
slovakia,2024-08-03,Telegram: slovanskenoviny,telegram,43,credited-by-mirror
slovakia,2024-08-03,Telegram: spravy_slovakia,telegram,21,credited-by-mirror
slovakia,2024-08-03,sk.news-front.su,domain,7,credited-by-mirror
slovakia,2024-08-04,Telegram: slovanskenoviny,telegram,61,credited-by-mirror
slovakia,2024-08-04,Telegram: spravy_slovakia,telegram,7,credited-by-mirror
slovakia,2024-08-04,sk.news-front.su,domain,7,credited-by-mirror
slovakia,2024-08-05,Telegram: slovanskenoviny,telegram,71,credited-by-mirror
slovakia,2024-08-05,Telegram: spravy_slovakia,telegram,13,credited-by-mirror
slovakia,2024-08-05,sk.news-front.su,domain,13,credited-by-mirror
slovakia,2024-08-06,Telegram: slovanskenoviny,telegram,91,credited-by-mirror
slovakia,2024-08-06,Telegram: spravy_slovakia,telegram,28,credited-by-mirror
slovakia,2024-08-06,sk.news-front.su,domain,11,credited-by-mirror
slovakia,2024-08-07,Telegram: slovanskenoviny,telegram,95,credited-by-mirror
slovakia,2024-08-07,Telegram: spravy_slovakia,telegram,18,credited-by-mirror
slovakia,2024-08-07,sk.news-front.su,domain,11,credited-by-mirror
slovakia,2024-08-08,Telegram: slovanskenoviny,telegram,93,credited-by-mirror
slovakia,2024-08-08,Telegram: spravy_slovakia,telegram,19,credited-by-mirror
slovakia,2024-08-08,sk.news-front.su,domain,12,credited-by-mirror
slovakia,2024-08-09,Telegram: slovanskenoviny,telegram,62,credited-by-mirror
slovakia,2024-08-09,Telegram: spravy_slovakia,telegram,29,credited-by-mirror
slovakia,2024-08-09,Telegram: zemavek,telegram,11,credited-by-mirror
slovakia,2024-08-09,sk.news-front.su,domain,12,credited-by-mirror
slovakia,2024-08-10,Telegram: slovanskenoviny,telegram,69,credited-by-mirror
slovakia,2024-08-10,Telegram: spravy_slovakia,telegram,20,credited-by-mirror
slovakia,2024-08-10,Telegram: zemavek,telegram,37,credited-by-mirror
slovakia,2024-08-10,sk.news-front.su,domain,9,credited-by-mirror
slovakia,2024-08-11,Telegram: slovanskenoviny,telegram,38,credited-by-mirror
slovakia,2024-08-11,Telegram: spravy_slovakia,telegram,8,credited-by-mirror
slovakia,2024-08-11,Telegram: zemavek,telegram,39,credited-by-mirror
slovakia,2024-08-11,sk.news-front.su,domain,6,credited-by-mirror
slovakia,2024-08-12,Telegram: slovanskenoviny,telegram,79,credited-by-mirror
slovakia,2024-08-12,Telegram: spravy_slovakia,telegram,30,credited-by-mirror
slovakia,2024-08-12,Telegram: zemavek,telegram,63,credited-by-mirror
slovakia,2024-08-12,sk.news-front.su,domain,14,credited-by-mirror
slovakia,2024-08-13,Telegram: slovanskenoviny,telegram,69,credited-by-mirror
slovakia,2024-08-13,Telegram: spravy_slovakia,telegram,4,credited-by-mirror
slovakia,2024-08-13,Telegram: zemavek,telegram,56,credited-by-mirror
slovakia,2024-08-13,sk.news-front.su,domain,4,credited-by-mirror
slovakia,2024-08-14,Telegram: slovanskenoviny,telegram,73,credited-by-mirror
slovakia,2024-08-14,Telegram: spravy_slovakia,telegram,13,credited-by-mirror
slovakia,2024-08-14,Telegram: zemavek,telegram,65,credited-by-mirror
slovakia,2024-08-14,sk.news-front.su,domain,14,credited-by-mirror
slovakia,2024-08-15,Telegram: slovanskenoviny,telegram,75,credited-by-mirror
slovakia,2024-08-15,Telegram: spravy_slovakia,telegram,19,credited-by-mirror
slovakia,2024-08-15,Telegram: zemavek,telegram,51,credited-by-mirror
slovakia,2024-08-15,sk.news-front.su,domain,13,credited-by-mirror
slovakia,2024-08-16,Telegram: slovanskenoviny,telegram,56,credited-by-mirror
slovakia,2024-08-16,Telegram: spravy_slovakia,telegram,2,credited-by-mirror
slovakia,2024-08-16,Telegram: zemavek,telegram,69,credited-by-mirror
slovakia,2024-08-16,sk.news-front.su,domain,12,credited-by-mirror
slovakia,2024-08-17,Telegram: slovanskenoviny,telegram,62,credited-by-mirror
slovakia,2024-08-17,Telegram: spravy_slovakia,telegram,2,credited-by-mirror
slovakia,2024-08-17,Telegram: zemavek,telegram,40,credited-by-mirror
slovakia,2024-08-17,sk.news-front.su,domain,7,credited-by-mirror
slovakia,2024-08-18,Telegram: slovanskenoviny,telegram,22,credited-by-mirror
slovakia,2024-08-18,Telegram: spravy_slovakia,telegram,2,credited-by-mirror
slovakia,2024-08-18,Telegram: zemavek,telegram,39,credited-by-mirror
slovakia,2024-08-18,sk.news-front.su,domain,11,credited-by-mirror
slovakia,2024-08-19,Telegram: slovanskenoviny,telegram,65,credited-by-mirror
slovakia,2024-08-19,Telegram: spravy_slovakia,telegram,1,credited-by-mirror
slovakia,2024-08-19,Telegram: zemavek,telegram,66,credited-by-mirror
slovakia,2024-08-19,sk.news-front.su,domain,10,credited-by-mirror
slovakia,2024-08-20,Telegram: slovanskenoviny,telegram,82,credited-by-mirror
slovakia,2024-08-20,Telegram: zemavek,telegram,72,credited-by-mirror
slovakia,2024-08-20,sk.news-front.su,domain,9,credited-by-mirror
slovakia,2024-08-21,Telegram: slovanskenoviny,telegram,80,credited-by-mirror
slovakia,2024-08-21,Telegram: spravy_slovakia,telegram,17,credited-by-mirror
slovakia,2024-08-21,Telegram: zemavek,telegram,74,credited-by-mirror
slovakia,2024-08-21,sk.news-front.su,domain,9,credited-by-mirror
slovakia,2024-08-22,Telegram: slovanskenoviny,telegram,71,credited-by-mirror
slovakia,2024-08-22,Telegram: spravy_slovakia,telegram,19,credited-by-mirror
slovakia,2024-08-22,Telegram: zemavek,telegram,77,credited-by-mirror
slovakia,2024-08-22,sk.news-front.su,domain,9,credited-by-mirror
slovakia,2024-08-23,Telegram: slovanskenoviny,telegram,65,credited-by-mirror
slovakia,2024-08-23,Telegram: spravy_slovakia,telegram,26,credited-by-mirror
slovakia,2024-08-23,Telegram: zemavek,telegram,72,credited-by-mirror
slovakia,2024-08-23,sk.news-front.su,domain,13,credited-by-mirror
slovakia,2024-08-24,Telegram: slovanskenoviny,telegram,37,credited-by-mirror
slovakia,2024-08-24,Telegram: spravy_slovakia,telegram,34,credited-by-mirror
slovakia,2024-08-24,Telegram: zemavek,telegram,41,credited-by-mirror
slovakia,2024-08-24,sk.news-front.su,domain,10,credited-by-mirror
slovakia,2024-08-25,Telegram: slovanskenoviny,telegram,36,credited-by-mirror
slovakia,2024-08-25,Telegram: spravy_slovakia,telegram,27,credited-by-mirror
slovakia,2024-08-25,Telegram: zemavek,telegram,43,credited-by-mirror
slovakia,2024-08-25,sk.news-front.su,domain,13,credited-by-mirror
slovakia,2024-08-26,Telegram: slovanskenoviny,telegram,70,credited-by-mirror
slovakia,2024-08-26,Telegram: spravy_slovakia,telegram,23,credited-by-mirror
slovakia,2024-08-26,Telegram: zemavek,telegram,76,credited-by-mirror
slovakia,2024-08-26,sk.news-front.su,domain,12,credited-by-mirror
slovakia,2024-08-27,Telegram: slovanskenoviny,telegram,68,credited-by-mirror
slovakia,2024-08-27,Telegram: spravy_slovakia,telegram,13,credited-by-mirror
slovakia,2024-08-27,Telegram: zemavek,telegram,78,credited-by-mirror
slovakia,2024-08-27,sk.news-front.su,domain,13,credited-by-mirror
slovakia,2024-08-28,Telegram: slovanskenoviny,telegram,62,credited-by-mirror
slovakia,2024-08-28,Telegram: spravy_slovakia,telegram,27,credited-by-mirror
slovakia,2024-08-28,Telegram: zemavek,telegram,81,credited-by-mirror
slovakia,2024-08-28,sk.news-front.su,domain,16,credited-by-mirror
slovakia,2024-08-29,Telegram: slovanskenoviny,telegram,100,credited-by-mirror
slovakia,2024-08-29,Telegram: spravy_slovakia,telegram,5,credited-by-mirror
slovakia,2024-08-29,Telegram: zemavek,telegram,54,credited-by-mirror
slovakia,2024-08-29,sk.news-front.su,domain,5,credited-by-mirror
slovakia,2024-08-30,Telegram: slovanskenoviny,telegram,86,credited-by-mirror
slovakia,2024-08-30,Telegram: spravy_slovakia,telegram,39,credited-by-mirror
slovakia,2024-08-30,Telegram: zemavek,telegram,66,credited-by-mirror
slovakia,2024-08-30,sk.news-front.su,domain,18,credited-by-mirror
slovakia,2024-08-31,Telegram: slovanskenoviny,telegram,34,credited-by-mirror
slovakia,2024-08-31,Telegram: spravy_slovakia,telegram,28,credited-by-mirror
slovakia,2024-08-31,Telegram: zemavek,telegram,48,credited-by-mirror
slovakia,2024-08-31,sk.news-front.su,domain,10,credited-by-mirror
slovenia,2024-08-01,Telegram: InfoDefSLO,telegram,16,credited-by-mirror
slovenia,2024-08-01,Telegram: RVvoenkor,telegram,5,credited-by-mirror
slovenia,2024-08-01,Telegram: ostashkonews,telegram,3,credited-by-mirror
slovenia,2024-08-01,kp.ru,domain,6,credited-by-mirror
slovenia,2024-08-01,lenta.ru,domain,5,credited-by-mirror
slovenia,2024-08-01,ren.tv,domain,2,credited-by-mirror
slovenia,2024-08-01,tass.ru,domain,1,credited-by-mirror
slovenia,2024-08-02,Telegram: InfoDefSLO,telegram,6,credited-by-mirror
slovenia,2024-08-02,Telegram: ostashkonews,telegram,2,credited-by-mirror
slovenia,2024-08-02,kp.ru,domain,5,credited-by-mirror
slovenia,2024-08-02,lenta.ru,domain,1,credited-by-mirror
slovenia,2024-08-02,ren.tv,domain,2,credited-by-mirror
slovenia,2024-08-02,ria.ru,domain,3,credited-by-mirror
slovenia,2024-08-02,tass.ru,domain,2,credited-by-mirror
slovenia,2024-08-03,Telegram: InfoDefSLO,telegram,10,credited-by-mirror
slovenia,2024-08-04,Telegram: InfoDefSLO,telegram,10,credited-by-mirror
slovenia,2024-08-04,kp.ru,domain,1,credited-by-mirror
slovenia,2024-08-05,Telegram: InfoDefSLO,telegram,8,credited-by-mirror
slovenia,2024-08-05,kp.ru,domain,1,credited-by-mirror
slovenia,2024-08-05,lenta.ru,domain,2,credited-by-mirror
slovenia,2024-08-05,ren.tv,domain,1,credited-by-mirror
slovenia,2024-08-05,ria.ru,domain,1,credited-by-mirror
slovenia,2024-08-05,tass.ru,domain,1,credited-by-mirror
slovenia,2024-08-06,Telegram: InfoDefSLO,telegram,15,credited-by-mirror
slovenia,2024-08-06,kp.ru,domain,3,credited-by-mirror
slovenia,2024-08-06,lenta.ru,domain,1,credited-by-mirror
slovenia,2024-08-06,ria.ru,domain,1,credited-by-mirror
slovenia,2024-08-07,Telegram: InfoDefSLO,telegram,6,credited-by-mirror
slovenia,2024-08-08,Telegram: InfoDefSLO,telegram,24,credited-by-mirror
slovenia,2024-08-09,Telegram: InfoDefSLO,telegram,14,credited-by-mirror
slovenia,2024-08-10,Telegram: InfoDefSLO,telegram,7,credited-by-mirror
slovenia,2024-08-11,Telegram: InfoDefSLO,telegram,17,credited-by-mirror
slovenia,2024-08-11,tass.ru,domain,1,credited-by-mirror
slovenia,2024-08-12,Telegram: InfoDefSLO,telegram,16,credited-by-mirror
slovenia,2024-08-12,tass.ru,domain,1,credited-by-mirror
slovenia,2024-08-13,Telegram: InfoDefSLO,telegram,15,credited-by-mirror
slovenia,2024-08-13,tass.ru,domain,2,credited-by-mirror
slovenia,2024-08-14,Telegram: InfoDefSLO,telegram,10,credited-by-mirror
slovenia,2024-08-15,Telegram: InfoDefSLO,telegram,6,credited-by-mirror
slovenia,2024-08-15,Telegram: ambrusslo,telegram,1,credited-by-mirror
slovenia,2024-08-15,kp.ru,domain,1,credited-by-mirror
slovenia,2024-08-15,lenta.ru,domain,2,credited-by-mirror
slovenia,2024-08-15,ren.tv,domain,1,credited-by-mirror
slovenia,2024-08-15,ria.ru,domain,2,credited-by-mirror
slovenia,2024-08-16,Telegram: InfoDefSLO,telegram,5,credited-by-mirror
slovenia,2024-08-17,Telegram: InfoDefSLO,telegram,17,credited-by-mirror
slovenia,2024-08-18,Telegram: InfoDefSLO,telegram,16,credited-by-mirror
slovenia,2024-08-18,kp.ru,domain,1,credited-by-mirror
slovenia,2024-08-19,Telegram: InfoDefSLO,telegram,21,credited-by-mirror
slovenia,2024-08-20,Telegram: InfoDefSLO,telegram,10,credited-by-mirror
slovenia,2024-08-21,Telegram: InfoDefSLO,telegram,20,credited-by-mirror
slovenia,2024-08-22,Telegram: InfoDefSLO,telegram,12,credited-by-mirror
slovenia,2024-08-22,lenta.ru,domain,1,credited-by-mirror
slovenia,2024-08-23,Telegram: InfoDefSLO,telegram,14,credited-by-mirror
slovenia,2024-08-24,Telegram: InfoDefSLO,telegram,13,credited-by-mirror
slovenia,2024-08-25,Telegram: InfoDefSLO,telegram,12,credited-by-mirror
slovenia,2024-08-26,Telegram: InfoDefSLO,telegram,9,credited-by-mirror
slovenia,2024-08-27,Telegram: InfoDefSLO,telegram,24,credited-by-mirror
slovenia,2024-08-28,Telegram: InfoDefSLO,telegram,14,credited-by-mirror
slovenia,2024-08-29,Telegram: InfoDefSLO,telegram,17,credited-by-mirror
slovenia,2024-08-29,ria.ru,domain,1,credited-by-mirror
slovenia,2024-08-30,Telegram: InfoDefSLO,telegram,9,credited-by-mirror
slovenia,2024-08-30,kp.ru,domain,1,credited-by-mirror
slovenia,2024-08-30,ria.ru,domain,1,credited-by-mirror
slovenia,2024-08-31,Telegram: InfoDefSLO,telegram,21,credited-by-mirror
spanish,2024-08-01,Telegram: Eurekapress,telegram,36,credited-by-mirror
spanish,2024-08-01,Telegram: KaosCanal,telegram,26,credited-by-mirror
spanish,2024-08-01,Telegram: SputnikMundo,telegram,37,credited-by-mirror
spanish,2024-08-01,Telegram: guerrasygeo,telegram,48,credited-by-mirror
spanish,2024-08-01,Telegram: nuevo_orden_mundial_canal,telegram,53,credited-by-mirror
spanish,2024-08-01,Telegram: ophiucu,telegram,47,credited-by-mirror
spanish,2024-08-01,Telegram: rtnoticias,telegram,37,credited-by-mirror
spanish,2024-08-01,Telegram: tass_es,telegram,24,credited-by-mirror
spanish,2024-08-01,Telegram: wofnon,telegram,28,credited-by-mirror
spanish,2024-08-01,actualidad.rt.com,domain,83,credited-by-mirror
spanish,2024-08-02,Telegram: Eurekapress,telegram,21,credited-by-mirror
spanish,2024-08-02,Telegram: KaosCanal,telegram,29,credited-by-mirror
spanish,2024-08-02,Telegram: SputnikMundo,telegram,26,credited-by-mirror
spanish,2024-08-02,Telegram: guerrasygeo,telegram,54,credited-by-mirror
spanish,2024-08-02,Telegram: nuevo_orden_mundial_canal,telegram,62,credited-by-mirror
spanish,2024-08-02,Telegram: ophiucu,telegram,31,credited-by-mirror
spanish,2024-08-02,Telegram: rtnoticias,telegram,19,credited-by-mirror
spanish,2024-08-02,Telegram: tass_es,telegram,19,credited-by-mirror
spanish,2024-08-02,Telegram: wofnon,telegram,20,credited-by-mirror
spanish,2024-08-02,actualidad.rt.com,domain,87,credited-by-mirror
spanish,2024-08-03,Telegram: Eurekapress,telegram,24,credited-by-mirror
spanish,2024-08-03,Telegram: KaosCanal,telegram,30,credited-by-mirror
spanish,2024-08-03,Telegram: SputnikMundo,telegram,19,credited-by-mirror
spanish,2024-08-03,Telegram: guerrasygeo,telegram,69,credited-by-mirror
spanish,2024-08-03,Telegram: nuevo_orden_mundial_canal,telegram,81,credited-by-mirror
spanish,2024-08-03,Telegram: ophiucu,telegram,69,credited-by-mirror
spanish,2024-08-03,Telegram: rtnoticias,telegram,14,credited-by-mirror
spanish,2024-08-03,Telegram: tass_es,telegram,12,credited-by-mirror
spanish,2024-08-03,Telegram: wofnon,telegram,31,credited-by-mirror
spanish,2024-08-03,actualidad.rt.com,domain,59,credited-by-mirror
spanish,2024-08-04,Telegram: Eurekapress,telegram,19,credited-by-mirror
spanish,2024-08-04,Telegram: KaosCanal,telegram,29,credited-by-mirror
spanish,2024-08-04,Telegram: SputnikMundo,telegram,17,credited-by-mirror
spanish,2024-08-04,Telegram: guerrasygeo,telegram,51,credited-by-mirror
spanish,2024-08-04,Telegram: nuevo_orden_mundial_canal,telegram,62,credited-by-mirror
spanish,2024-08-04,Telegram: ophiucu,telegram,60,credited-by-mirror
spanish,2024-08-04,Telegram: rtnoticias,telegram,15,credited-by-mirror
spanish,2024-08-04,Telegram: tass_es,telegram,14,credited-by-mirror
spanish,2024-08-04,Telegram: wofnon,telegram,24,credited-by-mirror
spanish,2024-08-04,actualidad.rt.com,domain,49,credited-by-mirror
spanish,2024-08-05,Telegram: Eurekapress,telegram,36,credited-by-mirror
spanish,2024-08-05,Telegram: KaosCanal,telegram,35,credited-by-mirror
spanish,2024-08-05,Telegram: SputnikMundo,telegram,35,credited-by-mirror
spanish,2024-08-05,Telegram: guerrasygeo,telegram,69,credited-by-mirror
spanish,2024-08-05,Telegram: nuevo_orden_mundial_canal,telegram,119,credited-by-mirror
spanish,2024-08-05,Telegram: ophiucu,telegram,55,credited-by-mirror
spanish,2024-08-05,Telegram: rtnoticias,telegram,24,credited-by-mirror
spanish,2024-08-05,Telegram: tass_es,telegram,23,credited-by-mirror
spanish,2024-08-05,Telegram: wofnon,telegram,31,credited-by-mirror
spanish,2024-08-05,actualidad.rt.com,domain,69,credited-by-mirror
spanish,2024-08-06,Telegram: Eurekapress,telegram,41,credited-by-mirror
spanish,2024-08-06,Telegram: KaosCanal,telegram,34,credited-by-mirror
spanish,2024-08-06,Telegram: SputnikMundo,telegram,33,credited-by-mirror
spanish,2024-08-06,Telegram: guerrasygeo,telegram,43,credited-by-mirror
spanish,2024-08-06,Telegram: nuevo_orden_mundial_canal,telegram,88,credited-by-mirror
spanish,2024-08-06,Telegram: ophiucu,telegram,46,credited-by-mirror
spanish,2024-08-06,Telegram: rtnoticias,telegram,21,credited-by-mirror
spanish,2024-08-06,Telegram: tass_es,telegram,16,credited-by-mirror
spanish,2024-08-06,Telegram: wofnon,telegram,32,credited-by-mirror
spanish,2024-08-06,actualidad.rt.com,domain,82,credited-by-mirror
spanish,2024-08-07,Telegram: Eurekapress,telegram,22,credited-by-mirror
spanish,2024-08-07,Telegram: KaosCanal,telegram,31,credited-by-mirror
spanish,2024-08-07,Telegram: SputnikMundo,telegram,23,credited-by-mirror
spanish,2024-08-07,Telegram: guerrasygeo,telegram,33,credited-by-mirror
spanish,2024-08-07,Telegram: nuevo_orden_mundial_canal,telegram,79,credited-by-mirror
spanish,2024-08-07,Telegram: ophiucu,telegram,32,credited-by-mirror
spanish,2024-08-07,Telegram: rtnoticias,telegram,21,credited-by-mirror
spanish,2024-08-07,Telegram: tass_es,telegram,16,credited-by-mirror
spanish,2024-08-07,Telegram: wofnon,telegram,27,credited-by-mirror
spanish,2024-08-07,actualidad.rt.com,domain,78,credited-by-mirror
spanish,2024-08-08,Telegram: Eurekapress,telegram,37,credited-by-mirror
spanish,2024-08-08,Telegram: KaosCanal,telegram,21,credited-by-mirror
spanish,2024-08-08,Telegram: SputnikMundo,telegram,19,credited-by-mirror
spanish,2024-08-08,Telegram: guerrasygeo,telegram,32,credited-by-mirror
spanish,2024-08-08,Telegram: nuevo_orden_mundial_canal,telegram,73,credited-by-mirror
spanish,2024-08-08,Telegram: ophiucu,telegram,91,credited-by-mirror
spanish,2024-08-08,Telegram: rtnoticias,telegram,17,credited-by-mirror
spanish,2024-08-08,Telegram: tass_es,telegram,16,credited-by-mirror
spanish,2024-08-08,Telegram: wofnon,telegram,24,credited-by-mirror
spanish,2024-08-08,actualidad.rt.com,domain,83,credited-by-mirror
spanish,2024-08-09,Telegram: Eurekapress,telegram,18,credited-by-mirror
spanish,2024-08-09,Telegram: KaosCanal,telegram,25,credited-by-mirror
spanish,2024-08-09,Telegram: SputnikMundo,telegram,24,credited-by-mirror
spanish,2024-08-09,Telegram: guerrasygeo,telegram,42,credited-by-mirror
spanish,2024-08-09,Telegram: nuevo_orden_mundial_canal,telegram,84,credited-by-mirror
spanish,2024-08-09,Telegram: ophiucu,telegram,53,credited-by-mirror
spanish,2024-08-09,Telegram: rtnoticias,telegram,20,credited-by-mirror
spanish,2024-08-09,Telegram: tass_es,telegram,16,credited-by-mirror
spanish,2024-08-09,Telegram: wofnon,telegram,52,credited-by-mirror
spanish,2024-08-09,actualidad.rt.com,domain,72,credited-by-mirror
spanish,2024-08-10,Telegram: Eurekapress,telegram,25,credited-by-mirror
spanish,2024-08-10,Telegram: KaosCanal,telegram,25,credited-by-mirror
spanish,2024-08-10,Telegram: SputnikMundo,telegram,25,credited-by-mirror
spanish,2024-08-10,Telegram: guerrasygeo,telegram,54,credited-by-mirror
spanish,2024-08-10,Telegram: nuevo_orden_mundial_canal,telegram,80,credited-by-mirror
spanish,2024-08-10,Telegram: ophiucu,telegram,66,credited-by-mirror
spanish,2024-08-10,Telegram: rtnoticias,telegram,28,credited-by-mirror
spanish,2024-08-10,Telegram: tass_es,telegram,13,credited-by-mirror
spanish,2024-08-10,Telegram: wofnon,telegram,38,credited-by-mirror
spanish,2024-08-10,actualidad.rt.com,domain,51,credited-by-mirror
spanish,2024-08-11,Telegram: Eurekapress,telegram,31,credited-by-mirror
spanish,2024-08-11,Telegram: KaosCanal,telegram,10,credited-by-mirror
spanish,2024-08-11,Telegram: SputnikMundo,telegram,10,credited-by-mirror
spanish,2024-08-11,Telegram: guerrasygeo,telegram,39,credited-by-mirror
spanish,2024-08-11,Telegram: nuevo_orden_mundial_canal,telegram,85,credited-by-mirror
spanish,2024-08-11,Telegram: ophiucu,telegram,42,credited-by-mirror
spanish,2024-08-11,Telegram: rtnoticias,telegram,23,credited-by-mirror
spanish,2024-08-11,Telegram: tass_es,telegram,10,credited-by-mirror
spanish,2024-08-11,Telegram: wofnon,telegram,36,credited-by-mirror
spanish,2024-08-11,actualidad.rt.com,domain,45,credited-by-mirror
spanish,2024-08-12,Telegram: Eurekapress,telegram,25,credited-by-mirror
spanish,2024-08-12,Telegram: KaosCanal,telegram,38,credited-by-mirror
spanish,2024-08-12,Telegram: SputnikMundo,telegram,25,credited-by-mirror
spanish,2024-08-12,Telegram: guerrasygeo,telegram,50,credited-by-mirror
spanish,2024-08-12,Telegram: nuevo_orden_mundial_canal,telegram,112,credited-by-mirror
spanish,2024-08-12,Telegram: ophiucu,telegram,49,credited-by-mirror
spanish,2024-08-12,Telegram: rtnoticias,telegram,18,credited-by-mirror
spanish,2024-08-12,Telegram: tass_es,telegram,18,credited-by-mirror
spanish,2024-08-12,Telegram: wofnon,telegram,29,credited-by-mirror
spanish,2024-08-12,actualidad.rt.com,domain,91,credited-by-mirror
spanish,2024-08-13,Telegram: Eurekapress,telegram,16,credited-by-mirror
spanish,2024-08-13,Telegram: KaosCanal,telegram,21,credited-by-mirror
spanish,2024-08-13,Telegram: SputnikMundo,telegram,22,credited-by-mirror
spanish,2024-08-13,Telegram: guerrasygeo,telegram,32,credited-by-mirror
spanish,2024-08-13,Telegram: nuevo_orden_mundial_canal,telegram,70,credited-by-mirror
spanish,2024-08-13,Telegram: ophiucu,telegram,25,credited-by-mirror
spanish,2024-08-13,Telegram: rtnoticias,telegram,18,credited-by-mirror
spanish,2024-08-13,Telegram: tass_es,telegram,12,credited-by-mirror
spanish,2024-08-13,Telegram: wofnon,telegram,13,credited-by-mirror
spanish,2024-08-13,actualidad.rt.com,domain,106,credited-by-mirror
spanish,2024-08-14,Telegram: Eurekapress,telegram,16,credited-by-mirror
spanish,2024-08-14,Telegram: KaosCanal,telegram,7,credited-by-mirror
spanish,2024-08-14,Telegram: SputnikMundo,telegram,21,credited-by-mirror
spanish,2024-08-14,Telegram: guerrasygeo,telegram,41,credited-by-mirror
spanish,2024-08-14,Telegram: nuevo_orden_mundial_canal,telegram,90,credited-by-mirror
spanish,2024-08-14,Telegram: ophiucu,telegram,23,credited-by-mirror
spanish,2024-08-14,Telegram: rtnoticias,telegram,20,credited-by-mirror
spanish,2024-08-14,Telegram: tass_es,telegram,18,credited-by-mirror
spanish,2024-08-14,Telegram: wofnon,telegram,24,credited-by-mirror
spanish,2024-08-14,actualidad.rt.com,domain,105,credited-by-mirror
spanish,2024-08-15,Telegram: Eurekapress,telegram,2,credited-by-mirror
spanish,2024-08-15,Telegram: KaosCanal,telegram,12,credited-by-mirror
spanish,2024-08-15,Telegram: SputnikMundo,telegram,40,credited-by-mirror
spanish,2024-08-15,Telegram: guerrasygeo,telegram,11,credited-by-mirror
spanish,2024-08-15,Telegram: nuevo_orden_mundial_canal,telegram,44,credited-by-mirror
spanish,2024-08-15,Telegram: ophiucu,telegram,18,credited-by-mirror
spanish,2024-08-15,Telegram: rtnoticias,telegram,17,credited-by-mirror
spanish,2024-08-15,Telegram: tass_es,telegram,26,credited-by-mirror
spanish,2024-08-15,Telegram: wofnon,telegram,4,credited-by-mirror
spanish,2024-08-15,actualidad.rt.com,domain,109,credited-by-mirror
spanish,2024-08-16,Telegram: Eurekapress,telegram,1,credited-by-mirror
spanish,2024-08-16,Telegram: KaosCanal,telegram,29,credited-by-mirror
spanish,2024-08-16,Telegram: SputnikMundo,telegram,58,credited-by-mirror
spanish,2024-08-16,Telegram: guerrasygeo,telegram,43,credited-by-mirror
spanish,2024-08-16,Telegram: nuevo_orden_mundial_canal,telegram,98,credited-by-mirror
spanish,2024-08-16,Telegram: ophiucu,telegram,23,credited-by-mirror
spanish,2024-08-16,Telegram: rtnoticias,telegram,28,credited-by-mirror
spanish,2024-08-16,Telegram: tass_es,telegram,31,credited-by-mirror
spanish,2024-08-16,Telegram: wofnon,telegram,23,credited-by-mirror
spanish,2024-08-16,actualidad.rt.com,domain,97,credited-by-mirror
spanish,2024-08-17,Telegram: Eurekapress,telegram,4,credited-by-mirror
spanish,2024-08-17,Telegram: KaosCanal,telegram,28,credited-by-mirror
spanish,2024-08-17,Telegram: SputnikMundo,telegram,38,credited-by-mirror
spanish,2024-08-17,Telegram: guerrasygeo,telegram,21,credited-by-mirror
spanish,2024-08-17,Telegram: nuevo_orden_mundial_canal,telegram,73,credited-by-mirror
spanish,2024-08-17,Telegram: ophiucu,telegram,33,credited-by-mirror
spanish,2024-08-17,Telegram: rtnoticias,telegram,35,credited-by-mirror
spanish,2024-08-17,Telegram: tass_es,telegram,25,credited-by-mirror
spanish,2024-08-17,Telegram: wofnon,telegram,20,credited-by-mirror
spanish,2024-08-17,actualidad.rt.com,domain,74,credited-by-mirror
spanish,2024-08-18,Telegram: Eurekapress,telegram,18,credited-by-mirror
spanish,2024-08-18,Telegram: KaosCanal,telegram,42,credited-by-mirror
spanish,2024-08-18,Telegram: SputnikMundo,telegram,34,credited-by-mirror
spanish,2024-08-18,Telegram: guerrasygeo,telegram,36,credited-by-mirror
spanish,2024-08-18,Telegram: nuevo_orden_mundial_canal,telegram,93,credited-by-mirror
spanish,2024-08-18,Telegram: ophiucu,telegram,56,credited-by-mirror
spanish,2024-08-18,Telegram: rtnoticias,telegram,27,credited-by-mirror
spanish,2024-08-18,Telegram: tass_es,telegram,21,credited-by-mirror
spanish,2024-08-18,Telegram: wofnon,telegram,25,credited-by-mirror
spanish,2024-08-18,actualidad.rt.com,domain,57,credited-by-mirror
spanish,2024-08-19,Telegram: Eurekapress,telegram,31,credited-by-mirror
spanish,2024-08-19,Telegram: KaosCanal,telegram,29,credited-by-mirror
spanish,2024-08-19,Telegram: SputnikMundo,telegram,45,credited-by-mirror
spanish,2024-08-19,Telegram: guerrasygeo,telegram,36,credited-by-mirror
spanish,2024-08-19,Telegram: nuevo_orden_mundial_canal,telegram,113,credited-by-mirror
spanish,2024-08-19,Telegram: ophiucu,telegram,37,credited-by-mirror
spanish,2024-08-19,Telegram: rtnoticias,telegram,28,credited-by-mirror
spanish,2024-08-19,Telegram: tass_es,telegram,27,credited-by-mirror
spanish,2024-08-19,Telegram: wofnon,telegram,22,credited-by-mirror
spanish,2024-08-19,actualidad.rt.com,domain,63,credited-by-mirror
spanish,2024-08-20,Telegram: Eurekapress,telegram,24,credited-by-mirror
spanish,2024-08-20,Telegram: KaosCanal,telegram,17,credited-by-mirror
spanish,2024-08-20,Telegram: SputnikMundo,telegram,50,credited-by-mirror
spanish,2024-08-20,Telegram: guerrasygeo,telegram,46,credited-by-mirror
spanish,2024-08-20,Telegram: nuevo_orden_mundial_canal,telegram,88,credited-by-mirror
spanish,2024-08-20,Telegram: ophiucu,telegram,45,credited-by-mirror
spanish,2024-08-20,Telegram: rtnoticias,telegram,26,credited-by-mirror
spanish,2024-08-20,Telegram: tass_es,telegram,32,credited-by-mirror
spanish,2024-08-20,Telegram: wofnon,telegram,45,credited-by-mirror
spanish,2024-08-20,actualidad.rt.com,domain,79,credited-by-mirror
spanish,2024-08-21,Telegram: Eurekapress,telegram,22,credited-by-mirror
spanish,2024-08-21,Telegram: KaosCanal,telegram,23,credited-by-mirror
spanish,2024-08-21,Telegram: SputnikMundo,telegram,58,credited-by-mirror
spanish,2024-08-21,Telegram: guerrasygeo,telegram,63,credited-by-mirror
spanish,2024-08-21,Telegram: nuevo_orden_mundial_canal,telegram,38,credited-by-mirror
spanish,2024-08-21,Telegram: ophiucu,telegram,32,credited-by-mirror
spanish,2024-08-21,Telegram: rtnoticias,telegram,31,credited-by-mirror
spanish,2024-08-21,Telegram: tass_es,telegram,34,credited-by-mirror
spanish,2024-08-21,Telegram: wofnon,telegram,27,credited-by-mirror
spanish,2024-08-21,actualidad.rt.com,domain,81,credited-by-mirror
spanish,2024-08-22,Telegram: Eurekapress,telegram,18,credited-by-mirror
spanish,2024-08-22,Telegram: KaosCanal,telegram,16,credited-by-mirror
spanish,2024-08-22,Telegram: SputnikMundo,telegram,71,credited-by-mirror
spanish,2024-08-22,Telegram: guerrasygeo,telegram,41,credited-by-mirror
spanish,2024-08-22,Telegram: nuevo_orden_mundial_canal,telegram,35,credited-by-mirror
spanish,2024-08-22,Telegram: ophiucu,telegram,30,credited-by-mirror
spanish,2024-08-22,Telegram: rtnoticias,telegram,30,credited-by-mirror
spanish,2024-08-22,Telegram: tass_es,telegram,32,credited-by-mirror
spanish,2024-08-22,Telegram: wofnon,telegram,26,credited-by-mirror
spanish,2024-08-22,actualidad.rt.com,domain,75,credited-by-mirror
spanish,2024-08-23,Telegram: Eurekapress,telegram,14,credited-by-mirror
spanish,2024-08-23,Telegram: KaosCanal,telegram,41,credited-by-mirror
spanish,2024-08-23,Telegram: SputnikMundo,telegram,57,credited-by-mirror
spanish,2024-08-23,Telegram: guerrasygeo,telegram,63,credited-by-mirror
spanish,2024-08-23,Telegram: nuevo_orden_mundial_canal,telegram,65,credited-by-mirror
spanish,2024-08-23,Telegram: ophiucu,telegram,24,credited-by-mirror
spanish,2024-08-23,Telegram: rtnoticias,telegram,29,credited-by-mirror
spanish,2024-08-23,Telegram: tass_es,telegram,39,credited-by-mirror
spanish,2024-08-23,Telegram: wofnon,telegram,41,credited-by-mirror
spanish,2024-08-23,actualidad.rt.com,domain,77,credited-by-mirror
spanish,2024-08-24,Telegram: Eurekapress,telegram,12,credited-by-mirror
spanish,2024-08-24,Telegram: KaosCanal,telegram,31,credited-by-mirror
spanish,2024-08-24,Telegram: SputnikMundo,telegram,47,credited-by-mirror
spanish,2024-08-24,Telegram: guerrasygeo,telegram,41,credited-by-mirror
spanish,2024-08-24,Telegram: nuevo_orden_mundial_canal,telegram,57,credited-by-mirror
spanish,2024-08-24,Telegram: ophiucu,telegram,37,credited-by-mirror
spanish,2024-08-24,Telegram: rtnoticias,telegram,32,credited-by-mirror
spanish,2024-08-24,Telegram: tass_es,telegram,28,credited-by-mirror
spanish,2024-08-24,Telegram: wofnon,telegram,50,credited-by-mirror
spanish,2024-08-24,actualidad.rt.com,domain,55,credited-by-mirror
spanish,2024-08-25,Telegram: Eurekapress,telegram,38,credited-by-mirror
spanish,2024-08-25,Telegram: KaosCanal,telegram,16,credited-by-mirror
spanish,2024-08-25,Telegram: SputnikMundo,telegram,45,credited-by-mirror
spanish,2024-08-25,Telegram: guerrasygeo,telegram,66,credited-by-mirror
spanish,2024-08-25,Telegram: nuevo_orden_mundial_canal,telegram,69,credited-by-mirror
spanish,2024-08-25,Telegram: ophiucu,telegram,27,credited-by-mirror
spanish,2024-08-25,Telegram: rtnoticias,telegram,38,credited-by-mirror
spanish,2024-08-25,Telegram: tass_es,telegram,20,credited-by-mirror
spanish,2024-08-25,Telegram: wofnon,telegram,44,credited-by-mirror
spanish,2024-08-25,actualidad.rt.com,domain,35,credited-by-mirror
spanish,2024-08-26,Telegram: Eurekapress,telegram,22,credited-by-mirror
spanish,2024-08-26,Telegram: KaosCanal,telegram,51,credited-by-mirror
spanish,2024-08-26,Telegram: SputnikMundo,telegram,39,credited-by-mirror
spanish,2024-08-26,Telegram: guerrasygeo,telegram,76,credited-by-mirror
spanish,2024-08-26,Telegram: nuevo_orden_mundial_canal,telegram,65,credited-by-mirror
spanish,2024-08-26,Telegram: ophiucu,telegram,28,credited-by-mirror
spanish,2024-08-26,Telegram: rtnoticias,telegram,27,credited-by-mirror
spanish,2024-08-26,Telegram: tass_es,telegram,28,credited-by-mirror
spanish,2024-08-26,Telegram: wofnon,telegram,30,credited-by-mirror
spanish,2024-08-26,actualidad.rt.com,domain,72,credited-by-mirror
spanish,2024-08-27,Telegram: Eurekapress,telegram,31,credited-by-mirror
spanish,2024-08-27,Telegram: KaosCanal,telegram,31,credited-by-mirror
spanish,2024-08-27,Telegram: SputnikMundo,telegram,62,credited-by-mirror
spanish,2024-08-27,Telegram: guerrasygeo,telegram,42,credited-by-mirror
spanish,2024-08-27,Telegram: nuevo_orden_mundial_canal,telegram,83,credited-by-mirror
spanish,2024-08-27,Telegram: ophiucu,telegram,28,credited-by-mirror
spanish,2024-08-27,Telegram: rtnoticias,telegram,24,credited-by-mirror
spanish,2024-08-27,Telegram: tass_es,telegram,33,credited-by-mirror
spanish,2024-08-27,Telegram: wofnon,telegram,27,credited-by-mirror
spanish,2024-08-27,actualidad.rt.com,domain,80,credited-by-mirror
spanish,2024-08-28,Telegram: Eurekapress,telegram,24,credited-by-mirror
spanish,2024-08-28,Telegram: KaosCanal,telegram,27,credited-by-mirror
spanish,2024-08-28,Telegram: SputnikMundo,telegram,60,credited-by-mirror
spanish,2024-08-28,Telegram: guerrasygeo,telegram,50,credited-by-mirror
spanish,2024-08-28,Telegram: nuevo_orden_mundial_canal,telegram,58,credited-by-mirror
spanish,2024-08-28,Telegram: ophiucu,telegram,27,credited-by-mirror
spanish,2024-08-28,Telegram: rtnoticias,telegram,33,credited-by-mirror
spanish,2024-08-28,Telegram: tass_es,telegram,33,credited-by-mirror
spanish,2024-08-28,Telegram: wofnon,telegram,32,credited-by-mirror
spanish,2024-08-28,actualidad.rt.com,domain,79,credited-by-mirror
spanish,2024-08-29,Telegram: Eurekapress,telegram,32,credited-by-mirror
spanish,2024-08-29,Telegram: KaosCanal,telegram,22,credited-by-mirror
spanish,2024-08-29,Telegram: SputnikMundo,telegram,64,credited-by-mirror
spanish,2024-08-29,Telegram: guerrasygeo,telegram,41,credited-by-mirror
spanish,2024-08-29,Telegram: nuevo_orden_mundial_canal,telegram,39,credited-by-mirror
spanish,2024-08-29,Telegram: ophiucu,telegram,47,credited-by-mirror
spanish,2024-08-29,Telegram: rtnoticias,telegram,27,credited-by-mirror
spanish,2024-08-29,Telegram: tass_es,telegram,29,credited-by-mirror
spanish,2024-08-29,Telegram: wofnon,telegram,35,credited-by-mirror
spanish,2024-08-29,actualidad.rt.com,domain,74,credited-by-mirror
spanish,2024-08-30,Telegram: KaosCanal,telegram,12,credited-by-mirror
spanish,2024-08-30,Telegram: SputnikMundo,telegram,58,credited-by-mirror
spanish,2024-08-30,Telegram: guerrasygeo,telegram,55,credited-by-mirror
spanish,2024-08-30,Telegram: nuevo_orden_mundial_canal,telegram,34,credited-by-mirror
spanish,2024-08-30,Telegram: ophiucu,telegram,40,credited-by-mirror
spanish,2024-08-30,Telegram: rtnoticias,telegram,30,credited-by-mirror
spanish,2024-08-30,Telegram: tass_es,telegram,31,credited-by-mirror
spanish,2024-08-30,Telegram: wofnon,telegram,41,credited-by-mirror
spanish,2024-08-30,actualidad.rt.com,domain,81,credited-by-mirror
spanish,2024-08-31,Telegram: Eurekapress,telegram,14,credited-by-mirror
spanish,2024-08-31,Telegram: KaosCanal,telegram,11,credited-by-mirror
spanish,2024-08-31,Telegram: SputnikMundo,telegram,42,credited-by-mirror
spanish,2024-08-31,Telegram: guerrasygeo,telegram,25,credited-by-mirror
spanish,2024-08-31,Telegram: nuevo_orden_mundial_canal,telegram,57,credited-by-mirror
spanish,2024-08-31,Telegram: ophiucu,telegram,53,credited-by-mirror
spanish,2024-08-31,Telegram: rtnoticias,telegram,29,credited-by-mirror
spanish,2024-08-31,Telegram: tass_es,telegram,22,credited-by-mirror
spanish,2024-08-31,Telegram: wofnon,telegram,33,credited-by-mirror
spanish,2024-08-31,actualidad.rt.com,domain,55,credited-by-mirror
sweden,2024-08-01,Telegram: ostashkonews,telegram,1,credited-by-mirror
sweden,2024-08-01,Telegram: rusembswe,telegram,1,credited-by-mirror
sweden,2024-08-01,lenta.ru,domain,4,credited-by-mirror
sweden,2024-08-01,tass.ru,domain,2,credited-by-mirror
sweden,2024-08-02,lenta.ru,domain,1,credited-by-mirror
sweden,2024-08-03,Telegram: ostashkonews,telegram,1,credited-by-mirror
sweden,2024-08-03,Telegram: surf_noise_swe1,telegram,1,credited-by-mirror
sweden,2024-08-03,lenta.ru,domain,1,credited-by-mirror
sweden,2024-08-03,tass.ru,domain,2,credited-by-mirror
sweden,2024-08-04,Telegram: surf_noise_swe1,telegram,3,credited-by-mirror
sweden,2024-08-04,kp.ru,domain,2,credited-by-mirror
sweden,2024-08-04,ria.ru,domain,1,credited-by-mirror
sweden,2024-08-05,Telegram: rusembswe,telegram,1,credited-by-mirror
sweden,2024-08-05,Telegram: surf_noise_swe1,telegram,1,credited-by-mirror
sweden,2024-08-05,tass.ru,domain,4,credited-by-mirror
sweden,2024-08-06,Telegram: rusembswe,telegram,2,credited-by-mirror
sweden,2024-08-06,Telegram: surf_noise_swe1,telegram,1,credited-by-mirror
sweden,2024-08-06,kp.ru,domain,1,credited-by-mirror
sweden,2024-08-06,lenta.ru,domain,1,credited-by-mirror
sweden,2024-08-06,ria.ru,domain,1,credited-by-mirror
sweden,2024-08-06,tass.ru,domain,8,credited-by-mirror
sweden,2024-08-07,Telegram: surf_noise_swe1,telegram,4,credited-by-mirror
sweden,2024-08-07,tass.ru,domain,5,credited-by-mirror
sweden,2024-08-08,Telegram: rusembswe,telegram,1,credited-by-mirror
sweden,2024-08-08,Telegram: surf_noise_swe1,telegram,3,credited-by-mirror
sweden,2024-08-08,lenta.ru,domain,2,credited-by-mirror
sweden,2024-08-08,tass.ru,domain,3,credited-by-mirror
sweden,2024-08-09,Telegram: rusembswe,telegram,1,credited-by-mirror
sweden,2024-08-09,Telegram: surf_noise_swe1,telegram,3,credited-by-mirror
sweden,2024-08-09,kp.ru,domain,1,credited-by-mirror
sweden,2024-08-09,lenta.ru,domain,1,credited-by-mirror
sweden,2024-08-09,ria.ru,domain,1,credited-by-mirror
sweden,2024-08-09,russian.rt.com,domain,1,credited-by-mirror
sweden,2024-08-09,tass.ru,domain,3,credited-by-mirror
sweden,2024-08-10,Telegram: surf_noise_swe1,telegram,5,credited-by-mirror
sweden,2024-08-10,kp.ru,domain,1,credited-by-mirror
sweden,2024-08-10,lenta.ru,domain,1,credited-by-mirror
sweden,2024-08-10,ria.ru,domain,2,credited-by-mirror
sweden,2024-08-10,russian.rt.com,domain,1,credited-by-mirror
sweden,2024-08-10,tass.ru,domain,1,credited-by-mirror
sweden,2024-08-10,tsargrad.tv,domain,1,credited-by-mirror
sweden,2024-08-12,Telegram: surf_noise_swe1,telegram,4,credited-by-mirror
sweden,2024-08-12,tass.ru,domain,1,credited-by-mirror
sweden,2024-08-13,Telegram: surf_noise_swe1,telegram,4,credited-by-mirror
sweden,2024-08-13,kp.ru,domain,1,credited-by-mirror
sweden,2024-08-13,tass.ru,domain,7,credited-by-mirror
sweden,2024-08-14,kp.ru,domain,1,credited-by-mirror
sweden,2024-08-14,lenta.ru,domain,1,credited-by-mirror
sweden,2024-08-14,ria.ru,domain,1,credited-by-mirror
sweden,2024-08-14,tass.ru,domain,2,credited-by-mirror
sweden,2024-08-15,Telegram: surf_noise_swe1,telegram,5,credited-by-mirror
sweden,2024-08-15,kp.ru,domain,1,credited-by-mirror
sweden,2024-08-15,lenta.ru,domain,1,credited-by-mirror
sweden,2024-08-15,ria.ru,domain,2,credited-by-mirror
sweden,2024-08-16,Telegram: ostashkonews,telegram,1,credited-by-mirror
sweden,2024-08-16,Telegram: surf_noise_swe1,telegram,1,credited-by-mirror
sweden,2024-08-16,kp.ru,domain,1,credited-by-mirror
sweden,2024-08-16,lenta.ru,domain,2,credited-by-mirror
sweden,2024-08-16,ria.ru,domain,3,credited-by-mirror
sweden,2024-08-16,tsargrad.tv,domain,1,credited-by-mirror
sweden,2024-08-17,Telegram: surf_noise_swe1,telegram,2,credited-by-mirror
sweden,2024-08-17,russian.rt.com,domain,1,credited-by-mirror
sweden,2024-08-17,tsargrad.tv,domain,1,credited-by-mirror
sweden,2024-08-18,Telegram: surf_noise_swe1,telegram,3,credited-by-mirror
sweden,2024-08-19,Telegram: ostashkonews,telegram,2,credited-by-mirror
sweden,2024-08-19,Telegram: surf_noise_swe1,telegram,7,credited-by-mirror
sweden,2024-08-19,kp.ru,domain,2,credited-by-mirror
sweden,2024-08-19,lenta.ru,domain,1,credited-by-mirror
sweden,2024-08-19,ria.ru,domain,1,credited-by-mirror
sweden,2024-08-19,tsargrad.tv,domain,1,credited-by-mirror
sweden,2024-08-20,Telegram: rusembswe,telegram,2,credited-by-mirror
sweden,2024-08-20,Telegram: surf_noise_swe1,telegram,7,credited-by-mirror
sweden,2024-08-20,kp.ru,domain,2,credited-by-mirror
sweden,2024-08-20,ria.ru,domain,1,credited-by-mirror
sweden,2024-08-21,Telegram: ostashkonews,telegram,1,credited-by-mirror
sweden,2024-08-21,lenta.ru,domain,3,credited-by-mirror
sweden,2024-08-21,ria.ru,domain,4,credited-by-mirror
sweden,2024-08-22,Telegram: surf_noise_swe1,telegram,6,credited-by-mirror
sweden,2024-08-22,lenta.ru,domain,3,credited-by-mirror
sweden,2024-08-22,ria.ru,domain,3,credited-by-mirror
sweden,2024-08-22,russian.rt.com,domain,1,credited-by-mirror
sweden,2024-08-22,tsargrad.tv,domain,2,credited-by-mirror
sweden,2024-08-23,Telegram: rusembswe,telegram,1,credited-by-mirror
sweden,2024-08-23,Telegram: surf_noise_swe1,telegram,2,credited-by-mirror
sweden,2024-08-23,lenta.ru,domain,2,credited-by-mirror
sweden,2024-08-23,russian.rt.com,domain,1,credited-by-mirror
sweden,2024-08-24,Telegram: ostashkonews,telegram,2,credited-by-mirror
sweden,2024-08-24,Telegram: rusembswe,telegram,1,credited-by-mirror
sweden,2024-08-24,ria.ru,domain,1,credited-by-mirror
sweden,2024-08-25,Telegram: surf_noise_swe1,telegram,6,credited-by-mirror
sweden,2024-08-25,kp.ru,domain,2,credited-by-mirror
sweden,2024-08-25,lenta.ru,domain,2,credited-by-mirror
sweden,2024-08-25,ria.ru,domain,2,credited-by-mirror
sweden,2024-08-25,russian.rt.com,domain,1,credited-by-mirror
sweden,2024-08-26,Telegram: rusembswe,telegram,1,credited-by-mirror
sweden,2024-08-26,Telegram: surf_noise_swe1,telegram,4,credited-by-mirror
sweden,2024-08-26,kp.ru,domain,1,credited-by-mirror
sweden,2024-08-26,lenta.ru,domain,2,credited-by-mirror
sweden,2024-08-26,tsargrad.tv,domain,1,credited-by-mirror
sweden,2024-08-27,Telegram: surf_noise_swe1,telegram,3,credited-by-mirror
sweden,2024-08-27,lenta.ru,domain,1,credited-by-mirror
sweden,2024-08-28,kp.ru,domain,1,credited-by-mirror
sweden,2024-08-28,lenta.ru,domain,1,credited-by-mirror
sweden,2024-08-28,ria.ru,domain,1,credited-by-mirror
sweden,2024-08-28,tsargrad.tv,domain,1,credited-by-mirror
sweden,2024-08-29,Telegram: rusembswe,telegram,2,credited-by-mirror
sweden,2024-08-29,lenta.ru,domain,4,credited-by-mirror
sweden,2024-08-29,ria.ru,domain,2,credited-by-mirror
sweden,2024-08-30,Telegram: ostashkonews,telegram,3,credited-by-mirror
sweden,2024-08-30,Telegram: rusembswe,telegram,1,credited-by-mirror
sweden,2024-08-30,Telegram: surf_noise_swe1,telegram,1,credited-by-mirror
sweden,2024-08-30,lenta.ru,domain,1,credited-by-mirror
sweden,2024-08-30,ria.ru,domain,1,credited-by-mirror
sweden,2024-08-31,Telegram: surf_noise_swe1,telegram,3,credited-by-mirror
sweden,2024-08-31,lenta.ru,domain,1,credited-by-mirror
sweden,2024-08-31,ria.ru,domain,1,credited-by-mirror
sweden,2024-08-31,tsargrad.tv,domain,1,credited-by-mirror
taiwan,2024-08-01,ria.ru,domain,1,credited-by-mirror
taiwan,2024-08-01,tass.ru,domain,3,credited-by-mirror
taiwan,2024-08-02,Telegram: ostashkonews,telegram,2,credited-by-mirror
taiwan,2024-08-02,lenta.ru,domain,2,credited-by-mirror
taiwan,2024-08-02,tass.ru,domain,3,credited-by-mirror
taiwan,2024-08-03,Telegram: ostashkonews,telegram,1,credited-by-mirror
taiwan,2024-08-03,lenta.ru,domain,1,credited-by-mirror
taiwan,2024-08-03,tass.ru,domain,1,credited-by-mirror
taiwan,2024-08-04,tass.ru,domain,2,credited-by-mirror
taiwan,2024-08-05,lenta.ru,domain,2,credited-by-mirror
taiwan,2024-08-05,ria.ru,domain,1,credited-by-mirror
taiwan,2024-08-05,tass.ru,domain,6,credited-by-mirror
taiwan,2024-08-06,lenta.ru,domain,1,credited-by-mirror
taiwan,2024-08-06,tass.ru,domain,3,credited-by-mirror
taiwan,2024-08-07,lenta.ru,domain,1,credited-by-mirror
taiwan,2024-08-07,tass.ru,domain,7,credited-by-mirror
taiwan,2024-08-08,lenta.ru,domain,1,credited-by-mirror
taiwan,2024-08-08,tass.ru,domain,3,credited-by-mirror
taiwan,2024-08-09,lenta.ru,domain,1,credited-by-mirror
taiwan,2024-08-09,tass.ru,domain,2,credited-by-mirror
taiwan,2024-08-10,Telegram: InfoDefCHINA,telegram,4,credited-by-mirror
taiwan,2024-08-10,Telegram: ukr_leaks_cn,telegram,17,credited-by-mirror
taiwan,2024-08-10,ria.ru,domain,1,credited-by-mirror
taiwan,2024-08-10,tass.ru,domain,5,credited-by-mirror
taiwan,2024-08-11,Telegram: InfoDefCHINA,telegram,2,credited-by-mirror
taiwan,2024-08-11,Telegram: lomovkaa,telegram,1,credited-by-mirror
taiwan,2024-08-11,lenta.ru,domain,2,credited-by-mirror
taiwan,2024-08-11,ria.ru,domain,1,credited-by-mirror
taiwan,2024-08-11,tass.ru,domain,4,credited-by-mirror
taiwan,2024-08-12,Telegram: InfoDefCHINA,telegram,1,credited-by-mirror
taiwan,2024-08-12,Telegram: ukr_leaks_cn,telegram,7,credited-by-mirror
taiwan,2024-08-12,lenta.ru,domain,1,credited-by-mirror
taiwan,2024-08-12,ria.ru,domain,1,credited-by-mirror
taiwan,2024-08-12,tass.ru,domain,2,credited-by-mirror
taiwan,2024-08-13,Telegram: InfoDefCHINA,telegram,3,credited-by-mirror
taiwan,2024-08-13,ria.ru,domain,1,credited-by-mirror
taiwan,2024-08-13,tass.ru,domain,4,credited-by-mirror
taiwan,2024-08-14,Telegram: InfoDefCHINA,telegram,6,credited-by-mirror
taiwan,2024-08-14,lenta.ru,domain,1,credited-by-mirror
taiwan,2024-08-14,tass.ru,domain,3,credited-by-mirror
taiwan,2024-08-15,Telegram: InfoDefCHINA,telegram,2,credited-by-mirror
taiwan,2024-08-15,lenta.ru,domain,2,credited-by-mirror
taiwan,2024-08-15,ria.ru,domain,1,credited-by-mirror
taiwan,2024-08-16,Telegram: InfoDefCHINA,telegram,3,credited-by-mirror
taiwan,2024-08-16,Telegram: ukr_leaks_cn,telegram,10,credited-by-mirror
taiwan,2024-08-16,lenta.ru,domain,2,credited-by-mirror
taiwan,2024-08-17,Telegram: InfoDefCHINA,telegram,3,credited-by-mirror
taiwan,2024-08-17,Telegram: ostashkonews,telegram,1,credited-by-mirror
taiwan,2024-08-17,Telegram: ukr_leaks_cn,telegram,7,credited-by-mirror
taiwan,2024-08-17,ria.ru,domain,1,credited-by-mirror
taiwan,2024-08-18,Telegram: lomovkaa,telegram,1,credited-by-mirror
taiwan,2024-08-18,Telegram: ukr_leaks_cn,telegram,13,credited-by-mirror
taiwan,2024-08-19,Telegram: InfoDefCHINA,telegram,1,credited-by-mirror
taiwan,2024-08-19,lenta.ru,domain,2,credited-by-mirror
taiwan,2024-08-19,ria.ru,domain,1,credited-by-mirror
taiwan,2024-08-20,Telegram: InfoDefCHINA,telegram,9,credited-by-mirror
taiwan,2024-08-20,Telegram: ukr_leaks_cn,telegram,9,credited-by-mirror
taiwan,2024-08-20,lenta.ru,domain,1,credited-by-mirror
taiwan,2024-08-21,Telegram: InfoDefCHINA,telegram,8,credited-by-mirror
taiwan,2024-08-21,Telegram: ukr_leaks_cn,telegram,1,credited-by-mirror
taiwan,2024-08-21,lenta.ru,domain,1,credited-by-mirror
taiwan,2024-08-22,Telegram: InfoDefCHINA,telegram,3,credited-by-mirror
taiwan,2024-08-22,Telegram: ukr_leaks_cn,telegram,10,credited-by-mirror
taiwan,2024-08-22,lenta.ru,domain,1,credited-by-mirror
taiwan,2024-08-22,ria.ru,domain,1,credited-by-mirror
taiwan,2024-08-23,Telegram: InfoDefCHINA,telegram,1,credited-by-mirror
taiwan,2024-08-23,Telegram: lomovkaa,telegram,1,credited-by-mirror
taiwan,2024-08-23,Telegram: ostashkonews,telegram,1,credited-by-mirror
taiwan,2024-08-23,lenta.ru,domain,2,credited-by-mirror
taiwan,2024-08-23,ria.ru,domain,1,credited-by-mirror
taiwan,2024-08-24,Telegram: lomovkaa,telegram,1,credited-by-mirror
taiwan,2024-08-24,Telegram: ukr_leaks_cn,telegram,25,credited-by-mirror
taiwan,2024-08-25,Telegram: InfoDefCHINA,telegram,3,credited-by-mirror
taiwan,2024-08-25,Telegram: ukr_leaks_cn,telegram,10,credited-by-mirror
taiwan,2024-08-25,lenta.ru,domain,1,credited-by-mirror
taiwan,2024-08-26,Telegram: InfoDefCHINA,telegram,1,credited-by-mirror
taiwan,2024-08-26,Telegram: lomovkaa,telegram,1,credited-by-mirror
taiwan,2024-08-27,Telegram: InfoDefCHINA,telegram,1,credited-by-mirror
taiwan,2024-08-28,Telegram: InfoDefCHINA,telegram,1,credited-by-mirror
taiwan,2024-08-28,Telegram: lomovkaa,telegram,1,credited-by-mirror
taiwan,2024-08-28,Telegram: ostashkonews,telegram,1,credited-by-mirror
taiwan,2024-08-28,Telegram: ukr_leaks_cn,telegram,9,credited-by-mirror
taiwan,2024-08-28,lenta.ru,domain,1,credited-by-mirror
taiwan,2024-08-29,Telegram: InfoDefCHINA,telegram,5,credited-by-mirror
taiwan,2024-08-29,Telegram: ukr_leaks_cn,telegram,6,credited-by-mirror
taiwan,2024-08-29,lenta.ru,domain,1,credited-by-mirror
taiwan,2024-08-30,Telegram: InfoDefCHINA,telegram,4,credited-by-mirror
taiwan,2024-08-30,Telegram: lomovkaa,telegram,1,credited-by-mirror
taiwan,2024-08-30,Telegram: ukr_leaks_cn,telegram,9,credited-by-mirror
taiwan,2024-08-31,Telegram: InfoDefCHINA,telegram,2,credited-by-mirror
taiwan,2024-08-31,Telegram: ukr_leaks_cn,telegram,4,credited-by-mirror
taiwan,2024-08-31,lenta.ru,domain,1,credited-by-mirror
taiwan,2024-08-31,ria.ru,domain,1,credited-by-mirror
ua,2024-08-01,Telegram: Politnavigator,telegram,48,credited-by-mirror
ua,2024-08-01,Telegram: RVvoenkor,telegram,49,credited-by-mirror
ua,2024-08-01,Telegram: boris_rozhin,telegram,63,credited-by-mirror
ua,2024-08-01,Telegram: mod_russia,telegram,25,credited-by-mirror
ua,2024-08-01,Telegram: naspravdiinfo,telegram,19,credited-by-mirror
ua,2024-08-01,Telegram: rusich_army,telegram,20,credited-by-mirror
ua,2024-08-01,Telegram: rybar,telegram,23,credited-by-mirror
ua,2024-08-01,Telegram: ukr_leaks,telegram,18,credited-by-mirror
ua,2024-08-02,Telegram: Politnavigator,telegram,47,credited-by-mirror
ua,2024-08-02,Telegram: RVvoenkor,telegram,38,credited-by-mirror
ua,2024-08-02,Telegram: boris_rozhin,telegram,52,credited-by-mirror
ua,2024-08-02,Telegram: mod_russia,telegram,24,credited-by-mirror
ua,2024-08-02,Telegram: naspravdiinfo,telegram,16,credited-by-mirror
ua,2024-08-02,Telegram: rusich_army,telegram,14,credited-by-mirror
ua,2024-08-02,Telegram: rybar,telegram,21,credited-by-mirror
ua,2024-08-02,Telegram: ukr_leaks,telegram,17,credited-by-mirror
ua,2024-08-03,Telegram: Politnavigator,telegram,18,credited-by-mirror
ua,2024-08-03,Telegram: RVvoenkor,telegram,39,credited-by-mirror
ua,2024-08-03,Telegram: boris_rozhin,telegram,56,credited-by-mirror
ua,2024-08-03,Telegram: mod_russia,telegram,21,credited-by-mirror
ua,2024-08-03,Telegram: naspravdiinfo,telegram,28,credited-by-mirror
ua,2024-08-03,Telegram: rusich_army,telegram,14,credited-by-mirror
ua,2024-08-03,Telegram: rybar,telegram,16,credited-by-mirror
ua,2024-08-03,Telegram: ukr_leaks,telegram,19,credited-by-mirror
ua,2024-08-04,Telegram: Politnavigator,telegram,14,credited-by-mirror
ua,2024-08-04,Telegram: RVvoenkor,telegram,32,credited-by-mirror
ua,2024-08-04,Telegram: boris_rozhin,telegram,64,credited-by-mirror
ua,2024-08-04,Telegram: mod_russia,telegram,11,credited-by-mirror
ua,2024-08-04,Telegram: naspravdiinfo,telegram,28,credited-by-mirror
ua,2024-08-04,Telegram: rusich_army,telegram,13,credited-by-mirror
ua,2024-08-04,Telegram: rybar,telegram,18,credited-by-mirror
ua,2024-08-04,Telegram: ukr_leaks,telegram,18,credited-by-mirror
ua,2024-08-05,Telegram: Politnavigator,telegram,51,credited-by-mirror
ua,2024-08-05,Telegram: RVvoenkor,telegram,36,credited-by-mirror
ua,2024-08-05,Telegram: boris_rozhin,telegram,56,credited-by-mirror
ua,2024-08-05,Telegram: mod_russia,telegram,19,credited-by-mirror
ua,2024-08-05,Telegram: naspravdiinfo,telegram,14,credited-by-mirror
ua,2024-08-05,Telegram: rusich_army,telegram,16,credited-by-mirror
ua,2024-08-05,Telegram: rybar,telegram,22,credited-by-mirror
ua,2024-08-05,Telegram: ukr_leaks,telegram,20,credited-by-mirror
ua,2024-08-06,Telegram: Politnavigator,telegram,51,credited-by-mirror
ua,2024-08-06,Telegram: RVvoenkor,telegram,43,credited-by-mirror
ua,2024-08-06,Telegram: boris_rozhin,telegram,59,credited-by-mirror
ua,2024-08-06,Telegram: dva_majors,telegram,1,credited-by-mirror
ua,2024-08-06,Telegram: mod_russia,telegram,20,credited-by-mirror
ua,2024-08-06,Telegram: naspravdiinfo,telegram,23,credited-by-mirror
ua,2024-08-06,Telegram: rusich_army,telegram,16,credited-by-mirror
ua,2024-08-06,Telegram: rybar,telegram,20,credited-by-mirror
ua,2024-08-06,Telegram: ukr_leaks,telegram,17,credited-by-mirror
ua,2024-08-07,Telegram: Politnavigator,telegram,53,credited-by-mirror
ua,2024-08-07,Telegram: RVvoenkor,telegram,42,credited-by-mirror
ua,2024-08-07,Telegram: boris_rozhin,telegram,79,credited-by-mirror
ua,2024-08-07,Telegram: mod_russia,telegram,20,credited-by-mirror
ua,2024-08-07,Telegram: naspravdiinfo,telegram,23,credited-by-mirror
ua,2024-08-07,Telegram: rusich_army,telegram,19,credited-by-mirror
ua,2024-08-07,Telegram: rybar,telegram,21,credited-by-mirror
ua,2024-08-07,Telegram: ukr_leaks,telegram,16,credited-by-mirror
ua,2024-08-08,Telegram: Politnavigator,telegram,50,credited-by-mirror
ua,2024-08-08,Telegram: RVvoenkor,telegram,40,credited-by-mirror
ua,2024-08-08,Telegram: boris_rozhin,telegram,68,credited-by-mirror
ua,2024-08-08,Telegram: mod_russia,telegram,25,credited-by-mirror
ua,2024-08-08,Telegram: naspravdiinfo,telegram,18,credited-by-mirror
ua,2024-08-08,Telegram: rusich_army,telegram,19,credited-by-mirror
ua,2024-08-08,Telegram: rybar,telegram,33,credited-by-mirror
ua,2024-08-08,Telegram: ukr_leaks,telegram,20,credited-by-mirror
ua,2024-08-09,Telegram: Politnavigator,telegram,53,credited-by-mirror
ua,2024-08-09,Telegram: RVvoenkor,telegram,33,credited-by-mirror
ua,2024-08-09,Telegram: boris_rozhin,telegram,82,credited-by-mirror
ua,2024-08-09,Telegram: mod_russia,telegram,25,credited-by-mirror
ua,2024-08-09,Telegram: naspravdiinfo,telegram,16,credited-by-mirror
ua,2024-08-09,Telegram: rusich_army,telegram,16,credited-by-mirror
ua,2024-08-09,Telegram: rybar,telegram,24,credited-by-mirror
ua,2024-08-09,Telegram: ukr_leaks,telegram,21,credited-by-mirror
ua,2024-08-10,Telegram: Politnavigator,telegram,23,credited-by-mirror
ua,2024-08-10,Telegram: RVvoenkor,telegram,37,credited-by-mirror
ua,2024-08-10,Telegram: boris_rozhin,telegram,86,credited-by-mirror
ua,2024-08-10,Telegram: mod_russia,telegram,22,credited-by-mirror
ua,2024-08-10,Telegram: naspravdiinfo,telegram,25,credited-by-mirror
ua,2024-08-10,Telegram: rusich_army,telegram,20,credited-by-mirror
ua,2024-08-10,Telegram: rybar,telegram,22,credited-by-mirror
ua,2024-08-10,Telegram: ukr_leaks,telegram,18,credited-by-mirror
ua,2024-08-11,Telegram: Politnavigator,telegram,13,credited-by-mirror
ua,2024-08-11,Telegram: RVvoenkor,telegram,46,credited-by-mirror
ua,2024-08-11,Telegram: boris_rozhin,telegram,66,credited-by-mirror
ua,2024-08-11,Telegram: mod_russia,telegram,21,credited-by-mirror
ua,2024-08-11,Telegram: naspravdiinfo,telegram,39,credited-by-mirror
ua,2024-08-11,Telegram: rusich_army,telegram,15,credited-by-mirror
ua,2024-08-11,Telegram: rybar,telegram,18,credited-by-mirror
ua,2024-08-11,Telegram: ukr_leaks,telegram,19,credited-by-mirror
ua,2024-08-12,Telegram: Politnavigator,telegram,52,credited-by-mirror
ua,2024-08-12,Telegram: RVvoenkor,telegram,40,credited-by-mirror
ua,2024-08-12,Telegram: boris_rozhin,telegram,47,credited-by-mirror
ua,2024-08-12,Telegram: mod_russia,telegram,26,credited-by-mirror
ua,2024-08-12,Telegram: naspravdiinfo,telegram,24,credited-by-mirror
ua,2024-08-12,Telegram: rusich_army,telegram,21,credited-by-mirror
ua,2024-08-12,Telegram: rybar,telegram,20,credited-by-mirror
ua,2024-08-12,Telegram: ukr_leaks,telegram,19,credited-by-mirror
ua,2024-08-13,Telegram: Politnavigator,telegram,34,credited-by-mirror
ua,2024-08-13,Telegram: RVvoenkor,telegram,23,credited-by-mirror
ua,2024-08-13,Telegram: boris_rozhin,telegram,45,credited-by-mirror
ua,2024-08-13,Telegram: mod_russia,telegram,16,credited-by-mirror
ua,2024-08-13,Telegram: naspravdiinfo,telegram,16,credited-by-mirror
ua,2024-08-13,Telegram: rusich_army,telegram,12,credited-by-mirror
ua,2024-08-13,Telegram: rybar,telegram,20,credited-by-mirror
ua,2024-08-13,Telegram: ukr_leaks,telegram,16,credited-by-mirror
ua,2024-08-14,Telegram: Politnavigator,telegram,37,credited-by-mirror
ua,2024-08-14,Telegram: RVvoenkor,telegram,23,credited-by-mirror
ua,2024-08-14,Telegram: boris_rozhin,telegram,33,credited-by-mirror
ua,2024-08-14,Telegram: mod_russia,telegram,19,credited-by-mirror
ua,2024-08-14,Telegram: naspravdiinfo,telegram,8,credited-by-mirror
ua,2024-08-14,Telegram: rusich_army,telegram,10,credited-by-mirror
ua,2024-08-14,Telegram: rybar,telegram,14,credited-by-mirror
ua,2024-08-14,Telegram: ukr_leaks,telegram,16,credited-by-mirror
ua,2024-08-15,Telegram: Politnavigator,telegram,49,credited-by-mirror
ua,2024-08-15,Telegram: RVvoenkor,telegram,41,credited-by-mirror
ua,2024-08-15,Telegram: boris_rozhin,telegram,61,credited-by-mirror
ua,2024-08-15,Telegram: mod_russia,telegram,23,credited-by-mirror
ua,2024-08-15,Telegram: naspravdiinfo,telegram,20,credited-by-mirror
ua,2024-08-15,Telegram: rusich_army,telegram,9,credited-by-mirror
ua,2024-08-15,Telegram: rybar,telegram,16,credited-by-mirror
ua,2024-08-15,Telegram: ukr_leaks,telegram,20,credited-by-mirror
ua,2024-08-16,Telegram: Politnavigator,telegram,52,credited-by-mirror
ua,2024-08-16,Telegram: RVvoenkor,telegram,31,credited-by-mirror
ua,2024-08-16,Telegram: boris_rozhin,telegram,55,credited-by-mirror
ua,2024-08-16,Telegram: mod_russia,telegram,33,credited-by-mirror
ua,2024-08-16,Telegram: naspravdiinfo,telegram,13,credited-by-mirror
ua,2024-08-16,Telegram: rusich_army,telegram,15,credited-by-mirror
ua,2024-08-16,Telegram: rybar,telegram,19,credited-by-mirror
ua,2024-08-16,Telegram: ukr_leaks,telegram,17,credited-by-mirror
ua,2024-08-17,Telegram: Politnavigator,telegram,25,credited-by-mirror
ua,2024-08-17,Telegram: RVvoenkor,telegram,26,credited-by-mirror
ua,2024-08-17,Telegram: boris_rozhin,telegram,57,credited-by-mirror
ua,2024-08-17,Telegram: mod_russia,telegram,36,credited-by-mirror
ua,2024-08-17,Telegram: naspravdiinfo,telegram,32,credited-by-mirror
ua,2024-08-17,Telegram: rusich_army,telegram,11,credited-by-mirror
ua,2024-08-17,Telegram: rybar,telegram,12,credited-by-mirror
ua,2024-08-17,Telegram: ukr_leaks,telegram,19,credited-by-mirror
ua,2024-08-18,Telegram: Politnavigator,telegram,18,credited-by-mirror
ua,2024-08-18,Telegram: RVvoenkor,telegram,36,credited-by-mirror
ua,2024-08-18,Telegram: boris_rozhin,telegram,61,credited-by-mirror
ua,2024-08-18,Telegram: mod_russia,telegram,23,credited-by-mirror
ua,2024-08-18,Telegram: naspravdiinfo,telegram,8,credited-by-mirror
ua,2024-08-18,Telegram: rusich_army,telegram,12,credited-by-mirror
ua,2024-08-18,Telegram: rybar,telegram,15,credited-by-mirror
ua,2024-08-18,Telegram: ukr_leaks,telegram,14,credited-by-mirror
ua,2024-08-19,Telegram: Politnavigator,telegram,53,credited-by-mirror
ua,2024-08-19,Telegram: RVvoenkor,telegram,28,credited-by-mirror
ua,2024-08-19,Telegram: boris_rozhin,telegram,41,credited-by-mirror
ua,2024-08-19,Telegram: mod_russia,telegram,30,credited-by-mirror
ua,2024-08-19,Telegram: naspravdiinfo,telegram,26,credited-by-mirror
ua,2024-08-19,Telegram: rusich_army,telegram,11,credited-by-mirror
ua,2024-08-19,Telegram: rybar,telegram,17,credited-by-mirror
ua,2024-08-19,Telegram: ukr_leaks,telegram,19,credited-by-mirror
ua,2024-08-20,Telegram: Politnavigator,telegram,43,credited-by-mirror
ua,2024-08-20,Telegram: RVvoenkor,telegram,31,credited-by-mirror
ua,2024-08-20,Telegram: boris_rozhin,telegram,46,credited-by-mirror
ua,2024-08-20,Telegram: mod_russia,telegram,25,credited-by-mirror
ua,2024-08-20,Telegram: naspravdiinfo,telegram,23,credited-by-mirror
ua,2024-08-20,Telegram: rusich_army,telegram,11,credited-by-mirror
ua,2024-08-20,Telegram: rybar,telegram,12,credited-by-mirror
ua,2024-08-20,Telegram: ukr_leaks,telegram,8,credited-by-mirror
ua,2024-08-21,Telegram: Politnavigator,telegram,49,credited-by-mirror
ua,2024-08-21,Telegram: RVvoenkor,telegram,35,credited-by-mirror
ua,2024-08-21,Telegram: boris_rozhin,telegram,59,credited-by-mirror
ua,2024-08-21,Telegram: mod_russia,telegram,31,credited-by-mirror
ua,2024-08-21,Telegram: naspravdiinfo,telegram,18,credited-by-mirror
ua,2024-08-21,Telegram: rusich_army,telegram,13,credited-by-mirror
ua,2024-08-21,Telegram: rybar,telegram,16,credited-by-mirror
ua,2024-08-21,Telegram: ukr_leaks,telegram,19,credited-by-mirror
ua,2024-08-22,Telegram: Politnavigator,telegram,52,credited-by-mirror
ua,2024-08-22,Telegram: RVvoenkor,telegram,39,credited-by-mirror
ua,2024-08-22,Telegram: boris_rozhin,telegram,61,credited-by-mirror
ua,2024-08-22,Telegram: mod_russia,telegram,36,credited-by-mirror
ua,2024-08-22,Telegram: naspravdiinfo,telegram,17,credited-by-mirror
ua,2024-08-22,Telegram: rusich_army,telegram,15,credited-by-mirror
ua,2024-08-22,Telegram: rybar,telegram,14,credited-by-mirror
ua,2024-08-22,Telegram: ukr_leaks,telegram,23,credited-by-mirror
ua,2024-08-23,Telegram: Politnavigator,telegram,51,credited-by-mirror
ua,2024-08-23,Telegram: RVvoenkor,telegram,34,credited-by-mirror
ua,2024-08-23,Telegram: boris_rozhin,telegram,53,credited-by-mirror
ua,2024-08-23,Telegram: mod_russia,telegram,32,credited-by-mirror
ua,2024-08-23,Telegram: naspravdiinfo,telegram,23,credited-by-mirror
ua,2024-08-23,Telegram: rusich_army,telegram,9,credited-by-mirror
ua,2024-08-23,Telegram: rybar,telegram,16,credited-by-mirror
ua,2024-08-23,Telegram: ukr_leaks,telegram,15,credited-by-mirror
ua,2024-08-24,Telegram: Politnavigator,telegram,24,credited-by-mirror
ua,2024-08-24,Telegram: RVvoenkor,telegram,35,credited-by-mirror
ua,2024-08-24,Telegram: boris_rozhin,telegram,67,credited-by-mirror
ua,2024-08-24,Telegram: mod_russia,telegram,27,credited-by-mirror
ua,2024-08-24,Telegram: naspravdiinfo,telegram,14,credited-by-mirror
ua,2024-08-24,Telegram: rusich_army,telegram,9,credited-by-mirror
ua,2024-08-24,Telegram: rybar,telegram,13,credited-by-mirror
ua,2024-08-24,Telegram: ukr_leaks,telegram,16,credited-by-mirror
ua,2024-08-25,Telegram: Politnavigator,telegram,16,credited-by-mirror
ua,2024-08-25,Telegram: RVvoenkor,telegram,33,credited-by-mirror
ua,2024-08-25,Telegram: boris_rozhin,telegram,63,credited-by-mirror
ua,2024-08-25,Telegram: mod_russia,telegram,23,credited-by-mirror
ua,2024-08-25,Telegram: naspravdiinfo,telegram,31,credited-by-mirror
ua,2024-08-25,Telegram: rusich_army,telegram,14,credited-by-mirror
ua,2024-08-25,Telegram: rybar,telegram,14,credited-by-mirror
ua,2024-08-25,Telegram: ukr_leaks,telegram,20,credited-by-mirror
ua,2024-08-26,Telegram: Politnavigator,telegram,51,credited-by-mirror
ua,2024-08-26,Telegram: RVvoenkor,telegram,42,credited-by-mirror
ua,2024-08-26,Telegram: boris_rozhin,telegram,85,credited-by-mirror
ua,2024-08-26,Telegram: mod_russia,telegram,29,credited-by-mirror
ua,2024-08-26,Telegram: naspravdiinfo,telegram,30,credited-by-mirror
ua,2024-08-26,Telegram: rusich_army,telegram,15,credited-by-mirror
ua,2024-08-26,Telegram: rybar,telegram,13,credited-by-mirror
ua,2024-08-26,Telegram: ukr_leaks,telegram,17,credited-by-mirror
ua,2024-08-27,Telegram: Politnavigator,telegram,62,credited-by-mirror
ua,2024-08-27,Telegram: RVvoenkor,telegram,42,credited-by-mirror
ua,2024-08-27,Telegram: boris_rozhin,telegram,73,credited-by-mirror
ua,2024-08-27,Telegram: mod_russia,telegram,27,credited-by-mirror
ua,2024-08-27,Telegram: naspravdiinfo,telegram,23,credited-by-mirror
ua,2024-08-27,Telegram: rusich_army,telegram,12,credited-by-mirror
ua,2024-08-27,Telegram: rybar,telegram,20,credited-by-mirror
ua,2024-08-27,Telegram: ukr_leaks,telegram,21,credited-by-mirror
ua,2024-08-28,Telegram: Politnavigator,telegram,55,credited-by-mirror
ua,2024-08-28,Telegram: RVvoenkor,telegram,43,credited-by-mirror
ua,2024-08-28,Telegram: boris_rozhin,telegram,65,credited-by-mirror
ua,2024-08-28,Telegram: mod_russia,telegram,26,credited-by-mirror
ua,2024-08-28,Telegram: naspravdiinfo,telegram,24,credited-by-mirror
ua,2024-08-28,Telegram: rusich_army,telegram,13,credited-by-mirror
ua,2024-08-28,Telegram: rybar,telegram,17,credited-by-mirror
ua,2024-08-28,Telegram: ukr_leaks,telegram,21,credited-by-mirror
ua,2024-08-29,Telegram: Politnavigator,telegram,51,credited-by-mirror
ua,2024-08-29,Telegram: RVvoenkor,telegram,44,credited-by-mirror
ua,2024-08-29,Telegram: boris_rozhin,telegram,72,credited-by-mirror
ua,2024-08-29,Telegram: mod_russia,telegram,33,credited-by-mirror
ua,2024-08-29,Telegram: naspravdiinfo,telegram,19,credited-by-mirror
ua,2024-08-29,Telegram: rusich_army,telegram,12,credited-by-mirror
ua,2024-08-29,Telegram: rybar,telegram,16,credited-by-mirror
ua,2024-08-29,Telegram: ukr_leaks,telegram,20,credited-by-mirror
ua,2024-08-30,Telegram: Politnavigator,telegram,53,credited-by-mirror
ua,2024-08-30,Telegram: RVvoenkor,telegram,35,credited-by-mirror
ua,2024-08-30,Telegram: boris_rozhin,telegram,47,credited-by-mirror
ua,2024-08-30,Telegram: mod_russia,telegram,21,credited-by-mirror
ua,2024-08-30,Telegram: naspravdiinfo,telegram,25,credited-by-mirror
ua,2024-08-30,Telegram: rusich_army,telegram,18,credited-by-mirror
ua,2024-08-30,Telegram: rybar,telegram,14,credited-by-mirror
ua,2024-08-30,Telegram: ukr_leaks,telegram,16,credited-by-mirror
ua,2024-08-31,Telegram: Politnavigator,telegram,14,credited-by-mirror
ua,2024-08-31,Telegram: RVvoenkor,telegram,36,credited-by-mirror
ua,2024-08-31,Telegram: boris_rozhin,telegram,53,credited-by-mirror
ua,2024-08-31,Telegram: mod_russia,telegram,28,credited-by-mirror
ua,2024-08-31,Telegram: naspravdiinfo,telegram,33,credited-by-mirror
ua,2024-08-31,Telegram: rusich_army,telegram,12,credited-by-mirror
ua,2024-08-31,Telegram: rybar,telegram,17,credited-by-mirror
ua,2024-08-31,Telegram: ukr_leaks,telegram,15,credited-by-mirror
