mirror,date,source,source_type,credits,relationship
czechia,2025-03-01,Telegram: BN4JeyTQ6RVkMTNk,telegram,1,credited-by-mirror
czechia,2025-03-01,Telegram: InfodefenseCZE,telegram,15,credited-by-mirror
czechia,2025-03-01,Telegram: Libertas_info_cz,telegram,65,credited-by-mirror
czechia,2025-03-01,Telegram: MGzpravy,telegram,126,credited-by-mirror
czechia,2025-03-01,Telegram: neCT24,telegram,38,credited-by-mirror
czechia,2025-03-01,Telegram: to_je_nas_svet,telegram,21,credited-by-mirror
czechia,2025-03-01,Telegram: uk100a,telegram,54,credited-by-mirror
czechia,2025-03-02,Telegram: InfodefenseCZE,telegram,20,credited-by-mirror
czechia,2025-03-02,Telegram: Libertas_info_cz,telegram,48,credited-by-mirror
czechia,2025-03-02,Telegram: MGzpravy,telegram,64,credited-by-mirror
czechia,2025-03-02,Telegram: neCT24,telegram,33,credited-by-mirror
czechia,2025-03-02,Telegram: to_je_nas_svet,telegram,24,credited-by-mirror
czechia,2025-03-02,Telegram: uk100a,telegram,53,credited-by-mirror
czechia,2025-03-03,Telegram: BN4JeyTQ6RVkMTNk,telegram,1,credited-by-mirror
czechia,2025-03-03,Telegram: InfodefenseCZE,telegram,13,credited-by-mirror
czechia,2025-03-03,Telegram: Libertas_info_cz,telegram,30,credited-by-mirror
czechia,2025-03-03,Telegram: MGzpravy,telegram,84,credited-by-mirror
czechia,2025-03-03,Telegram: jarek53,telegram,1,credited-by-mirror
czechia,2025-03-03,Telegram: neCT24,telegram,36,credited-by-mirror
czechia,2025-03-03,Telegram: to_je_nas_svet,telegram,32,credited-by-mirror
czechia,2025-03-03,Telegram: uk100a,telegram,57,credited-by-mirror
czechia,2025-03-04,Telegram: InfodefenseCZE,telegram,15,credited-by-mirror
czechia,2025-03-04,Telegram: Libertas_info_cz,telegram,39,credited-by-mirror
czechia,2025-03-04,Telegram: MGzpravy,telegram,74,credited-by-mirror
czechia,2025-03-04,Telegram: neCT24,telegram,39,credited-by-mirror
czechia,2025-03-04,Telegram: news_22_faraon,telegram,1,credited-by-mirror
czechia,2025-03-04,Telegram: to_je_nas_svet,telegram,34,credited-by-mirror
czechia,2025-03-04,Telegram: uk100a,telegram,58,credited-by-mirror
czechia,2025-03-05,Telegram: InfodefenseCZE,telegram,18,credited-by-mirror
czechia,2025-03-05,Telegram: Libertas_info_cz,telegram,77,credited-by-mirror
czechia,2025-03-05,Telegram: MGzpravy,telegram,101,credited-by-mirror
czechia,2025-03-05,Telegram: neCT24,telegram,40,credited-by-mirror
czechia,2025-03-05,Telegram: selskyrozum,telegram,2,credited-by-mirror
czechia,2025-03-05,Telegram: to_je_nas_svet,telegram,35,credited-by-mirror
czechia,2025-03-05,Telegram: uk100a,telegram,64,credited-by-mirror
czechia,2025-03-06,Telegram: BN4JeyTQ6RVkMTNk,telegram,1,credited-by-mirror
czechia,2025-03-06,Telegram: InfodefenseCZE,telegram,19,credited-by-mirror
czechia,2025-03-06,Telegram: Libertas_info_cz,telegram,54,credited-by-mirror
czechia,2025-03-06,Telegram: MGzpravy,telegram,6,credited-by-mirror
czechia,2025-03-06,Telegram: neCT24,telegram,37,credited-by-mirror
czechia,2025-03-06,Telegram: to_je_nas_svet,telegram,30,credited-by-mirror
czechia,2025-03-06,Telegram: uk100a,telegram,59,credited-by-mirror
czechia,2025-03-07,Telegram: BN4JeyTQ6RVkMTNk,telegram,1,credited-by-mirror
czechia,2025-03-07,Telegram: InfodefenseCZE,telegram,13,credited-by-mirror
czechia,2025-03-07,Telegram: Libertas_info_cz,telegram,38,credited-by-mirror
czechia,2025-03-07,Telegram: MGzpravy,telegram,147,credited-by-mirror
czechia,2025-03-07,Telegram: neCT24,telegram,40,credited-by-mirror
czechia,2025-03-07,Telegram: to_je_nas_svet,telegram,25,credited-by-mirror
czechia,2025-03-07,Telegram: uk100a,telegram,55,credited-by-mirror
czechia,2025-03-08,Telegram: InfodefenseCZE,telegram,13,credited-by-mirror
czechia,2025-03-08,Telegram: Libertas_info_cz,telegram,34,credited-by-mirror
czechia,2025-03-08,Telegram: MGzpravy,telegram,91,credited-by-mirror
czechia,2025-03-08,Telegram: neCT24,telegram,37,credited-by-mirror
czechia,2025-03-08,Telegram: to_je_nas_svet,telegram,19,credited-by-mirror
czechia,2025-03-08,Telegram: uk100a,telegram,43,credited-by-mirror
czechia,2025-03-09,Telegram: BN4JeyTQ6RVkMTNk,telegram,3,credited-by-mirror
czechia,2025-03-09,Telegram: InfodefenseCZE,telegram,14,credited-by-mirror
czechia,2025-03-09,Telegram: Libertas_info_cz,telegram,29,credited-by-mirror
czechia,2025-03-09,Telegram: MGzpravy,telegram,99,credited-by-mirror
czechia,2025-03-09,Telegram: neCT24,telegram,35,credited-by-mirror
czechia,2025-03-09,Telegram: news_22_faraon,telegram,25,credited-by-mirror
czechia,2025-03-09,Telegram: to_je_nas_svet,telegram,30,credited-by-mirror
czechia,2025-03-09,Telegram: uk100a,telegram,42,credited-by-mirror
czechia,2025-03-10,Telegram: InfodefenseCZE,telegram,13,credited-by-mirror
czechia,2025-03-10,Telegram: Libertas_info_cz,telegram,35,credited-by-mirror
czechia,2025-03-10,Telegram: MGzpravy,telegram,36,credited-by-mirror
czechia,2025-03-10,Telegram: neCT24,telegram,29,credited-by-mirror
czechia,2025-03-10,Telegram: news_22_faraon,telegram,22,credited-by-mirror
czechia,2025-03-10,Telegram: to_je_nas_svet,telegram,22,credited-by-mirror
czechia,2025-03-10,Telegram: uk100a,telegram,56,credited-by-mirror
czechia,2025-03-11,Telegram: BN4JeyTQ6RVkMTNk,telegram,1,credited-by-mirror
czechia,2025-03-11,Telegram: InfodefenseCZE,telegram,11,credited-by-mirror
czechia,2025-03-11,Telegram: Libertas_info_cz,telegram,55,credited-by-mirror
czechia,2025-03-11,Telegram: MGzpravy,telegram,58,credited-by-mirror
czechia,2025-03-11,Telegram: jarek53,telegram,5,credited-by-mirror
czechia,2025-03-11,Telegram: neCT24,telegram,34,credited-by-mirror
czechia,2025-03-11,Telegram: news_22_faraon,telegram,24,credited-by-mirror
czechia,2025-03-11,Telegram: to_je_nas_svet,telegram,30,credited-by-mirror
czechia,2025-03-11,Telegram: uk100a,telegram,75,credited-by-mirror
czechia,2025-03-12,Telegram: BN4JeyTQ6RVkMTNk,telegram,24,credited-by-mirror
czechia,2025-03-12,Telegram: InfodefenseCZE,telegram,23,credited-by-mirror
czechia,2025-03-12,Telegram: Libertas_info_cz,telegram,48,credited-by-mirror
czechia,2025-03-12,Telegram: MGzpravy,telegram,89,credited-by-mirror
czechia,2025-03-12,Telegram: jarek53,telegram,13,credited-by-mirror
czechia,2025-03-12,Telegram: neCT24,telegram,33,credited-by-mirror
czechia,2025-03-12,Telegram: news_22_faraon,telegram,27,credited-by-mirror
czechia,2025-03-12,Telegram: selskyrozum,telegram,21,credited-by-mirror
czechia,2025-03-12,Telegram: to_je_nas_svet,telegram,38,credited-by-mirror
czechia,2025-03-12,Telegram: uk100a,telegram,67,credited-by-mirror
czechia,2025-03-13,Telegram: BN4JeyTQ6RVkMTNk,telegram,64,credited-by-mirror
czechia,2025-03-13,Telegram: InfodefenseCZE,telegram,13,credited-by-mirror
czechia,2025-03-13,Telegram: Libertas_info_cz,telegram,35,credited-by-mirror
czechia,2025-03-13,Telegram: MGzpravy,telegram,96,credited-by-mirror
czechia,2025-03-13,Telegram: jarek53,telegram,50,credited-by-mirror
czechia,2025-03-13,Telegram: neCT24,telegram,43,credited-by-mirror
czechia,2025-03-13,Telegram: news_22_faraon,telegram,27,credited-by-mirror
czechia,2025-03-13,Telegram: selskyrozum,telegram,97,credited-by-mirror
czechia,2025-03-13,Telegram: to_je_nas_svet,telegram,29,credited-by-mirror
czechia,2025-03-13,Telegram: uk100a,telegram,63,credited-by-mirror
czechia,2025-03-14,Telegram: BN4JeyTQ6RVkMTNk,telegram,76,credited-by-mirror
czechia,2025-03-14,Telegram: InfodefenseCZE,telegram,13,credited-by-mirror
czechia,2025-03-14,Telegram: Libertas_info_cz,telegram,32,credited-by-mirror
czechia,2025-03-14,Telegram: MGzpravy,telegram,86,credited-by-mirror
czechia,2025-03-14,Telegram: jarek53,telegram,42,credited-by-mirror
czechia,2025-03-14,Telegram: neCT24,telegram,38,credited-by-mirror
czechia,2025-03-14,Telegram: news_22_faraon,telegram,36,credited-by-mirror
czechia,2025-03-14,Telegram: selskyrozum,telegram,83,credited-by-mirror
czechia,2025-03-14,Telegram: to_je_nas_svet,telegram,32,credited-by-mirror
czechia,2025-03-14,Telegram: uk100a,telegram,58,credited-by-mirror
czechia,2025-03-15,Telegram: BN4JeyTQ6RVkMTNk,telegram,69,credited-by-mirror
czechia,2025-03-15,Telegram: InfodefenseCZE,telegram,12,credited-by-mirror
czechia,2025-03-15,Telegram: Libertas_info_cz,telegram,77,credited-by-mirror
czechia,2025-03-15,Telegram: MGzpravy,telegram,46,credited-by-mirror
czechia,2025-03-15,Telegram: jarek53,telegram,30,credited-by-mirror
czechia,2025-03-15,Telegram: neCT24,telegram,40,credited-by-mirror
czechia,2025-03-15,Telegram: news_22_faraon,telegram,40,credited-by-mirror
czechia,2025-03-15,Telegram: selskyrozum,telegram,61,credited-by-mirror
czechia,2025-03-15,Telegram: to_je_nas_svet,telegram,22,credited-by-mirror
czechia,2025-03-15,Telegram: uk100a,telegram,46,credited-by-mirror
czechia,2025-03-16,Telegram: BN4JeyTQ6RVkMTNk,telegram,68,credited-by-mirror
czechia,2025-03-16,Telegram: InfodefenseCZE,telegram,11,credited-by-mirror
czechia,2025-03-16,Telegram: Libertas_info_cz,telegram,56,credited-by-mirror
czechia,2025-03-16,Telegram: MGzpravy,telegram,134,credited-by-mirror
czechia,2025-03-16,Telegram: jarek53,telegram,34,credited-by-mirror
czechia,2025-03-16,Telegram: neCT24,telegram,42,credited-by-mirror
czechia,2025-03-16,Telegram: news_22_faraon,telegram,20,credited-by-mirror
czechia,2025-03-16,Telegram: selskyrozum,telegram,69,credited-by-mirror
czechia,2025-03-16,Telegram: to_je_nas_svet,telegram,22,credited-by-mirror
czechia,2025-03-16,Telegram: uk100a,telegram,67,credited-by-mirror
czechia,2025-03-17,Telegram: BN4JeyTQ6RVkMTNk,telegram,81,credited-by-mirror
czechia,2025-03-17,Telegram: InfodefenseCZE,telegram,15,credited-by-mirror
czechia,2025-03-17,Telegram: Libertas_info_cz,telegram,55,credited-by-mirror
czechia,2025-03-17,Telegram: MGzpravy,telegram,116,credited-by-mirror
czechia,2025-03-17,Telegram: jarek53,telegram,49,credited-by-mirror
czechia,2025-03-17,Telegram: neCT24,telegram,44,credited-by-mirror
czechia,2025-03-17,Telegram: news_22_faraon,telegram,14,credited-by-mirror
czechia,2025-03-17,Telegram: selskyrozum,telegram,86,credited-by-mirror
czechia,2025-03-17,Telegram: to_je_nas_svet,telegram,23,credited-by-mirror
czechia,2025-03-17,Telegram: uk100a,telegram,55,credited-by-mirror
czechia,2025-03-18,Telegram: BN4JeyTQ6RVkMTNk,telegram,83,credited-by-mirror
czechia,2025-03-18,Telegram: InfodefenseCZE,telegram,14,credited-by-mirror
czechia,2025-03-18,Telegram: Libertas_info_cz,telegram,60,credited-by-mirror
czechia,2025-03-18,Telegram: MGzpravy,telegram,96,credited-by-mirror
czechia,2025-03-18,Telegram: jarek53,telegram,37,credited-by-mirror
czechia,2025-03-18,Telegram: neCT24,telegram,36,credited-by-mirror
czechia,2025-03-18,Telegram: news_22_faraon,telegram,29,credited-by-mirror
czechia,2025-03-18,Telegram: selskyrozum,telegram,85,credited-by-mirror
czechia,2025-03-18,Telegram: to_je_nas_svet,telegram,27,credited-by-mirror
czechia,2025-03-18,Telegram: uk100a,telegram,64,credited-by-mirror
czechia,2025-03-19,Telegram: BN4JeyTQ6RVkMTNk,telegram,83,credited-by-mirror
czechia,2025-03-19,Telegram: InfodefenseCZE,telegram,16,credited-by-mirror
czechia,2025-03-19,Telegram: Libertas_info_cz,telegram,43,credited-by-mirror
czechia,2025-03-19,Telegram: MGzpravy,telegram,55,credited-by-mirror
czechia,2025-03-19,Telegram: jarek53,telegram,47,credited-by-mirror
czechia,2025-03-19,Telegram: neCT24,telegram,31,credited-by-mirror
czechia,2025-03-19,Telegram: news_22_faraon,telegram,36,credited-by-mirror
czechia,2025-03-19,Telegram: selskyrozum,telegram,79,credited-by-mirror
czechia,2025-03-19,Telegram: to_je_nas_svet,telegram,28,credited-by-mirror
czechia,2025-03-19,Telegram: uk100a,telegram,54,credited-by-mirror
czechia,2025-03-20,Telegram: BN4JeyTQ6RVkMTNk,telegram,70,credited-by-mirror
czechia,2025-03-20,Telegram: InfodefenseCZE,telegram,9,credited-by-mirror
czechia,2025-03-20,Telegram: Libertas_info_cz,telegram,41,credited-by-mirror
czechia,2025-03-20,Telegram: MGzpravy,telegram,87,credited-by-mirror
czechia,2025-03-20,Telegram: jarek53,telegram,44,credited-by-mirror
czechia,2025-03-20,Telegram: neCT24,telegram,34,credited-by-mirror
czechia,2025-03-20,Telegram: news_22_faraon,telegram,27,credited-by-mirror
czechia,2025-03-20,Telegram: selskyrozum,telegram,86,credited-by-mirror
czechia,2025-03-20,Telegram: to_je_nas_svet,telegram,22,credited-by-mirror
czechia,2025-03-20,Telegram: uk100a,telegram,47,credited-by-mirror
czechia,2025-03-21,Telegram: BN4JeyTQ6RVkMTNk,telegram,110,credited-by-mirror
czechia,2025-03-21,Telegram: InfodefenseCZE,telegram,14,credited-by-mirror
czechia,2025-03-21,Telegram: Libertas_info_cz,telegram,54,credited-by-mirror
czechia,2025-03-21,Telegram: MGzpravy,telegram,37,credited-by-mirror
czechia,2025-03-21,Telegram: jarek53,telegram,66,credited-by-mirror
czechia,2025-03-21,Telegram: neCT24,telegram,32,credited-by-mirror
czechia,2025-03-21,Telegram: news_22_faraon,telegram,19,credited-by-mirror
czechia,2025-03-21,Telegram: selskyrozum,telegram,90,credited-by-mirror
czechia,2025-03-21,Telegram: to_je_nas_svet,telegram,22,credited-by-mirror
czechia,2025-03-21,Telegram: uk100a,telegram,67,credited-by-mirror
czechia,2025-03-22,Telegram: BN4JeyTQ6RVkMTNk,telegram,67,credited-by-mirror
czechia,2025-03-22,Telegram: InfodefenseCZE,telegram,15,credited-by-mirror
czechia,2025-03-22,Telegram: Libertas_info_cz,telegram,52,credited-by-mirror
czechia,2025-03-22,Telegram: MGzpravy,telegram,120,credited-by-mirror
czechia,2025-03-22,Telegram: jarek53,telegram,25,credited-by-mirror
czechia,2025-03-22,Telegram: neCT24,telegram,38,credited-by-mirror
czechia,2025-03-22,Telegram: news_22_faraon,telegram,42,credited-by-mirror
czechia,2025-03-22,Telegram: selskyrozum,telegram,87,credited-by-mirror
czechia,2025-03-22,Telegram: to_je_nas_svet,telegram,13,credited-by-mirror
czechia,2025-03-22,Telegram: uk100a,telegram,36,credited-by-mirror
czechia,2025-03-23,Telegram: BN4JeyTQ6RVkMTNk,telegram,58,credited-by-mirror
czechia,2025-03-23,Telegram: InfodefenseCZE,telegram,15,credited-by-mirror
czechia,2025-03-23,Telegram: Libertas_info_cz,telegram,54,credited-by-mirror
czechia,2025-03-23,Telegram: MGzpravy,telegram,37,credited-by-mirror
czechia,2025-03-23,Telegram: jarek53,telegram,52,credited-by-mirror
czechia,2025-03-23,Telegram: neCT24,telegram,32,credited-by-mirror
czechia,2025-03-23,Telegram: news_22_faraon,telegram,35,credited-by-mirror
czechia,2025-03-23,Telegram: selskyrozum,telegram,63,credited-by-mirror
czechia,2025-03-23,Telegram: to_je_nas_svet,telegram,15,credited-by-mirror
czechia,2025-03-23,Telegram: uk100a,telegram,48,credited-by-mirror
czechia,2025-03-24,Telegram: BN4JeyTQ6RVkMTNk,telegram,69,credited-by-mirror
czechia,2025-03-24,Telegram: InfodefenseCZE,telegram,16,credited-by-mirror
czechia,2025-03-24,Telegram: Libertas_info_cz,telegram,33,credited-by-mirror
czechia,2025-03-24,Telegram: MGzpravy,telegram,107,credited-by-mirror
czechia,2025-03-24,Telegram: jarek53,telegram,35,credited-by-mirror
czechia,2025-03-24,Telegram: neCT24,telegram,35,credited-by-mirror
czechia,2025-03-24,Telegram: news_22_faraon,telegram,20,credited-by-mirror
czechia,2025-03-24,Telegram: selskyrozum,telegram,92,credited-by-mirror
czechia,2025-03-24,Telegram: to_je_nas_svet,telegram,20,credited-by-mirror
czechia,2025-03-24,Telegram: uk100a,telegram,51,credited-by-mirror
czechia,2025-03-25,Telegram: BN4JeyTQ6RVkMTNk,telegram,41,credited-by-mirror
czechia,2025-03-25,Telegram: InfodefenseCZE,telegram,15,credited-by-mirror
czechia,2025-03-25,Telegram: Libertas_info_cz,telegram,35,credited-by-mirror
czechia,2025-03-25,Telegram: MGzpravy,telegram,75,credited-by-mirror
czechia,2025-03-25,Telegram: jarek53,telegram,64,credited-by-mirror
czechia,2025-03-25,Telegram: neCT24,telegram,37,credited-by-mirror
czechia,2025-03-25,Telegram: news_22_faraon,telegram,25,credited-by-mirror
czechia,2025-03-25,Telegram: selskyrozum,telegram,89,credited-by-mirror
czechia,2025-03-25,Telegram: to_je_nas_svet,telegram,22,credited-by-mirror
czechia,2025-03-25,Telegram: uk100a,telegram,46,credited-by-mirror
czechia,2025-03-26,Telegram: BN4JeyTQ6RVkMTNk,telegram,98,credited-by-mirror
czechia,2025-03-26,Telegram: InfodefenseCZE,telegram,8,credited-by-mirror
czechia,2025-03-26,Telegram: Libertas_info_cz,telegram,54,credited-by-mirror
czechia,2025-03-26,Telegram: MGzpravy,telegram,116,credited-by-mirror
czechia,2025-03-26,Telegram: jarek53,telegram,37,credited-by-mirror
czechia,2025-03-26,Telegram: neCT24,telegram,30,credited-by-mirror
czechia,2025-03-26,Telegram: news_22_faraon,telegram,33,credited-by-mirror
czechia,2025-03-26,Telegram: selskyrozum,telegram,96,credited-by-mirror
czechia,2025-03-26,Telegram: to_je_nas_svet,telegram,35,credited-by-mirror
czechia,2025-03-26,Telegram: uk100a,telegram,51,credited-by-mirror
czechia,2025-03-27,Telegram: BN4JeyTQ6RVkMTNk,telegram,51,credited-by-mirror
czechia,2025-03-27,Telegram: InfodefenseCZE,telegram,10,credited-by-mirror
czechia,2025-03-27,Telegram: Libertas_info_cz,telegram,34,credited-by-mirror
czechia,2025-03-27,Telegram: MGzpravy,telegram,106,credited-by-mirror
czechia,2025-03-27,Telegram: jarek53,telegram,33,credited-by-mirror
czechia,2025-03-27,Telegram: neCT24,telegram,33,credited-by-mirror
czechia,2025-03-27,Telegram: news_22_faraon,telegram,32,credited-by-mirror
czechia,2025-03-27,Telegram: selskyrozum,telegram,96,credited-by-mirror
czechia,2025-03-27,Telegram: to_je_nas_svet,telegram,24,credited-by-mirror
czechia,2025-03-27,Telegram: uk100a,telegram,49,credited-by-mirror
czechia,2025-03-28,Telegram: BN4JeyTQ6RVkMTNk,telegram,93,credited-by-mirror
czechia,2025-03-28,Telegram: InfodefenseCZE,telegram,12,credited-by-mirror
czechia,2025-03-28,Telegram: Libertas_info_cz,telegram,33,credited-by-mirror
czechia,2025-03-28,Telegram: MGzpravy,telegram,87,credited-by-mirror
czechia,2025-03-28,Telegram: jarek53,telegram,49,credited-by-mirror
czechia,2025-03-28,Telegram: neCT24,telegram,26,credited-by-mirror
czechia,2025-03-28,Telegram: news_22_faraon,telegram,31,credited-by-mirror
czechia,2025-03-28,Telegram: selskyrozum,telegram,96,credited-by-mirror
czechia,2025-03-28,Telegram: to_je_nas_svet,telegram,15,credited-by-mirror
czechia,2025-03-28,Telegram: uk100a,telegram,58,credited-by-mirror
czechia,2025-03-29,Telegram: BN4JeyTQ6RVkMTNk,telegram,16,credited-by-mirror
czechia,2025-03-29,Telegram: InfodefenseCZE,telegram,11,credited-by-mirror
czechia,2025-03-29,Telegram: Libertas_info_cz,telegram,63,credited-by-mirror
czechia,2025-03-29,Telegram: MGzpravy,telegram,74,credited-by-mirror
czechia,2025-03-29,Telegram: jarek53,telegram,61,credited-by-mirror
czechia,2025-03-29,Telegram: neCT24,telegram,33,credited-by-mirror
czechia,2025-03-29,Telegram: news_22_faraon,telegram,51,credited-by-mirror
czechia,2025-03-29,Telegram: selskyrozum,telegram,75,credited-by-mirror
czechia,2025-03-29,Telegram: to_je_nas_svet,telegram,19,credited-by-mirror
czechia,2025-03-29,Telegram: uk100a,telegram,46,credited-by-mirror
czechia,2025-03-30,Telegram: BN4JeyTQ6RVkMTNk,telegram,48,credited-by-mirror
czechia,2025-03-30,Telegram: InfodefenseCZE,telegram,12,credited-by-mirror
czechia,2025-03-30,Telegram: Libertas_info_cz,telegram,39,credited-by-mirror
czechia,2025-03-30,Telegram: MGzpravy,telegram,133,credited-by-mirror
czechia,2025-03-30,Telegram: jarek53,telegram,34,credited-by-mirror
czechia,2025-03-30,Telegram: neCT24,telegram,30,credited-by-mirror
czechia,2025-03-30,Telegram: news_22_faraon,telegram,42,credited-by-mirror
czechia,2025-03-30,Telegram: selskyrozum,telegram,65,credited-by-mirror
czechia,2025-03-30,Telegram: to_je_nas_svet,telegram,13,credited-by-mirror
czechia,2025-03-30,Telegram: uk100a,telegram,61,credited-by-mirror
czechia,2025-03-31,Telegram: BN4JeyTQ6RVkMTNk,telegram,58,credited-by-mirror
czechia,2025-03-31,Telegram: InfodefenseCZE,telegram,12,credited-by-mirror
czechia,2025-03-31,Telegram: Libertas_info_cz,telegram,53,credited-by-mirror
czechia,2025-03-31,Telegram: MGzpravy,telegram,93,credited-by-mirror
czechia,2025-03-31,Telegram: jarek53,telegram,20,credited-by-mirror
czechia,2025-03-31,Telegram: neCT24,telegram,33,credited-by-mirror
czechia,2025-03-31,Telegram: news_22_faraon,telegram,24,credited-by-mirror
czechia,2025-03-31,Telegram: selskyrozum,telegram,93,credited-by-mirror
czechia,2025-03-31,Telegram: to_je_nas_svet,telegram,16,credited-by-mirror
czechia,2025-03-31,Telegram: uk100a,telegram,55,credited-by-mirror
deutsch,2025-03-01,Telegram: DruschbaFM,telegram,37,credited-by-mirror
deutsch,2025-03-01,Telegram: RuAS_Org,telegram,45,credited-by-mirror
deutsch,2025-03-01,Telegram: craZybear2022,telegram,14,credited-by-mirror
deutsch,2025-03-01,Telegram: rt_de,telegram,42,credited-by-mirror
deutsch,2025-03-01,Telegram: satellit_de,telegram,22,credited-by-mirror
deutsch,2025-03-01,de.rt.com,domain,31,credited-by-mirror
deutsch,2025-03-01,ria.ru,domain,20,credited-by-mirror
deutsch,2025-03-01,tass.ru,domain,29,credited-by-mirror
deutsch,2025-03-02,Telegram: DruschbaFM,telegram,26,credited-by-mirror
deutsch,2025-03-02,Telegram: RuAS_Org,telegram,40,credited-by-mirror
deutsch,2025-03-02,Telegram: craZybear2022,telegram,15,credited-by-mirror
deutsch,2025-03-02,Telegram: rt_de,telegram,40,credited-by-mirror
deutsch,2025-03-02,Telegram: satellit_de,telegram,22,credited-by-mirror
deutsch,2025-03-02,de.rt.com,domain,24,credited-by-mirror
deutsch,2025-03-02,ria.ru,domain,17,credited-by-mirror
deutsch,2025-03-02,tass.ru,domain,10,credited-by-mirror
deutsch,2025-03-03,Telegram: DruschbaFM,telegram,31,credited-by-mirror
deutsch,2025-03-03,Telegram: RuAS_Org,telegram,36,credited-by-mirror
deutsch,2025-03-03,Telegram: craZybear2022,telegram,14,credited-by-mirror
deutsch,2025-03-03,Telegram: rt_de,telegram,35,credited-by-mirror
deutsch,2025-03-03,Telegram: satellit_de,telegram,25,credited-by-mirror
deutsch,2025-03-03,de.rt.com,domain,20,credited-by-mirror
deutsch,2025-03-03,ria.ru,domain,21,credited-by-mirror
deutsch,2025-03-03,tass.ru,domain,39,credited-by-mirror
deutsch,2025-03-04,Telegram: DruschbaFM,telegram,32,credited-by-mirror
deutsch,2025-03-04,Telegram: RuAS_Org,telegram,35,credited-by-mirror
deutsch,2025-03-04,Telegram: craZybear2022,telegram,13,credited-by-mirror
deutsch,2025-03-04,Telegram: rt_de,telegram,46,credited-by-mirror
deutsch,2025-03-04,Telegram: satellit_de,telegram,23,credited-by-mirror
deutsch,2025-03-04,de.rt.com,domain,27,credited-by-mirror
deutsch,2025-03-04,ria.ru,domain,16,credited-by-mirror
deutsch,2025-03-04,tass.ru,domain,29,credited-by-mirror
deutsch,2025-03-05,Telegram: DruschbaFM,telegram,29,credited-by-mirror
deutsch,2025-03-05,Telegram: RuAS_Org,telegram,30,credited-by-mirror
deutsch,2025-03-05,Telegram: craZybear2022,telegram,15,credited-by-mirror
deutsch,2025-03-05,Telegram: rt_de,telegram,43,credited-by-mirror
deutsch,2025-03-05,Telegram: satellit_de,telegram,25,credited-by-mirror
deutsch,2025-03-05,de.rt.com,domain,25,credited-by-mirror
deutsch,2025-03-05,ria.ru,domain,13,credited-by-mirror
deutsch,2025-03-05,tass.ru,domain,29,credited-by-mirror
deutsch,2025-03-06,Telegram: DruschbaFM,telegram,29,credited-by-mirror
deutsch,2025-03-06,Telegram: RuAS_Org,telegram,33,credited-by-mirror
deutsch,2025-03-06,Telegram: craZybear2022,telegram,11,credited-by-mirror
deutsch,2025-03-06,Telegram: rt_de,telegram,51,credited-by-mirror
deutsch,2025-03-06,Telegram: satellit_de,telegram,27,credited-by-mirror
deutsch,2025-03-06,de.rt.com,domain,23,credited-by-mirror
deutsch,2025-03-06,ria.ru,domain,17,credited-by-mirror
deutsch,2025-03-06,tass.ru,domain,41,credited-by-mirror
deutsch,2025-03-07,Telegram: DruschbaFM,telegram,28,credited-by-mirror
deutsch,2025-03-07,Telegram: RuAS_Org,telegram,28,credited-by-mirror
deutsch,2025-03-07,Telegram: craZybear2022,telegram,15,credited-by-mirror
deutsch,2025-03-07,Telegram: rt_de,telegram,46,credited-by-mirror
deutsch,2025-03-07,Telegram: satellit_de,telegram,25,credited-by-mirror
deutsch,2025-03-07,de.rt.com,domain,27,credited-by-mirror
deutsch,2025-03-07,ria.ru,domain,20,credited-by-mirror
deutsch,2025-03-07,tass.ru,domain,34,credited-by-mirror
deutsch,2025-03-08,Telegram: DruschbaFM,telegram,35,credited-by-mirror
deutsch,2025-03-08,Telegram: RuAS_Org,telegram,22,credited-by-mirror
deutsch,2025-03-08,Telegram: RussiaDailyDE,telegram,1,credited-by-mirror
deutsch,2025-03-08,Telegram: craZybear2022,telegram,13,credited-by-mirror
deutsch,2025-03-08,Telegram: rt_de,telegram,44,credited-by-mirror
deutsch,2025-03-08,Telegram: satellit_de,telegram,35,credited-by-mirror
deutsch,2025-03-08,de.rt.com,domain,24,credited-by-mirror
deutsch,2025-03-08,ria.ru,domain,21,credited-by-mirror
deutsch,2025-03-08,tass.ru,domain,12,credited-by-mirror
deutsch,2025-03-09,Telegram: DruschbaFM,telegram,28,credited-by-mirror
deutsch,2025-03-09,Telegram: RuAS_Org,telegram,36,credited-by-mirror
deutsch,2025-03-09,Telegram: craZybear2022,telegram,12,credited-by-mirror
deutsch,2025-03-09,Telegram: rt_de,telegram,41,credited-by-mirror
deutsch,2025-03-09,Telegram: satellit_de,telegram,21,credited-by-mirror
deutsch,2025-03-09,de.rt.com,domain,14,credited-by-mirror
deutsch,2025-03-09,ria.ru,domain,18,credited-by-mirror
deutsch,2025-03-09,tass.ru,domain,7,credited-by-mirror
deutsch,2025-03-10,Telegram: DruschbaFM,telegram,23,credited-by-mirror
deutsch,2025-03-10,Telegram: RuAS_Org,telegram,20,credited-by-mirror
deutsch,2025-03-10,Telegram: craZybear2022,telegram,16,credited-by-mirror
deutsch,2025-03-10,Telegram: rt_de,telegram,44,credited-by-mirror
deutsch,2025-03-10,Telegram: satellit_de,telegram,15,credited-by-mirror
deutsch,2025-03-10,de.rt.com,domain,30,credited-by-mirror
deutsch,2025-03-10,ria.ru,domain,13,credited-by-mirror
deutsch,2025-03-10,tass.ru,domain,24,credited-by-mirror
deutsch,2025-03-11,Telegram: DruschbaFM,telegram,21,credited-by-mirror
deutsch,2025-03-11,Telegram: RuAS_Org,telegram,32,credited-by-mirror
deutsch,2025-03-11,Telegram: RussiaDailyDE,telegram,1,credited-by-mirror
deutsch,2025-03-11,Telegram: craZybear2022,telegram,14,credited-by-mirror
deutsch,2025-03-11,Telegram: rt_de,telegram,41,credited-by-mirror
deutsch,2025-03-11,Telegram: satellit_de,telegram,23,credited-by-mirror
deutsch,2025-03-11,de.rt.com,domain,15,credited-by-mirror
deutsch,2025-03-11,ria.ru,domain,9,credited-by-mirror
deutsch,2025-03-11,tass.ru,domain,20,credited-by-mirror
deutsch,2025-03-12,Telegram: DruschbaFM,telegram,28,credited-by-mirror
deutsch,2025-03-12,Telegram: RuAS_Org,telegram,40,credited-by-mirror
deutsch,2025-03-12,Telegram: craZybear2022,telegram,13,credited-by-mirror
deutsch,2025-03-12,Telegram: rt_de,telegram,40,credited-by-mirror
deutsch,2025-03-12,Telegram: satellit_de,telegram,24,credited-by-mirror
deutsch,2025-03-12,de.rt.com,domain,30,credited-by-mirror
deutsch,2025-03-12,ria.ru,domain,13,credited-by-mirror
deutsch,2025-03-12,tass.ru,domain,18,credited-by-mirror
deutsch,2025-03-13,Telegram: DruschbaFM,telegram,28,credited-by-mirror
deutsch,2025-03-13,Telegram: RuAS_Org,telegram,31,credited-by-mirror
deutsch,2025-03-13,Telegram: RussiaDailyDE,telegram,1,credited-by-mirror
deutsch,2025-03-13,Telegram: craZybear2022,telegram,13,credited-by-mirror
deutsch,2025-03-13,Telegram: rt_de,telegram,44,credited-by-mirror
deutsch,2025-03-13,Telegram: satellit_de,telegram,22,credited-by-mirror
deutsch,2025-03-13,de.rt.com,domain,21,credited-by-mirror
deutsch,2025-03-13,ria.ru,domain,19,credited-by-mirror
deutsch,2025-03-13,tass.ru,domain,24,credited-by-mirror
deutsch,2025-03-14,Telegram: DruschbaFM,telegram,26,credited-by-mirror
deutsch,2025-03-14,Telegram: RuAS_Org,telegram,25,credited-by-mirror
deutsch,2025-03-14,Telegram: RussiaDailyDE,telegram,2,credited-by-mirror
deutsch,2025-03-14,Telegram: craZybear2022,telegram,17,credited-by-mirror
deutsch,2025-03-14,Telegram: rt_de,telegram,47,credited-by-mirror
deutsch,2025-03-14,Telegram: satellit_de,telegram,30,credited-by-mirror
deutsch,2025-03-14,de.rt.com,domain,20,credited-by-mirror
deutsch,2025-03-14,ria.ru,domain,16,credited-by-mirror
deutsch,2025-03-14,tass.ru,domain,26,credited-by-mirror
deutsch,2025-03-15,Telegram: DruschbaFM,telegram,28,credited-by-mirror
deutsch,2025-03-15,Telegram: RuAS_Org,telegram,29,credited-by-mirror
deutsch,2025-03-15,Telegram: RussiaDailyDE,telegram,45,credited-by-mirror
deutsch,2025-03-15,Telegram: craZybear2022,telegram,15,credited-by-mirror
deutsch,2025-03-15,Telegram: rt_de,telegram,45,credited-by-mirror
deutsch,2025-03-15,Telegram: satellit_de,telegram,32,credited-by-mirror
deutsch,2025-03-15,de.rt.com,domain,16,credited-by-mirror
deutsch,2025-03-15,ria.ru,domain,23,credited-by-mirror
deutsch,2025-03-15,tass.ru,domain,16,credited-by-mirror
deutsch,2025-03-16,Telegram: DruschbaFM,telegram,25,credited-by-mirror
deutsch,2025-03-16,Telegram: RuAS_Org,telegram,38,credited-by-mirror
deutsch,2025-03-16,Telegram: RussiaDailyDE,telegram,61,credited-by-mirror
deutsch,2025-03-16,Telegram: craZybear2022,telegram,17,credited-by-mirror
deutsch,2025-03-16,Telegram: rt_de,telegram,45,credited-by-mirror
deutsch,2025-03-16,Telegram: satellit_de,telegram,29,credited-by-mirror
deutsch,2025-03-16,de.rt.com,domain,27,credited-by-mirror
deutsch,2025-03-16,ria.ru,domain,11,credited-by-mirror
deutsch,2025-03-16,tass.ru,domain,11,credited-by-mirror
deutsch,2025-03-17,Telegram: DruschbaFM,telegram,24,credited-by-mirror
deutsch,2025-03-17,Telegram: RuAS_Org,telegram,34,credited-by-mirror
deutsch,2025-03-17,Telegram: RussiaDailyDE,telegram,92,credited-by-mirror
deutsch,2025-03-17,Telegram: craZybear2022,telegram,12,credited-by-mirror
deutsch,2025-03-17,Telegram: rt_de,telegram,53,credited-by-mirror
deutsch,2025-03-17,Telegram: satellit_de,telegram,22,credited-by-mirror
deutsch,2025-03-17,de.rt.com,domain,29,credited-by-mirror
deutsch,2025-03-17,ria.ru,domain,21,credited-by-mirror
deutsch,2025-03-17,tass.ru,domain,31,credited-by-mirror
deutsch,2025-03-18,Telegram: DruschbaFM,telegram,35,credited-by-mirror
deutsch,2025-03-18,Telegram: RuAS_Org,telegram,36,credited-by-mirror
deutsch,2025-03-18,Telegram: RussiaDailyDE,telegram,84,credited-by-mirror
deutsch,2025-03-18,Telegram: craZybear2022,telegram,11,credited-by-mirror
deutsch,2025-03-18,Telegram: rt_de,telegram,38,credited-by-mirror
deutsch,2025-03-18,Telegram: satellit_de,telegram,24,credited-by-mirror
deutsch,2025-03-18,de.rt.com,domain,21,credited-by-mirror
deutsch,2025-03-18,ria.ru,domain,11,credited-by-mirror
deutsch,2025-03-18,tass.ru,domain,26,credited-by-mirror
deutsch,2025-03-19,Telegram: DruschbaFM,telegram,25,credited-by-mirror
deutsch,2025-03-19,Telegram: RuAS_Org,telegram,29,credited-by-mirror
deutsch,2025-03-19,Telegram: RussiaDailyDE,telegram,69,credited-by-mirror
deutsch,2025-03-19,Telegram: craZybear2022,telegram,13,credited-by-mirror
deutsch,2025-03-19,Telegram: rt_de,telegram,48,credited-by-mirror
deutsch,2025-03-19,Telegram: satellit_de,telegram,22,credited-by-mirror
deutsch,2025-03-19,de.rt.com,domain,29,credited-by-mirror
deutsch,2025-03-19,ria.ru,domain,15,credited-by-mirror
deutsch,2025-03-19,tass.ru,domain,24,credited-by-mirror
deutsch,2025-03-20,Telegram: DruschbaFM,telegram,31,credited-by-mirror
deutsch,2025-03-20,Telegram: RuAS_Org,telegram,26,credited-by-mirror
deutsch,2025-03-20,Telegram: RussiaDailyDE,telegram,66,credited-by-mirror
deutsch,2025-03-20,Telegram: craZybear2022,telegram,13,credited-by-mirror
deutsch,2025-03-20,Telegram: rt_de,telegram,47,credited-by-mirror
deutsch,2025-03-20,Telegram: satellit_de,telegram,20,credited-by-mirror
deutsch,2025-03-20,de.rt.com,domain,31,credited-by-mirror
deutsch,2025-03-20,ria.ru,domain,20,credited-by-mirror
deutsch,2025-03-20,tass.ru,domain,29,credited-by-mirror
deutsch,2025-03-21,Telegram: DruschbaFM,telegram,24,credited-by-mirror
deutsch,2025-03-21,Telegram: RuAS_Org,telegram,28,credited-by-mirror
deutsch,2025-03-21,Telegram: RussiaDailyDE,telegram,73,credited-by-mirror
deutsch,2025-03-21,Telegram: craZybear2022,telegram,11,credited-by-mirror
deutsch,2025-03-21,Telegram: rt_de,telegram,42,credited-by-mirror
deutsch,2025-03-21,Telegram: satellit_de,telegram,24,credited-by-mirror
deutsch,2025-03-21,de.rt.com,domain,18,credited-by-mirror
deutsch,2025-03-21,ria.ru,domain,24,credited-by-mirror
deutsch,2025-03-21,tass.ru,domain,20,credited-by-mirror
deutsch,2025-03-22,Telegram: DruschbaFM,telegram,26,credited-by-mirror
deutsch,2025-03-22,Telegram: RuAS_Org,telegram,29,credited-by-mirror
deutsch,2025-03-22,Telegram: RussiaDailyDE,telegram,48,credited-by-mirror
deutsch,2025-03-22,Telegram: craZybear2022,telegram,15,credited-by-mirror
deutsch,2025-03-22,Telegram: rt_de,telegram,41,credited-by-mirror
deutsch,2025-03-22,Telegram: satellit_de,telegram,27,credited-by-mirror
deutsch,2025-03-22,de.rt.com,domain,22,credited-by-mirror
deutsch,2025-03-22,ria.ru,domain,13,credited-by-mirror
deutsch,2025-03-22,tass.ru,domain,10,credited-by-mirror
deutsch,2025-03-23,Telegram: DruschbaFM,telegram,27,credited-by-mirror
deutsch,2025-03-23,Telegram: RuAS_Org,telegram,38,credited-by-mirror
deutsch,2025-03-23,Telegram: RussiaDailyDE,telegram,37,credited-by-mirror
deutsch,2025-03-23,Telegram: craZybear2022,telegram,14,credited-by-mirror
deutsch,2025-03-23,Telegram: rt_de,telegram,41,credited-by-mirror
deutsch,2025-03-23,Telegram: satellit_de,telegram,27,credited-by-mirror
deutsch,2025-03-23,de.rt.com,domain,21,credited-by-mirror
deutsch,2025-03-23,ria.ru,domain,8,credited-by-mirror
deutsch,2025-03-23,tass.ru,domain,4,credited-by-mirror
deutsch,2025-03-24,Telegram: DruschbaFM,telegram,31,credited-by-mirror
deutsch,2025-03-24,Telegram: RuAS_Org,telegram,34,credited-by-mirror
deutsch,2025-03-24,Telegram: RussiaDailyDE,telegram,88,credited-by-mirror
deutsch,2025-03-24,Telegram: craZybear2022,telegram,15,credited-by-mirror
deutsch,2025-03-24,Telegram: rt_de,telegram,45,credited-by-mirror
deutsch,2025-03-24,Telegram: satellit_de,telegram,30,credited-by-mirror
deutsch,2025-03-24,de.rt.com,domain,23,credited-by-mirror
deutsch,2025-03-24,ria.ru,domain,14,credited-by-mirror
deutsch,2025-03-24,tass.ru,domain,13,credited-by-mirror
deutsch,2025-03-25,Telegram: DruschbaFM,telegram,20,credited-by-mirror
deutsch,2025-03-25,Telegram: RuAS_Org,telegram,39,credited-by-mirror
deutsch,2025-03-25,Telegram: RussiaDailyDE,telegram,88,credited-by-mirror
deutsch,2025-03-25,Telegram: craZybear2022,telegram,19,credited-by-mirror
deutsch,2025-03-25,Telegram: rt_de,telegram,36,credited-by-mirror
deutsch,2025-03-25,Telegram: satellit_de,telegram,22,credited-by-mirror
deutsch,2025-03-25,de.rt.com,domain,30,credited-by-mirror
deutsch,2025-03-25,ria.ru,domain,14,credited-by-mirror
deutsch,2025-03-25,tass.ru,domain,29,credited-by-mirror
deutsch,2025-03-26,Telegram: DruschbaFM,telegram,23,credited-by-mirror
deutsch,2025-03-26,Telegram: RuAS_Org,telegram,37,credited-by-mirror
deutsch,2025-03-26,Telegram: RussiaDailyDE,telegram,74,credited-by-mirror
deutsch,2025-03-26,Telegram: craZybear2022,telegram,13,credited-by-mirror
deutsch,2025-03-26,Telegram: rt_de,telegram,48,credited-by-mirror
deutsch,2025-03-26,Telegram: satellit_de,telegram,26,credited-by-mirror
deutsch,2025-03-26,de.rt.com,domain,26,credited-by-mirror
deutsch,2025-03-26,ria.ru,domain,10,credited-by-mirror
deutsch,2025-03-26,tass.ru,domain,13,credited-by-mirror
deutsch,2025-03-27,Telegram: DruschbaFM,telegram,25,credited-by-mirror
deutsch,2025-03-27,Telegram: RuAS_Org,telegram,36,credited-by-mirror
deutsch,2025-03-27,Telegram: RussiaDailyDE,telegram,95,credited-by-mirror
deutsch,2025-03-27,Telegram: craZybear2022,telegram,14,credited-by-mirror
deutsch,2025-03-27,Telegram: rt_de,telegram,51,credited-by-mirror
deutsch,2025-03-27,Telegram: satellit_de,telegram,24,credited-by-mirror
deutsch,2025-03-27,de.rt.com,domain,34,credited-by-mirror
deutsch,2025-03-27,ria.ru,domain,18,credited-by-mirror
deutsch,2025-03-27,tass.ru,domain,24,credited-by-mirror
deutsch,2025-03-28,Telegram: DruschbaFM,telegram,23,credited-by-mirror
deutsch,2025-03-28,Telegram: RuAS_Org,telegram,35,credited-by-mirror
deutsch,2025-03-28,Telegram: RussiaDailyDE,telegram,73,credited-by-mirror
deutsch,2025-03-28,Telegram: craZybear2022,telegram,12,credited-by-mirror
deutsch,2025-03-28,Telegram: rt_de,telegram,32,credited-by-mirror
deutsch,2025-03-28,Telegram: satellit_de,telegram,25,credited-by-mirror
deutsch,2025-03-28,de.rt.com,domain,30,credited-by-mirror
deutsch,2025-03-28,ria.ru,domain,16,credited-by-mirror
deutsch,2025-03-28,tass.ru,domain,25,credited-by-mirror
deutsch,2025-03-29,Telegram: DruschbaFM,telegram,14,credited-by-mirror
deutsch,2025-03-29,Telegram: RuAS_Org,telegram,35,credited-by-mirror
deutsch,2025-03-29,Telegram: RussiaDailyDE,telegram,50,credited-by-mirror
deutsch,2025-03-29,Telegram: craZybear2022,telegram,14,credited-by-mirror
deutsch,2025-03-29,Telegram: rt_de,telegram,38,credited-by-mirror
deutsch,2025-03-29,Telegram: satellit_de,telegram,27,credited-by-mirror
deutsch,2025-03-29,de.rt.com,domain,20,credited-by-mirror
deutsch,2025-03-29,ria.ru,domain,15,credited-by-mirror
deutsch,2025-03-29,tass.ru,domain,17,credited-by-mirror
deutsch,2025-03-30,Telegram: DruschbaFM,telegram,30,credited-by-mirror
deutsch,2025-03-30,Telegram: RuAS_Org,telegram,32,credited-by-mirror
deutsch,2025-03-30,Telegram: RussiaDailyDE,telegram,40,credited-by-mirror
deutsch,2025-03-30,Telegram: craZybear2022,telegram,18,credited-by-mirror
deutsch,2025-03-30,Telegram: rt_de,telegram,41,credited-by-mirror
deutsch,2025-03-30,Telegram: satellit_de,telegram,27,credited-by-mirror
deutsch,2025-03-30,de.rt.com,domain,23,credited-by-mirror
deutsch,2025-03-30,ria.ru,domain,12,credited-by-mirror
deutsch,2025-03-30,tass.ru,domain,13,credited-by-mirror
deutsch,2025-03-31,Telegram: DruschbaFM,telegram,27,credited-by-mirror
deutsch,2025-03-31,Telegram: RuAS_Org,telegram,37,credited-by-mirror
deutsch,2025-03-31,Telegram: RussiaDailyDE,telegram,82,credited-by-mirror
deutsch,2025-03-31,Telegram: craZybear2022,telegram,14,credited-by-mirror
deutsch,2025-03-31,Telegram: rt_de,telegram,44,credited-by-mirror
deutsch,2025-03-31,Telegram: satellit_de,telegram,29,credited-by-mirror
deutsch,2025-03-31,de.rt.com,domain,29,credited-by-mirror
deutsch,2025-03-31,ria.ru,domain,11,credited-by-mirror
deutsch,2025-03-31,tass.ru,domain,20,credited-by-mirror
hungary,2025-03-01,Telegram: InfoDefMagyarok,telegram,9,credited-by-mirror
hungary,2025-03-01,Telegram: Rybar_HU,telegram,10,credited-by-mirror
hungary,2025-03-01,Telegram: VilagHelyzeteBlog,telegram,6,credited-by-mirror
hungary,2025-03-01,Telegram: greatawakeningmagyarok,telegram,80,credited-by-mirror
hungary,2025-03-01,Telegram: oroszspecialiskatonaihadmuvelet,telegram,22,credited-by-mirror
hungary,2025-03-01,ria.ru,domain,6,credited-by-mirror
hungary,2025-03-01,tass.ru,domain,5,credited-by-mirror
hungary,2025-03-02,Telegram: InfoDefMagyarok,telegram,9,credited-by-mirror
hungary,2025-03-02,Telegram: Rybar_HU,telegram,9,credited-by-mirror
hungary,2025-03-02,Telegram: VilagHelyzeteBlog,telegram,4,credited-by-mirror
hungary,2025-03-02,Telegram: greatawakeningmagyarok,telegram,67,credited-by-mirror
hungary,2025-03-02,Telegram: oroszspecialiskatonaihadmuvelet,telegram,14,credited-by-mirror
hungary,2025-03-02,ria.ru,domain,6,credited-by-mirror
hungary,2025-03-02,tass.ru,domain,3,credited-by-mirror
hungary,2025-03-03,Telegram: InfoDefMagyarok,telegram,8,credited-by-mirror
hungary,2025-03-03,Telegram: Rybar_HU,telegram,9,credited-by-mirror
hungary,2025-03-03,Telegram: VilagHelyzeteBlog,telegram,8,credited-by-mirror
hungary,2025-03-03,Telegram: greatawakeningmagyarok,telegram,44,credited-by-mirror
hungary,2025-03-03,Telegram: oroszspecialiskatonaihadmuvelet,telegram,16,credited-by-mirror
hungary,2025-03-03,hu.news-front.su,domain,12,credited-by-mirror
hungary,2025-03-03,ria.ru,domain,8,credited-by-mirror
hungary,2025-03-03,tass.ru,domain,10,credited-by-mirror
hungary,2025-03-04,Telegram: InfoDefMagyarok,telegram,9,credited-by-mirror
hungary,2025-03-04,Telegram: Rybar_HU,telegram,13,credited-by-mirror
hungary,2025-03-04,Telegram: VilagHelyzeteBlog,telegram,4,credited-by-mirror
hungary,2025-03-04,Telegram: greatawakeningmagyarok,telegram,72,credited-by-mirror
hungary,2025-03-04,Telegram: oroszspecialiskatonaihadmuvelet,telegram,20,credited-by-mirror
hungary,2025-03-04,hu.news-front.su,domain,9,credited-by-mirror
hungary,2025-03-04,ria.ru,domain,4,credited-by-mirror
hungary,2025-03-04,tass.ru,domain,8,credited-by-mirror
hungary,2025-03-05,Telegram: InfoDefMagyarok,telegram,9,credited-by-mirror
hungary,2025-03-05,Telegram: Rybar_HU,telegram,15,credited-by-mirror
hungary,2025-03-05,Telegram: VilagHelyzeteBlog,telegram,1,credited-by-mirror
hungary,2025-03-05,Telegram: greatawakeningmagyarok,telegram,85,credited-by-mirror
hungary,2025-03-05,Telegram: oroszspecialiskatonaihadmuvelet,telegram,33,credited-by-mirror
hungary,2025-03-05,hu.news-front.su,domain,13,credited-by-mirror
hungary,2025-03-05,ria.ru,domain,3,credited-by-mirror
hungary,2025-03-05,tass.ru,domain,9,credited-by-mirror
hungary,2025-03-06,Telegram: InfoDefMagyarok,telegram,9,credited-by-mirror
hungary,2025-03-06,Telegram: Rybar_HU,telegram,19,credited-by-mirror
hungary,2025-03-06,Telegram: VilagHelyzeteBlog,telegram,18,credited-by-mirror
hungary,2025-03-06,Telegram: greatawakeningmagyarok,telegram,68,credited-by-mirror
hungary,2025-03-06,Telegram: oroszspecialiskatonaihadmuvelet,telegram,25,credited-by-mirror
hungary,2025-03-06,hu.news-front.su,domain,13,credited-by-mirror
hungary,2025-03-06,ria.ru,domain,10,credited-by-mirror
hungary,2025-03-06,tass.ru,domain,12,credited-by-mirror
hungary,2025-03-07,Telegram: InfoDefMagyarok,telegram,9,credited-by-mirror
hungary,2025-03-07,Telegram: Rybar_HU,telegram,9,credited-by-mirror
hungary,2025-03-07,Telegram: VilagHelyzeteBlog,telegram,4,credited-by-mirror
hungary,2025-03-07,Telegram: greatawakeningmagyarok,telegram,66,credited-by-mirror
hungary,2025-03-07,Telegram: oroszspecialiskatonaihadmuvelet,telegram,36,credited-by-mirror
hungary,2025-03-07,hu.news-front.su,domain,13,credited-by-mirror
hungary,2025-03-07,ria.ru,domain,10,credited-by-mirror
hungary,2025-03-07,tass.ru,domain,11,credited-by-mirror
hungary,2025-03-08,Telegram: InfoDefMagyarok,telegram,9,credited-by-mirror
hungary,2025-03-08,Telegram: Rybar_HU,telegram,17,credited-by-mirror
hungary,2025-03-08,Telegram: VilagHelyzeteBlog,telegram,4,credited-by-mirror
hungary,2025-03-08,Telegram: greatawakeningmagyarok,telegram,14,credited-by-mirror
hungary,2025-03-08,Telegram: oroszspecialiskatonaihadmuvelet,telegram,31,credited-by-mirror
hungary,2025-03-08,ria.ru,domain,5,credited-by-mirror
hungary,2025-03-08,tass.ru,domain,4,credited-by-mirror
hungary,2025-03-09,Telegram: InfoDefMagyarok,telegram,9,credited-by-mirror
hungary,2025-03-09,Telegram: Rybar_HU,telegram,17,credited-by-mirror
hungary,2025-03-09,Telegram: VilagHelyzeteBlog,telegram,3,credited-by-mirror
hungary,2025-03-09,Telegram: greatawakeningmagyarok,telegram,64,credited-by-mirror
hungary,2025-03-09,Telegram: oroszspecialiskatonaihadmuvelet,telegram,30,credited-by-mirror
hungary,2025-03-09,ria.ru,domain,3,credited-by-mirror
hungary,2025-03-09,tass.ru,domain,1,credited-by-mirror
hungary,2025-03-10,Telegram: InfoDefMagyarok,telegram,8,credited-by-mirror
hungary,2025-03-10,Telegram: Rybar_HU,telegram,16,credited-by-mirror
hungary,2025-03-10,Telegram: VilagHelyzeteBlog,telegram,9,credited-by-mirror
hungary,2025-03-10,Telegram: greatawakeningmagyarok,telegram,91,credited-by-mirror
hungary,2025-03-10,Telegram: oroszspecialiskatonaihadmuvelet,telegram,17,credited-by-mirror
hungary,2025-03-10,hu.news-front.su,domain,14,credited-by-mirror
hungary,2025-03-10,ria.ru,domain,3,credited-by-mirror
hungary,2025-03-10,tass.ru,domain,4,credited-by-mirror
hungary,2025-03-11,Telegram: InfoDefMagyarok,telegram,9,credited-by-mirror
hungary,2025-03-11,Telegram: Rybar_HU,telegram,17,credited-by-mirror
hungary,2025-03-11,Telegram: VilagHelyzeteBlog,telegram,8,credited-by-mirror
hungary,2025-03-11,Telegram: greatawakeningmagyarok,telegram,71,credited-by-mirror
hungary,2025-03-11,Telegram: oroszspecialiskatonaihadmuvelet,telegram,40,credited-by-mirror
hungary,2025-03-11,hu.news-front.su,domain,13,credited-by-mirror
hungary,2025-03-11,ria.ru,domain,4,credited-by-mirror
hungary,2025-03-11,tass.ru,domain,4,credited-by-mirror
hungary,2025-03-12,Telegram: InfoDefMagyarok,telegram,9,credited-by-mirror
hungary,2025-03-12,Telegram: Rybar_HU,telegram,18,credited-by-mirror
hungary,2025-03-12,Telegram: VilagHelyzeteBlog,telegram,5,credited-by-mirror
hungary,2025-03-12,Telegram: greatawakeningmagyarok,telegram,102,credited-by-mirror
hungary,2025-03-12,Telegram: oroszokazigazsagoldalan,telegram,1,credited-by-mirror
hungary,2025-03-12,Telegram: oroszspecialiskatonaihadmuvelet,telegram,42,credited-by-mirror
hungary,2025-03-12,tass.ru,domain,2,credited-by-mirror
hungary,2025-03-13,Telegram: InfoDefMagyarok,telegram,8,credited-by-mirror
hungary,2025-03-13,Telegram: Rybar_HU,telegram,16,credited-by-mirror
hungary,2025-03-13,Telegram: VilagHelyzeteBlog,telegram,12,credited-by-mirror
hungary,2025-03-13,Telegram: greatawakeningmagyarok,telegram,69,credited-by-mirror
hungary,2025-03-13,Telegram: oroszokazigazsagoldalan,telegram,1,credited-by-mirror
hungary,2025-03-13,Telegram: oroszspecialiskatonaihadmuvelet,telegram,28,credited-by-mirror
hungary,2025-03-13,ria.ru,domain,2,credited-by-mirror
hungary,2025-03-13,tass.ru,domain,9,credited-by-mirror
hungary,2025-03-14,Telegram: InfoDefMagyarok,telegram,7,credited-by-mirror
hungary,2025-03-14,Telegram: Rybar_HU,telegram,15,credited-by-mirror
hungary,2025-03-14,Telegram: VilagHelyzeteBlog,telegram,9,credited-by-mirror
hungary,2025-03-14,Telegram: greatawakeningmagyarok,telegram,63,credited-by-mirror
hungary,2025-03-14,Telegram: oroszspecialiskatonaihadmuvelet,telegram,29,credited-by-mirror
hungary,2025-03-14,hu.news-front.su,domain,19,credited-by-mirror
hungary,2025-03-14,ria.ru,domain,8,credited-by-mirror
hungary,2025-03-14,tass.ru,domain,7,credited-by-mirror
hungary,2025-03-15,Telegram: InfoDefMagyarok,telegram,8,credited-by-mirror
hungary,2025-03-15,Telegram: Rybar_HU,telegram,15,credited-by-mirror
hungary,2025-03-15,Telegram: VilagHelyzeteBlog,telegram,8,credited-by-mirror
hungary,2025-03-15,Telegram: greatawakeningmagyarok,telegram,43,credited-by-mirror
hungary,2025-03-15,Telegram: oroszokazigazsagoldalan,telegram,25,credited-by-mirror
hungary,2025-03-15,Telegram: oroszspecialiskatonaihadmuvelet,telegram,30,credited-by-mirror
hungary,2025-03-15,ria.ru,domain,4,credited-by-mirror
hungary,2025-03-15,tass.ru,domain,3,credited-by-mirror
hungary,2025-03-16,Telegram: InfoDefMagyarok,telegram,9,credited-by-mirror
hungary,2025-03-16,Telegram: Rybar_HU,telegram,12,credited-by-mirror
hungary,2025-03-16,Telegram: VilagHelyzeteBlog,telegram,9,credited-by-mirror
hungary,2025-03-16,Telegram: greatawakeningmagyarok,telegram,61,credited-by-mirror
hungary,2025-03-16,Telegram: oroszokazigazsagoldalan,telegram,73,credited-by-mirror
hungary,2025-03-16,Telegram: oroszspecialiskatonaihadmuvelet,telegram,21,credited-by-mirror
hungary,2025-03-16,ria.ru,domain,2,credited-by-mirror
hungary,2025-03-16,tass.ru,domain,2,credited-by-mirror
hungary,2025-03-17,Telegram: InfoDefMagyarok,telegram,7,credited-by-mirror
hungary,2025-03-17,Telegram: Rybar_HU,telegram,14,credited-by-mirror
hungary,2025-03-17,Telegram: VilagHelyzeteBlog,telegram,9,credited-by-mirror
hungary,2025-03-17,Telegram: greatawakeningmagyarok,telegram,44,credited-by-mirror
hungary,2025-03-17,Telegram: oroszokazigazsagoldalan,telegram,94,credited-by-mirror
hungary,2025-03-17,Telegram: oroszspecialiskatonaihadmuvelet,telegram,18,credited-by-mirror
hungary,2025-03-17,hu.news-front.su,domain,12,credited-by-mirror
hungary,2025-03-17,ria.ru,domain,4,credited-by-mirror
hungary,2025-03-17,tass.ru,domain,10,credited-by-mirror
hungary,2025-03-18,Telegram: InfoDefMagyarok,telegram,9,credited-by-mirror
hungary,2025-03-18,Telegram: Rybar_HU,telegram,11,credited-by-mirror
hungary,2025-03-18,Telegram: VilagHelyzeteBlog,telegram,8,credited-by-mirror
hungary,2025-03-18,Telegram: greatawakeningmagyarok,telegram,43,credited-by-mirror
hungary,2025-03-18,Telegram: oroszokazigazsagoldalan,telegram,82,credited-by-mirror
hungary,2025-03-18,Telegram: oroszspecialiskatonaihadmuvelet,telegram,46,credited-by-mirror
hungary,2025-03-18,hu.news-front.su,domain,12,credited-by-mirror
hungary,2025-03-18,ria.ru,domain,5,credited-by-mirror
hungary,2025-03-18,tass.ru,domain,12,credited-by-mirror
hungary,2025-03-19,Telegram: InfoDefMagyarok,telegram,9,credited-by-mirror
hungary,2025-03-19,Telegram: Rybar_HU,telegram,17,credited-by-mirror
hungary,2025-03-19,Telegram: VilagHelyzeteBlog,telegram,5,credited-by-mirror
hungary,2025-03-19,Telegram: greatawakeningmagyarok,telegram,83,credited-by-mirror
hungary,2025-03-19,Telegram: oroszokazigazsagoldalan,telegram,76,credited-by-mirror
hungary,2025-03-19,Telegram: oroszspecialiskatonaihadmuvelet,telegram,29,credited-by-mirror
hungary,2025-03-19,hu.news-front.su,domain,13,credited-by-mirror
hungary,2025-03-19,ria.ru,domain,7,credited-by-mirror
hungary,2025-03-19,tass.ru,domain,5,credited-by-mirror
hungary,2025-03-20,Telegram: InfoDefMagyarok,telegram,8,credited-by-mirror
hungary,2025-03-20,Telegram: Rybar_HU,telegram,15,credited-by-mirror
hungary,2025-03-20,Telegram: VilagHelyzeteBlog,telegram,10,credited-by-mirror
hungary,2025-03-20,Telegram: greatawakeningmagyarok,telegram,32,credited-by-mirror
hungary,2025-03-20,Telegram: oroszokazigazsagoldalan,telegram,84,credited-by-mirror
hungary,2025-03-20,Telegram: oroszspecialiskatonaihadmuvelet,telegram,15,credited-by-mirror
hungary,2025-03-20,hu.news-front.su,domain,11,credited-by-mirror
hungary,2025-03-20,ria.ru,domain,7,credited-by-mirror
hungary,2025-03-20,tass.ru,domain,16,credited-by-mirror
hungary,2025-03-21,Telegram: InfoDefMagyarok,telegram,9,credited-by-mirror
hungary,2025-03-21,Telegram: Rybar_HU,telegram,18,credited-by-mirror
hungary,2025-03-21,Telegram: VilagHelyzeteBlog,telegram,7,credited-by-mirror
hungary,2025-03-21,Telegram: greatawakeningmagyarok,telegram,28,credited-by-mirror
hungary,2025-03-21,Telegram: oroszokazigazsagoldalan,telegram,93,credited-by-mirror
hungary,2025-03-21,Telegram: oroszspecialiskatonaihadmuvelet,telegram,30,credited-by-mirror
hungary,2025-03-21,hu.news-front.su,domain,14,credited-by-mirror
hungary,2025-03-21,ria.ru,domain,4,credited-by-mirror
hungary,2025-03-21,tass.ru,domain,13,credited-by-mirror
hungary,2025-03-22,Telegram: InfoDefMagyarok,telegram,9,credited-by-mirror
hungary,2025-03-22,Telegram: Rybar_HU,telegram,10,credited-by-mirror
hungary,2025-03-22,Telegram: VilagHelyzeteBlog,telegram,5,credited-by-mirror
hungary,2025-03-22,Telegram: greatawakeningmagyarok,telegram,39,credited-by-mirror
hungary,2025-03-22,Telegram: oroszokazigazsagoldalan,telegram,97,credited-by-mirror
hungary,2025-03-22,Telegram: oroszspecialiskatonaihadmuvelet,telegram,12,credited-by-mirror
hungary,2025-03-22,ria.ru,domain,4,credited-by-mirror
hungary,2025-03-22,tass.ru,domain,4,credited-by-mirror
hungary,2025-03-23,Telegram: InfoDefMagyarok,telegram,9,credited-by-mirror
hungary,2025-03-23,Telegram: Rybar_HU,telegram,11,credited-by-mirror
hungary,2025-03-23,Telegram: VilagHelyzeteBlog,telegram,10,credited-by-mirror
hungary,2025-03-23,Telegram: greatawakeningmagyarok,telegram,44,credited-by-mirror
hungary,2025-03-23,Telegram: oroszokazigazsagoldalan,telegram,87,credited-by-mirror
hungary,2025-03-23,Telegram: oroszspecialiskatonaihadmuvelet,telegram,8,credited-by-mirror
hungary,2025-03-23,ria.ru,domain,2,credited-by-mirror
hungary,2025-03-23,tass.ru,domain,1,credited-by-mirror
hungary,2025-03-24,Telegram: InfoDefMagyarok,telegram,9,credited-by-mirror
hungary,2025-03-24,Telegram: Rybar_HU,telegram,11,credited-by-mirror
hungary,2025-03-24,Telegram: VilagHelyzeteBlog,telegram,6,credited-by-mirror
hungary,2025-03-24,Telegram: greatawakeningmagyarok,telegram,33,credited-by-mirror
hungary,2025-03-24,Telegram: oroszokazigazsagoldalan,telegram,98,credited-by-mirror
hungary,2025-03-24,Telegram: oroszspecialiskatonaihadmuvelet,telegram,26,credited-by-mirror
hungary,2025-03-24,hu.news-front.su,domain,12,credited-by-mirror
hungary,2025-03-24,ria.ru,domain,4,credited-by-mirror
hungary,2025-03-24,tass.ru,domain,4,credited-by-mirror
hungary,2025-03-25,Telegram: InfoDefMagyarok,telegram,9,credited-by-mirror
hungary,2025-03-25,Telegram: Rybar_HU,telegram,12,credited-by-mirror
hungary,2025-03-25,Telegram: VilagHelyzeteBlog,telegram,6,credited-by-mirror
hungary,2025-03-25,Telegram: greatawakeningmagyarok,telegram,48,credited-by-mirror
hungary,2025-03-25,Telegram: oroszokazigazsagoldalan,telegram,94,credited-by-mirror
hungary,2025-03-25,Telegram: oroszspecialiskatonaihadmuvelet,telegram,18,credited-by-mirror
hungary,2025-03-25,hu.news-front.su,domain,12,credited-by-mirror
hungary,2025-03-25,ria.ru,domain,4,credited-by-mirror
hungary,2025-03-25,tass.ru,domain,9,credited-by-mirror
hungary,2025-03-26,Telegram: InfoDefMagyarok,telegram,8,credited-by-mirror
hungary,2025-03-26,Telegram: Rybar_HU,telegram,14,credited-by-mirror
hungary,2025-03-26,Telegram: VilagHelyzeteBlog,telegram,7,credited-by-mirror
hungary,2025-03-26,Telegram: greatawakeningmagyarok,telegram,44,credited-by-mirror
hungary,2025-03-26,Telegram: oroszokazigazsagoldalan,telegram,79,credited-by-mirror
hungary,2025-03-26,Telegram: oroszspecialiskatonaihadmuvelet,telegram,23,credited-by-mirror
hungary,2025-03-26,hu.news-front.su,domain,12,credited-by-mirror
hungary,2025-03-26,ria.ru,domain,14,credited-by-mirror
hungary,2025-03-26,tass.ru,domain,17,credited-by-mirror
hungary,2025-03-27,Telegram: InfoDefMagyarok,telegram,9,credited-by-mirror
hungary,2025-03-27,Telegram: Rybar_HU,telegram,11,credited-by-mirror
hungary,2025-03-27,Telegram: VilagHelyzeteBlog,telegram,10,credited-by-mirror
hungary,2025-03-27,Telegram: greatawakeningmagyarok,telegram,38,credited-by-mirror
hungary,2025-03-27,Telegram: oroszokazigazsagoldalan,telegram,83,credited-by-mirror
hungary,2025-03-27,Telegram: oroszspecialiskatonaihadmuvelet,telegram,21,credited-by-mirror
hungary,2025-03-27,hu.news-front.su,domain,9,credited-by-mirror
hungary,2025-03-27,ria.ru,domain,5,credited-by-mirror
hungary,2025-03-27,tass.ru,domain,5,credited-by-mirror
hungary,2025-03-28,Telegram: InfoDefMagyarok,telegram,9,credited-by-mirror
hungary,2025-03-28,Telegram: Rybar_HU,telegram,12,credited-by-mirror
hungary,2025-03-28,Telegram: VilagHelyzeteBlog,telegram,6,credited-by-mirror
hungary,2025-03-28,Telegram: greatawakeningmagyarok,telegram,31,credited-by-mirror
hungary,2025-03-28,Telegram: oroszokazigazsagoldalan,telegram,93,credited-by-mirror
hungary,2025-03-28,Telegram: oroszspecialiskatonaihadmuvelet,telegram,20,credited-by-mirror
hungary,2025-03-28,hu.news-front.su,domain,14,credited-by-mirror
hungary,2025-03-28,ria.ru,domain,6,credited-by-mirror
hungary,2025-03-28,tass.ru,domain,5,credited-by-mirror
hungary,2025-03-29,Telegram: InfoDefMagyarok,telegram,9,credited-by-mirror
hungary,2025-03-29,Telegram: Rybar_HU,telegram,7,credited-by-mirror
hungary,2025-03-29,Telegram: VilagHelyzeteBlog,telegram,7,credited-by-mirror
hungary,2025-03-29,Telegram: greatawakeningmagyarok,telegram,41,credited-by-mirror
hungary,2025-03-29,Telegram: oroszokazigazsagoldalan,telegram,67,credited-by-mirror
hungary,2025-03-29,Telegram: oroszspecialiskatonaihadmuvelet,telegram,21,credited-by-mirror
hungary,2025-03-29,ria.ru,domain,3,credited-by-mirror
hungary,2025-03-29,tass.ru,domain,8,credited-by-mirror
hungary,2025-03-30,Telegram: InfoDefMagyarok,telegram,9,credited-by-mirror
hungary,2025-03-30,Telegram: Rybar_HU,telegram,11,credited-by-mirror
hungary,2025-03-30,Telegram: VilagHelyzeteBlog,telegram,7,credited-by-mirror
hungary,2025-03-30,Telegram: greatawakeningmagyarok,telegram,34,credited-by-mirror
hungary,2025-03-30,Telegram: oroszokazigazsagoldalan,telegram,97,credited-by-mirror
hungary,2025-03-30,Telegram: oroszspecialiskatonaihadmuvelet,telegram,13,credited-by-mirror
hungary,2025-03-30,ria.ru,domain,4,credited-by-mirror
hungary,2025-03-30,tass.ru,domain,3,credited-by-mirror
hungary,2025-03-31,Telegram: InfoDefMagyarok,telegram,9,credited-by-mirror
hungary,2025-03-31,Telegram: Rybar_HU,telegram,15,credited-by-mirror
hungary,2025-03-31,Telegram: VilagHelyzeteBlog,telegram,7,credited-by-mirror
hungary,2025-03-31,Telegram: greatawakeningmagyarok,telegram,38,credited-by-mirror
hungary,2025-03-31,Telegram: oroszokazigazsagoldalan,telegram,60,credited-by-mirror
hungary,2025-03-31,Telegram: oroszspecialiskatonaihadmuvelet,telegram,18,credited-by-mirror
hungary,2025-03-31,hu.news-front.su,domain,14,credited-by-mirror
hungary,2025-03-31,ria.ru,domain,8,credited-by-mirror
hungary,2025-03-31,tass.ru,domain,6,credited-by-mirror
moldova,2025-03-01,Telegram: KpMoldova,telegram,22,credited-by-mirror
moldova,2025-03-01,Telegram: md_krot,telegram,7,credited-by-mirror
moldova,2025-03-01,Telegram: moldovaexpress,telegram,11,credited-by-mirror
moldova,2025-03-01,Telegram: romania_ru,telegram,6,credited-by-mirror
moldova,2025-03-01,Telegram: rusputnikmd,telegram,51,credited-by-mirror
moldova,2025-03-01,Telegram: salutmd,telegram,9,credited-by-mirror
moldova,2025-03-01,Telegram: trech_kich,telegram,10,credited-by-mirror
moldova,2025-03-01,Telegram: ultimaoramd,telegram,13,credited-by-mirror
moldova,2025-03-01,md.sputniknews.com,domain,9,credited-by-mirror
moldova,2025-03-02,Telegram: KpMoldova,telegram,28,credited-by-mirror
moldova,2025-03-02,Telegram: md_krot,telegram,7,credited-by-mirror
moldova,2025-03-02,Telegram: moldovaexpress,telegram,8,credited-by-mirror
moldova,2025-03-02,Telegram: romania_ru,telegram,8,credited-by-mirror
moldova,2025-03-02,Telegram: rusputnikmd,telegram,39,credited-by-mirror
moldova,2025-03-02,Telegram: salutmd,telegram,6,credited-by-mirror
moldova,2025-03-02,Telegram: trech_kich,telegram,9,credited-by-mirror
moldova,2025-03-02,Telegram: ultimaoramd,telegram,7,credited-by-mirror
moldova,2025-03-02,md.sputniknews.com,domain,9,credited-by-mirror
moldova,2025-03-03,Telegram: KpMoldova,telegram,20,credited-by-mirror
moldova,2025-03-03,Telegram: md_krot,telegram,16,credited-by-mirror
moldova,2025-03-03,Telegram: moldovaexpress,telegram,10,credited-by-mirror
moldova,2025-03-03,Telegram: romania_ru,telegram,13,credited-by-mirror
moldova,2025-03-03,Telegram: rusputnikmd,telegram,48,credited-by-mirror
moldova,2025-03-03,Telegram: salutmd,telegram,15,credited-by-mirror
moldova,2025-03-03,Telegram: trech_kich,telegram,17,credited-by-mirror
moldova,2025-03-03,Telegram: ultimaoramd,telegram,20,credited-by-mirror
moldova,2025-03-03,md.sputniknews.com,domain,9,credited-by-mirror
moldova,2025-03-04,Telegram: KpMoldova,telegram,15,credited-by-mirror
moldova,2025-03-04,Telegram: md_krot,telegram,17,credited-by-mirror
moldova,2025-03-04,Telegram: moldovaexpress,telegram,8,credited-by-mirror
moldova,2025-03-04,Telegram: romania_ru,telegram,13,credited-by-mirror
moldova,2025-03-04,Telegram: rusputnikmd,telegram,60,credited-by-mirror
moldova,2025-03-04,Telegram: salutmd,telegram,18,credited-by-mirror
moldova,2025-03-04,Telegram: trech_kich,telegram,17,credited-by-mirror
moldova,2025-03-04,Telegram: ultimaoramd,telegram,31,credited-by-mirror
moldova,2025-03-04,md.sputniknews.com,domain,9,credited-by-mirror
moldova,2025-03-05,Telegram: KpMoldova,telegram,22,credited-by-mirror
moldova,2025-03-05,Telegram: md_krot,telegram,14,credited-by-mirror
moldova,2025-03-05,Telegram: moldovaexpress,telegram,12,credited-by-mirror
moldova,2025-03-05,Telegram: romania_ru,telegram,17,credited-by-mirror
moldova,2025-03-05,Telegram: rusputnikmd,telegram,58,credited-by-mirror
moldova,2025-03-05,Telegram: salutmd,telegram,18,credited-by-mirror
moldova,2025-03-05,Telegram: trech_kich,telegram,17,credited-by-mirror
moldova,2025-03-05,Telegram: ultimaoramd,telegram,26,credited-by-mirror
moldova,2025-03-05,md.sputniknews.com,domain,9,credited-by-mirror
moldova,2025-03-06,Telegram: KpMoldova,telegram,18,credited-by-mirror
moldova,2025-03-06,Telegram: md_krot,telegram,15,credited-by-mirror
moldova,2025-03-06,Telegram: moldovaexpress,telegram,8,credited-by-mirror
moldova,2025-03-06,Telegram: romania_ru,telegram,10,credited-by-mirror
moldova,2025-03-06,Telegram: rusputnikmd,telegram,52,credited-by-mirror
moldova,2025-03-06,Telegram: salutmd,telegram,15,credited-by-mirror
moldova,2025-03-06,Telegram: trech_kich,telegram,12,credited-by-mirror
moldova,2025-03-06,Telegram: ultimaoramd,telegram,32,credited-by-mirror
moldova,2025-03-06,md.sputniknews.com,domain,6,credited-by-mirror
moldova,2025-03-07,Telegram: KpMoldova,telegram,30,credited-by-mirror
moldova,2025-03-07,Telegram: md_krot,telegram,16,credited-by-mirror
moldova,2025-03-07,Telegram: moldovaexpress,telegram,11,credited-by-mirror
moldova,2025-03-07,Telegram: romania_ru,telegram,10,credited-by-mirror
moldova,2025-03-07,Telegram: rusputnikmd,telegram,54,credited-by-mirror
moldova,2025-03-07,Telegram: salutmd,telegram,14,credited-by-mirror
moldova,2025-03-07,Telegram: trech_kich,telegram,16,credited-by-mirror
moldova,2025-03-07,Telegram: ultimaoramd,telegram,13,credited-by-mirror
moldova,2025-03-07,md.sputniknews.com,domain,7,credited-by-mirror
moldova,2025-03-08,Telegram: KpMoldova,telegram,23,credited-by-mirror
moldova,2025-03-08,Telegram: md_krot,telegram,6,credited-by-mirror
moldova,2025-03-08,Telegram: moldovaexpress,telegram,7,credited-by-mirror
moldova,2025-03-08,Telegram: romania_ru,telegram,8,credited-by-mirror
moldova,2025-03-08,Telegram: rusputnikmd,telegram,35,credited-by-mirror
moldova,2025-03-08,Telegram: salutmd,telegram,10,credited-by-mirror
moldova,2025-03-08,Telegram: trech_kich,telegram,8,credited-by-mirror
moldova,2025-03-08,Telegram: ultimaoramd,telegram,7,credited-by-mirror
moldova,2025-03-08,md.sputniknews.com,domain,9,credited-by-mirror
moldova,2025-03-09,Telegram: KpMoldova,telegram,13,credited-by-mirror
moldova,2025-03-09,Telegram: md_krot,telegram,3,credited-by-mirror
moldova,2025-03-09,Telegram: moldovaexpress,telegram,8,credited-by-mirror
moldova,2025-03-09,Telegram: romania_ru,telegram,3,credited-by-mirror
moldova,2025-03-09,Telegram: rusputnikmd,telegram,42,credited-by-mirror
moldova,2025-03-09,Telegram: salutmd,telegram,8,credited-by-mirror
moldova,2025-03-09,Telegram: trech_kich,telegram,6,credited-by-mirror
moldova,2025-03-09,Telegram: ultimaoramd,telegram,10,credited-by-mirror
moldova,2025-03-09,md.sputniknews.com,domain,9,credited-by-mirror
moldova,2025-03-10,Telegram: KpMoldova,telegram,19,credited-by-mirror
moldova,2025-03-10,Telegram: md_krot,telegram,9,credited-by-mirror
moldova,2025-03-10,Telegram: moldovaexpress,telegram,9,credited-by-mirror
moldova,2025-03-10,Telegram: romania_ru,telegram,10,credited-by-mirror
moldova,2025-03-10,Telegram: rusputnikmd,telegram,63,credited-by-mirror
moldova,2025-03-10,Telegram: salutmd,telegram,14,credited-by-mirror
moldova,2025-03-10,Telegram: trech_kich,telegram,11,credited-by-mirror
moldova,2025-03-10,Telegram: ultimaoramd,telegram,22,credited-by-mirror
moldova,2025-03-10,md.sputniknews.com,domain,5,credited-by-mirror
moldova,2025-03-11,Telegram: KpMoldova,telegram,23,credited-by-mirror
moldova,2025-03-11,Telegram: md_krot,telegram,16,credited-by-mirror
moldova,2025-03-11,Telegram: moldovaexpress,telegram,8,credited-by-mirror
moldova,2025-03-11,Telegram: romania_ru,telegram,11,credited-by-mirror
moldova,2025-03-11,Telegram: rusputnikmd,telegram,68,credited-by-mirror
moldova,2025-03-11,Telegram: salutmd,telegram,14,credited-by-mirror
moldova,2025-03-11,Telegram: trech_kich,telegram,18,credited-by-mirror
moldova,2025-03-11,Telegram: ultimaoramd,telegram,28,credited-by-mirror
moldova,2025-03-11,md.sputniknews.com,domain,8,credited-by-mirror
moldova,2025-03-12,Telegram: KpMoldova,telegram,20,credited-by-mirror
moldova,2025-03-12,Telegram: md_krot,telegram,16,credited-by-mirror
moldova,2025-03-12,Telegram: moldovaexpress,telegram,11,credited-by-mirror
moldova,2025-03-12,Telegram: romania_ru,telegram,16,credited-by-mirror
moldova,2025-03-12,Telegram: rusputnikmd,telegram,53,credited-by-mirror
moldova,2025-03-12,Telegram: salutmd,telegram,15,credited-by-mirror
moldova,2025-03-12,Telegram: trech_kich,telegram,19,credited-by-mirror
moldova,2025-03-12,Telegram: ultimaoramd,telegram,25,credited-by-mirror
moldova,2025-03-12,md.sputniknews.com,domain,6,credited-by-mirror
moldova,2025-03-13,Telegram: KpMoldova,telegram,25,credited-by-mirror
moldova,2025-03-13,Telegram: md_krot,telegram,18,credited-by-mirror
moldova,2025-03-13,Telegram: moldovaexpress,telegram,10,credited-by-mirror
moldova,2025-03-13,Telegram: romania_ru,telegram,24,credited-by-mirror
moldova,2025-03-13,Telegram: rusputnikmd,telegram,56,credited-by-mirror
moldova,2025-03-13,Telegram: salutmd,telegram,18,credited-by-mirror
moldova,2025-03-13,Telegram: trech_kich,telegram,21,credited-by-mirror
moldova,2025-03-13,Telegram: ultimaoramd,telegram,30,credited-by-mirror
moldova,2025-03-13,md.sputniknews.com,domain,6,credited-by-mirror
moldova,2025-03-14,Telegram: KpMoldova,telegram,24,credited-by-mirror
moldova,2025-03-14,Telegram: md_krot,telegram,14,credited-by-mirror
moldova,2025-03-14,Telegram: moldovaexpress,telegram,11,credited-by-mirror
moldova,2025-03-14,Telegram: romania_ru,telegram,11,credited-by-mirror
moldova,2025-03-14,Telegram: rusputnikmd,telegram,60,credited-by-mirror
moldova,2025-03-14,Telegram: salutmd,telegram,15,credited-by-mirror
moldova,2025-03-14,Telegram: trech_kich,telegram,16,credited-by-mirror
moldova,2025-03-14,Telegram: ultimaoramd,telegram,19,credited-by-mirror
moldova,2025-03-14,md.sputniknews.com,domain,7,credited-by-mirror
moldova,2025-03-15,Telegram: KpMoldova,telegram,22,credited-by-mirror
moldova,2025-03-15,Telegram: md_krot,telegram,8,credited-by-mirror
moldova,2025-03-15,Telegram: moldovaexpress,telegram,10,credited-by-mirror
moldova,2025-03-15,Telegram: romania_ru,telegram,8,credited-by-mirror
moldova,2025-03-15,Telegram: rusputnikmd,telegram,48,credited-by-mirror
moldova,2025-03-15,Telegram: salutmd,telegram,7,credited-by-mirror
moldova,2025-03-15,Telegram: trech_kich,telegram,10,credited-by-mirror
moldova,2025-03-15,Telegram: ultimaoramd,telegram,11,credited-by-mirror
moldova,2025-03-15,md.sputniknews.com,domain,8,credited-by-mirror
moldova,2025-03-16,Telegram: KpMoldova,telegram,16,credited-by-mirror
moldova,2025-03-16,Telegram: md_krot,telegram,8,credited-by-mirror
moldova,2025-03-16,Telegram: moldovaexpress,telegram,8,credited-by-mirror
moldova,2025-03-16,Telegram: romania_ru,telegram,3,credited-by-mirror
moldova,2025-03-16,Telegram: rusputnikmd,telegram,38,credited-by-mirror
moldova,2025-03-16,Telegram: salutmd,telegram,7,credited-by-mirror
moldova,2025-03-16,Telegram: trech_kich,telegram,8,credited-by-mirror
moldova,2025-03-16,Telegram: ultimaoramd,telegram,4,credited-by-mirror
moldova,2025-03-16,md.sputniknews.com,domain,9,credited-by-mirror
moldova,2025-03-17,Telegram: KpMoldova,telegram,19,credited-by-mirror
moldova,2025-03-17,Telegram: md_krot,telegram,14,credited-by-mirror
moldova,2025-03-17,Telegram: moldovaexpress,telegram,10,credited-by-mirror
moldova,2025-03-17,Telegram: romania_ru,telegram,13,credited-by-mirror
moldova,2025-03-17,Telegram: rusputnikmd,telegram,47,credited-by-mirror
moldova,2025-03-17,Telegram: salutmd,telegram,18,credited-by-mirror
moldova,2025-03-17,Telegram: trech_kich,telegram,16,credited-by-mirror
moldova,2025-03-17,Telegram: ultimaoramd,telegram,23,credited-by-mirror
moldova,2025-03-17,md.sputniknews.com,domain,9,credited-by-mirror
moldova,2025-03-18,Telegram: KpMoldova,telegram,24,credited-by-mirror
moldova,2025-03-18,Telegram: md_krot,telegram,12,credited-by-mirror
moldova,2025-03-18,Telegram: moldovaexpress,telegram,6,credited-by-mirror
moldova,2025-03-18,Telegram: romania_ru,telegram,15,credited-by-mirror
moldova,2025-03-18,Telegram: rusputnikmd,telegram,68,credited-by-mirror
moldova,2025-03-18,Telegram: salutmd,telegram,18,credited-by-mirror
moldova,2025-03-18,Telegram: trech_kich,telegram,13,credited-by-mirror
moldova,2025-03-18,Telegram: ultimaoramd,telegram,24,credited-by-mirror
moldova,2025-03-18,md.sputniknews.com,domain,8,credited-by-mirror
moldova,2025-03-19,Telegram: KpMoldova,telegram,28,credited-by-mirror
moldova,2025-03-19,Telegram: md_krot,telegram,15,credited-by-mirror
moldova,2025-03-19,Telegram: moldovaexpress,telegram,9,credited-by-mirror
moldova,2025-03-19,Telegram: romania_ru,telegram,17,credited-by-mirror
moldova,2025-03-19,Telegram: rusputnikmd,telegram,71,credited-by-mirror
moldova,2025-03-19,Telegram: salutmd,telegram,16,credited-by-mirror
moldova,2025-03-19,Telegram: trech_kich,telegram,18,credited-by-mirror
moldova,2025-03-19,Telegram: ultimaoramd,telegram,34,credited-by-mirror
moldova,2025-03-19,md.sputniknews.com,domain,7,credited-by-mirror
moldova,2025-03-20,Telegram: KpMoldova,telegram,14,credited-by-mirror
moldova,2025-03-20,Telegram: md_krot,telegram,9,credited-by-mirror
moldova,2025-03-20,Telegram: moldovaexpress,telegram,7,credited-by-mirror
moldova,2025-03-20,Telegram: romania_ru,telegram,13,credited-by-mirror
moldova,2025-03-20,Telegram: rusputnikmd,telegram,59,credited-by-mirror
moldova,2025-03-20,Telegram: salutmd,telegram,17,credited-by-mirror
moldova,2025-03-20,Telegram: trech_kich,telegram,6,credited-by-mirror
moldova,2025-03-20,Telegram: ultimaoramd,telegram,13,credited-by-mirror
moldova,2025-03-20,md.sputniknews.com,domain,8,credited-by-mirror
moldova,2025-03-21,Telegram: KpMoldova,telegram,12,credited-by-mirror
moldova,2025-03-21,Telegram: md_krot,telegram,7,credited-by-mirror
moldova,2025-03-21,Telegram: moldovaexpress,telegram,8,credited-by-mirror
moldova,2025-03-21,Telegram: romania_ru,telegram,14,credited-by-mirror
moldova,2025-03-21,Telegram: rusputnikmd,telegram,73,credited-by-mirror
moldova,2025-03-21,Telegram: salutmd,telegram,12,credited-by-mirror
moldova,2025-03-21,Telegram: trech_kich,telegram,7,credited-by-mirror
moldova,2025-03-21,Telegram: ultimaoramd,telegram,17,credited-by-mirror
moldova,2025-03-21,md.sputniknews.com,domain,9,credited-by-mirror
moldova,2025-03-22,Telegram: KpMoldova,telegram,13,credited-by-mirror
moldova,2025-03-22,Telegram: md_krot,telegram,2,credited-by-mirror
moldova,2025-03-22,Telegram: moldovaexpress,telegram,6,credited-by-mirror
moldova,2025-03-22,Telegram: romania_ru,telegram,5,credited-by-mirror
moldova,2025-03-22,Telegram: rusputnikmd,telegram,48,credited-by-mirror
moldova,2025-03-22,Telegram: salutmd,telegram,9,credited-by-mirror
moldova,2025-03-22,Telegram: trech_kich,telegram,3,credited-by-mirror
moldova,2025-03-22,Telegram: ultimaoramd,telegram,3,credited-by-mirror
moldova,2025-03-22,md.sputniknews.com,domain,9,credited-by-mirror
moldova,2025-03-23,Telegram: KpMoldova,telegram,10,credited-by-mirror
moldova,2025-03-23,Telegram: md_krot,telegram,5,credited-by-mirror
moldova,2025-03-23,Telegram: moldovaexpress,telegram,5,credited-by-mirror
moldova,2025-03-23,Telegram: romania_ru,telegram,2,credited-by-mirror
moldova,2025-03-23,Telegram: rusputnikmd,telegram,40,credited-by-mirror
moldova,2025-03-23,Telegram: salutmd,telegram,6,credited-by-mirror
moldova,2025-03-23,Telegram: trech_kich,telegram,3,credited-by-mirror
moldova,2025-03-23,Telegram: ultimaoramd,telegram,6,credited-by-mirror
moldova,2025-03-23,md.sputniknews.com,domain,9,credited-by-mirror
moldova,2025-03-24,Telegram: KpMoldova,telegram,21,credited-by-mirror
moldova,2025-03-24,Telegram: md_krot,telegram,13,credited-by-mirror
moldova,2025-03-24,Telegram: moldovaexpress,telegram,5,credited-by-mirror
moldova,2025-03-24,Telegram: romania_ru,telegram,14,credited-by-mirror
moldova,2025-03-24,Telegram: rusputnikmd,telegram,67,credited-by-mirror
moldova,2025-03-24,Telegram: salutmd,telegram,17,credited-by-mirror
moldova,2025-03-24,Telegram: trech_kich,telegram,7,credited-by-mirror
moldova,2025-03-24,Telegram: ultimaoramd,telegram,10,credited-by-mirror
moldova,2025-03-24,md.sputniknews.com,domain,9,credited-by-mirror
moldova,2025-03-25,Telegram: KpMoldova,telegram,20,credited-by-mirror
moldova,2025-03-25,Telegram: md_krot,telegram,11,credited-by-mirror
moldova,2025-03-25,Telegram: moldovaexpress,telegram,8,credited-by-mirror
moldova,2025-03-25,Telegram: romania_ru,telegram,18,credited-by-mirror
moldova,2025-03-25,Telegram: rusputnikmd,telegram,66,credited-by-mirror
moldova,2025-03-25,Telegram: salutmd,telegram,23,credited-by-mirror
moldova,2025-03-25,Telegram: trech_kich,telegram,9,credited-by-mirror
moldova,2025-03-25,Telegram: ultimaoramd,telegram,25,credited-by-mirror
moldova,2025-03-25,md.sputniknews.com,domain,9,credited-by-mirror
moldova,2025-03-26,Telegram: KpMoldova,telegram,27,credited-by-mirror
moldova,2025-03-26,Telegram: md_krot,telegram,8,credited-by-mirror
moldova,2025-03-26,Telegram: moldovaexpress,telegram,7,credited-by-mirror
moldova,2025-03-26,Telegram: romania_ru,telegram,12,credited-by-mirror
moldova,2025-03-26,Telegram: rusputnikmd,telegram,83,credited-by-mirror
moldova,2025-03-26,Telegram: salutmd,telegram,14,credited-by-mirror
moldova,2025-03-26,Telegram: trech_kich,telegram,7,credited-by-mirror
moldova,2025-03-26,Telegram: ultimaoramd,telegram,8,credited-by-mirror
moldova,2025-03-26,md.sputniknews.com,domain,9,credited-by-mirror
moldova,2025-03-27,Telegram: KpMoldova,telegram,16,credited-by-mirror
moldova,2025-03-27,Telegram: md_krot,telegram,11,credited-by-mirror
moldova,2025-03-27,Telegram: moldovaexpress,telegram,7,credited-by-mirror
moldova,2025-03-27,Telegram: romania_ru,telegram,14,credited-by-mirror
moldova,2025-03-27,Telegram: rusputnikmd,telegram,88,credited-by-mirror
moldova,2025-03-27,Telegram: salutmd,telegram,21,credited-by-mirror
moldova,2025-03-27,Telegram: trech_kich,telegram,3,credited-by-mirror
moldova,2025-03-27,Telegram: ultimaoramd,telegram,12,credited-by-mirror
moldova,2025-03-27,md.sputniknews.com,domain,9,credited-by-mirror
moldova,2025-03-28,Telegram: KpMoldova,telegram,27,credited-by-mirror
moldova,2025-03-28,Telegram: md_krot,telegram,9,credited-by-mirror
moldova,2025-03-28,Telegram: moldovaexpress,telegram,9,credited-by-mirror
moldova,2025-03-28,Telegram: romania_ru,telegram,14,credited-by-mirror
moldova,2025-03-28,Telegram: rusputnikmd,telegram,68,credited-by-mirror
moldova,2025-03-28,Telegram: salutmd,telegram,19,credited-by-mirror
moldova,2025-03-28,Telegram: trech_kich,telegram,9,credited-by-mirror
moldova,2025-03-28,Telegram: ultimaoramd,telegram,10,credited-by-mirror
moldova,2025-03-28,md.sputniknews.com,domain,9,credited-by-mirror
moldova,2025-03-29,Telegram: KpMoldova,telegram,14,credited-by-mirror
moldova,2025-03-29,Telegram: md_krot,telegram,3,credited-by-mirror
moldova,2025-03-29,Telegram: moldovaexpress,telegram,7,credited-by-mirror
moldova,2025-03-29,Telegram: romania_ru,telegram,6,credited-by-mirror
moldova,2025-03-29,Telegram: rusputnikmd,telegram,43,credited-by-mirror
moldova,2025-03-29,Telegram: salutmd,telegram,8,credited-by-mirror
moldova,2025-03-29,Telegram: trech_kich,telegram,2,credited-by-mirror
moldova,2025-03-29,Telegram: ultimaoramd,telegram,9,credited-by-mirror
moldova,2025-03-29,md.sputniknews.com,domain,9,credited-by-mirror
moldova,2025-03-30,Telegram: KpMoldova,telegram,14,credited-by-mirror
moldova,2025-03-30,Telegram: md_krot,telegram,8,credited-by-mirror
moldova,2025-03-30,Telegram: moldovaexpress,telegram,6,credited-by-mirror
moldova,2025-03-30,Telegram: romania_ru,telegram,6,credited-by-mirror
moldova,2025-03-30,Telegram: rusputnikmd,telegram,46,credited-by-mirror
moldova,2025-03-30,Telegram: salutmd,telegram,13,credited-by-mirror
moldova,2025-03-30,Telegram: trech_kich,telegram,2,credited-by-mirror
moldova,2025-03-30,Telegram: ultimaoramd,telegram,5,credited-by-mirror
moldova,2025-03-30,md.sputniknews.com,domain,9,credited-by-mirror
moldova,2025-03-31,Telegram: KpMoldova,telegram,29,credited-by-mirror
moldova,2025-03-31,Telegram: md_krot,telegram,9,credited-by-mirror
moldova,2025-03-31,Telegram: moldovaexpress,telegram,6,credited-by-mirror
moldova,2025-03-31,Telegram: romania_ru,telegram,17,credited-by-mirror
moldova,2025-03-31,Telegram: rusputnikmd,telegram,62,credited-by-mirror
moldova,2025-03-31,Telegram: salutmd,telegram,20,credited-by-mirror
moldova,2025-03-31,Telegram: trech_kich,telegram,5,credited-by-mirror
moldova,2025-03-31,Telegram: ultimaoramd,telegram,14,credited-by-mirror
moldova,2025-03-31,md.sputniknews.com,domain,9,credited-by-mirror
poland,2025-03-01,Telegram: RuskiStatek,telegram,23,credited-by-mirror
poland,2025-03-01,Telegram: ukr_leaks_pl,telegram,14,credited-by-mirror
poland,2025-03-01,ria.ru,domain,5,credited-by-mirror
poland,2025-03-01,tass.ru,domain,5,credited-by-mirror
poland,2025-03-02,Telegram: RuskiStatek,telegram,31,credited-by-mirror
poland,2025-03-02,Telegram: ukr_leaks_pl,telegram,13,credited-by-mirror
poland,2025-03-02,ria.ru,domain,7,credited-by-mirror
poland,2025-03-02,tass.ru,domain,4,credited-by-mirror
poland,2025-03-03,Telegram: RuskiStatek,telegram,21,credited-by-mirror
poland,2025-03-03,Telegram: ukr_leaks_pl,telegram,24,credited-by-mirror
poland,2025-03-03,ria.ru,domain,7,credited-by-mirror
poland,2025-03-03,tass.ru,domain,8,credited-by-mirror
poland,2025-03-04,Telegram: Olej_w_Glowie,telegram,1,credited-by-mirror
poland,2025-03-04,Telegram: RuskiStatek,telegram,26,credited-by-mirror
poland,2025-03-04,Telegram: ukr_leaks_pl,telegram,16,credited-by-mirror
poland,2025-03-04,ria.ru,domain,7,credited-by-mirror
poland,2025-03-04,tass.ru,domain,13,credited-by-mirror
poland,2025-03-05,Telegram: RuskiStatek,telegram,21,credited-by-mirror
poland,2025-03-05,Telegram: ukr_leaks_pl,telegram,20,credited-by-mirror
poland,2025-03-05,ria.ru,domain,4,credited-by-mirror
poland,2025-03-05,tass.ru,domain,5,credited-by-mirror
poland,2025-03-06,Telegram: RuskiStatek,telegram,17,credited-by-mirror
poland,2025-03-06,Telegram: ukr_leaks_pl,telegram,17,credited-by-mirror
poland,2025-03-06,ria.ru,domain,12,credited-by-mirror
poland,2025-03-06,tass.ru,domain,28,credited-by-mirror
poland,2025-03-07,Telegram: RuskiStatek,telegram,33,credited-by-mirror
poland,2025-03-07,Telegram: ukr_leaks_pl,telegram,21,credited-by-mirror
poland,2025-03-07,ria.ru,domain,7,credited-by-mirror
poland,2025-03-07,tass.ru,domain,14,credited-by-mirror
poland,2025-03-08,Telegram: RuskiStatek,telegram,6,credited-by-mirror
poland,2025-03-08,Telegram: newsfactory_pl,telegram,1,credited-by-mirror
poland,2025-03-08,Telegram: ukr_leaks_pl,telegram,17,credited-by-mirror
poland,2025-03-08,ria.ru,domain,5,credited-by-mirror
poland,2025-03-08,tass.ru,domain,1,credited-by-mirror
poland,2025-03-09,Telegram: RuskiStatek,telegram,21,credited-by-mirror
poland,2025-03-09,Telegram: ukr_leaks_pl,telegram,21,credited-by-mirror
poland,2025-03-09,ria.ru,domain,6,credited-by-mirror
poland,2025-03-09,tass.ru,domain,3,credited-by-mirror
poland,2025-03-10,Telegram: RuskiStatek,telegram,25,credited-by-mirror
poland,2025-03-10,Telegram: ukr_leaks_pl,telegram,13,credited-by-mirror
poland,2025-03-10,ria.ru,domain,10,credited-by-mirror
poland,2025-03-10,tass.ru,domain,5,credited-by-mirror
poland,2025-03-11,Telegram: RuskiStatek,telegram,36,credited-by-mirror
poland,2025-03-11,Telegram: ukr_leaks_pl,telegram,24,credited-by-mirror
poland,2025-03-11,ria.ru,domain,4,credited-by-mirror
poland,2025-03-11,tass.ru,domain,9,credited-by-mirror
poland,2025-03-12,Telegram: RuskiStatek,telegram,37,credited-by-mirror
poland,2025-03-12,Telegram: ukr_leaks_pl,telegram,15,credited-by-mirror
poland,2025-03-12,ria.ru,domain,7,credited-by-mirror
poland,2025-03-12,tass.ru,domain,10,credited-by-mirror
poland,2025-03-13,Telegram: RuskiStatek,telegram,23,credited-by-mirror
poland,2025-03-13,Telegram: ukr_leaks_pl,telegram,16,credited-by-mirror
poland,2025-03-13,ria.ru,domain,7,credited-by-mirror
poland,2025-03-13,tass.ru,domain,7,credited-by-mirror
poland,2025-03-14,Telegram: RuskiStatek,telegram,40,credited-by-mirror
poland,2025-03-14,Telegram: ukr_leaks_pl,telegram,21,credited-by-mirror
poland,2025-03-14,ria.ru,domain,4,credited-by-mirror
poland,2025-03-14,tass.ru,domain,8,credited-by-mirror
poland,2025-03-15,Telegram: RuskiStatek,telegram,6,credited-by-mirror
poland,2025-03-15,Telegram: ukr_leaks_pl,telegram,18,credited-by-mirror
poland,2025-03-15,ria.ru,domain,5,credited-by-mirror
poland,2025-03-15,tass.ru,domain,4,credited-by-mirror
poland,2025-03-16,Telegram: RuskiStatek,telegram,9,credited-by-mirror
poland,2025-03-16,Telegram: ukr_leaks_pl,telegram,16,credited-by-mirror
poland,2025-03-16,ria.ru,domain,1,credited-by-mirror
poland,2025-03-16,tass.ru,domain,2,credited-by-mirror
poland,2025-03-17,Telegram: RuskiStatek,telegram,3,credited-by-mirror
poland,2025-03-17,Telegram: ukr_leaks_pl,telegram,18,credited-by-mirror
poland,2025-03-17,ria.ru,domain,2,credited-by-mirror
poland,2025-03-17,tass.ru,domain,10,credited-by-mirror
poland,2025-03-18,Telegram: RuskiStatek,telegram,19,credited-by-mirror
poland,2025-03-18,Telegram: ukr_leaks_pl,telegram,22,credited-by-mirror
poland,2025-03-18,ria.ru,domain,9,credited-by-mirror
poland,2025-03-18,tass.ru,domain,11,credited-by-mirror
poland,2025-03-19,Telegram: RuskiStatek,telegram,31,credited-by-mirror
poland,2025-03-19,Telegram: ukr_leaks_pl,telegram,14,credited-by-mirror
poland,2025-03-19,ria.ru,domain,5,credited-by-mirror
poland,2025-03-19,tass.ru,domain,6,credited-by-mirror
poland,2025-03-20,Telegram: RuskiStatek,telegram,9,credited-by-mirror
poland,2025-03-20,Telegram: ukr_leaks_pl,telegram,17,credited-by-mirror
poland,2025-03-20,ria.ru,domain,9,credited-by-mirror
poland,2025-03-20,tass.ru,domain,13,credited-by-mirror
poland,2025-03-21,Telegram: RuskiStatek,telegram,27,credited-by-mirror
poland,2025-03-21,Telegram: ukr_leaks_pl,telegram,18,credited-by-mirror
poland,2025-03-21,ria.ru,domain,4,credited-by-mirror
poland,2025-03-21,tass.ru,domain,8,credited-by-mirror
poland,2025-03-22,ria.ru,domain,4,credited-by-mirror
poland,2025-03-22,tass.ru,domain,3,credited-by-mirror
poland,2025-03-23,Telegram: RuskiStatek,telegram,1,credited-by-mirror
poland,2025-03-23,ria.ru,domain,1,credited-by-mirror
poland,2025-03-24,Telegram: RuskiStatek,telegram,1,credited-by-mirror
poland,2025-03-24,ria.ru,domain,2,credited-by-mirror
poland,2025-03-24,tass.ru,domain,6,credited-by-mirror
poland,2025-03-25,Telegram: RuskiStatek,telegram,1,credited-by-mirror
poland,2025-03-25,ria.ru,domain,3,credited-by-mirror
poland,2025-03-25,tass.ru,domain,10,credited-by-mirror
poland,2025-03-26,Telegram: RuskiStatek,telegram,1,credited-by-mirror
poland,2025-03-26,ria.ru,domain,10,credited-by-mirror
poland,2025-03-26,tass.ru,domain,5,credited-by-mirror
poland,2025-03-27,Telegram: newsfactory_pl,telegram,8,credited-by-mirror
poland,2025-03-27,Telegram: ukr_leaks_pl,telegram,1,credited-by-mirror
poland,2025-03-27,ria.ru,domain,4,credited-by-mirror
poland,2025-03-27,tass.ru,domain,12,credited-by-mirror
poland,2025-03-28,Telegram: RuskiStatek,telegram,3,credited-by-mirror
poland,2025-03-28,Telegram: newsfactory_pl,telegram,34,credited-by-mirror
poland,2025-03-28,ria.ru,domain,3,credited-by-mirror
poland,2025-03-28,tass.ru,domain,6,credited-by-mirror
poland,2025-03-29,Telegram: RuskiStatek,telegram,1,credited-by-mirror
poland,2025-03-29,Telegram: newsfactory_pl,telegram,8,credited-by-mirror
poland,2025-03-29,ria.ru,domain,2,credited-by-mirror
poland,2025-03-29,tass.ru,domain,1,credited-by-mirror
poland,2025-03-30,Telegram: newsfactory_pl,telegram,19,credited-by-mirror
poland,2025-03-30,ria.ru,domain,4,credited-by-mirror
poland,2025-03-30,tass.ru,domain,3,credited-by-mirror
poland,2025-03-31,Telegram: RuskiStatek,telegram,1,credited-by-mirror
poland,2025-03-31,Telegram: newsfactory_pl,telegram,26,credited-by-mirror
poland,2025-03-31,ria.ru,domain,10,credited-by-mirror
poland,2025-03-31,tass.ru,domain,8,credited-by-mirror
romania,2025-03-01,Telegram: romania_ru,telegram,18,credited-by-mirror
romania,2025-03-01,Telegram: sputnecenzurat,telegram,28,credited-by-mirror
romania,2025-03-01,Telegram: triunghiulbasarabean,telegram,15,credited-by-mirror
romania,2025-03-01,Telegram: ucrainaruseasca,telegram,2,credited-by-mirror
romania,2025-03-01,ria.ru,domain,4,credited-by-mirror
romania,2025-03-01,tass.ru,domain,3,credited-by-mirror
romania,2025-03-02,Telegram: InfoDefenseRUM,telegram,11,credited-by-mirror
romania,2025-03-02,Telegram: ambasadarusiei,telegram,2,credited-by-mirror
romania,2025-03-02,Telegram: romania_ru,telegram,10,credited-by-mirror
romania,2025-03-02,Telegram: sputnecenzurat,telegram,30,credited-by-mirror
romania,2025-03-02,Telegram: triunghiulbasarabean,telegram,29,credited-by-mirror
romania,2025-03-02,Telegram: ucrainaruseasca,telegram,5,credited-by-mirror
romania,2025-03-02,tass.ru,domain,1,credited-by-mirror
romania,2025-03-03,Telegram: InfoDefenseRUM,telegram,5,credited-by-mirror
romania,2025-03-03,Telegram: ambasadarusiei,telegram,1,credited-by-mirror
romania,2025-03-03,Telegram: romania_ru,telegram,17,credited-by-mirror
romania,2025-03-03,Telegram: sputnecenzurat,telegram,33,credited-by-mirror
romania,2025-03-03,Telegram: triunghiulbasarabean,telegram,29,credited-by-mirror
romania,2025-03-03,Telegram: ucrainaruseasca,telegram,1,credited-by-mirror
romania,2025-03-04,Telegram: InfoDefenseRUM,telegram,8,credited-by-mirror
romania,2025-03-04,Telegram: romania_ru,telegram,21,credited-by-mirror
romania,2025-03-04,Telegram: sputnecenzurat,telegram,29,credited-by-mirror
romania,2025-03-04,Telegram: triunghiulbasarabean,telegram,21,credited-by-mirror
romania,2025-03-04,Telegram: ucrainaruseasca,telegram,4,credited-by-mirror
romania,2025-03-04,ria.ru,domain,1,credited-by-mirror
romania,2025-03-04,tass.ru,domain,3,credited-by-mirror
romania,2025-03-05,Telegram: InfoDefenseRUM,telegram,2,credited-by-mirror
romania,2025-03-05,Telegram: ambasadarusiei,telegram,1,credited-by-mirror
romania,2025-03-05,Telegram: romania_ru,telegram,24,credited-by-mirror
romania,2025-03-05,Telegram: sputnecenzurat,telegram,26,credited-by-mirror
romania,2025-03-05,Telegram: triunghiulbasarabean,telegram,16,credited-by-mirror
romania,2025-03-05,Telegram: ucrainaruseasca,telegram,3,credited-by-mirror
romania,2025-03-05,ria.ru,domain,2,credited-by-mirror
romania,2025-03-05,tass.ru,domain,1,credited-by-mirror
romania,2025-03-06,Telegram: InfoDefenseRUM,telegram,6,credited-by-mirror
romania,2025-03-06,Telegram: ambasadarusiei,telegram,1,credited-by-mirror
romania,2025-03-06,Telegram: romania_ru,telegram,24,credited-by-mirror
romania,2025-03-06,Telegram: sputnecenzurat,telegram,26,credited-by-mirror
romania,2025-03-06,Telegram: triunghiulbasarabean,telegram,29,credited-by-mirror
romania,2025-03-06,Telegram: ucrainaruseasca,telegram,6,credited-by-mirror
romania,2025-03-06,ria.ru,domain,2,credited-by-mirror
romania,2025-03-06,tass.ru,domain,4,credited-by-mirror
romania,2025-03-07,Telegram: InfoDefenseRUM,telegram,10,credited-by-mirror
romania,2025-03-07,Telegram: romania_ru,telegram,19,credited-by-mirror
romania,2025-03-07,Telegram: sputnecenzurat,telegram,11,credited-by-mirror
romania,2025-03-07,Telegram: triunghiulbasarabean,telegram,31,credited-by-mirror
romania,2025-03-07,Telegram: ucrainaruseasca,telegram,4,credited-by-mirror
romania,2025-03-07,ria.ru,domain,2,credited-by-mirror
romania,2025-03-07,tass.ru,domain,3,credited-by-mirror
romania,2025-03-08,Telegram: InfoDefenseRUM,telegram,14,credited-by-mirror
romania,2025-03-08,Telegram: romania_ru,telegram,15,credited-by-mirror
romania,2025-03-08,Telegram: sputnecenzurat,telegram,26,credited-by-mirror
romania,2025-03-08,Telegram: triunghiulbasarabean,telegram,16,credited-by-mirror
romania,2025-03-08,Telegram: ucrainaruseasca,telegram,4,credited-by-mirror
romania,2025-03-08,ria.ru,domain,1,credited-by-mirror
romania,2025-03-08,tass.ru,domain,1,credited-by-mirror
romania,2025-03-09,Telegram: InfoDefenseRUM,telegram,7,credited-by-mirror
romania,2025-03-09,Telegram: ambasadarusiei,telegram,1,credited-by-mirror
romania,2025-03-09,Telegram: romania_ru,telegram,27,credited-by-mirror
romania,2025-03-09,Telegram: sputnecenzurat,telegram,20,credited-by-mirror
romania,2025-03-09,Telegram: triunghiulbasarabean,telegram,19,credited-by-mirror
romania,2025-03-09,Telegram: ucrainaruseasca,telegram,9,credited-by-mirror
romania,2025-03-09,ria.ru,domain,3,credited-by-mirror
romania,2025-03-09,tass.ru,domain,3,credited-by-mirror
romania,2025-03-10,Telegram: ambasadarusiei,telegram,1,credited-by-mirror
romania,2025-03-10,Telegram: romania_ru,telegram,17,credited-by-mirror
romania,2025-03-10,Telegram: sputnecenzurat,telegram,21,credited-by-mirror
romania,2025-03-10,Telegram: triunghiulbasarabean,telegram,15,credited-by-mirror
romania,2025-03-10,Telegram: ucrainaruseasca,telegram,3,credited-by-mirror
romania,2025-03-10,ria.ru,domain,9,credited-by-mirror
romania,2025-03-10,tass.ru,domain,6,credited-by-mirror
romania,2025-03-11,Telegram: InfoDefenseRUM,telegram,5,credited-by-mirror
romania,2025-03-11,Telegram: romania_ru,telegram,22,credited-by-mirror
romania,2025-03-11,Telegram: sputnecenzurat,telegram,27,credited-by-mirror
romania,2025-03-11,Telegram: triunghiulbasarabean,telegram,17,credited-by-mirror
romania,2025-03-11,Telegram: ucrainaruseasca,telegram,4,credited-by-mirror
romania,2025-03-11,ria.ru,domain,3,credited-by-mirror
romania,2025-03-11,tass.ru,domain,2,credited-by-mirror
romania,2025-03-12,Telegram: InfoDefenseRUM,telegram,8,credited-by-mirror
romania,2025-03-12,Telegram: ambasadarusiei,telegram,2,credited-by-mirror
romania,2025-03-12,Telegram: romania_ru,telegram,25,credited-by-mirror
romania,2025-03-12,Telegram: sputnecenzurat,telegram,20,credited-by-mirror
romania,2025-03-12,Telegram: triunghiulbasarabean,telegram,26,credited-by-mirror
romania,2025-03-12,Telegram: ucrainaruseasca,telegram,6,credited-by-mirror
romania,2025-03-12,ria.ru,domain,2,credited-by-mirror
romania,2025-03-12,tass.ru,domain,3,credited-by-mirror
romania,2025-03-13,Telegram: InfoDefenseRUM,telegram,6,credited-by-mirror
romania,2025-03-13,Telegram: ambasadarusiei,telegram,2,credited-by-mirror
romania,2025-03-13,Telegram: romania_ru,telegram,31,credited-by-mirror
romania,2025-03-13,Telegram: sputnecenzurat,telegram,24,credited-by-mirror
romania,2025-03-13,Telegram: triunghiulbasarabean,telegram,30,credited-by-mirror
romania,2025-03-13,Telegram: ucrainaruseasca,telegram,5,credited-by-mirror
romania,2025-03-13,ria.ru,domain,4,credited-by-mirror
romania,2025-03-13,tass.ru,domain,2,credited-by-mirror
romania,2025-03-14,Telegram: InfoDefenseRUM,telegram,9,credited-by-mirror
romania,2025-03-14,Telegram: ambasadarusiei,telegram,4,credited-by-mirror
romania,2025-03-14,Telegram: romania_ru,telegram,20,credited-by-mirror
romania,2025-03-14,Telegram: sputnecenzurat,telegram,23,credited-by-mirror
romania,2025-03-14,Telegram: triunghiulbasarabean,telegram,24,credited-by-mirror
romania,2025-03-14,Telegram: ucrainaruseasca,telegram,4,credited-by-mirror
romania,2025-03-14,tass.ru,domain,1,credited-by-mirror
romania,2025-03-15,Telegram: InfoDefenseRUM,telegram,13,credited-by-mirror
romania,2025-03-15,Telegram: romania_ru,telegram,12,credited-by-mirror
romania,2025-03-15,Telegram: sputnecenzurat,telegram,23,credited-by-mirror
romania,2025-03-15,Telegram: triunghiulbasarabean,telegram,23,credited-by-mirror
romania,2025-03-15,Telegram: ucrainaruseasca,telegram,5,credited-by-mirror
romania,2025-03-15,ria.ru,domain,7,credited-by-mirror
romania,2025-03-15,tass.ru,domain,3,credited-by-mirror
romania,2025-03-16,Telegram: InfoDefenseRUM,telegram,4,credited-by-mirror
romania,2025-03-16,Telegram: romania_ru,telegram,7,credited-by-mirror
romania,2025-03-16,Telegram: sputnecenzurat,telegram,21,credited-by-mirror
romania,2025-03-16,Telegram: triunghiulbasarabean,telegram,25,credited-by-mirror
romania,2025-03-16,Telegram: ucrainaruseasca,telegram,5,credited-by-mirror
romania,2025-03-16,ria.ru,domain,2,credited-by-mirror
romania,2025-03-16,tass.ru,domain,1,credited-by-mirror
romania,2025-03-17,Telegram: InfoDefenseRUM,telegram,8,credited-by-mirror
romania,2025-03-17,Telegram: ambasadarusiei,telegram,1,credited-by-mirror
romania,2025-03-17,Telegram: romania_ru,telegram,20,credited-by-mirror
romania,2025-03-17,Telegram: sputnecenzurat,telegram,20,credited-by-mirror
romania,2025-03-17,Telegram: triunghiulbasarabean,telegram,27,credited-by-mirror
romania,2025-03-17,Telegram: ucrainaruseasca,telegram,3,credited-by-mirror
romania,2025-03-17,ria.ru,domain,2,credited-by-mirror
romania,2025-03-17,tass.ru,domain,2,credited-by-mirror
romania,2025-03-18,Telegram: InfoDefenseRUM,telegram,4,credited-by-mirror
romania,2025-03-18,Telegram: ambasadarusiei,telegram,2,credited-by-mirror
romania,2025-03-18,Telegram: romania_ru,telegram,20,credited-by-mirror
romania,2025-03-18,Telegram: sputnecenzurat,telegram,21,credited-by-mirror
romania,2025-03-18,Telegram: triunghiulbasarabean,telegram,31,credited-by-mirror
romania,2025-03-18,Telegram: ucrainaruseasca,telegram,4,credited-by-mirror
romania,2025-03-18,ria.ru,domain,2,credited-by-mirror
romania,2025-03-19,Telegram: InfoDefenseRUM,telegram,4,credited-by-mirror
romania,2025-03-19,Telegram: romania_ru,telegram,22,credited-by-mirror
romania,2025-03-19,Telegram: sputnecenzurat,telegram,12,credited-by-mirror
romania,2025-03-19,Telegram: triunghiulbasarabean,telegram,21,credited-by-mirror
romania,2025-03-19,Telegram: ucrainaruseasca,telegram,3,credited-by-mirror
romania,2025-03-19,ria.ru,domain,1,credited-by-mirror
romania,2025-03-19,tass.ru,domain,3,credited-by-mirror
romania,2025-03-20,Telegram: InfoDefenseRUM,telegram,2,credited-by-mirror
romania,2025-03-20,Telegram: ambasadarusiei,telegram,1,credited-by-mirror
romania,2025-03-20,Telegram: romania_ru,telegram,10,credited-by-mirror
romania,2025-03-20,Telegram: sputnecenzurat,telegram,20,credited-by-mirror
romania,2025-03-20,Telegram: triunghiulbasarabean,telegram,35,credited-by-mirror
romania,2025-03-20,Telegram: ucrainaruseasca,telegram,2,credited-by-mirror
romania,2025-03-20,ria.ru,domain,1,credited-by-mirror
romania,2025-03-20,tass.ru,domain,2,credited-by-mirror
romania,2025-03-21,Telegram: InfoDefenseRUM,telegram,5,credited-by-mirror
romania,2025-03-21,Telegram: ambasadarusiei,telegram,2,credited-by-mirror
romania,2025-03-21,Telegram: romania_ru,telegram,3,credited-by-mirror
romania,2025-03-21,Telegram: sputnecenzurat,telegram,23,credited-by-mirror
romania,2025-03-21,Telegram: triunghiulbasarabean,telegram,25,credited-by-mirror
romania,2025-03-21,Telegram: ucrainaruseasca,telegram,4,credited-by-mirror
romania,2025-03-21,ria.ru,domain,1,credited-by-mirror
romania,2025-03-21,tass.ru,domain,2,credited-by-mirror
romania,2025-03-22,Telegram: InfoDefenseRUM,telegram,3,credited-by-mirror
romania,2025-03-22,Telegram: romania_ru,telegram,6,credited-by-mirror
romania,2025-03-22,Telegram: sputnecenzurat,telegram,11,credited-by-mirror
romania,2025-03-22,Telegram: triunghiulbasarabean,telegram,21,credited-by-mirror
romania,2025-03-22,Telegram: ucrainaruseasca,telegram,2,credited-by-mirror
romania,2025-03-22,ria.ru,domain,2,credited-by-mirror
romania,2025-03-22,tass.ru,domain,1,credited-by-mirror
romania,2025-03-23,Telegram: InfoDefenseRUM,telegram,8,credited-by-mirror
romania,2025-03-23,Telegram: romania_ru,telegram,3,credited-by-mirror
romania,2025-03-23,Telegram: sputnecenzurat,telegram,12,credited-by-mirror
romania,2025-03-23,Telegram: triunghiulbasarabean,telegram,19,credited-by-mirror
romania,2025-03-23,Telegram: ucrainaruseasca,telegram,2,credited-by-mirror
romania,2025-03-24,Telegram: ambasadarusiei,telegram,1,credited-by-mirror
romania,2025-03-24,Telegram: romania_ru,telegram,9,credited-by-mirror
romania,2025-03-24,Telegram: sputnecenzurat,telegram,18,credited-by-mirror
romania,2025-03-24,Telegram: triunghiulbasarabean,telegram,25,credited-by-mirror
romania,2025-03-24,Telegram: ucrainaruseasca,telegram,1,credited-by-mirror
romania,2025-03-24,ria.ru,domain,1,credited-by-mirror
romania,2025-03-24,tass.ru,domain,1,credited-by-mirror
romania,2025-03-25,Telegram: InfoDefenseRUM,telegram,4,credited-by-mirror
romania,2025-03-25,Telegram: ambasadarusiei,telegram,2,credited-by-mirror
romania,2025-03-25,Telegram: romania_ru,telegram,8,credited-by-mirror
romania,2025-03-25,Telegram: sputnecenzurat,telegram,16,credited-by-mirror
romania,2025-03-25,Telegram: triunghiulbasarabean,telegram,22,credited-by-mirror
romania,2025-03-25,Telegram: ucrainaruseasca,telegram,3,credited-by-mirror
romania,2025-03-25,tass.ru,domain,4,credited-by-mirror
romania,2025-03-26,Telegram: romania_ru,telegram,8,credited-by-mirror
romania,2025-03-26,Telegram: sputnecenzurat,telegram,12,credited-by-mirror
romania,2025-03-26,Telegram: triunghiulbasarabean,telegram,39,credited-by-mirror
romania,2025-03-26,ria.ru,domain,1,credited-by-mirror
romania,2025-03-27,Telegram: romania_ru,telegram,5,credited-by-mirror
romania,2025-03-27,Telegram: sputnecenzurat,telegram,10,credited-by-mirror
romania,2025-03-27,Telegram: triunghiulbasarabean,telegram,37,credited-by-mirror
romania,2025-03-27,tass.ru,domain,3,credited-by-mirror
romania,2025-03-28,Telegram: InfoDefenseRUM,telegram,6,credited-by-mirror
romania,2025-03-28,Telegram: ambasadarusiei,telegram,1,credited-by-mirror
romania,2025-03-28,Telegram: romania_ru,telegram,8,credited-by-mirror
romania,2025-03-28,Telegram: sputnecenzurat,telegram,15,credited-by-mirror
romania,2025-03-28,Telegram: triunghiulbasarabean,telegram,29,credited-by-mirror
romania,2025-03-28,Telegram: ucrainaruseasca,telegram,3,credited-by-mirror
romania,2025-03-29,Telegram: InfoDefenseRUM,telegram,2,credited-by-mirror
romania,2025-03-29,Telegram: ambasadarusiei,telegram,2,credited-by-mirror
romania,2025-03-29,Telegram: romania_ru,telegram,6,credited-by-mirror
romania,2025-03-29,Telegram: sputnecenzurat,telegram,5,credited-by-mirror
romania,2025-03-29,Telegram: triunghiulbasarabean,telegram,21,credited-by-mirror
romania,2025-03-29,Telegram: ucrainaruseasca,telegram,1,credited-by-mirror
romania,2025-03-30,Telegram: InfoDefenseRUM,telegram,3,credited-by-mirror
romania,2025-03-30,Telegram: sputnecenzurat,telegram,9,credited-by-mirror
romania,2025-03-30,Telegram: triunghiulbasarabean,telegram,19,credited-by-mirror
romania,2025-03-30,Telegram: ucrainaruseasca,telegram,4,credited-by-mirror
romania,2025-03-30,ria.ru,domain,2,credited-by-mirror
romania,2025-03-30,tass.ru,domain,2,credited-by-mirror
romania,2025-03-31,Telegram: InfoDefenseRUM,telegram,5,credited-by-mirror
romania,2025-03-31,Telegram: ambasadarusiei,telegram,2,credited-by-mirror
romania,2025-03-31,Telegram: romania_ru,telegram,9,credited-by-mirror
romania,2025-03-31,Telegram: sputnecenzurat,telegram,14,credited-by-mirror
romania,2025-03-31,Telegram: triunghiulbasarabean,telegram,32,credited-by-mirror
romania,2025-03-31,Telegram: ucrainaruseasca,telegram,4,credited-by-mirror
romania,2025-03-31,ria.ru,domain,3,credited-by-mirror
romania,2025-03-31,tass.ru,domain,2,credited-by-mirror
slovakia,2025-03-01,Telegram: slovanskenoviny,telegram,32,credited-by-mirror
slovakia,2025-03-01,Telegram: spravy_slovakia,telegram,35,credited-by-mirror
slovakia,2025-03-01,Telegram: zemavek,telegram,53,credited-by-mirror
slovakia,2025-03-01,sk.news-front.su,domain,8,credited-by-mirror
slovakia,2025-03-02,Telegram: slovanskenoviny,telegram,26,credited-by-mirror
slovakia,2025-03-02,Telegram: spravy_slovakia,telegram,18,credited-by-mirror
slovakia,2025-03-02,Telegram: zemavek,telegram,58,credited-by-mirror
slovakia,2025-03-02,sk.news-front.su,domain,7,credited-by-mirror
slovakia,2025-03-03,Telegram: slovanskenoviny,telegram,61,credited-by-mirror
slovakia,2025-03-03,Telegram: spravy_slovakia,telegram,23,credited-by-mirror
slovakia,2025-03-03,Telegram: zemavek,telegram,74,credited-by-mirror
slovakia,2025-03-03,sk.news-front.su,domain,10,credited-by-mirror
slovakia,2025-03-04,Telegram: slovanskenoviny,telegram,41,credited-by-mirror
slovakia,2025-03-04,Telegram: spravy_slovakia,telegram,21,credited-by-mirror
slovakia,2025-03-04,Telegram: zemavek,telegram,73,credited-by-mirror
slovakia,2025-03-04,sk.news-front.su,domain,8,credited-by-mirror
slovakia,2025-03-05,Telegram: slovanskenoviny,telegram,44,credited-by-mirror
slovakia,2025-03-05,Telegram: spravy_slovakia,telegram,22,credited-by-mirror
slovakia,2025-03-05,Telegram: zemavek,telegram,73,credited-by-mirror
slovakia,2025-03-05,sk.news-front.su,domain,11,credited-by-mirror
slovakia,2025-03-06,Telegram: slovanskenoviny,telegram,50,credited-by-mirror
slovakia,2025-03-06,Telegram: spravy_slovakia,telegram,46,credited-by-mirror
slovakia,2025-03-06,Telegram: zemavek,telegram,69,credited-by-mirror
slovakia,2025-03-06,sk.news-front.su,domain,15,credited-by-mirror
slovakia,2025-03-07,Telegram: slovanskenoviny,telegram,34,credited-by-mirror
slovakia,2025-03-07,Telegram: spravy_slovakia,telegram,31,credited-by-mirror
slovakia,2025-03-07,Telegram: zemavek,telegram,60,credited-by-mirror
slovakia,2025-03-07,sk.news-front.su,domain,8,credited-by-mirror
slovakia,2025-03-08,Telegram: slovanskenoviny,telegram,36,credited-by-mirror
slovakia,2025-03-08,Telegram: spravy_slovakia,telegram,22,credited-by-mirror
slovakia,2025-03-08,Telegram: zemavek,telegram,50,credited-by-mirror
slovakia,2025-03-08,sk.news-front.su,domain,5,credited-by-mirror
slovakia,2025-03-09,Telegram: slovanskenoviny,telegram,24,credited-by-mirror
slovakia,2025-03-09,Telegram: spravy_slovakia,telegram,16,credited-by-mirror
slovakia,2025-03-09,Telegram: zemavek,telegram,49,credited-by-mirror
slovakia,2025-03-09,sk.news-front.su,domain,9,credited-by-mirror
slovakia,2025-03-10,Telegram: slovanskenoviny,telegram,51,credited-by-mirror
slovakia,2025-03-10,Telegram: spravy_slovakia,telegram,17,credited-by-mirror
slovakia,2025-03-10,Telegram: zemavek,telegram,55,credited-by-mirror
slovakia,2025-03-10,sk.news-front.su,domain,2,credited-by-mirror
slovakia,2025-03-11,Telegram: slovanskenoviny,telegram,47,credited-by-mirror
slovakia,2025-03-11,Telegram: spravy_slovakia,telegram,40,credited-by-mirror
slovakia,2025-03-11,Telegram: zemavek,telegram,65,credited-by-mirror
slovakia,2025-03-11,sk.news-front.su,domain,8,credited-by-mirror
slovakia,2025-03-12,Telegram: casusbellilive,telegram,14,credited-by-mirror
slovakia,2025-03-12,Telegram: puchoviny,telegram,16,credited-by-mirror
slovakia,2025-03-12,Telegram: slovanskenoviny,telegram,66,credited-by-mirror
slovakia,2025-03-12,Telegram: slovenskymedved,telegram,3,credited-by-mirror
slovakia,2025-03-12,Telegram: spravy_slovakia,telegram,18,credited-by-mirror
slovakia,2025-03-12,Telegram: zemavek,telegram,63,credited-by-mirror
slovakia,2025-03-12,sk.news-front.su,domain,10,credited-by-mirror
slovakia,2025-03-13,Telegram: casusbellilive,telegram,101,credited-by-mirror
slovakia,2025-03-13,Telegram: puchoviny,telegram,97,credited-by-mirror
slovakia,2025-03-13,Telegram: slovanskenoviny,telegram,62,credited-by-mirror
slovakia,2025-03-13,Telegram: slovenskymedved,telegram,15,credited-by-mirror
slovakia,2025-03-13,Telegram: spravy_slovakia,telegram,15,credited-by-mirror
slovakia,2025-03-13,Telegram: zemavek,telegram,75,credited-by-mirror
slovakia,2025-03-13,sk.news-front.su,domain,6,credited-by-mirror
slovakia,2025-03-14,Telegram: casusbellilive,telegram,78,credited-by-mirror
slovakia,2025-03-14,Telegram: puchoviny,telegram,79,credited-by-mirror
slovakia,2025-03-14,Telegram: slovanskenoviny,telegram,51,credited-by-mirror
slovakia,2025-03-14,Telegram: slovenskymedved,telegram,26,credited-by-mirror
slovakia,2025-03-14,Telegram: spravy_slovakia,telegram,46,credited-by-mirror
slovakia,2025-03-14,Telegram: zemavek,telegram,65,credited-by-mirror
slovakia,2025-03-14,sk.news-front.su,domain,10,credited-by-mirror
slovakia,2025-03-15,Telegram: casusbellilive,telegram,104,credited-by-mirror
slovakia,2025-03-15,Telegram: puchoviny,telegram,62,credited-by-mirror
slovakia,2025-03-15,Telegram: slovanskenoviny,telegram,39,credited-by-mirror
slovakia,2025-03-15,Telegram: slovenskymedved,telegram,25,credited-by-mirror
slovakia,2025-03-15,Telegram: spravy_slovakia,telegram,14,credited-by-mirror
slovakia,2025-03-15,Telegram: zemavek,telegram,46,credited-by-mirror
slovakia,2025-03-15,sk.news-front.su,domain,7,credited-by-mirror
slovakia,2025-03-16,Telegram: casusbellilive,telegram,78,credited-by-mirror
slovakia,2025-03-16,Telegram: puchoviny,telegram,70,credited-by-mirror
slovakia,2025-03-16,Telegram: slovanskenoviny,telegram,40,credited-by-mirror
slovakia,2025-03-16,Telegram: slovenskymedved,telegram,35,credited-by-mirror
slovakia,2025-03-16,Telegram: spravy_slovakia,telegram,21,credited-by-mirror
slovakia,2025-03-16,Telegram: zemavek,telegram,46,credited-by-mirror
slovakia,2025-03-16,sk.news-front.su,domain,6,credited-by-mirror
slovakia,2025-03-17,Telegram: casusbellilive,telegram,83,credited-by-mirror
slovakia,2025-03-17,Telegram: puchoviny,telegram,84,credited-by-mirror
slovakia,2025-03-17,Telegram: slovanskenoviny,telegram,62,credited-by-mirror
slovakia,2025-03-17,Telegram: slovenskymedved,telegram,24,credited-by-mirror
slovakia,2025-03-17,Telegram: spravy_slovakia,telegram,22,credited-by-mirror
slovakia,2025-03-17,Telegram: zemavek,telegram,67,credited-by-mirror
slovakia,2025-03-17,sk.news-front.su,domain,12,credited-by-mirror
slovakia,2025-03-18,Telegram: casusbellilive,telegram,79,credited-by-mirror
slovakia,2025-03-18,Telegram: puchoviny,telegram,86,credited-by-mirror
slovakia,2025-03-18,Telegram: slovanskenoviny,telegram,47,credited-by-mirror
slovakia,2025-03-18,Telegram: slovenskymedved,telegram,29,credited-by-mirror
slovakia,2025-03-18,Telegram: spravy_slovakia,telegram,39,credited-by-mirror
slovakia,2025-03-18,Telegram: zemavek,telegram,74,credited-by-mirror
slovakia,2025-03-18,sk.news-front.su,domain,9,credited-by-mirror
slovakia,2025-03-19,Telegram: casusbellilive,telegram,70,credited-by-mirror
slovakia,2025-03-19,Telegram: puchoviny,telegram,82,credited-by-mirror
slovakia,2025-03-19,Telegram: slovanskenoviny,telegram,56,credited-by-mirror
slovakia,2025-03-19,Telegram: slovenskymedved,telegram,19,credited-by-mirror
slovakia,2025-03-19,Telegram: spravy_slovakia,telegram,27,credited-by-mirror
slovakia,2025-03-19,Telegram: zemavek,telegram,72,credited-by-mirror
slovakia,2025-03-19,sk.news-front.su,domain,8,credited-by-mirror
slovakia,2025-03-20,Telegram: casusbellilive,telegram,81,credited-by-mirror
slovakia,2025-03-20,Telegram: puchoviny,telegram,84,credited-by-mirror
slovakia,2025-03-20,Telegram: slovanskenoviny,telegram,49,credited-by-mirror
slovakia,2025-03-20,Telegram: slovenskymedved,telegram,15,credited-by-mirror
slovakia,2025-03-20,Telegram: spravy_slovakia,telegram,19,credited-by-mirror
slovakia,2025-03-20,Telegram: zemavek,telegram,58,credited-by-mirror
slovakia,2025-03-20,sk.news-front.su,domain,11,credited-by-mirror
slovakia,2025-03-21,Telegram: casusbellilive,telegram,76,credited-by-mirror
slovakia,2025-03-21,Telegram: puchoviny,telegram,90,credited-by-mirror
slovakia,2025-03-21,Telegram: slovanskenoviny,telegram,50,credited-by-mirror
slovakia,2025-03-21,Telegram: slovenskymedved,telegram,19,credited-by-mirror
slovakia,2025-03-21,Telegram: spravy_slovakia,telegram,31,credited-by-mirror
slovakia,2025-03-21,Telegram: zemavek,telegram,62,credited-by-mirror
slovakia,2025-03-21,sk.news-front.su,domain,11,credited-by-mirror
slovakia,2025-03-22,Telegram: casusbellilive,telegram,64,credited-by-mirror
slovakia,2025-03-22,Telegram: puchoviny,telegram,89,credited-by-mirror
slovakia,2025-03-22,Telegram: slovanskenoviny,telegram,55,credited-by-mirror
slovakia,2025-03-22,Telegram: slovenskymedved,telegram,24,credited-by-mirror
slovakia,2025-03-22,Telegram: spravy_slovakia,telegram,18,credited-by-mirror
slovakia,2025-03-22,Telegram: zemavek,telegram,46,credited-by-mirror
slovakia,2025-03-22,sk.news-front.su,domain,5,credited-by-mirror
slovakia,2025-03-23,Telegram: casusbellilive,telegram,75,credited-by-mirror
slovakia,2025-03-23,Telegram: puchoviny,telegram,67,credited-by-mirror
slovakia,2025-03-23,Telegram: slovanskenoviny,telegram,33,credited-by-mirror
slovakia,2025-03-23,Telegram: slovenskymedved,telegram,26,credited-by-mirror
slovakia,2025-03-23,Telegram: spravy_slovakia,telegram,5,credited-by-mirror
slovakia,2025-03-23,Telegram: zemavek,telegram,54,credited-by-mirror
slovakia,2025-03-23,sk.news-front.su,domain,4,credited-by-mirror
slovakia,2025-03-24,Telegram: casusbellilive,telegram,74,credited-by-mirror
slovakia,2025-03-24,Telegram: puchoviny,telegram,93,credited-by-mirror
slovakia,2025-03-24,Telegram: slovanskenoviny,telegram,67,credited-by-mirror
slovakia,2025-03-24,Telegram: slovenskymedved,telegram,27,credited-by-mirror
slovakia,2025-03-24,Telegram: spravy_slovakia,telegram,17,credited-by-mirror
slovakia,2025-03-24,Telegram: zemavek,telegram,62,credited-by-mirror
slovakia,2025-03-24,sk.news-front.su,domain,7,credited-by-mirror
slovakia,2025-03-25,Telegram: casusbellilive,telegram,78,credited-by-mirror
slovakia,2025-03-25,Telegram: puchoviny,telegram,89,credited-by-mirror
slovakia,2025-03-25,Telegram: slovanskenoviny,telegram,59,credited-by-mirror
slovakia,2025-03-25,Telegram: slovenskymedved,telegram,24,credited-by-mirror
slovakia,2025-03-25,Telegram: spravy_slovakia,telegram,16,credited-by-mirror
slovakia,2025-03-25,Telegram: zemavek,telegram,64,credited-by-mirror
slovakia,2025-03-25,sk.news-front.su,domain,10,credited-by-mirror
slovakia,2025-03-26,Telegram: casusbellilive,telegram,50,credited-by-mirror
slovakia,2025-03-26,Telegram: puchoviny,telegram,97,credited-by-mirror
slovakia,2025-03-26,Telegram: slovanskenoviny,telegram,38,credited-by-mirror
slovakia,2025-03-26,Telegram: slovenskymedved,telegram,23,credited-by-mirror
slovakia,2025-03-26,Telegram: spravy_slovakia,telegram,24,credited-by-mirror
slovakia,2025-03-26,Telegram: zemavek,telegram,55,credited-by-mirror
slovakia,2025-03-26,sk.news-front.su,domain,13,credited-by-mirror
slovakia,2025-03-27,Telegram: casusbellilive,telegram,65,credited-by-mirror
slovakia,2025-03-27,Telegram: puchoviny,telegram,96,credited-by-mirror
slovakia,2025-03-27,Telegram: slovanskenoviny,telegram,65,credited-by-mirror
slovakia,2025-03-27,Telegram: slovenskymedved,telegram,31,credited-by-mirror
slovakia,2025-03-27,Telegram: spravy_slovakia,telegram,31,credited-by-mirror
slovakia,2025-03-27,Telegram: vsetkyspravy,telegram,49,credited-by-mirror
slovakia,2025-03-27,Telegram: zemavek,telegram,56,credited-by-mirror
slovakia,2025-03-27,sk.news-front.su,domain,12,credited-by-mirror
slovakia,2025-03-28,Telegram: casusbellilive,telegram,51,credited-by-mirror
slovakia,2025-03-28,Telegram: puchoviny,telegram,91,credited-by-mirror
slovakia,2025-03-28,Telegram: slovanskenoviny,telegram,38,credited-by-mirror
slovakia,2025-03-28,Telegram: slovenskymedved,telegram,22,credited-by-mirror
slovakia,2025-03-28,Telegram: smebratia,telegram,1,credited-by-mirror
slovakia,2025-03-28,Telegram: spravy_slovakia,telegram,22,credited-by-mirror
slovakia,2025-03-28,Telegram: vsetkyspravy,telegram,46,credited-by-mirror
slovakia,2025-03-28,Telegram: zemavek,telegram,59,credited-by-mirror
slovakia,2025-03-28,sk.news-front.su,domain,13,credited-by-mirror
slovakia,2025-03-29,Telegram: casusbellilive,telegram,73,credited-by-mirror
slovakia,2025-03-29,Telegram: puchoviny,telegram,78,credited-by-mirror
slovakia,2025-03-29,Telegram: slovanskenoviny,telegram,55,credited-by-mirror
slovakia,2025-03-29,Telegram: slovenskymedved,telegram,23,credited-by-mirror
slovakia,2025-03-29,Telegram: spravy_slovakia,telegram,9,credited-by-mirror
slovakia,2025-03-29,Telegram: vsetkyspravy,telegram,44,credited-by-mirror
slovakia,2025-03-29,Telegram: zemavek,telegram,44,credited-by-mirror
slovakia,2025-03-29,sk.news-front.su,domain,8,credited-by-mirror
slovakia,2025-03-30,Telegram: casusbellilive,telegram,70,credited-by-mirror
slovakia,2025-03-30,Telegram: puchoviny,telegram,70,credited-by-mirror
slovakia,2025-03-30,Telegram: slovanskenoviny,telegram,14,credited-by-mirror
slovakia,2025-03-30,Telegram: slovenskymedved,telegram,30,credited-by-mirror
slovakia,2025-03-30,Telegram: smebratia,telegram,2,credited-by-mirror
slovakia,2025-03-30,Telegram: spravy_slovakia,telegram,4,credited-by-mirror
slovakia,2025-03-30,Telegram: vsetkyspravy,telegram,33,credited-by-mirror
slovakia,2025-03-30,Telegram: zemavek,telegram,47,credited-by-mirror
slovakia,2025-03-30,sk.news-front.su,domain,3,credited-by-mirror
slovakia,2025-03-31,Telegram: casusbellilive,telegram,65,credited-by-mirror
slovakia,2025-03-31,Telegram: puchoviny,telegram,95,credited-by-mirror
slovakia,2025-03-31,Telegram: slovanskenoviny,telegram,58,credited-by-mirror
slovakia,2025-03-31,Telegram: slovenskymedved,telegram,33,credited-by-mirror
slovakia,2025-03-31,Telegram: smebratia,telegram,1,credited-by-mirror
slovakia,2025-03-31,Telegram: spravy_slovakia,telegram,13,credited-by-mirror
slovakia,2025-03-31,Telegram: vsetkyspravy,telegram,37,credited-by-mirror
slovakia,2025-03-31,Telegram: zemavek,telegram,88,credited-by-mirror
slovakia,2025-03-31,sk.news-front.su,domain,15,credited-by-mirror
