mirror,date,source,source_type,credits,relationship
a,2026-09-01,Telegram: leblorikzov,telegram,33,credited-by-mirror
a,2026-09-01,Telegram: llordofwar,telegram,61,credited-by-mirror
a,2026-09-01,Telegram: lomovkaa,telegram,14,credited-by-mirror
a,2026-09-01,Telegram: oroszokazigazsagoldalan,telegram,133,credited-by-mirror
a,2026-09-01,Telegram: ostashkonews,telegram,15,credited-by-mirror
a,2026-09-01,Telegram: rusputnikmd,telegram,52,credited-by-mirror
a,2026-09-02,Telegram: leblorikzov,telegram,34,credited-by-mirror
a,2026-09-02,Telegram: llordofwar,telegram,60,credited-by-mirror
a,2026-09-02,Telegram: lomovkaa,telegram,16,credited-by-mirror
a,2026-09-02,Telegram: oroszokazigazsagoldalan,telegram,135,credited-by-mirror
a,2026-09-02,Telegram: ostashkonews,telegram,16,credited-by-mirror
a,2026-09-02,Telegram: rusputnikmd,telegram,48,credited-by-mirror
a,2026-09-03,Telegram: leblorikzov,telegram,46,credited-by-mirror
a,2026-09-03,Telegram: llordofwar,telegram,70,credited-by-mirror
a,2026-09-03,Telegram: lomovkaa,telegram,22,credited-by-mirror
a,2026-09-03,Telegram: oroszokazigazsagoldalan,telegram,113,credited-by-mirror
a,2026-09-03,Telegram: ostashkonews,telegram,14,credited-by-mirror
a,2026-09-03,Telegram: rusputnikmd,telegram,62,credited-by-mirror
a,2026-09-04,Telegram: leblorikzov,telegram,43,credited-by-mirror
a,2026-09-04,Telegram: llordofwar,telegram,94,credited-by-mirror
a,2026-09-04,Telegram: lomovkaa,telegram,13,credited-by-mirror
a,2026-09-04,Telegram: oroszokazigazsagoldalan,telegram,104,credited-by-mirror
a,2026-09-04,Telegram: ostashkonews,telegram,12,credited-by-mirror
a,2026-09-04,Telegram: rusputnikmd,telegram,55,credited-by-mirror
a,2026-09-05,Telegram: leblorikzov,telegram,3,credited-by-mirror
a,2026-09-05,Telegram: llordofwar,telegram,19,credited-by-mirror
a,2026-09-05,Telegram: lomovkaa,telegram,9,credited-by-mirror
a,2026-09-05,Telegram: oroszokazigazsagoldalan,telegram,4,credited-by-mirror
a,2026-09-05,Telegram: ostashkonews,telegram,2,credited-by-mirror
a,2026-09-05,Telegram: rusputnikmd,telegram,9,credited-by-mirror
abkhazia,2026-09-01,sputnik-abkhazia.info,domain,34,credited-by-mirror
abkhazia,2026-09-02,sputnik-abkhazia.info,domain,24,credited-by-mirror
abkhazia,2026-09-03,sputnik-abkhazia.info,domain,28,credited-by-mirror
abkhazia,2026-09-04,sputnik-abkhazia.info,domain,23,credited-by-mirror
albania,2026-09-01,Telegram: balkanar,telegram,1,credited-by-mirror
albania,2026-09-01,Telegram: rusembalb,telegram,1,credited-by-mirror
albania,2026-09-02,Telegram: balkanar,telegram,1,credited-by-mirror
albania,2026-09-04,Telegram: balkanar,telegram,1,credited-by-mirror
albania,2026-09-04,Telegram: rusembalb,telegram,1,credited-by-mirror
albania,2026-09-05,Telegram: rusembalb,telegram,1,credited-by-mirror
algeria,2026-09-01,Telegram: ambrussie_algerie,telegram,1,credited-by-mirror
algeria,2026-09-01,Telegram: rtarabictelegram,telegram,1,credited-by-mirror
algeria,2026-09-01,Telegram: rustradealgeria,telegram,1,credited-by-mirror
algeria,2026-09-01,arabic.rt.com,domain,4,credited-by-mirror
algeria,2026-09-02,Telegram: Sputnik_Arabic,telegram,1,credited-by-mirror
algeria,2026-09-02,Telegram: meridienamitie,telegram,1,credited-by-mirror
algeria,2026-09-02,Telegram: rtarabictelegram,telegram,3,credited-by-mirror
algeria,2026-09-02,Telegram: rustradealgeria,telegram,2,credited-by-mirror
algeria,2026-09-02,ar.topwar.ru,domain,3,credited-by-mirror
algeria,2026-09-02,arabic.rt.com,domain,4,credited-by-mirror
algeria,2026-09-02,sarabic.ae,domain,2,credited-by-mirror
algeria,2026-09-03,Telegram: ambrussie_algerie,telegram,4,credited-by-mirror
algeria,2026-09-03,Telegram: rtarabictelegram,telegram,3,credited-by-mirror
algeria,2026-09-03,arabic.rt.com,domain,6,credited-by-mirror
algeria,2026-09-03,sarabic.ae,domain,3,credited-by-mirror
algeria,2026-09-04,Telegram: Sputnik_Arabic,telegram,1,credited-by-mirror
algeria,2026-09-04,Telegram: rustradealgeria,telegram,1,credited-by-mirror
algeria,2026-09-04,arabic.rt.com,domain,1,credited-by-mirror
algeria,2026-09-04,sarabic.ae,domain,2,credited-by-mirror
algeria,2026-09-05,arabic.rt.com,domain,1,credited-by-mirror
armenia,2026-09-01,Telegram: armeniasputnik,telegram,50,credited-by-mirror
armenia,2026-09-01,Telegram: caucasar,telegram,1,credited-by-mirror
armenia,2026-09-01,Telegram: rusembassyarm,telegram,2,credited-by-mirror
armenia,2026-09-01,Telegram: sputniklive,telegram,1,credited-by-mirror
armenia,2026-09-01,arm.sputniknews.ru,domain,28,credited-by-mirror
armenia,2026-09-02,Telegram: armeniasputnik,telegram,47,credited-by-mirror
armenia,2026-09-02,Telegram: caucasar,telegram,3,credited-by-mirror
armenia,2026-09-02,Telegram: infodefARM,telegram,3,credited-by-mirror
armenia,2026-09-02,Telegram: rusembassyarm,telegram,1,credited-by-mirror
armenia,2026-09-02,Telegram: sputniklive,telegram,2,credited-by-mirror
armenia,2026-09-02,arm.sputniknews.ru,domain,26,credited-by-mirror
armenia,2026-09-03,Telegram: armeniasputnik,telegram,59,credited-by-mirror
armenia,2026-09-03,Telegram: caucasar,telegram,3,credited-by-mirror
armenia,2026-09-03,Telegram: rusembassyarm,telegram,1,credited-by-mirror
armenia,2026-09-03,Telegram: sputniklive,telegram,9,credited-by-mirror
armenia,2026-09-03,arm.sputniknews.ru,domain,35,credited-by-mirror
armenia,2026-09-04,Telegram: armeniasputnik,telegram,40,credited-by-mirror
armenia,2026-09-04,Telegram: caucasar,telegram,2,credited-by-mirror
armenia,2026-09-04,Telegram: infodefARM,telegram,1,credited-by-mirror
armenia,2026-09-04,Telegram: rusembassyarm,telegram,1,credited-by-mirror
armenia,2026-09-04,Telegram: sputniklive,telegram,3,credited-by-mirror
armenia,2026-09-04,arm.sputniknews.ru,domain,16,credited-by-mirror
armenia,2026-09-05,Telegram: armeniasputnik,telegram,7,credited-by-mirror
armenia,2026-09-05,arm.sputniknews.ru,domain,3,credited-by-mirror
au,2026-09-01,Telegram: AussieCossack,telegram,28,credited-by-mirror
au,2026-09-01,Telegram: llordofwar,telegram,2,credited-by-mirror
au,2026-09-01,Telegram: rbc_sport,telegram,1,credited-by-mirror
au,2026-09-02,Telegram: AussieCossack,telegram,23,credited-by-mirror
au,2026-09-02,Telegram: NoticerNews,telegram,1,credited-by-mirror
au,2026-09-03,Telegram: AussieCossack,telegram,30,credited-by-mirror
au,2026-09-03,Telegram: australiafirstparty,telegram,2,credited-by-mirror
au,2026-09-03,Telegram: llordofwar,telegram,1,credited-by-mirror
au,2026-09-04,Telegram: AussieCossack,telegram,16,credited-by-mirror
au,2026-09-04,Telegram: ausvstheagenda,telegram,1,credited-by-mirror
au,2026-09-04,Telegram: llordofwar,telegram,1,credited-by-mirror
au,2026-09-04,Telegram: rbc_sport,telegram,1,credited-by-mirror
au,2026-09-05,Telegram: AussieCossack,telegram,3,credited-by-mirror
au,2026-09-05,Telegram: NoticerNews,telegram,1,credited-by-mirror
australia,2026-09-01,Telegram: AussieCossack,telegram,28,credited-by-mirror
australia,2026-09-01,Telegram: llordofwar,telegram,2,credited-by-mirror
australia,2026-09-01,Telegram: rbc_sport,telegram,1,credited-by-mirror
australia,2026-09-02,Telegram: AussieCossack,telegram,23,credited-by-mirror
australia,2026-09-02,Telegram: NoticerNews,telegram,1,credited-by-mirror
australia,2026-09-03,Telegram: AussieCossack,telegram,30,credited-by-mirror
australia,2026-09-03,Telegram: australiafirstparty,telegram,2,credited-by-mirror
australia,2026-09-03,Telegram: llordofwar,telegram,1,credited-by-mirror
australia,2026-09-04,Telegram: AussieCossack,telegram,16,credited-by-mirror
australia,2026-09-04,Telegram: ausvstheagenda,telegram,1,credited-by-mirror
australia,2026-09-04,Telegram: llordofwar,telegram,1,credited-by-mirror
australia,2026-09-04,Telegram: rbc_sport,telegram,1,credited-by-mirror
australia,2026-09-05,Telegram: AussieCossack,telegram,3,credited-by-mirror
australia,2026-09-05,Telegram: NoticerNews,telegram,1,credited-by-mirror
austria,2026-09-01,Telegram: CMS_DD,telegram,9,credited-by-mirror
austria,2026-09-01,Telegram: RussiaDailyDE,telegram,2,credited-by-mirror
austria,2026-09-01,Telegram: auf1tv,telegram,20,credited-by-mirror
austria,2026-09-01,Telegram: kanzlerdaddyDE,telegram,2,credited-by-mirror
austria,2026-09-01,Telegram: rt_de,telegram,2,credited-by-mirror
austria,2026-09-01,Telegram: satellit_de,telegram,1,credited-by-mirror
austria,2026-09-01,Telegram: topnews_at,telegram,12,credited-by-mirror
austria,2026-09-01,de.rt.com,domain,9,credited-by-mirror
austria,2026-09-01,de.topwar.ru,domain,5,credited-by-mirror
austria,2026-09-02,Telegram: CMS_DD,telegram,6,credited-by-mirror
austria,2026-09-02,Telegram: RussiaDailyDE,telegram,1,credited-by-mirror
austria,2026-09-02,Telegram: auf1tv,telegram,18,credited-by-mirror
austria,2026-09-02,Telegram: rt_de,telegram,3,credited-by-mirror
austria,2026-09-02,Telegram: satellit_de,telegram,3,credited-by-mirror
austria,2026-09-02,Telegram: topnews_at,telegram,16,credited-by-mirror
austria,2026-09-02,de.rt.com,domain,13,credited-by-mirror
austria,2026-09-02,de.topwar.ru,domain,3,credited-by-mirror
austria,2026-09-03,Telegram: CMS_DD,telegram,5,credited-by-mirror
austria,2026-09-03,Telegram: RussiaDailyDE,telegram,1,credited-by-mirror
austria,2026-09-03,Telegram: auf1tv,telegram,16,credited-by-mirror
austria,2026-09-03,Telegram: rt_de,telegram,1,credited-by-mirror
austria,2026-09-03,Telegram: topnews_at,telegram,14,credited-by-mirror
austria,2026-09-03,de.rt.com,domain,6,credited-by-mirror
austria,2026-09-03,de.topwar.ru,domain,5,credited-by-mirror
austria,2026-09-04,Telegram: CMS_DD,telegram,5,credited-by-mirror
austria,2026-09-04,Telegram: RussiaDailyDE,telegram,1,credited-by-mirror
austria,2026-09-04,Telegram: auf1tv,telegram,15,credited-by-mirror
austria,2026-09-04,Telegram: satellit_de,telegram,1,credited-by-mirror
austria,2026-09-04,Telegram: topnews_at,telegram,15,credited-by-mirror
austria,2026-09-04,de.rt.com,domain,7,credited-by-mirror
austria,2026-09-04,de.topwar.ru,domain,3,credited-by-mirror
austria,2026-09-05,Telegram: CMS_DD,telegram,2,credited-by-mirror
austria,2026-09-05,Telegram: auf1tv,telegram,5,credited-by-mirror
austria,2026-09-05,Telegram: kanzlerdaddyDE,telegram,1,credited-by-mirror
austria,2026-09-05,Telegram: satellit_de,telegram,1,credited-by-mirror
austria,2026-09-05,Telegram: topnews_at,telegram,5,credited-by-mirror
balkan,2026-09-01,Telegram: InfoDefSLO,telegram,5,credited-by-mirror
balkan,2026-09-01,lat.rt.rs,domain,79,credited-by-mirror
balkan,2026-09-01,lat.sputnikportal.rs,domain,88,credited-by-mirror
balkan,2026-09-02,Telegram: InfoDefSLO,telegram,1,credited-by-mirror
balkan,2026-09-02,lat.rt.rs,domain,79,credited-by-mirror
balkan,2026-09-02,lat.sputnikportal.rs,domain,82,credited-by-mirror
balkan,2026-09-03,Telegram: InfoDefSLO,telegram,6,credited-by-mirror
balkan,2026-09-03,lat.rt.rs,domain,85,credited-by-mirror
balkan,2026-09-03,lat.sputnikportal.rs,domain,74,credited-by-mirror
balkan,2026-09-04,Telegram: InfoDefSLO,telegram,1,credited-by-mirror
balkan,2026-09-04,lat.rt.rs,domain,73,credited-by-mirror
balkan,2026-09-04,lat.sputnikportal.rs,domain,86,credited-by-mirror
balkan,2026-09-05,lat.rt.rs,domain,9,credited-by-mirror
balkan,2026-09-05,lat.sputnikportal.rs,domain,17,credited-by-mirror
belgique,2026-09-01,Telegram: BrainlessChanelx,telegram,1,credited-by-mirror
belgique,2026-09-01,Telegram: TASS_europe,telegram,2,credited-by-mirror
belgique,2026-09-01,fr.topwar.ru,domain,2,credited-by-mirror
belgique,2026-09-01,francais.rt.com,domain,2,credited-by-mirror
belgique,2026-09-02,Telegram: BrainlessChanelx,telegram,3,credited-by-mirror
belgique,2026-09-02,Telegram: TASS_europe,telegram,2,credited-by-mirror
belgique,2026-09-02,Telegram: amrusbel,telegram,2,credited-by-mirror
belgique,2026-09-02,Telegram: ostashkonews,telegram,2,credited-by-mirror
belgique,2026-09-02,francais.rt.com,domain,1,credited-by-mirror
belgique,2026-09-03,Telegram: TASS_europe,telegram,1,credited-by-mirror
belgique,2026-09-03,Telegram: amrusbel,telegram,2,credited-by-mirror
belgique,2026-09-03,fr.topwar.ru,domain,1,credited-by-mirror
belgique,2026-09-03,francais.rt.com,domain,2,credited-by-mirror
belgique,2026-09-04,Telegram: BrainlessChanelx,telegram,1,credited-by-mirror
belgique,2026-09-04,Telegram: amrusbel,telegram,2,credited-by-mirror
belgium,2026-09-01,Telegram: Mariba2puntnul,telegram,2,credited-by-mirror
belgium,2026-09-01,Telegram: Whiplash347,telegram,2,credited-by-mirror
belgium,2026-09-01,Telegram: mwW1kRPVl3Q5ZTBh,telegram,4,credited-by-mirror
belgium,2026-09-01,Telegram: qanonbelgium,telegram,10,credited-by-mirror
belgium,2026-09-01,Telegram: truthned,telegram,1,credited-by-mirror
belgium,2026-09-02,Telegram: Mariba2puntnul,telegram,2,credited-by-mirror
belgium,2026-09-02,Telegram: mwW1kRPVl3Q5ZTBh,telegram,1,credited-by-mirror
belgium,2026-09-02,Telegram: ostashkonews,telegram,2,credited-by-mirror
belgium,2026-09-02,Telegram: qanonbelgium,telegram,12,credited-by-mirror
belgium,2026-09-02,Telegram: truthned,telegram,1,credited-by-mirror
belgium,2026-09-03,Telegram: Mariba2puntnul,telegram,1,credited-by-mirror
belgium,2026-09-03,Telegram: mwW1kRPVl3Q5ZTBh,telegram,4,credited-by-mirror
belgium,2026-09-03,Telegram: qanonbelgium,telegram,12,credited-by-mirror
belgium,2026-09-03,Telegram: truthned,telegram,1,credited-by-mirror
belgium,2026-09-04,Telegram: Mariba2puntnul,telegram,1,credited-by-mirror
belgium,2026-09-04,Telegram: Whiplash347,telegram,2,credited-by-mirror
belgium,2026-09-04,Telegram: mwW1kRPVl3Q5ZTBh,telegram,2,credited-by-mirror
belgium,2026-09-04,Telegram: qanonbelgium,telegram,12,credited-by-mirror
belgium,2026-09-04,Telegram: truthned,telegram,1,credited-by-mirror
bosnia-herzegovina,2026-09-01,Telegram: ZoranStevanovic,telegram,77,credited-by-mirror
bosnia-herzegovina,2026-09-01,Telegram: balkanar,telegram,1,credited-by-mirror
bosnia-herzegovina,2026-09-01,Telegram: panonskimornar,telegram,16,credited-by-mirror
bosnia-herzegovina,2026-09-02,Telegram: RepublikaSrpska22,telegram,1,credited-by-mirror
bosnia-herzegovina,2026-09-02,Telegram: ZoranStevanovic,telegram,116,credited-by-mirror
bosnia-herzegovina,2026-09-02,Telegram: panonskimornar,telegram,15,credited-by-mirror
bosnia-herzegovina,2026-09-02,Telegram: rusembbih,telegram,2,credited-by-mirror
bosnia-herzegovina,2026-09-03,Telegram: ZoranStevanovic,telegram,104,credited-by-mirror
bosnia-herzegovina,2026-09-03,Telegram: panonskimornar,telegram,12,credited-by-mirror
bosnia-herzegovina,2026-09-04,Telegram: ZoranStevanovic,telegram,77,credited-by-mirror
bosnia-herzegovina,2026-09-04,Telegram: balkanar,telegram,2,credited-by-mirror
bosnia-herzegovina,2026-09-04,Telegram: panonskimornar,telegram,26,credited-by-mirror
bosnia-herzegovina,2026-09-05,Telegram: ZoranStevanovic,telegram,12,credited-by-mirror
bulgaria,2026-09-01,Telegram: BulgariaZOV,telegram,5,credited-by-mirror
bulgaria,2026-09-01,Telegram: InfodefBULGARIA,telegram,44,credited-by-mirror
bulgaria,2026-09-01,Telegram: NPzBG,telegram,15,credited-by-mirror
bulgaria,2026-09-01,Telegram: Za_PraVda,telegram,6,credited-by-mirror
bulgaria,2026-09-01,Telegram: bgmilitary,telegram,1,credited-by-mirror
bulgaria,2026-09-01,Telegram: bulgariaz,telegram,5,credited-by-mirror
bulgaria,2026-09-01,Telegram: efir_info,telegram,5,credited-by-mirror
bulgaria,2026-09-01,Telegram: posveteniteZ,telegram,84,credited-by-mirror
bulgaria,2026-09-01,Telegram: vremenapredsyuriy,telegram,6,credited-by-mirror
bulgaria,2026-09-01,bgr.news-front.su,domain,24,credited-by-mirror
bulgaria,2026-09-02,Telegram: BulgariaZOV,telegram,9,credited-by-mirror
bulgaria,2026-09-02,Telegram: InfodefBULGARIA,telegram,39,credited-by-mirror
bulgaria,2026-09-02,Telegram: NPzBG,telegram,27,credited-by-mirror
bulgaria,2026-09-02,Telegram: Za_PraVda,telegram,5,credited-by-mirror
bulgaria,2026-09-02,Telegram: bgmilitary,telegram,2,credited-by-mirror
bulgaria,2026-09-02,Telegram: bulgariaz,telegram,10,credited-by-mirror
bulgaria,2026-09-02,Telegram: efir_info,telegram,4,credited-by-mirror
bulgaria,2026-09-02,Telegram: posveteniteZ,telegram,72,credited-by-mirror
bulgaria,2026-09-02,Telegram: vremenapredsyuriy,telegram,14,credited-by-mirror
bulgaria,2026-09-02,bgr.news-front.su,domain,24,credited-by-mirror
bulgaria,2026-09-03,Telegram: BulgariaZOV,telegram,4,credited-by-mirror
bulgaria,2026-09-03,Telegram: InfodefBULGARIA,telegram,30,credited-by-mirror
bulgaria,2026-09-03,Telegram: NPzBG,telegram,24,credited-by-mirror
bulgaria,2026-09-03,Telegram: Za_PraVda,telegram,12,credited-by-mirror
bulgaria,2026-09-03,Telegram: bgmilitary,telegram,1,credited-by-mirror
bulgaria,2026-09-03,Telegram: bulgariaz,telegram,3,credited-by-mirror
bulgaria,2026-09-03,Telegram: efir_info,telegram,1,credited-by-mirror
bulgaria,2026-09-03,Telegram: posveteniteZ,telegram,64,credited-by-mirror
bulgaria,2026-09-03,Telegram: vremenapredsyuriy,telegram,7,credited-by-mirror
bulgaria,2026-09-03,bgr.news-front.su,domain,24,credited-by-mirror
bulgaria,2026-09-04,Telegram: BulgariaZOV,telegram,3,credited-by-mirror
bulgaria,2026-09-04,Telegram: InfodefBULGARIA,telegram,46,credited-by-mirror
bulgaria,2026-09-04,Telegram: NPzBG,telegram,18,credited-by-mirror
bulgaria,2026-09-04,Telegram: Za_PraVda,telegram,10,credited-by-mirror
bulgaria,2026-09-04,Telegram: bgmilitary,telegram,1,credited-by-mirror
bulgaria,2026-09-04,Telegram: bulgariaz,telegram,2,credited-by-mirror
bulgaria,2026-09-04,Telegram: efir_info,telegram,2,credited-by-mirror
bulgaria,2026-09-04,Telegram: posveteniteZ,telegram,76,credited-by-mirror
bulgaria,2026-09-04,Telegram: vremenapredsyuriy,telegram,6,credited-by-mirror
bulgaria,2026-09-04,bgr.news-front.su,domain,22,credited-by-mirror
bulgaria,2026-09-05,Telegram: BulgariaZOV,telegram,1,credited-by-mirror
bulgaria,2026-09-05,Telegram: InfodefBULGARIA,telegram,12,credited-by-mirror
bulgaria,2026-09-05,Telegram: NPzBG,telegram,7,credited-by-mirror
bulgaria,2026-09-05,Telegram: bulgariaz,telegram,1,credited-by-mirror
bulgaria,2026-09-05,Telegram: posveteniteZ,telegram,6,credited-by-mirror
bulgaria,2026-09-05,bgr.news-front.su,domain,17,credited-by-mirror
burkina-faso,2026-09-01,Telegram: bircvmapatriemoncombat,telegram,3,credited-by-mirror
burkina-faso,2026-09-01,lefaso.net,domain,13,credited-by-mirror
burkina-faso,2026-09-01,lepays.bf,domain,3,credited-by-mirror
burkina-faso,2026-09-01,lobspaalga.com,domain,1,credited-by-mirror
burkina-faso,2026-09-02,Telegram: bircvmapatriemoncombat,telegram,2,credited-by-mirror
burkina-faso,2026-09-02,lefaso.net,domain,15,credited-by-mirror
burkina-faso,2026-09-02,lepays.bf,domain,3,credited-by-mirror
burkina-faso,2026-09-02,lobspaalga.com,domain,2,credited-by-mirror
burkina-faso,2026-09-03,Telegram: bircvmapatriemoncombat,telegram,2,credited-by-mirror
burkina-faso,2026-09-03,lefaso.net,domain,9,credited-by-mirror
burkina-faso,2026-09-03,lepays.bf,domain,3,credited-by-mirror
burkina-faso,2026-09-03,lobspaalga.com,domain,1,credited-by-mirror
burkina-faso,2026-09-04,Telegram: bircvmapatriemoncombat,telegram,2,credited-by-mirror
burkina-faso,2026-09-04,lefaso.net,domain,12,credited-by-mirror
burkina-faso,2026-09-05,lefaso.net,domain,6,credited-by-mirror
cameroon,2026-09-02,afrinz.ru,domain,1,credited-by-mirror
cameroon,2026-09-03,Telegram: rybar_africa,telegram,2,credited-by-mirror
canada,2026-09-01,Telegram: PrivateCanadianNews,telegram,3,credited-by-mirror
canada,2026-09-01,Telegram: rbc_sport,telegram,3,credited-by-mirror
canada,2026-09-01,swentr.site,domain,1,credited-by-mirror
canada,2026-09-02,Telegram: PrivateCanadianNews,telegram,3,credited-by-mirror
canada,2026-09-02,Telegram: lomovkaa,telegram,1,credited-by-mirror
canada,2026-09-02,swentr.site,domain,2,credited-by-mirror
canada,2026-09-03,Telegram: llordofwar,telegram,2,credited-by-mirror
canada,2026-09-03,Telegram: rbc_sport,telegram,2,credited-by-mirror
canada,2026-09-03,swentr.site,domain,1,credited-by-mirror
canada,2026-09-04,Telegram: llordofwar,telegram,2,credited-by-mirror
canada,2026-09-04,Telegram: rbc_sport,telegram,1,credited-by-mirror
car,2026-09-01,Telegram: rusbangui,telegram,2,credited-by-mirror
car,2026-09-01,radiondekeluka.org,domain,7,credited-by-mirror
car,2026-09-02,Telegram: dnobangui,telegram,1,credited-by-mirror
car,2026-09-02,radiondekeluka.org,domain,8,credited-by-mirror
car,2026-09-03,radiondekeluka.org,domain,5,credited-by-mirror
car,2026-09-04,Telegram: rusbangui,telegram,2,credited-by-mirror
car,2026-09-04,radiondekeluka.org,domain,9,credited-by-mirror
catalan,2026-09-01,Telegram: rbc_sport,telegram,1,credited-by-mirror
catalan,2026-09-02,Telegram: rbc_sport,telegram,1,credited-by-mirror
catalan,2026-09-04,Telegram: rbc_sport,telegram,1,credited-by-mirror
chad,2026-09-01,Telegram: RiaArabic,telegram,1,credited-by-mirror
chad,2026-09-01,Telegram: Sputnik_Arabic,telegram,1,credited-by-mirror
chad,2026-09-01,Telegram: rtarabictelegram,telegram,7,credited-by-mirror
chad,2026-09-01,afrinz.ru,domain,1,credited-by-mirror
chad,2026-09-01,ar.topwar.ru,domain,1,credited-by-mirror
chad,2026-09-01,arabic.rt.com,domain,15,credited-by-mirror
chad,2026-09-01,sarabic.ae,domain,8,credited-by-mirror
chad,2026-09-02,Telegram: Center_for_Russian_Studies,telegram,4,credited-by-mirror
chad,2026-09-02,Telegram: Sputnik_Arabic,telegram,2,credited-by-mirror
chad,2026-09-02,Telegram: rtarabicnewsroom,telegram,1,credited-by-mirror
chad,2026-09-02,Telegram: rtarabictelegram,telegram,1,credited-by-mirror
chad,2026-09-02,ar.topwar.ru,domain,4,credited-by-mirror
chad,2026-09-02,arabic.rt.com,domain,15,credited-by-mirror
chad,2026-09-02,sarabic.ae,domain,6,credited-by-mirror
chad,2026-09-03,Telegram: Center_for_Russian_Studies,telegram,2,credited-by-mirror
chad,2026-09-03,Telegram: rtarabictelegram,telegram,5,credited-by-mirror
chad,2026-09-03,Telegram: tass_ar,telegram,1,credited-by-mirror
chad,2026-09-03,ar.topwar.ru,domain,5,credited-by-mirror
chad,2026-09-03,arabic.rt.com,domain,14,credited-by-mirror
chad,2026-09-03,sarabic.ae,domain,5,credited-by-mirror
chad,2026-09-04,Telegram: Sputnik_Arabic,telegram,2,credited-by-mirror
chad,2026-09-04,Telegram: rtarabicnewsroom,telegram,1,credited-by-mirror
chad,2026-09-04,Telegram: rtarabictelegram,telegram,5,credited-by-mirror
chad,2026-09-04,Telegram: tass_ar,telegram,1,credited-by-mirror
chad,2026-09-04,afrinz.ru,domain,1,credited-by-mirror
chad,2026-09-04,ar.topwar.ru,domain,7,credited-by-mirror
chad,2026-09-04,arabic.rt.com,domain,19,credited-by-mirror
chad,2026-09-04,sarabic.ae,domain,3,credited-by-mirror
chad,2026-09-05,Telegram: rtarabictelegram,telegram,1,credited-by-mirror
chad,2026-09-05,arabic.rt.com,domain,1,credited-by-mirror
chad,2026-09-05,sarabic.ae,domain,1,credited-by-mirror
croatia,2026-09-01,Telegram: nultatacka,telegram,10,credited-by-mirror
croatia,2026-09-02,Telegram: nultatacka,telegram,15,credited-by-mirror
croatia,2026-09-03,Telegram: nultatacka,telegram,14,credited-by-mirror
croatia,2026-09-04,Telegram: nultatacka,telegram,13,credited-by-mirror
cyprus,2026-09-01,Telegram: rusembcy,telegram,2,credited-by-mirror
cyprus,2026-09-02,Telegram: infantmilitario,telegram,1,credited-by-mirror
cyprus,2026-09-04,Telegram: rusembcy,telegram,1,credited-by-mirror
czechia,2026-09-01,Telegram: InfodefenseCZE,telegram,21,credited-by-mirror
czechia,2026-09-01,Telegram: Libertas_info_cz,telegram,12,credited-by-mirror
czechia,2026-09-01,Telegram: MGzpravy,telegram,22,credited-by-mirror
czechia,2026-09-01,Telegram: jarek53,telegram,13,credited-by-mirror
czechia,2026-09-01,Telegram: neCT24,telegram,16,credited-by-mirror
czechia,2026-09-01,Telegram: news_22_faraon,telegram,36,credited-by-mirror
czechia,2026-09-01,Telegram: selskyrozum,telegram,92,credited-by-mirror
czechia,2026-09-01,Telegram: to_je_nas_svet,telegram,12,credited-by-mirror
czechia,2026-09-01,Telegram: uk100a,telegram,24,credited-by-mirror
czechia,2026-09-02,Telegram: BN4JeyTQ6RVkMTNk,telegram,1,credited-by-mirror
czechia,2026-09-02,Telegram: InfodefenseCZE,telegram,23,credited-by-mirror
czechia,2026-09-02,Telegram: Libertas_info_cz,telegram,10,credited-by-mirror
czechia,2026-09-02,Telegram: MGzpravy,telegram,69,credited-by-mirror
czechia,2026-09-02,Telegram: jarek53,telegram,5,credited-by-mirror
czechia,2026-09-02,Telegram: neCT24,telegram,16,credited-by-mirror
czechia,2026-09-02,Telegram: news_22_faraon,telegram,30,credited-by-mirror
czechia,2026-09-02,Telegram: selskyrozum,telegram,88,credited-by-mirror
czechia,2026-09-02,Telegram: to_je_nas_svet,telegram,9,credited-by-mirror
czechia,2026-09-02,Telegram: uk100a,telegram,26,credited-by-mirror
czechia,2026-09-03,Telegram: BN4JeyTQ6RVkMTNk,telegram,3,credited-by-mirror
czechia,2026-09-03,Telegram: InfodefenseCZE,telegram,17,credited-by-mirror
czechia,2026-09-03,Telegram: Libertas_info_cz,telegram,19,credited-by-mirror
czechia,2026-09-03,Telegram: MGzpravy,telegram,26,credited-by-mirror
czechia,2026-09-03,Telegram: jarek53,telegram,37,credited-by-mirror
czechia,2026-09-03,Telegram: neCT24,telegram,13,credited-by-mirror
czechia,2026-09-03,Telegram: news_22_faraon,telegram,38,credited-by-mirror
czechia,2026-09-03,Telegram: selskyrozum,telegram,85,credited-by-mirror
czechia,2026-09-03,Telegram: to_je_nas_svet,telegram,9,credited-by-mirror
czechia,2026-09-03,Telegram: uk100a,telegram,36,credited-by-mirror
czechia,2026-09-04,Telegram: InfodefenseCZE,telegram,31,credited-by-mirror
czechia,2026-09-04,Telegram: Libertas_info_cz,telegram,22,credited-by-mirror
czechia,2026-09-04,Telegram: MGzpravy,telegram,14,credited-by-mirror
czechia,2026-09-04,Telegram: jarek53,telegram,13,credited-by-mirror
czechia,2026-09-04,Telegram: neCT24,telegram,22,credited-by-mirror
czechia,2026-09-04,Telegram: news_22_faraon,telegram,27,credited-by-mirror
czechia,2026-09-04,Telegram: selskyrozum,telegram,53,credited-by-mirror
czechia,2026-09-04,Telegram: to_je_nas_svet,telegram,7,credited-by-mirror
czechia,2026-09-04,Telegram: uk100a,telegram,31,credited-by-mirror
czechia,2026-09-05,Telegram: InfodefenseCZE,telegram,8,credited-by-mirror
czechia,2026-09-05,Telegram: Libertas_info_cz,telegram,12,credited-by-mirror
czechia,2026-09-05,Telegram: MGzpravy,telegram,6,credited-by-mirror
czechia,2026-09-05,Telegram: jarek53,telegram,7,credited-by-mirror
czechia,2026-09-05,Telegram: neCT24,telegram,3,credited-by-mirror
czechia,2026-09-05,Telegram: news_22_faraon,telegram,14,credited-by-mirror
czechia,2026-09-05,Telegram: selskyrozum,telegram,11,credited-by-mirror
czechia,2026-09-05,Telegram: to_je_nas_svet,telegram,4,credited-by-mirror
czechia,2026-09-05,Telegram: uk100a,telegram,17,credited-by-mirror
denmark,2026-09-01,Telegram: DEEPDIVEDENMARK,telegram,1,credited-by-mirror
denmark,2026-09-01,Telegram: VELINFORMERET,telegram,28,credited-by-mirror
denmark,2026-09-02,Telegram: DEEPDIVEDENMARK,telegram,1,credited-by-mirror
denmark,2026-09-02,Telegram: VELINFORMERET,telegram,21,credited-by-mirror
denmark,2026-09-03,Telegram: VELINFORMERET,telegram,19,credited-by-mirror
denmark,2026-09-03,Telegram: kornilov1968,telegram,1,credited-by-mirror
denmark,2026-09-04,Telegram: DEEPDIVEDENMARK,telegram,1,credited-by-mirror
denmark,2026-09-04,Telegram: VELINFORMERET,telegram,19,credited-by-mirror
denmark,2026-09-04,Telegram: kornilov1968,telegram,1,credited-by-mirror
denmark,2026-09-05,Telegram: DEEPDIVEDENMARK,telegram,1,credited-by-mirror
denmark,2026-09-05,Telegram: VELINFORMERET,telegram,4,credited-by-mirror
denmark,2026-09-05,Telegram: lomovkaa,telegram,1,credited-by-mirror
deutsch,2026-09-01,Telegram: DruschbaFM,telegram,6,credited-by-mirror
deutsch,2026-09-01,Telegram: RuAS_Org,telegram,8,credited-by-mirror
deutsch,2026-09-01,Telegram: RussiaDailyDE,telegram,12,credited-by-mirror
deutsch,2026-09-01,Telegram: rt_de,telegram,11,credited-by-mirror
deutsch,2026-09-01,Telegram: satellit_de,telegram,5,credited-by-mirror
deutsch,2026-09-01,de.rt.com,domain,11,credited-by-mirror
deutsch,2026-09-01,de.topwar.ru,domain,13,credited-by-mirror
deutsch,2026-09-02,Telegram: DruschbaFM,telegram,5,credited-by-mirror
deutsch,2026-09-02,Telegram: RuAS_Org,telegram,7,credited-by-mirror
deutsch,2026-09-02,Telegram: RussiaDailyDE,telegram,11,credited-by-mirror
deutsch,2026-09-02,Telegram: rt_de,telegram,18,credited-by-mirror
deutsch,2026-09-02,Telegram: satellit_de,telegram,3,credited-by-mirror
deutsch,2026-09-02,de.rt.com,domain,8,credited-by-mirror
deutsch,2026-09-02,de.topwar.ru,domain,16,credited-by-mirror
deutsch,2026-09-03,Telegram: DruschbaFM,telegram,2,credited-by-mirror
deutsch,2026-09-03,Telegram: RuAS_Org,telegram,9,credited-by-mirror
deutsch,2026-09-03,Telegram: RussiaDailyDE,telegram,15,credited-by-mirror
deutsch,2026-09-03,Telegram: rt_de,telegram,11,credited-by-mirror
deutsch,2026-09-03,Telegram: satellit_de,telegram,3,credited-by-mirror
deutsch,2026-09-03,de.rt.com,domain,8,credited-by-mirror
deutsch,2026-09-03,de.topwar.ru,domain,17,credited-by-mirror
deutsch,2026-09-04,Telegram: DruschbaFM,telegram,3,credited-by-mirror
deutsch,2026-09-04,Telegram: RuAS_Org,telegram,4,credited-by-mirror
deutsch,2026-09-04,Telegram: RussiaDailyDE,telegram,12,credited-by-mirror
deutsch,2026-09-04,Telegram: rt_de,telegram,7,credited-by-mirror
deutsch,2026-09-04,Telegram: satellit_de,telegram,5,credited-by-mirror
deutsch,2026-09-04,de.rt.com,domain,9,credited-by-mirror
deutsch,2026-09-04,de.topwar.ru,domain,14,credited-by-mirror
deutsch,2026-09-05,Telegram: DruschbaFM,telegram,1,credited-by-mirror
deutsch,2026-09-05,Telegram: RuAS_Org,telegram,4,credited-by-mirror
deutsch,2026-09-05,Telegram: RussiaDailyDE,telegram,8,credited-by-mirror
deutsch,2026-09-05,Telegram: rt_de,telegram,3,credited-by-mirror
deutsch,2026-09-05,de.rt.com,domain,2,credited-by-mirror
deutsch,2026-09-05,de.topwar.ru,domain,9,credited-by-mirror
dprk,2026-09-01,ko.topwar.ru,domain,1,credited-by-mirror
dprk,2026-09-02,Telegram: RusEmbDPRK,telegram,1,credited-by-mirror
dprk,2026-09-02,Telegram: lomovkaa,telegram,1,credited-by-mirror
dprk,2026-09-03,Telegram: RusEmbDPRK,telegram,2,credited-by-mirror
dprk,2026-09-03,ko.topwar.ru,domain,1,credited-by-mirror
dutch,2026-09-01,Telegram: InfodefenseNED,telegram,3,credited-by-mirror
dutch,2026-09-01,Telegram: Mariba2puntnul,telegram,36,credited-by-mirror
dutch,2026-09-01,Telegram: berichten_uit_Donbass,telegram,7,credited-by-mirror
dutch,2026-09-01,Telegram: gek_genoeg,telegram,112,credited-by-mirror
dutch,2026-09-01,Telegram: qanonbelgium,telegram,10,credited-by-mirror
dutch,2026-09-01,Telegram: truthned,telegram,20,credited-by-mirror
dutch,2026-09-01,Telegram: ukrainenownetherlands,telegram,3,credited-by-mirror
dutch,2026-09-02,Telegram: CrisisnaCrisis,telegram,3,credited-by-mirror
dutch,2026-09-02,Telegram: InfodefenseNED,telegram,2,credited-by-mirror
dutch,2026-09-02,Telegram: Mariba2puntnul,telegram,60,credited-by-mirror
dutch,2026-09-02,Telegram: berichten_uit_Donbass,telegram,2,credited-by-mirror
dutch,2026-09-02,Telegram: gek_genoeg,telegram,110,credited-by-mirror
dutch,2026-09-02,Telegram: qanonbelgium,telegram,11,credited-by-mirror
dutch,2026-09-02,Telegram: truthned,telegram,20,credited-by-mirror
dutch,2026-09-02,Telegram: ukrainenownetherlands,telegram,2,credited-by-mirror
dutch,2026-09-03,Telegram: CrisisnaCrisis,telegram,1,credited-by-mirror
dutch,2026-09-03,Telegram: InfodefenseNED,telegram,3,credited-by-mirror
dutch,2026-09-03,Telegram: Mariba2puntnul,telegram,30,credited-by-mirror
dutch,2026-09-03,Telegram: berichten_uit_Donbass,telegram,1,credited-by-mirror
dutch,2026-09-03,Telegram: gek_genoeg,telegram,115,credited-by-mirror
dutch,2026-09-03,Telegram: qanonbelgium,telegram,12,credited-by-mirror
dutch,2026-09-03,Telegram: truthned,telegram,19,credited-by-mirror
dutch,2026-09-03,Telegram: ukrainenownetherlands,telegram,1,credited-by-mirror
dutch,2026-09-04,Telegram: InfodefenseNED,telegram,6,credited-by-mirror
dutch,2026-09-04,Telegram: Mariba2puntnul,telegram,38,credited-by-mirror
dutch,2026-09-04,Telegram: berichten_uit_Donbass,telegram,2,credited-by-mirror
dutch,2026-09-04,Telegram: gek_genoeg,telegram,58,credited-by-mirror
dutch,2026-09-04,Telegram: qanonbelgium,telegram,9,credited-by-mirror
dutch,2026-09-04,Telegram: truthned,telegram,16,credited-by-mirror
dutch,2026-09-04,Telegram: ukrainenownetherlands,telegram,2,credited-by-mirror
dutch,2026-09-05,Telegram: Mariba2puntnul,telegram,14,credited-by-mirror
dutch,2026-09-05,Telegram: gek_genoeg,telegram,13,credited-by-mirror
dutch,2026-09-05,Telegram: truthned,telegram,1,credited-by-mirror
egypt,2026-09-01,Telegram: RiaArabic,telegram,3,credited-by-mirror
egypt,2026-09-01,Telegram: Sputnik_Arabic,telegram,5,credited-by-mirror
egypt,2026-09-01,Telegram: rtarabictelegram,telegram,21,credited-by-mirror
egypt,2026-09-01,Telegram: russianhouseincairo,telegram,1,credited-by-mirror
egypt,2026-09-01,Telegram: tass_ar,telegram,1,credited-by-mirror
egypt,2026-09-01,afrinz.ru,domain,3,credited-by-mirror
egypt,2026-09-01,ar.topwar.ru,domain,5,credited-by-mirror
egypt,2026-09-01,arabic.rt.com,domain,44,credited-by-mirror
egypt,2026-09-01,sarabic.ae,domain,19,credited-by-mirror
egypt,2026-09-02,Telegram: RiaArabic,telegram,3,credited-by-mirror
egypt,2026-09-02,Telegram: Sputnik_Arabic,telegram,9,credited-by-mirror
egypt,2026-09-02,Telegram: rtarabicnewsroom,telegram,2,credited-by-mirror
egypt,2026-09-02,Telegram: rtarabictelegram,telegram,28,credited-by-mirror
egypt,2026-09-02,Telegram: russianhouseincairo,telegram,2,credited-by-mirror
egypt,2026-09-02,afrinz.ru,domain,1,credited-by-mirror
egypt,2026-09-02,ar.topwar.ru,domain,9,credited-by-mirror
egypt,2026-09-02,arabic.rt.com,domain,36,credited-by-mirror
egypt,2026-09-02,sarabic.ae,domain,18,credited-by-mirror
egypt,2026-09-03,Telegram: RiaArabic,telegram,3,credited-by-mirror
egypt,2026-09-03,Telegram: Sputnik_Arabic,telegram,2,credited-by-mirror
egypt,2026-09-03,Telegram: rtarabicnewsroom,telegram,1,credited-by-mirror
egypt,2026-09-03,Telegram: rtarabictelegram,telegram,22,credited-by-mirror
egypt,2026-09-03,Telegram: tass_ar,telegram,4,credited-by-mirror
egypt,2026-09-03,afrinz.ru,domain,2,credited-by-mirror
egypt,2026-09-03,ar.topwar.ru,domain,11,credited-by-mirror
egypt,2026-09-03,arabic.rt.com,domain,40,credited-by-mirror
egypt,2026-09-03,sarabic.ae,domain,10,credited-by-mirror
egypt,2026-09-04,Telegram: RiaArabic,telegram,1,credited-by-mirror
egypt,2026-09-04,Telegram: Sputnik_Arabic,telegram,4,credited-by-mirror
egypt,2026-09-04,Telegram: rtarabictelegram,telegram,21,credited-by-mirror
egypt,2026-09-04,afrinz.ru,domain,3,credited-by-mirror
egypt,2026-09-04,ar.topwar.ru,domain,11,credited-by-mirror
egypt,2026-09-04,arabic.rt.com,domain,42,credited-by-mirror
egypt,2026-09-04,sarabic.ae,domain,13,credited-by-mirror
egypt,2026-09-05,Telegram: Sputnik_Arabic,telegram,1,credited-by-mirror
egypt,2026-09-05,Telegram: rtarabictelegram,telegram,3,credited-by-mirror
egypt,2026-09-05,ar.topwar.ru,domain,3,credited-by-mirror
egypt,2026-09-05,arabic.rt.com,domain,5,credited-by-mirror
egypt,2026-09-05,sarabic.ae,domain,3,credited-by-mirror
en-hu,2026-09-01,Telegram: greatawakeningmagyarok,telegram,21,credited-by-mirror
en-hu,2026-09-01,Telegram: oroszokazigazsagoldalan,telegram,1,credited-by-mirror
en-hu,2026-09-01,Telegram: ukr_2025_ru,telegram,1,credited-by-mirror
en-hu,2026-09-01,en.news-front.su,domain,1,credited-by-mirror
en-hu,2026-09-01,swentr.site,domain,1,credited-by-mirror
en-hu,2026-09-02,Telegram: SolovievLive,telegram,1,credited-by-mirror
en-hu,2026-09-02,Telegram: greatawakeningmagyarok,telegram,5,credited-by-mirror
en-hu,2026-09-02,Telegram: llordofwar,telegram,1,credited-by-mirror
en-hu,2026-09-02,Telegram: oroszokazigazsagoldalan,telegram,3,credited-by-mirror
en-hu,2026-09-02,Telegram: tassagency_en,telegram,2,credited-by-mirror
en-hu,2026-09-02,en.news-front.su,domain,1,credited-by-mirror
en-hu,2026-09-02,swentr.site,domain,1,credited-by-mirror
en-hu,2026-09-03,Telegram: greatawakeningmagyarok,telegram,5,credited-by-mirror
en-hu,2026-09-03,Telegram: llordofwar,telegram,1,credited-by-mirror
en-hu,2026-09-03,Telegram: lomovkaa,telegram,1,credited-by-mirror
en-hu,2026-09-03,Telegram: oroszokazigazsagoldalan,telegram,2,credited-by-mirror
en-hu,2026-09-03,Telegram: tassagency_en,telegram,1,credited-by-mirror
en-hu,2026-09-03,en.news-front.su,domain,1,credited-by-mirror
en-hu,2026-09-04,Telegram: greatawakeningmagyarok,telegram,1,credited-by-mirror
en-hu,2026-09-04,Telegram: lomovkaa,telegram,2,credited-by-mirror
en-hu,2026-09-05,Telegram: greatawakeningmagyarok,telegram,2,credited-by-mirror
en-hu,2026-09-05,Telegram: lomovkaa,telegram,1,credited-by-mirror
en-jp,2026-09-01,Telegram: llordofwar,telegram,4,credited-by-mirror
en-jp,2026-09-01,Telegram: lomovkaa,telegram,1,credited-by-mirror
en-jp,2026-09-01,Telegram: rybar_pacific,telegram,1,credited-by-mirror
en-jp,2026-09-01,Telegram: tassagency_en,telegram,1,credited-by-mirror
en-jp,2026-09-01,en.topwar.ru,domain,2,credited-by-mirror
en-jp,2026-09-02,Telegram: dimsmirnov175,telegram,1,credited-by-mirror
en-jp,2026-09-02,Telegram: rybar_pacific,telegram,1,credited-by-mirror
en-jp,2026-09-02,Telegram: tassagency_en,telegram,1,credited-by-mirror
en-jp,2026-09-02,swentr.site,domain,1,credited-by-mirror
en-jp,2026-09-03,Telegram: llordofwar,telegram,4,credited-by-mirror
en-jp,2026-09-03,Telegram: rybar_pacific,telegram,1,credited-by-mirror
en-jp,2026-09-03,Telegram: tassagency_en,telegram,2,credited-by-mirror
en-jp,2026-09-03,en.topwar.ru,domain,1,credited-by-mirror
en-jp,2026-09-03,swentr.site,domain,2,credited-by-mirror
en-jp,2026-09-04,Telegram: dimsmirnov175,telegram,1,credited-by-mirror
en-jp,2026-09-04,Telegram: lomovkaa,telegram,1,credited-by-mirror
en-jp,2026-09-04,Telegram: rybar_pacific,telegram,3,credited-by-mirror
en-jp,2026-09-04,Telegram: tassagency_en,telegram,2,credited-by-mirror
en-jp,2026-09-05,swentr.site,domain,1,credited-by-mirror
en-ro,2026-09-01,Telegram: llordofwar,telegram,5,credited-by-mirror
en-ro,2026-09-01,Telegram: sputniklive,telegram,1,credited-by-mirror
en-ro,2026-09-01,en.topwar.ru,domain,2,credited-by-mirror
en-ro,2026-09-01,swentr.site,domain,1,credited-by-mirror
en-ro,2026-09-02,en.topwar.ru,domain,2,credited-by-mirror
en-ro,2026-09-03,Telegram: llordofwar,telegram,1,credited-by-mirror
en-ro,2026-09-03,en.topwar.ru,domain,1,credited-by-mirror
en-ro,2026-09-04,Telegram: llordofwar,telegram,1,credited-by-mirror
en-ro,2026-09-04,swentr.site,domain,1,credited-by-mirror
en-ro,2026-09-05,en.topwar.ru,domain,1,credited-by-mirror
eritrea,2026-09-01,Telegram: btr80_en,telegram,4,credited-by-mirror
eritrea,2026-09-01,arabic.rt.com,domain,2,credited-by-mirror
eritrea,2026-09-02,Telegram: btr80_en,telegram,1,credited-by-mirror
eritrea,2026-09-02,Telegram: rtarabictelegram,telegram,1,credited-by-mirror
eritrea,2026-09-02,arabic.rt.com,domain,2,credited-by-mirror
eritrea,2026-09-03,Telegram: africaninitiative,telegram,1,credited-by-mirror
eritrea,2026-09-03,Telegram: btr80_en,telegram,3,credited-by-mirror
eritrea,2026-09-03,arabic.rt.com,domain,2,credited-by-mirror
eritrea,2026-09-03,sarabic.ae,domain,1,credited-by-mirror
eritrea,2026-09-04,Telegram: btr80_en,telegram,3,credited-by-mirror
eritrea,2026-09-04,arabic.rt.com,domain,1,credited-by-mirror
eritrea,2026-09-04,sarabic.ae,domain,1,credited-by-mirror
eritrea,2026-09-05,Telegram: btr80_en,telegram,2,credited-by-mirror
estonia,2026-09-01,Telegrami InfoDefEstonia,other,6,credited-by-mirror
estonia,2026-09-01,Telegrami antifalivland,other,1,credited-by-mirror
estonia,2026-09-01,Telegrami baltnews,other,7,credited-by-mirror
estonia,2026-09-01,Telegrami eestipost,other,3,credited-by-mirror
estonia,2026-09-01,Telegrami sputniklive,other,5,credited-by-mirror
estonia,2026-09-01,Telegrami tenipribaltiki,other,3,credited-by-mirror
estonia,2026-09-02,Telegrami InfoDefEstonia,other,5,credited-by-mirror
estonia,2026-09-02,Telegrami antifalivland,other,2,credited-by-mirror
estonia,2026-09-02,Telegrami baltnews,other,7,credited-by-mirror
estonia,2026-09-02,Telegrami eestipost,other,8,credited-by-mirror
estonia,2026-09-02,Telegrami sputniklive,other,3,credited-by-mirror
estonia,2026-09-02,Telegrami tenipribaltiki,other,2,credited-by-mirror
estonia,2026-09-03,Telegrami InfoDefEstonia,other,9,credited-by-mirror
estonia,2026-09-03,Telegrami antifalivland,other,2,credited-by-mirror
estonia,2026-09-03,Telegrami baltnews,other,2,credited-by-mirror
estonia,2026-09-03,Telegrami eestipost,other,8,credited-by-mirror
estonia,2026-09-03,Telegrami sputniklive,other,3,credited-by-mirror
estonia,2026-09-03,Telegrami tenipribaltiki,other,3,credited-by-mirror
estonia,2026-09-04,Telegrami InfoDefEstonia,other,7,credited-by-mirror
estonia,2026-09-04,Telegrami antifalivland,other,3,credited-by-mirror
estonia,2026-09-04,Telegrami baltnews,other,2,credited-by-mirror
estonia,2026-09-04,Telegrami eestipost,other,7,credited-by-mirror
estonia,2026-09-04,Telegrami sputniklive,other,2,credited-by-mirror
estonia,2026-09-04,Telegrami tenipribaltiki,other,3,credited-by-mirror
estonia,2026-09-05,Telegrami InfoDefEstonia,other,2,credited-by-mirror
estonia,2026-09-05,Telegrami eestipost,other,1,credited-by-mirror
eu,2026-09-01,Telegram: EastCalling,telegram,5,credited-by-mirror
eu,2026-09-01,Telegram: fr0m_Russia_with_L0ve,telegram,17,credited-by-mirror
eu,2026-09-01,Telegram: llordofwar,telegram,7,credited-by-mirror
eu,2026-09-01,Telegram: lomovkaa,telegram,4,credited-by-mirror
eu,2026-09-01,Telegram: ostashkonews,telegram,5,credited-by-mirror
eu,2026-09-01,Telegram: voicesofrevelation1,telegram,7,credited-by-mirror
eu,2026-09-01,swentr.site,domain,4,credited-by-mirror
eu,2026-09-02,Telegram: EastCalling,telegram,10,credited-by-mirror
eu,2026-09-02,Telegram: fr0m_Russia_with_L0ve,telegram,13,credited-by-mirror
eu,2026-09-02,Telegram: llordofwar,telegram,9,credited-by-mirror
eu,2026-09-02,Telegram: lomovkaa,telegram,6,credited-by-mirror
eu,2026-09-02,Telegram: ostashkonews,telegram,5,credited-by-mirror
eu,2026-09-02,Telegram: voicesofrevelation1,telegram,2,credited-by-mirror
eu,2026-09-02,swentr.site,domain,4,credited-by-mirror
eu,2026-09-03,Telegram: EastCalling,telegram,7,credited-by-mirror
eu,2026-09-03,Telegram: fr0m_Russia_with_L0ve,telegram,20,credited-by-mirror
eu,2026-09-03,Telegram: llordofwar,telegram,7,credited-by-mirror
eu,2026-09-03,Telegram: lomovkaa,telegram,7,credited-by-mirror
eu,2026-09-03,Telegram: ostashkonews,telegram,4,credited-by-mirror
eu,2026-09-03,Telegram: voicesofrevelation1,telegram,5,credited-by-mirror
eu,2026-09-03,swentr.site,domain,3,credited-by-mirror
eu,2026-09-04,Telegram: EastCalling,telegram,8,credited-by-mirror
eu,2026-09-04,Telegram: fr0m_Russia_with_L0ve,telegram,11,credited-by-mirror
eu,2026-09-04,Telegram: llordofwar,telegram,9,credited-by-mirror
eu,2026-09-04,Telegram: lomovkaa,telegram,5,credited-by-mirror
eu,2026-09-04,Telegram: ostashkonews,telegram,6,credited-by-mirror
eu,2026-09-04,Telegram: voicesofrevelation1,telegram,5,credited-by-mirror
eu,2026-09-04,swentr.site,domain,3,credited-by-mirror
eu,2026-09-05,Telegram: EastCalling,telegram,3,credited-by-mirror
eu,2026-09-05,Telegram: fr0m_Russia_with_L0ve,telegram,5,credited-by-mirror
eu,2026-09-05,Telegram: lomovkaa,telegram,1,credited-by-mirror
eu,2026-09-05,swentr.site,domain,1,credited-by-mirror
finland,2026-09-01,Telegram: InfodefSCANDINAVIA,telegram,1,credited-by-mirror
finland,2026-09-01,Telegram: baltnews,telegram,1,credited-by-mirror
finland,2026-09-02,Telegram: InfodefSCANDINAVIA,telegram,2,credited-by-mirror
finland,2026-09-02,Telegram: baltnews,telegram,1,credited-by-mirror
finland,2026-09-03,Telegram: InfodefSCANDINAVIA,telegram,2,credited-by-mirror
finland,2026-09-04,Telegram: InfodefSCANDINAVIA,telegram,2,credited-by-mirror
finland,2026-09-04,Telegram: ostashkonews,telegram,1,credited-by-mirror
finland,2026-09-05,Telegram: InfodefSCANDINAVIA,telegram,1,credited-by-mirror
francais,2026-09-01,Telegram: BorisKarpovRussie,telegram,12,credited-by-mirror
francais,2026-09-01,Telegram: BrainlessChanelx,telegram,18,credited-by-mirror
francais,2026-09-01,Telegram: RTenfrancais,telegram,14,credited-by-mirror
francais,2026-09-01,Telegram: info0701world,telegram,12,credited-by-mirror
francais,2026-09-01,Telegram: mondepourtous,telegram,1,credited-by-mirror
francais,2026-09-01,Telegram: russosphere,telegram,5,credited-by-mirror
francais,2026-09-01,fr.topwar.ru,domain,16,credited-by-mirror
francais,2026-09-01,francais.rt.com,domain,10,credited-by-mirror
francais,2026-09-02,Telegram: BorisKarpovRussie,telegram,9,credited-by-mirror
francais,2026-09-02,Telegram: BrainlessChanelx,telegram,13,credited-by-mirror
francais,2026-09-02,Telegram: RTenfrancais,telegram,16,credited-by-mirror
francais,2026-09-02,Telegram: info0701world,telegram,10,credited-by-mirror
francais,2026-09-02,Telegram: russosphere,telegram,7,credited-by-mirror
francais,2026-09-02,fr.topwar.ru,domain,20,credited-by-mirror
francais,2026-09-02,francais.rt.com,domain,3,credited-by-mirror
francais,2026-09-03,Telegram: BorisKarpovRussie,telegram,16,credited-by-mirror
francais,2026-09-03,Telegram: BrainlessChanelx,telegram,13,credited-by-mirror
francais,2026-09-03,Telegram: RTenfrancais,telegram,7,credited-by-mirror
francais,2026-09-03,Telegram: info0701world,telegram,7,credited-by-mirror
francais,2026-09-03,Telegram: russosphere,telegram,4,credited-by-mirror
francais,2026-09-03,fr.topwar.ru,domain,17,credited-by-mirror
francais,2026-09-03,francais.rt.com,domain,2,credited-by-mirror
francais,2026-09-04,Telegram: BorisKarpovRussie,telegram,8,credited-by-mirror
francais,2026-09-04,Telegram: BrainlessChanelx,telegram,14,credited-by-mirror
francais,2026-09-04,Telegram: RTenfrancais,telegram,8,credited-by-mirror
francais,2026-09-04,Telegram: info0701world,telegram,11,credited-by-mirror
francais,2026-09-04,Telegram: mondepourtous,telegram,1,credited-by-mirror
francais,2026-09-04,Telegram: russosphere,telegram,8,credited-by-mirror
francais,2026-09-04,fr.topwar.ru,domain,17,credited-by-mirror
francais,2026-09-04,francais.rt.com,domain,8,credited-by-mirror
francais,2026-09-05,Telegram: BorisKarpovRussie,telegram,4,credited-by-mirror
francais,2026-09-05,Telegram: BrainlessChanelx,telegram,5,credited-by-mirror
francais,2026-09-05,Telegram: RTenfrancais,telegram,1,credited-by-mirror
francais,2026-09-05,fr.topwar.ru,domain,8,credited-by-mirror
francais,2026-09-05,francais.rt.com,domain,1,credited-by-mirror
france,2026-09-01,Telegram: Chroniquesennews,telegram,2,credited-by-mirror
france,2026-09-01,Telegram: GPTVoff,telegram,10,credited-by-mirror
france,2026-09-01,Telegram: LaVeriteCensureeoff,telegram,8,credited-by-mirror
france,2026-09-01,Telegram: MTnews_france,telegram,38,credited-by-mirror
france,2026-09-01,Telegram: REF_INFO24,telegram,17,credited-by-mirror
france,2026-09-01,Telegram: RTenfrancais,telegram,4,credited-by-mirror
france,2026-09-01,Telegram: TASS_europe,telegram,7,credited-by-mirror
france,2026-09-01,Telegram: la_nouvelle_france,telegram,14,credited-by-mirror
france,2026-09-01,Telegram: leveil2022,telegram,9,credited-by-mirror
france,2026-09-01,francais.rt.com,domain,6,credited-by-mirror
france,2026-09-02,Telegram: Chroniquesennews,telegram,2,credited-by-mirror
france,2026-09-02,Telegram: GPTVoff,telegram,11,credited-by-mirror
france,2026-09-02,Telegram: LaVeriteCensureeoff,telegram,14,credited-by-mirror
france,2026-09-02,Telegram: MTnews_france,telegram,20,credited-by-mirror
france,2026-09-02,Telegram: REF_INFO24,telegram,8,credited-by-mirror
france,2026-09-02,Telegram: RTenfrancais,telegram,11,credited-by-mirror
france,2026-09-02,Telegram: TASS_europe,telegram,4,credited-by-mirror
france,2026-09-02,Telegram: la_nouvelle_france,telegram,13,credited-by-mirror
france,2026-09-02,Telegram: leveil2022,telegram,8,credited-by-mirror
france,2026-09-02,francais.rt.com,domain,5,credited-by-mirror
france,2026-09-03,Telegram: GPTVoff,telegram,10,credited-by-mirror
france,2026-09-03,Telegram: LaVeriteCensureeoff,telegram,12,credited-by-mirror
france,2026-09-03,Telegram: MTnews_france,telegram,19,credited-by-mirror
france,2026-09-03,Telegram: REF_INFO24,telegram,14,credited-by-mirror
france,2026-09-03,Telegram: RTenfrancais,telegram,8,credited-by-mirror
france,2026-09-03,Telegram: TASS_europe,telegram,12,credited-by-mirror
france,2026-09-03,Telegram: la_nouvelle_france,telegram,12,credited-by-mirror
france,2026-09-03,Telegram: leveil2022,telegram,10,credited-by-mirror
france,2026-09-03,francais.rt.com,domain,6,credited-by-mirror
france,2026-09-04,Telegram: Chroniquesennews,telegram,3,credited-by-mirror
france,2026-09-04,Telegram: GPTVoff,telegram,10,credited-by-mirror
france,2026-09-04,Telegram: LaVeriteCensureeoff,telegram,11,credited-by-mirror
france,2026-09-04,Telegram: MTnews_france,telegram,21,credited-by-mirror
france,2026-09-04,Telegram: REF_INFO24,telegram,9,credited-by-mirror
france,2026-09-04,Telegram: RTenfrancais,telegram,4,credited-by-mirror
france,2026-09-04,Telegram: TASS_europe,telegram,10,credited-by-mirror
france,2026-09-04,Telegram: la_nouvelle_france,telegram,13,credited-by-mirror
france,2026-09-04,Telegram: leveil2022,telegram,11,credited-by-mirror
france,2026-09-04,francais.rt.com,domain,7,credited-by-mirror
france,2026-09-05,Telegram: GPTVoff,telegram,3,credited-by-mirror
france,2026-09-05,Telegram: MTnews_france,telegram,1,credited-by-mirror
france,2026-09-05,Telegram: RTenfrancais,telegram,2,credited-by-mirror
france,2026-09-05,Telegram: la_nouvelle_france,telegram,5,credited-by-mirror
france,2026-09-05,Telegram: leveil2022,telegram,1,credited-by-mirror
gambia,2026-09-01,Telegram: africaninitiative,telegram,1,credited-by-mirror
gambia,2026-09-01,Telegram: westernafrica,telegram,1,credited-by-mirror
ge,2026-09-01,MAX sputnik-georgia_ru,max,7,credited-by-mirror
ge,2026-09-01,Telegram: SputnikGeorgia,telegram,12,credited-by-mirror
ge,2026-09-01,Telegram: SputnikSaqartvelo,telegram,22,credited-by-mirror
ge,2026-09-01,Telegram: caucasar,telegram,1,credited-by-mirror
ge,2026-09-01,Telegram: sputniklive,telegram,1,credited-by-mirror
ge,2026-09-01,ge.news-front.su,domain,1,credited-by-mirror
ge,2026-09-01,sputnik-georgia.com,domain,30,credited-by-mirror
ge,2026-09-01,sputnik-georgia.ru,domain,27,credited-by-mirror
ge,2026-09-02,MAX sputnik-georgia_ru,max,4,credited-by-mirror
ge,2026-09-02,Telegram: SputnikGeorgia,telegram,16,credited-by-mirror
ge,2026-09-02,Telegram: SputnikSaqartvelo,telegram,22,credited-by-mirror
ge,2026-09-02,Telegram: sputniklive,telegram,1,credited-by-mirror
ge,2026-09-02,ge.news-front.su,domain,2,credited-by-mirror
ge,2026-09-02,sputnik-georgia.com,domain,29,credited-by-mirror
ge,2026-09-02,sputnik-georgia.ru,domain,18,credited-by-mirror
ge,2026-09-03,MAX sputnik-georgia_ru,max,5,credited-by-mirror
ge,2026-09-03,Telegram: SputnikGeorgia,telegram,16,credited-by-mirror
ge,2026-09-03,Telegram: SputnikSaqartvelo,telegram,22,credited-by-mirror
ge,2026-09-03,Telegram: caucasar,telegram,2,credited-by-mirror
ge,2026-09-03,Telegram: sputniklive,telegram,3,credited-by-mirror
ge,2026-09-03,ge.news-front.su,domain,4,credited-by-mirror
ge,2026-09-03,sputnik-georgia.com,domain,23,credited-by-mirror
ge,2026-09-03,sputnik-georgia.ru,domain,25,credited-by-mirror
ge,2026-09-04,MAX sputnik-georgia_ru,max,2,credited-by-mirror
ge,2026-09-04,Telegram: SputnikGeorgia,telegram,15,credited-by-mirror
ge,2026-09-04,Telegram: SputnikSaqartvelo,telegram,21,credited-by-mirror
ge,2026-09-04,Telegram: caucasar,telegram,3,credited-by-mirror
ge,2026-09-04,ge.news-front.su,domain,2,credited-by-mirror
ge,2026-09-04,sputnik-georgia.com,domain,20,credited-by-mirror
ge,2026-09-04,sputnik-georgia.ru,domain,22,credited-by-mirror
ge,2026-09-05,MAX sputnik-georgia_ru,max,1,credited-by-mirror
ge,2026-09-05,Telegram: SputnikGeorgia,telegram,2,credited-by-mirror
ge,2026-09-05,Telegram: SputnikSaqartvelo,telegram,3,credited-by-mirror
ge,2026-09-05,sputnik-georgia.com,domain,8,credited-by-mirror
ge,2026-09-05,sputnik-georgia.ru,domain,5,credited-by-mirror
germany,2026-09-01,Telegram: CompactMagazin,telegram,5,credited-by-mirror
germany,2026-09-01,Telegram: Folgedemplan,telegram,8,credited-by-mirror
germany,2026-09-01,Telegram: GHZFriedrichMaik,telegram,8,credited-by-mirror
germany,2026-09-01,Telegram: KriegsKorrespondent,telegram,17,credited-by-mirror
germany,2026-09-01,Telegram: MTnews_Deutsch,telegram,8,credited-by-mirror
germany,2026-09-01,Telegram: No_Pasaran2022,telegram,8,credited-by-mirror
germany,2026-09-01,Telegram: koppreport,telegram,8,credited-by-mirror
germany,2026-09-01,Telegram: satellit_de,telegram,7,credited-by-mirror
germany,2026-09-01,Telegram: voelkerderwelt,telegram,8,credited-by-mirror
germany,2026-09-01,de.rt.com,domain,13,credited-by-mirror
germany,2026-09-02,Telegram: CompactMagazin,telegram,7,credited-by-mirror
germany,2026-09-02,Telegram: Folgedemplan,telegram,12,credited-by-mirror
germany,2026-09-02,Telegram: GHZFriedrichMaik,telegram,4,credited-by-mirror
germany,2026-09-02,Telegram: KriegsKorrespondent,telegram,10,credited-by-mirror
germany,2026-09-02,Telegram: MTnews_Deutsch,telegram,6,credited-by-mirror
germany,2026-09-02,Telegram: No_Pasaran2022,telegram,21,credited-by-mirror
germany,2026-09-02,Telegram: koppreport,telegram,7,credited-by-mirror
germany,2026-09-02,Telegram: satellit_de,telegram,7,credited-by-mirror
germany,2026-09-02,Telegram: voelkerderwelt,telegram,8,credited-by-mirror
germany,2026-09-02,de.rt.com,domain,18,credited-by-mirror
germany,2026-09-03,Telegram: CompactMagazin,telegram,7,credited-by-mirror
germany,2026-09-03,Telegram: Folgedemplan,telegram,18,credited-by-mirror
germany,2026-09-03,Telegram: GHZFriedrichMaik,telegram,4,credited-by-mirror
germany,2026-09-03,Telegram: KriegsKorrespondent,telegram,12,credited-by-mirror
germany,2026-09-03,Telegram: MTnews_Deutsch,telegram,9,credited-by-mirror
germany,2026-09-03,Telegram: No_Pasaran2022,telegram,6,credited-by-mirror
germany,2026-09-03,Telegram: koppreport,telegram,4,credited-by-mirror
germany,2026-09-03,Telegram: satellit_de,telegram,2,credited-by-mirror
germany,2026-09-03,Telegram: voelkerderwelt,telegram,12,credited-by-mirror
germany,2026-09-03,de.rt.com,domain,14,credited-by-mirror
germany,2026-09-04,Telegram: CompactMagazin,telegram,4,credited-by-mirror
germany,2026-09-04,Telegram: Folgedemplan,telegram,1,credited-by-mirror
germany,2026-09-04,Telegram: GHZFriedrichMaik,telegram,2,credited-by-mirror
germany,2026-09-04,Telegram: KriegsKorrespondent,telegram,17,credited-by-mirror
germany,2026-09-04,Telegram: MTnews_Deutsch,telegram,7,credited-by-mirror
germany,2026-09-04,Telegram: No_Pasaran2022,telegram,12,credited-by-mirror
germany,2026-09-04,Telegram: koppreport,telegram,7,credited-by-mirror
germany,2026-09-04,Telegram: satellit_de,telegram,4,credited-by-mirror
germany,2026-09-04,Telegram: voelkerderwelt,telegram,11,credited-by-mirror
germany,2026-09-04,de.rt.com,domain,6,credited-by-mirror
germany,2026-09-05,Telegram: CompactMagazin,telegram,1,credited-by-mirror
germany,2026-09-05,Telegram: Folgedemplan,telegram,15,credited-by-mirror
germany,2026-09-05,Telegram: KriegsKorrespondent,telegram,7,credited-by-mirror
germany,2026-09-05,Telegram: No_Pasaran2022,telegram,9,credited-by-mirror
germany,2026-09-05,Telegram: koppreport,telegram,2,credited-by-mirror
germany,2026-09-05,Telegram: satellit_de,telegram,1,credited-by-mirror
germany,2026-09-05,Telegram: voelkerderwelt,telegram,3,credited-by-mirror
germany,2026-09-05,de.rt.com,domain,6,credited-by-mirror
greece,2026-09-01,Telegram: ClinkerCM,telegram,1,credited-by-mirror
greece,2026-09-01,Telegram: HellasGlobalNews,telegram,6,credited-by-mirror
greece,2026-09-01,Telegram: OliaOlenkaRuGr,telegram,52,credited-by-mirror
greece,2026-09-01,Telegram: infodefGreece,telegram,3,credited-by-mirror
greece,2026-09-01,Telegram: koinos_nous,telegram,126,credited-by-mirror
greece,2026-09-01,Telegram: leblorikzov,telegram,33,credited-by-mirror
greece,2026-09-01,Telegram: skipaspakis,telegram,21,credited-by-mirror
greece,2026-09-01,Telegram: thersitisnew,telegram,1,credited-by-mirror
greece,2026-09-01,Telegram: zz5MKb_dIoJmN2Vk,telegram,9,credited-by-mirror
greece,2026-09-02,Telegram: ClinkerCM,telegram,7,credited-by-mirror
greece,2026-09-02,Telegram: HellasGlobalNews,telegram,2,credited-by-mirror
greece,2026-09-02,Telegram: OliaOlenkaRuGr,telegram,29,credited-by-mirror
greece,2026-09-02,Telegram: infodefGreece,telegram,2,credited-by-mirror
greece,2026-09-02,Telegram: koinos_nous,telegram,130,credited-by-mirror
greece,2026-09-02,Telegram: leblorikzov,telegram,34,credited-by-mirror
greece,2026-09-02,Telegram: skipaspakis,telegram,6,credited-by-mirror
greece,2026-09-02,Telegram: thersitisnew,telegram,2,credited-by-mirror
greece,2026-09-02,Telegram: zz5MKb_dIoJmN2Vk,telegram,7,credited-by-mirror
greece,2026-09-03,Telegram: ClinkerCM,telegram,6,credited-by-mirror
greece,2026-09-03,Telegram: HellasGlobalNews,telegram,1,credited-by-mirror
greece,2026-09-03,Telegram: OliaOlenkaRuGr,telegram,44,credited-by-mirror
greece,2026-09-03,Telegram: infodefGreece,telegram,4,credited-by-mirror
greece,2026-09-03,Telegram: koinos_nous,telegram,128,credited-by-mirror
greece,2026-09-03,Telegram: leblorikzov,telegram,46,credited-by-mirror
greece,2026-09-03,Telegram: skipaspakis,telegram,18,credited-by-mirror
greece,2026-09-03,Telegram: zz5MKb_dIoJmN2Vk,telegram,9,credited-by-mirror
greece,2026-09-04,Telegram: ClinkerCM,telegram,3,credited-by-mirror
greece,2026-09-04,Telegram: HellasGlobalNews,telegram,3,credited-by-mirror
greece,2026-09-04,Telegram: OliaOlenkaRuGr,telegram,34,credited-by-mirror
greece,2026-09-04,Telegram: infodefGreece,telegram,7,credited-by-mirror
greece,2026-09-04,Telegram: koinos_nous,telegram,59,credited-by-mirror
greece,2026-09-04,Telegram: leblorikzov,telegram,43,credited-by-mirror
greece,2026-09-04,Telegram: skipaspakis,telegram,6,credited-by-mirror
greece,2026-09-04,Telegram: thersitisnew,telegram,1,credited-by-mirror
greece,2026-09-04,Telegram: zz5MKb_dIoJmN2Vk,telegram,2,credited-by-mirror
greece,2026-09-05,Telegram: ClinkerCM,telegram,1,credited-by-mirror
greece,2026-09-05,Telegram: infodefGreece,telegram,1,credited-by-mirror
greece,2026-09-05,Telegram: koinos_nous,telegram,13,credited-by-mirror
greece,2026-09-05,Telegram: leblorikzov,telegram,3,credited-by-mirror
greece,2026-09-05,Telegram: skipaspakis,telegram,1,credited-by-mirror
greece,2026-09-05,Telegram: thersitisnew,telegram,4,credited-by-mirror
guinea,2026-09-01,Telegram: RTenfrancais,telegram,1,credited-by-mirror
guinea,2026-09-01,Telegram: ambrusguinee,telegram,1,credited-by-mirror
guinea,2026-09-01,Telegram: westernafrica,telegram,1,credited-by-mirror
guinea,2026-09-02,Telegram: africaninitiative,telegram,1,credited-by-mirror
guinea,2026-09-02,Telegram: ambrusguinee,telegram,1,credited-by-mirror
guinea,2026-09-02,Telegram: rybar_africa,telegram,1,credited-by-mirror
guinea,2026-09-02,Telegram: sputnik_afrique,telegram,1,credited-by-mirror
guinea,2026-09-02,Telegram: westernafrica,telegram,1,credited-by-mirror
guinea,2026-09-03,Telegram: sputnik_afrique,telegram,1,credited-by-mirror
guinea,2026-09-03,Telegram: westernafrica,telegram,1,credited-by-mirror
guinea,2026-09-04,Telegram: ambrusguinee,telegram,2,credited-by-mirror
guinea,2026-09-04,Telegram: rybar_africa,telegram,1,credited-by-mirror
guinea-bissau,2026-09-02,Telegram: AfroPouchkine,telegram,1,credited-by-mirror
guinea-bissau,2026-09-02,Telegram: africaninitiative,telegram,1,credited-by-mirror
guinea-bissau,2026-09-02,Telegram: rybar_africa,telegram,1,credited-by-mirror
guinea-bissau,2026-09-02,Telegram: suverensouth,telegram,1,credited-by-mirror
guinea-bissau,2026-09-03,Telegram: westernafrica,telegram,1,credited-by-mirror
hu-hu,2026-09-01,Telegram: InfoDefMagyarok,telegram,8,credited-by-mirror
hu-hu,2026-09-01,Telegram: Rybar_HU,telegram,3,credited-by-mirror
hu-hu,2026-09-01,Telegram: VilagHelyzeteBlog,telegram,7,credited-by-mirror
hu-hu,2026-09-01,Telegram: ebredes2017,telegram,22,credited-by-mirror
hu-hu,2026-09-01,Telegram: greatawakeningmagyarok,telegram,25,credited-by-mirror
hu-hu,2026-09-01,Telegram: oroszokazigazsagoldalan,telegram,66,credited-by-mirror
hu-hu,2026-09-01,Telegram: oroszspecialiskatonaihadmuvelet,telegram,10,credited-by-mirror
hu-hu,2026-09-01,hu.news-front.su,domain,13,credited-by-mirror
hu-hu,2026-09-02,Telegram: InfoDefMagyarok,telegram,8,credited-by-mirror
hu-hu,2026-09-02,Telegram: Rybar_HU,telegram,5,credited-by-mirror
hu-hu,2026-09-02,Telegram: VilagHelyzeteBlog,telegram,4,credited-by-mirror
hu-hu,2026-09-02,Telegram: ebredes2017,telegram,33,credited-by-mirror
hu-hu,2026-09-02,Telegram: greatawakeningmagyarok,telegram,21,credited-by-mirror
hu-hu,2026-09-02,Telegram: oroszokazigazsagoldalan,telegram,66,credited-by-mirror
hu-hu,2026-09-02,Telegram: oroszspecialiskatonaihadmuvelet,telegram,6,credited-by-mirror
hu-hu,2026-09-02,hu.news-front.su,domain,15,credited-by-mirror
hu-hu,2026-09-03,Telegram: InfoDefMagyarok,telegram,4,credited-by-mirror
hu-hu,2026-09-03,Telegram: Rybar_HU,telegram,4,credited-by-mirror
hu-hu,2026-09-03,Telegram: VilagHelyzeteBlog,telegram,3,credited-by-mirror
hu-hu,2026-09-03,Telegram: ebredes2017,telegram,25,credited-by-mirror
hu-hu,2026-09-03,Telegram: greatawakeningmagyarok,telegram,24,credited-by-mirror
hu-hu,2026-09-03,Telegram: oroszokazigazsagoldalan,telegram,53,credited-by-mirror
hu-hu,2026-09-03,Telegram: oroszspecialiskatonaihadmuvelet,telegram,10,credited-by-mirror
hu-hu,2026-09-03,hu.news-front.su,domain,13,credited-by-mirror
hu-hu,2026-09-04,Telegram: InfoDefMagyarok,telegram,8,credited-by-mirror
hu-hu,2026-09-04,Telegram: Rybar_HU,telegram,3,credited-by-mirror
hu-hu,2026-09-04,Telegram: VilagHelyzeteBlog,telegram,4,credited-by-mirror
hu-hu,2026-09-04,Telegram: ebredes2017,telegram,26,credited-by-mirror
hu-hu,2026-09-04,Telegram: greatawakeningmagyarok,telegram,5,credited-by-mirror
hu-hu,2026-09-04,Telegram: oroszokazigazsagoldalan,telegram,52,credited-by-mirror
hu-hu,2026-09-04,Telegram: oroszspecialiskatonaihadmuvelet,telegram,8,credited-by-mirror
hu-hu,2026-09-04,hu.news-front.su,domain,10,credited-by-mirror
hu-hu,2026-09-05,Telegram: InfoDefMagyarok,telegram,2,credited-by-mirror
hu-hu,2026-09-05,Telegram: greatawakeningmagyarok,telegram,6,credited-by-mirror
hu-hu,2026-09-05,Telegram: oroszokazigazsagoldalan,telegram,2,credited-by-mirror
hu-hu,2026-09-05,Telegram: oroszspecialiskatonaihadmuvelet,telegram,3,credited-by-mirror
hungary,2026-09-01,Telegram: InfoDefMagyarok,telegram,8,credited-by-mirror
hungary,2026-09-01,Telegram: Rybar_HU,telegram,3,credited-by-mirror
hungary,2026-09-01,Telegram: VilagHelyzeteBlog,telegram,7,credited-by-mirror
hungary,2026-09-01,Telegram: ebredes2017,telegram,22,credited-by-mirror
hungary,2026-09-01,Telegram: greatawakeningmagyarok,telegram,25,credited-by-mirror
hungary,2026-09-01,Telegram: oroszokazigazsagoldalan,telegram,66,credited-by-mirror
hungary,2026-09-01,Telegram: oroszspecialiskatonaihadmuvelet,telegram,10,credited-by-mirror
hungary,2026-09-01,hu.news-front.su,domain,13,credited-by-mirror
hungary,2026-09-02,Telegram: InfoDefMagyarok,telegram,8,credited-by-mirror
hungary,2026-09-02,Telegram: Rybar_HU,telegram,5,credited-by-mirror
hungary,2026-09-02,Telegram: VilagHelyzeteBlog,telegram,4,credited-by-mirror
hungary,2026-09-02,Telegram: ebredes2017,telegram,33,credited-by-mirror
hungary,2026-09-02,Telegram: greatawakeningmagyarok,telegram,21,credited-by-mirror
hungary,2026-09-02,Telegram: oroszokazigazsagoldalan,telegram,66,credited-by-mirror
hungary,2026-09-02,Telegram: oroszspecialiskatonaihadmuvelet,telegram,6,credited-by-mirror
hungary,2026-09-02,hu.news-front.su,domain,15,credited-by-mirror
hungary,2026-09-03,Telegram: InfoDefMagyarok,telegram,4,credited-by-mirror
hungary,2026-09-03,Telegram: Rybar_HU,telegram,4,credited-by-mirror
hungary,2026-09-03,Telegram: VilagHelyzeteBlog,telegram,3,credited-by-mirror
hungary,2026-09-03,Telegram: ebredes2017,telegram,25,credited-by-mirror
hungary,2026-09-03,Telegram: greatawakeningmagyarok,telegram,24,credited-by-mirror
hungary,2026-09-03,Telegram: oroszokazigazsagoldalan,telegram,58,credited-by-mirror
hungary,2026-09-03,Telegram: oroszspecialiskatonaihadmuvelet,telegram,10,credited-by-mirror
hungary,2026-09-03,hu.news-front.su,domain,15,credited-by-mirror
hungary,2026-09-04,Telegram: InfoDefMagyarok,telegram,9,credited-by-mirror
hungary,2026-09-04,Telegram: Rybar_HU,telegram,3,credited-by-mirror
hungary,2026-09-04,Telegram: VilagHelyzeteBlog,telegram,4,credited-by-mirror
hungary,2026-09-04,Telegram: ebredes2017,telegram,31,credited-by-mirror
hungary,2026-09-04,Telegram: greatawakeningmagyarok,telegram,5,credited-by-mirror
hungary,2026-09-04,Telegram: oroszokazigazsagoldalan,telegram,52,credited-by-mirror
hungary,2026-09-04,Telegram: oroszspecialiskatonaihadmuvelet,telegram,8,credited-by-mirror
hungary,2026-09-04,hu.news-front.su,domain,10,credited-by-mirror
hungary,2026-09-05,Telegram: InfoDefMagyarok,telegram,2,credited-by-mirror
hungary,2026-09-05,Telegram: greatawakeningmagyarok,telegram,4,credited-by-mirror
hungary,2026-09-05,Telegram: oroszokazigazsagoldalan,telegram,2,credited-by-mirror
hungary,2026-09-05,Telegram: oroszspecialiskatonaihadmuvelet,telegram,3,credited-by-mirror
ireland,2026-09-01,Telegram: irishmaninrussia,telegram,15,credited-by-mirror
ireland,2026-09-02,Telegram: irishmaninrussia,telegram,14,credited-by-mirror
ireland,2026-09-03,Telegram: irishmaninrussia,telegram,19,credited-by-mirror
ireland,2026-09-04,Telegram: irishmaninrussia,telegram,18,credited-by-mirror
irish,2026-09-01,Telegram: irishmaninrussia,telegram,15,credited-by-mirror
irish,2026-09-02,Telegram: irishmaninrussia,telegram,13,credited-by-mirror
irish,2026-09-03,Telegram: irishmaninrussia,telegram,19,credited-by-mirror
irish,2026-09-04,Telegram: irishmaninrussia,telegram,18,credited-by-mirror
italy,2026-09-01,Telegram: WarRealTime,telegram,11,credited-by-mirror
italy,2026-09-01,Telegram: giuseppemasala,telegram,56,credited-by-mirror
italy,2026-09-01,Telegram: infodefITALY,telegram,3,credited-by-mirror
italy,2026-09-01,Telegram: russiaedintorni,telegram,18,credited-by-mirror
italy,2026-09-01,Telegram: sadefenza,telegram,13,credited-by-mirror
italy,2026-09-01,Telegram: sakeritalianotizie,telegram,36,credited-by-mirror
italy,2026-09-01,Telegram: surf_noise_ita,telegram,7,credited-by-mirror
italy,2026-09-01,Telegram: ukr_leaks_italia,telegram,7,credited-by-mirror
italy,2026-09-01,Telegram: wardigitalnews,telegram,23,credited-by-mirror
italy,2026-09-01,it.topwar.ru,domain,24,credited-by-mirror
italy,2026-09-02,Telegram: WarRealTime,telegram,7,credited-by-mirror
italy,2026-09-02,Telegram: giuseppemasala,telegram,67,credited-by-mirror
italy,2026-09-02,Telegram: infodefITALY,telegram,6,credited-by-mirror
italy,2026-09-02,Telegram: russiaedintorni,telegram,15,credited-by-mirror
italy,2026-09-02,Telegram: sadefenza,telegram,10,credited-by-mirror
italy,2026-09-02,Telegram: sakeritalianotizie,telegram,33,credited-by-mirror
italy,2026-09-02,Telegram: surf_noise_ita,telegram,8,credited-by-mirror
italy,2026-09-02,Telegram: ukr_leaks_italia,telegram,5,credited-by-mirror
italy,2026-09-02,Telegram: wardigitalnews,telegram,26,credited-by-mirror
italy,2026-09-02,it.topwar.ru,domain,30,credited-by-mirror
italy,2026-09-03,Telegram: WarRealTime,telegram,11,credited-by-mirror
italy,2026-09-03,Telegram: giuseppemasala,telegram,53,credited-by-mirror
italy,2026-09-03,Telegram: infodefITALY,telegram,9,credited-by-mirror
italy,2026-09-03,Telegram: russiaedintorni,telegram,19,credited-by-mirror
italy,2026-09-03,Telegram: sadefenza,telegram,10,credited-by-mirror
italy,2026-09-03,Telegram: sakeritalianotizie,telegram,33,credited-by-mirror
italy,2026-09-03,Telegram: surf_noise_ita,telegram,4,credited-by-mirror
italy,2026-09-03,Telegram: ukr_leaks_italia,telegram,8,credited-by-mirror
italy,2026-09-03,Telegram: wardigitalnews,telegram,27,credited-by-mirror
italy,2026-09-03,it.topwar.ru,domain,30,credited-by-mirror
italy,2026-09-04,Telegram: WarRealTime,telegram,9,credited-by-mirror
italy,2026-09-04,Telegram: giuseppemasala,telegram,59,credited-by-mirror
italy,2026-09-04,Telegram: infodefITALY,telegram,10,credited-by-mirror
italy,2026-09-04,Telegram: russiaedintorni,telegram,23,credited-by-mirror
italy,2026-09-04,Telegram: sadefenza,telegram,10,credited-by-mirror
italy,2026-09-04,Telegram: sakeritalianotizie,telegram,29,credited-by-mirror
italy,2026-09-04,Telegram: surf_noise_ita,telegram,9,credited-by-mirror
italy,2026-09-04,Telegram: ukr_leaks_italia,telegram,13,credited-by-mirror
italy,2026-09-04,Telegram: wardigitalnews,telegram,30,credited-by-mirror
italy,2026-09-04,it.topwar.ru,domain,23,credited-by-mirror
italy,2026-09-05,Telegram: WarRealTime,telegram,4,credited-by-mirror
italy,2026-09-05,Telegram: giuseppemasala,telegram,24,credited-by-mirror
italy,2026-09-05,Telegram: russiaedintorni,telegram,6,credited-by-mirror
italy,2026-09-05,Telegram: sadefenza,telegram,2,credited-by-mirror
italy,2026-09-05,Telegram: sakeritalianotizie,telegram,2,credited-by-mirror
italy,2026-09-05,Telegram: surf_noise_ita,telegram,2,credited-by-mirror
italy,2026-09-05,Telegram: wardigitalnews,telegram,6,credited-by-mirror
italy,2026-09-05,it.topwar.ru,domain,11,credited-by-mirror
ja-jp,2026-09-01,Telegram: infodefensejpn,telegram,1,credited-by-mirror
ja-jp,2026-09-01,ja.topwar.ru,domain,45,credited-by-mirror
ja-jp,2026-09-02,Telegram: infodefensejpn,telegram,2,credited-by-mirror
ja-jp,2026-09-02,ja.topwar.ru,domain,45,credited-by-mirror
ja-jp,2026-09-03,Telegram: infodefensejpn,telegram,7,credited-by-mirror
ja-jp,2026-09-03,Telegram: rusembjp,telegram,1,credited-by-mirror
ja-jp,2026-09-03,ja.topwar.ru,domain,48,credited-by-mirror
ja-jp,2026-09-03,sputniknews.jp,domain,3,credited-by-mirror
ja-jp,2026-09-04,Telegram: infodefensejpn,telegram,6,credited-by-mirror
ja-jp,2026-09-04,Telegram: rusembjp,telegram,1,credited-by-mirror
ja-jp,2026-09-04,ja.topwar.ru,domain,44,credited-by-mirror
ja-jp,2026-09-05,Telegram: infodefensejpn,telegram,1,credited-by-mirror
ja-jp,2026-09-05,ja.topwar.ru,domain,11,credited-by-mirror
japan,2026-09-01,Telegram: infodefensejpn,telegram,1,credited-by-mirror
japan,2026-09-01,ja.topwar.ru,domain,45,credited-by-mirror
japan,2026-09-02,Telegram: infodefensejpn,telegram,2,credited-by-mirror
japan,2026-09-02,ja.topwar.ru,domain,45,credited-by-mirror
japan,2026-09-03,Telegram: infodefensejpn,telegram,7,credited-by-mirror
japan,2026-09-03,Telegram: rusembjp,telegram,1,credited-by-mirror
japan,2026-09-03,ja.topwar.ru,domain,48,credited-by-mirror
japan,2026-09-03,sputniknews.jp,domain,3,credited-by-mirror
japan,2026-09-04,Telegram: infodefensejpn,telegram,6,credited-by-mirror
japan,2026-09-04,Telegram: rusembjp,telegram,1,credited-by-mirror
japan,2026-09-04,ja.topwar.ru,domain,44,credited-by-mirror
japan,2026-09-05,Telegram: infodefensejpn,telegram,1,credited-by-mirror
japan,2026-09-05,ja.topwar.ru,domain,11,credited-by-mirror
korea,2026-09-01,Telegram: newstapa,telegram,4,credited-by-mirror
korea,2026-09-01,Telegram: nucdprk,telegram,6,credited-by-mirror
korea,2026-09-01,ko.topwar.ru,domain,41,credited-by-mirror
korea,2026-09-02,Telegram: newstapa,telegram,3,credited-by-mirror
korea,2026-09-02,Telegram: nucdprk,telegram,3,credited-by-mirror
korea,2026-09-02,ko.topwar.ru,domain,44,credited-by-mirror
korea,2026-09-03,Telegram: newstapa,telegram,5,credited-by-mirror
korea,2026-09-03,Telegram: nucdprk,telegram,2,credited-by-mirror
korea,2026-09-03,ko.topwar.ru,domain,44,credited-by-mirror
korea,2026-09-04,Telegram: newstapa,telegram,3,credited-by-mirror
korea,2026-09-04,Telegram: nucdprk,telegram,15,credited-by-mirror
korea,2026-09-04,ko.topwar.ru,domain,42,credited-by-mirror
korea,2026-09-05,ko.topwar.ru,domain,12,credited-by-mirror
latvia,2026-09-01,MAX lv_sputniknews_ru,max,32,credited-by-mirror
latvia,2026-09-01,Telegram: InfodefenseLVA,telegram,2,credited-by-mirror
latvia,2026-09-01,Telegram: LaimesLaacis,telegram,6,credited-by-mirror
latvia,2026-09-01,Telegram: antifalivland,telegram,1,credited-by-mirror
latvia,2026-09-01,Telegram: baltnews,telegram,12,credited-by-mirror
latvia,2026-09-01,Telegram: pretcheck,telegram,3,credited-by-mirror
latvia,2026-09-01,Telegram: sputniklive,telegram,3,credited-by-mirror
latvia,2026-09-01,Telegram: tenipribaltiki,telegram,4,credited-by-mirror
latvia,2026-09-02,MAX lv_sputniknews_ru,max,37,credited-by-mirror
latvia,2026-09-02,Telegram: InfodefenseLVA,telegram,7,credited-by-mirror
latvia,2026-09-02,Telegram: LaimesLaacis,telegram,8,credited-by-mirror
latvia,2026-09-02,Telegram: antifalivland,telegram,2,credited-by-mirror
latvia,2026-09-02,Telegram: baltnews,telegram,3,credited-by-mirror
latvia,2026-09-02,Telegram: pretcheck,telegram,3,credited-by-mirror
latvia,2026-09-02,Telegram: sputniklive,telegram,4,credited-by-mirror
latvia,2026-09-02,Telegram: tenipribaltiki,telegram,4,credited-by-mirror
latvia,2026-09-03,MAX lv_sputniknews_ru,max,35,credited-by-mirror
latvia,2026-09-03,Telegram: InfodefenseLVA,telegram,6,credited-by-mirror
latvia,2026-09-03,Telegram: LaimesLaacis,telegram,7,credited-by-mirror
latvia,2026-09-03,Telegram: antifalivland,telegram,3,credited-by-mirror
latvia,2026-09-03,Telegram: baltnews,telegram,5,credited-by-mirror
latvia,2026-09-03,Telegram: pretcheck,telegram,2,credited-by-mirror
latvia,2026-09-03,Telegram: tenipribaltiki,telegram,2,credited-by-mirror
latvia,2026-09-04,MAX lv_sputniknews_ru,max,39,credited-by-mirror
latvia,2026-09-04,Telegram: InfodefenseLVA,telegram,5,credited-by-mirror
latvia,2026-09-04,Telegram: LaimesLaacis,telegram,6,credited-by-mirror
latvia,2026-09-04,Telegram: baltnews,telegram,6,credited-by-mirror
latvia,2026-09-04,Telegram: pretcheck,telegram,2,credited-by-mirror
latvia,2026-09-04,Telegram: sputniklive,telegram,1,credited-by-mirror
latvia,2026-09-04,Telegram: tenipribaltiki,telegram,5,credited-by-mirror
latvia,2026-09-05,Telegram: InfodefenseLVA,telegram,2,credited-by-mirror
latvia,2026-09-05,Telegram: LaimesLaacis,telegram,2,credited-by-mirror
latvia,2026-09-05,Telegram: antifalivland,telegram,1,credited-by-mirror
latvia,2026-09-05,Telegram: pretcheck,telegram,1,credited-by-mirror
latvia,2026-09-05,Telegram: sputniklive,telegram,1,credited-by-mirror
latvia,2026-09-05,Telegram: tenipribaltiki,telegram,1,credited-by-mirror
lithuania,2026-09-01,Telegram: InfoDefenseLIT,telegram,3,credited-by-mirror
lithuania,2026-09-01,Telegram: baltnews,telegram,4,credited-by-mirror
lithuania,2026-09-01,Telegram: sputniklive,telegram,2,credited-by-mirror
lithuania,2026-09-01,Telegram: sputniknews_lt,telegram,17,credited-by-mirror
lithuania,2026-09-01,Telegram: tenipribaltiki,telegram,3,credited-by-mirror
lithuania,2026-09-01,Telegram: vardantosLietuvos,telegram,6,credited-by-mirror
lithuania,2026-09-02,Telegram: InfoDefenseLIT,telegram,4,credited-by-mirror
lithuania,2026-09-02,Telegram: baltnews,telegram,10,credited-by-mirror
lithuania,2026-09-02,Telegram: sputniklive,telegram,2,credited-by-mirror
lithuania,2026-09-02,Telegram: sputniknews_lt,telegram,16,credited-by-mirror
lithuania,2026-09-02,Telegram: tenipribaltiki,telegram,3,credited-by-mirror
lithuania,2026-09-02,Telegram: vardantosLietuvos,telegram,5,credited-by-mirror
lithuania,2026-09-03,Telegram: InfoDefenseLIT,telegram,2,credited-by-mirror
lithuania,2026-09-03,Telegram: baltnews,telegram,7,credited-by-mirror
lithuania,2026-09-03,Telegram: sputniklive,telegram,1,credited-by-mirror
lithuania,2026-09-03,Telegram: sputniknews_lt,telegram,21,credited-by-mirror
lithuania,2026-09-03,Telegram: tenipribaltiki,telegram,2,credited-by-mirror
lithuania,2026-09-03,Telegram: vardantosLietuvos,telegram,4,credited-by-mirror
lithuania,2026-09-04,Telegram: InfoDefenseLIT,telegram,2,credited-by-mirror
lithuania,2026-09-04,Telegram: baltnews,telegram,4,credited-by-mirror
lithuania,2026-09-04,Telegram: sputniknews_lt,telegram,10,credited-by-mirror
lithuania,2026-09-04,Telegram: tenipribaltiki,telegram,2,credited-by-mirror
lithuania,2026-09-04,Telegram: vardantosLietuvos,telegram,5,credited-by-mirror
lithuania,2026-09-05,Telegram: sputniklive,telegram,1,credited-by-mirror
lithuania,2026-09-05,Telegram: sputniknews_lt,telegram,1,credited-by-mirror
lithuania,2026-09-05,Telegram: tenipribaltiki,telegram,1,credited-by-mirror
lithuania,2026-09-05,Telegram: vardantosLietuvos,telegram,2,credited-by-mirror
lt,2026-09-01,Telegram: InfoDefenseLIT,telegram,3,credited-by-mirror
lt,2026-09-01,Telegram: baltnews,telegram,4,credited-by-mirror
lt,2026-09-01,Telegram: sputniklive,telegram,2,credited-by-mirror
lt,2026-09-01,Telegram: sputniknews_lt,telegram,17,credited-by-mirror
lt,2026-09-01,Telegram: tenipribaltiki,telegram,2,credited-by-mirror
lt,2026-09-01,Telegram: vardantosLietuvos,telegram,6,credited-by-mirror
lt,2026-09-02,Telegram: InfoDefenseLIT,telegram,4,credited-by-mirror
lt,2026-09-02,Telegram: baltnews,telegram,10,credited-by-mirror
lt,2026-09-02,Telegram: sputniklive,telegram,1,credited-by-mirror
lt,2026-09-02,Telegram: sputniknews_lt,telegram,15,credited-by-mirror
lt,2026-09-02,Telegram: tenipribaltiki,telegram,3,credited-by-mirror
lt,2026-09-02,Telegram: vardantosLietuvos,telegram,5,credited-by-mirror
lt,2026-09-03,Telegram: InfoDefenseLIT,telegram,2,credited-by-mirror
lt,2026-09-03,Telegram: baltnews,telegram,7,credited-by-mirror
lt,2026-09-03,Telegram: sputniklive,telegram,1,credited-by-mirror
lt,2026-09-03,Telegram: sputniknews_lt,telegram,18,credited-by-mirror
lt,2026-09-03,Telegram: tenipribaltiki,telegram,2,credited-by-mirror
lt,2026-09-03,Telegram: vardantosLietuvos,telegram,4,credited-by-mirror
lt,2026-09-04,Telegram: InfoDefenseLIT,telegram,2,credited-by-mirror
lt,2026-09-04,Telegram: baltnews,telegram,4,credited-by-mirror
lt,2026-09-04,Telegram: sputniknews_lt,telegram,10,credited-by-mirror
lt,2026-09-04,Telegram: tenipribaltiki,telegram,2,credited-by-mirror
lt,2026-09-04,Telegram: vardantosLietuvos,telegram,5,credited-by-mirror
lt,2026-09-05,Telegram: sputniklive,telegram,1,credited-by-mirror
lt,2026-09-05,Telegram: sputniknews_lt,telegram,1,credited-by-mirror
lt,2026-09-05,Telegram: tenipribaltiki,telegram,1,credited-by-mirror
lt,2026-09-05,Telegram: vardantosLietuvos,telegram,2,credited-by-mirror
luxembourg,2026-09-01,Telegram: SolovievLive,telegram,1,credited-by-mirror
luxembourg,2026-09-04,Telegram: InfodefSpectrum,telegram,1,credited-by-mirror
mali,2026-09-01,Telegram: InfosAes,telegram,2,credited-by-mirror
mali,2026-09-01,Telegram: africaninitiativefr,telegram,1,credited-by-mirror
mali,2026-09-01,Telegram: westernafrica,telegram,2,credited-by-mirror
mali,2026-09-01,afrinz.ru,domain,3,credited-by-mirror
mali,2026-09-02,Telegram: InfosAes,telegram,5,credited-by-mirror
mali,2026-09-02,Telegram: RTenfrancais,telegram,1,credited-by-mirror
mali,2026-09-02,Telegram: UNION_LIBERTE_AFRICAINE_TV,telegram,1,credited-by-mirror
mali,2026-09-02,Telegram: africaninitiativefr,telegram,2,credited-by-mirror
mali,2026-09-02,Telegram: westernafrica,telegram,1,credited-by-mirror
mali,2026-09-02,afrinz.ru,domain,2,credited-by-mirror
mali,2026-09-03,Telegram: InfosAes,telegram,5,credited-by-mirror
mali,2026-09-03,Telegram: RTenfrancais,telegram,2,credited-by-mirror
mali,2026-09-03,Telegram: UNION_LIBERTE_AFRICAINE_TV,telegram,1,credited-by-mirror
mali,2026-09-03,Telegram: africaninitiativefr,telegram,4,credited-by-mirror
mali,2026-09-03,Telegram: grand_reequilibrage,telegram,1,credited-by-mirror
mali,2026-09-03,Telegram: sputnik_afrique,telegram,2,credited-by-mirror
mali,2026-09-03,Telegram: westernafrica,telegram,2,credited-by-mirror
mali,2026-09-03,afrinz.ru,domain,4,credited-by-mirror
mali,2026-09-04,Telegram: InfosAes,telegram,2,credited-by-mirror
mali,2026-09-04,Telegram: RTenfrancais,telegram,1,credited-by-mirror
mali,2026-09-04,Telegram: africaninitiative,telegram,2,credited-by-mirror
mali,2026-09-04,Telegram: africaninitiativefr,telegram,1,credited-by-mirror
mali,2026-09-04,Telegram: sputnik_afrique,telegram,2,credited-by-mirror
mali,2026-09-04,afrinz.ru,domain,2,credited-by-mirror
mali,2026-09-05,afrinz.ru,domain,1,credited-by-mirror
malta,2026-09-02,Telegram: dimsmirnov175,telegram,1,credited-by-mirror
maori,2026-09-01,Telegram: rbc_sport,telegram,1,credited-by-mirror
maori,2026-09-03,Telegram: rbc_sport,telegram,1,credited-by-mirror
maori,2026-09-04,Telegram: dimsmirnov175,telegram,1,credited-by-mirror
mauritania,2026-09-01,arabic.rt.com,domain,2,credited-by-mirror
mauritania,2026-09-02,arabic.rt.com,domain,2,credited-by-mirror
mauritania,2026-09-03,arabic.rt.com,domain,1,credited-by-mirror
mauritania,2026-09-03,sarabic.ae,domain,1,credited-by-mirror
md,2026-09-01,Telegram: md_krot,telegram,5,credited-by-mirror
md,2026-09-01,Telegram: mdsputnikmd,telegram,37,credited-by-mirror
md,2026-09-01,Telegram: rusputnikmd,telegram,25,credited-by-mirror
md,2026-09-01,Telegram: trech_kich,telegram,1,credited-by-mirror
md,2026-09-01,Telegram: ultimaoramd,telegram,6,credited-by-mirror
md,2026-09-01,md.sputniknews.com,domain,10,credited-by-mirror
md,2026-09-02,Telegram: md_krot,telegram,5,credited-by-mirror
md,2026-09-02,Telegram: mdsputnikmd,telegram,38,credited-by-mirror
md,2026-09-02,Telegram: rusputnikmd,telegram,23,credited-by-mirror
md,2026-09-02,Telegram: trech_kich,telegram,2,credited-by-mirror
md,2026-09-02,Telegram: ultimaoramd,telegram,10,credited-by-mirror
md,2026-09-02,md.sputniknews.com,domain,9,credited-by-mirror
md,2026-09-03,Telegram: md_krot,telegram,4,credited-by-mirror
md,2026-09-03,Telegram: mdsputnikmd,telegram,43,credited-by-mirror
md,2026-09-03,Telegram: rusputnikmd,telegram,31,credited-by-mirror
md,2026-09-03,Telegram: trech_kich,telegram,5,credited-by-mirror
md,2026-09-03,Telegram: ultimaoramd,telegram,10,credited-by-mirror
md,2026-09-03,md.sputniknews.com,domain,13,credited-by-mirror
md,2026-09-04,Telegram: md_krot,telegram,5,credited-by-mirror
md,2026-09-04,Telegram: mdsputnikmd,telegram,37,credited-by-mirror
md,2026-09-04,Telegram: rusputnikmd,telegram,28,credited-by-mirror
md,2026-09-04,Telegram: trech_kich,telegram,6,credited-by-mirror
md,2026-09-04,Telegram: ultimaoramd,telegram,9,credited-by-mirror
md,2026-09-04,md.sputniknews.com,domain,9,credited-by-mirror
md,2026-09-05,Telegram: md_krot,telegram,1,credited-by-mirror
md,2026-09-05,Telegram: mdsputnikmd,telegram,4,credited-by-mirror
md,2026-09-05,Telegram: rusputnikmd,telegram,6,credited-by-mirror
md,2026-09-05,md.sputniknews.com,domain,3,credited-by-mirror
moldova,2026-09-01,Telegram: md_krot,telegram,5,credited-by-mirror
moldova,2026-09-01,Telegram: mdsputnikmd,telegram,39,credited-by-mirror
moldova,2026-09-01,Telegram: rusputnikmd,telegram,27,credited-by-mirror
moldova,2026-09-01,Telegram: trech_kich,telegram,1,credited-by-mirror
moldova,2026-09-01,Telegram: ultimaoramd,telegram,6,credited-by-mirror
moldova,2026-09-01,md.sputniknews.com,domain,10,credited-by-mirror
moldova,2026-09-02,Telegram: md_krot,telegram,5,credited-by-mirror
moldova,2026-09-02,Telegram: mdsputnikmd,telegram,38,credited-by-mirror
moldova,2026-09-02,Telegram: rusputnikmd,telegram,25,credited-by-mirror
moldova,2026-09-02,Telegram: trech_kich,telegram,2,credited-by-mirror
moldova,2026-09-02,Telegram: ultimaoramd,telegram,11,credited-by-mirror
moldova,2026-09-02,md.sputniknews.com,domain,9,credited-by-mirror
moldova,2026-09-03,Telegram: md_krot,telegram,4,credited-by-mirror
moldova,2026-09-03,Telegram: mdsputnikmd,telegram,44,credited-by-mirror
moldova,2026-09-03,Telegram: rusputnikmd,telegram,31,credited-by-mirror
moldova,2026-09-03,Telegram: trech_kich,telegram,5,credited-by-mirror
moldova,2026-09-03,Telegram: ultimaoramd,telegram,11,credited-by-mirror
moldova,2026-09-03,md.sputniknews.com,domain,13,credited-by-mirror
moldova,2026-09-04,Telegram: md_krot,telegram,4,credited-by-mirror
moldova,2026-09-04,Telegram: mdsputnikmd,telegram,37,credited-by-mirror
moldova,2026-09-04,Telegram: rusputnikmd,telegram,27,credited-by-mirror
moldova,2026-09-04,Telegram: trech_kich,telegram,6,credited-by-mirror
moldova,2026-09-04,Telegram: ultimaoramd,telegram,9,credited-by-mirror
moldova,2026-09-04,md.sputniknews.com,domain,9,credited-by-mirror
moldova,2026-09-05,Telegram: md_krot,telegram,1,credited-by-mirror
moldova,2026-09-05,Telegram: mdsputnikmd,telegram,3,credited-by-mirror
moldova,2026-09-05,Telegram: rusputnikmd,telegram,3,credited-by-mirror
moldova,2026-09-05,md.sputniknews.com,domain,2,credited-by-mirror
montenegro,2026-09-01,Telegram: balkanar,telegram,1,credited-by-mirror
montenegro,2026-09-01,Telegram: mntimes,telegram,8,credited-by-mirror
montenegro,2026-09-02,Telegram: balkanar,telegram,1,credited-by-mirror
montenegro,2026-09-02,Telegram: mntimes,telegram,5,credited-by-mirror
montenegro,2026-09-03,Telegram: ambasadarusije,telegram,2,credited-by-mirror
montenegro,2026-09-03,Telegram: istocni_front,telegram,1,credited-by-mirror
montenegro,2026-09-03,Telegram: mntimes,telegram,3,credited-by-mirror
montenegro,2026-09-04,Telegram: balkanar,telegram,1,credited-by-mirror
montenegro,2026-09-04,Telegram: mntimes,telegram,4,credited-by-mirror
nato,2026-09-01,Telegram: Slavyangrad,telegram,5,credited-by-mirror
nato,2026-09-01,Telegram: SolovievLive,telegram,1,credited-by-mirror
nato,2026-09-01,Telegram: llordofwar,telegram,3,credited-by-mirror
nato,2026-09-01,Telegram: lomovkaa,telegram,3,credited-by-mirror
nato,2026-09-01,Telegram: ostashkonews,telegram,5,credited-by-mirror
nato,2026-09-01,en.topwar.ru,domain,3,credited-by-mirror
nato,2026-09-01,swentr.site,domain,1,credited-by-mirror
nato,2026-09-01,tass.com,domain,3,credited-by-mirror
nato,2026-09-02,Telegram: llordofwar,telegram,2,credited-by-mirror
nato,2026-09-02,Telegram: lomovkaa,telegram,3,credited-by-mirror
nato,2026-09-02,Telegram: ostashkonews,telegram,5,credited-by-mirror
nato,2026-09-02,en.topwar.ru,domain,3,credited-by-mirror
nato,2026-09-02,swentr.site,domain,3,credited-by-mirror
nato,2026-09-02,tass.com,domain,7,credited-by-mirror
nato,2026-09-03,Telegram: Slavyangrad,telegram,3,credited-by-mirror
nato,2026-09-03,Telegram: SolovievLive,telegram,1,credited-by-mirror
nato,2026-09-03,Telegram: llordofwar,telegram,3,credited-by-mirror
nato,2026-09-03,Telegram: lomovkaa,telegram,3,credited-by-mirror
nato,2026-09-03,Telegram: ostashkonews,telegram,4,credited-by-mirror
nato,2026-09-03,swentr.site,domain,2,credited-by-mirror
nato,2026-09-03,tass.com,domain,4,credited-by-mirror
nato,2026-09-04,Telegram: Slavyangrad,telegram,2,credited-by-mirror
nato,2026-09-04,Telegram: llordofwar,telegram,5,credited-by-mirror
nato,2026-09-04,Telegram: lomovkaa,telegram,1,credited-by-mirror
nato,2026-09-04,en.topwar.ru,domain,2,credited-by-mirror
nato,2026-09-04,swentr.site,domain,2,credited-by-mirror
nato,2026-09-04,tass.com,domain,2,credited-by-mirror
nato,2026-09-05,Telegram: llordofwar,telegram,1,credited-by-mirror
nato,2026-09-05,Telegram: lomovkaa,telegram,1,credited-by-mirror
netherlands,2026-09-01,Telegram: FVDNL,telegram,1,credited-by-mirror
netherlands,2026-09-01,Telegram: Mariba2puntnul,telegram,2,credited-by-mirror
netherlands,2026-09-01,Telegram: infantmilitario,telegram,1,credited-by-mirror
netherlands,2026-09-01,Telegram: ukrainenownetherlands,telegram,3,credited-by-mirror
netherlands,2026-09-02,Telegram: FVDNL,telegram,3,credited-by-mirror
netherlands,2026-09-02,Telegram: berichten_uit_Donbass,telegram,1,credited-by-mirror
netherlands,2026-09-02,Telegram: infantmilitario,telegram,1,credited-by-mirror
netherlands,2026-09-02,Telegram: kornilov1968,telegram,1,credited-by-mirror
netherlands,2026-09-02,Telegram: ukrainenownetherlands,telegram,3,credited-by-mirror
netherlands,2026-09-03,Telegram: Mariba2puntnul,telegram,1,credited-by-mirror
netherlands,2026-09-03,Telegram: infantmilitario,telegram,1,credited-by-mirror
netherlands,2026-09-03,Telegram: ukrainenownetherlands,telegram,1,credited-by-mirror
netherlands,2026-09-04,Telegram: infantmilitario,telegram,1,credited-by-mirror
netherlands,2026-09-04,Telegram: ukrainenownetherlands,telegram,2,credited-by-mirror
new-zealand,2026-09-01,Telegram: llordofwar,telegram,1,credited-by-mirror
new-zealand,2026-09-01,Telegram: rbc_sport,telegram,1,credited-by-mirror
new-zealand,2026-09-02,swentr.site,domain,2,credited-by-mirror
new-zealand,2026-09-03,Telegram: rbc_sport,telegram,1,credited-by-mirror
news-pravda,2026-09-01,Telegram: DDGeopolitics,telegram,4,credited-by-mirror
news-pravda,2026-09-01,Telegram: SGTnewsNetwork,telegram,9,credited-by-mirror
news-pravda,2026-09-01,Telegram: Slavyangrad,telegram,12,credited-by-mirror
news-pravda,2026-09-01,Telegram: i20028843,telegram,7,credited-by-mirror
news-pravda,2026-09-01,Telegram: llordofwar,telegram,23,credited-by-mirror
news-pravda,2026-09-01,Telegram: tassagency_en,telegram,15,credited-by-mirror
news-pravda,2026-09-02,Telegram: DDGeopolitics,telegram,12,credited-by-mirror
news-pravda,2026-09-02,Telegram: SGTnewsNetwork,telegram,12,credited-by-mirror
news-pravda,2026-09-02,Telegram: Slavyangrad,telegram,12,credited-by-mirror
news-pravda,2026-09-02,Telegram: i20028843,telegram,9,credited-by-mirror
news-pravda,2026-09-02,Telegram: llordofwar,telegram,32,credited-by-mirror
news-pravda,2026-09-02,Telegram: tassagency_en,telegram,11,credited-by-mirror
news-pravda,2026-09-03,Telegram: DDGeopolitics,telegram,8,credited-by-mirror
news-pravda,2026-09-03,Telegram: SGTnewsNetwork,telegram,21,credited-by-mirror
news-pravda,2026-09-03,Telegram: Slavyangrad,telegram,14,credited-by-mirror
news-pravda,2026-09-03,Telegram: i20028843,telegram,9,credited-by-mirror
news-pravda,2026-09-03,Telegram: llordofwar,telegram,31,credited-by-mirror
news-pravda,2026-09-03,Telegram: tassagency_en,telegram,10,credited-by-mirror
news-pravda,2026-09-04,Telegram: DDGeopolitics,telegram,15,credited-by-mirror
news-pravda,2026-09-04,Telegram: SGTnewsNetwork,telegram,17,credited-by-mirror
news-pravda,2026-09-04,Telegram: Slavyangrad,telegram,15,credited-by-mirror
news-pravda,2026-09-04,Telegram: i20028843,telegram,12,credited-by-mirror
news-pravda,2026-09-04,Telegram: llordofwar,telegram,32,credited-by-mirror
news-pravda,2026-09-04,Telegram: tassagency_en,telegram,16,credited-by-mirror
news-pravda,2026-09-05,Telegram: DDGeopolitics,telegram,2,credited-by-mirror
news-pravda,2026-09-05,Telegram: SGTnewsNetwork,telegram,11,credited-by-mirror
news-pravda,2026-09-05,Telegram: Slavyangrad,telegram,6,credited-by-mirror
news-pravda,2026-09-05,Telegram: i20028843,telegram,6,credited-by-mirror
news-pravda,2026-09-05,Telegram: llordofwar,telegram,9,credited-by-mirror
news-pravda,2026-09-05,Telegram: tassagency_en,telegram,6,credited-by-mirror
niger,2026-09-01,Telegram: InfosAes,telegram,3,credited-by-mirror
niger,2026-09-01,Telegram: RTenfrancais,telegram,1,credited-by-mirror
niger,2026-09-01,Telegram: africaninitiative,telegram,1,credited-by-mirror
niger,2026-09-01,Telegram: africaninitiativefr,telegram,2,credited-by-mirror
niger,2026-09-01,Telegram: sputnik_afrique,telegram,1,credited-by-mirror
niger,2026-09-01,Telegram: westernafrica,telegram,2,credited-by-mirror
niger,2026-09-01,actuniger.com,domain,4,credited-by-mirror
niger,2026-09-02,Telegram: InfosAes,telegram,4,credited-by-mirror
niger,2026-09-02,Telegram: RTenfrancais,telegram,2,credited-by-mirror
niger,2026-09-02,Telegram: africaninitiativefr,telegram,1,credited-by-mirror
niger,2026-09-02,Telegram: grand_reequilibrage,telegram,1,credited-by-mirror
niger,2026-09-02,Telegram: sputnik_afrique,telegram,1,credited-by-mirror
niger,2026-09-02,actuniger.com,domain,1,credited-by-mirror
niger,2026-09-03,Telegram: InfosAes,telegram,4,credited-by-mirror
niger,2026-09-03,Telegram: RTenfrancais,telegram,2,credited-by-mirror
niger,2026-09-03,Telegram: africaninitiative,telegram,1,credited-by-mirror
niger,2026-09-03,Telegram: africaninitiativefr,telegram,2,credited-by-mirror
niger,2026-09-03,Telegram: grand_reequilibrage,telegram,1,credited-by-mirror
niger,2026-09-03,Telegram: sputnik_afrique,telegram,2,credited-by-mirror
niger,2026-09-03,actuniger.com,domain,3,credited-by-mirror
niger,2026-09-04,Telegram: InfosAes,telegram,2,credited-by-mirror
niger,2026-09-04,Telegram: RTenfrancais,telegram,1,credited-by-mirror
niger,2026-09-04,Telegram: africaninitiative,telegram,2,credited-by-mirror
niger,2026-09-04,Telegram: africaninitiativefr,telegram,2,credited-by-mirror
niger,2026-09-04,Telegram: sputnik_afrique,telegram,1,credited-by-mirror
niger,2026-09-04,airinfoagadez.com,domain,2,credited-by-mirror
niger,2026-09-05,Telegram: sputnik_afrique,telegram,2,credited-by-mirror
niger,2026-09-05,actuniger.com,domain,2,credited-by-mirror
nigeria,2026-09-01,Telegram: RussEmbNigeria,telegram,1,credited-by-mirror
nigeria,2026-09-01,Telegram: africaintel,telegram,1,credited-by-mirror
nigeria,2026-09-01,Telegram: africaninitiative,telegram,1,credited-by-mirror
nigeria,2026-09-01,Telegram: rybar_africa,telegram,3,credited-by-mirror
nigeria,2026-09-01,Telegram: sputnik_africa,telegram,3,credited-by-mirror
nigeria,2026-09-02,Telegram: africaintel,telegram,1,credited-by-mirror
nigeria,2026-09-02,Telegram: rybar_africa,telegram,1,credited-by-mirror
nigeria,2026-09-02,Telegram: sputnik_africa,telegram,1,credited-by-mirror
nigeria,2026-09-02,en.sputniknews.africa,domain,1,credited-by-mirror
nigeria,2026-09-03,Telegram: africaintel,telegram,3,credited-by-mirror
nigeria,2026-09-03,Telegram: rybar_africa,telegram,4,credited-by-mirror
nigeria,2026-09-03,Telegram: sputnik_africa,telegram,1,credited-by-mirror
nigeria,2026-09-04,Telegram: africaintel,telegram,2,credited-by-mirror
nigeria,2026-09-04,Telegram: rybar_africa,telegram,1,credited-by-mirror
nigeria,2026-09-04,Telegram: sputnik_africa,telegram,1,credited-by-mirror
north-macedonia,2026-09-01,Telegram: balkanar,telegram,1,credited-by-mirror
north-macedonia,2026-09-01,Telegram: rus_mkd,telegram,2,credited-by-mirror
north-macedonia,2026-09-02,Telegram: balkanar,telegram,1,credited-by-mirror
north-macedonia,2026-09-02,Telegram: rus_mkd,telegram,2,credited-by-mirror
north-macedonia,2026-09-04,Telegram: rybar,telegram,1,credited-by-mirror
norway,2026-09-01,Telegram: InfodefSCANDINAVIA,telegram,12,credited-by-mirror
norway,2026-09-01,Telegram: norgerussisk,telegram,1,credited-by-mirror
norway,2026-09-02,Telegram: InfodefSCANDINAVIA,telegram,13,credited-by-mirror
norway,2026-09-02,Telegram: norgerussisk,telegram,5,credited-by-mirror
norway,2026-09-03,Telegram: InfodefSCANDINAVIA,telegram,12,credited-by-mirror
norway,2026-09-03,Telegram: RusEmbNo,telegram,3,credited-by-mirror
norway,2026-09-03,Telegram: norgerussisk,telegram,4,credited-by-mirror
norway,2026-09-03,Telegram: ostashkonews,telegram,4,credited-by-mirror
norway,2026-09-04,Telegram: InfodefSCANDINAVIA,telegram,10,credited-by-mirror
norway,2026-09-04,Telegram: RusEmbNo,telegram,2,credited-by-mirror
norway,2026-09-04,Telegram: norgerussisk,telegram,1,credited-by-mirror
norway,2026-09-05,Telegram: InfodefSCANDINAVIA,telegram,3,credited-by-mirror
ossetia,2026-09-01,MAX sputnik-ossetia_ru,max,1,credited-by-mirror
ossetia,2026-09-01,Telegram: ia_res,telegram,27,credited-by-mirror
ossetia,2026-09-01,Telegram: mchsruo,telegram,1,credited-by-mirror
ossetia,2026-09-01,Telegram: mid_rso,telegram,2,credited-by-mirror
ossetia,2026-09-01,Telegram: rusembrso,telegram,1,credited-by-mirror
ossetia,2026-09-01,Telegram: sputnikossetia,telegram,31,credited-by-mirror
ossetia,2026-09-02,MAX sputnik-ossetia_ru,max,3,credited-by-mirror
ossetia,2026-09-02,Telegram: ia_res,telegram,18,credited-by-mirror
ossetia,2026-09-02,Telegram: mchsruo,telegram,2,credited-by-mirror
ossetia,2026-09-02,Telegram: mid_rso,telegram,2,credited-by-mirror
ossetia,2026-09-02,Telegram: sputnikossetia,telegram,24,credited-by-mirror
ossetia,2026-09-03,MAX kavkaz_tass,max,1,credited-by-mirror
ossetia,2026-09-03,MAX sputnik-ossetia_ru,max,3,credited-by-mirror
ossetia,2026-09-03,Telegram: ia_res,telegram,24,credited-by-mirror
ossetia,2026-09-03,Telegram: mchsruo,telegram,3,credited-by-mirror
ossetia,2026-09-03,Telegram: mid_rso,telegram,6,credited-by-mirror
ossetia,2026-09-03,Telegram: sputnikossetia,telegram,26,credited-by-mirror
ossetia,2026-09-04,MAX sputnik-ossetia_ru,max,2,credited-by-mirror
ossetia,2026-09-04,Telegram: ia_res,telegram,33,credited-by-mirror
ossetia,2026-09-04,Telegram: mchsruo,telegram,3,credited-by-mirror
ossetia,2026-09-04,Telegram: mid_rso,telegram,2,credited-by-mirror
ossetia,2026-09-04,Telegram: sputniklive,telegram,1,credited-by-mirror
ossetia,2026-09-04,Telegram: sputnikossetia,telegram,27,credited-by-mirror
ossetia,2026-09-05,MAX sputnik-ossetia_ru,max,1,credited-by-mirror
ossetia,2026-09-05,Telegram: ia_res,telegram,15,credited-by-mirror
ossetia,2026-09-05,Telegram: mchsruo,telegram,1,credited-by-mirror
ossetia,2026-09-05,Telegram: sputnikossetia,telegram,4,credited-by-mirror
poland,2026-09-01,Telegram: Olej_w_Glowie,telegram,105,credited-by-mirror
poland,2026-09-01,Telegram: RuskiStatek,telegram,2,credited-by-mirror
poland,2026-09-01,Telegram: bialywywiad,telegram,10,credited-by-mirror
poland,2026-09-01,Telegram: infokju,telegram,5,credited-by-mirror
poland,2026-09-01,Telegram: ndp_pl,telegram,18,credited-by-mirror
poland,2026-09-01,Telegram: newsfactory_pl,telegram,11,credited-by-mirror
poland,2026-09-01,pl.topwar.ru,domain,42,credited-by-mirror
poland,2026-09-02,Telegram: Olej_w_Glowie,telegram,95,credited-by-mirror
poland,2026-09-02,Telegram: bialywywiad,telegram,13,credited-by-mirror
poland,2026-09-02,Telegram: infokju,telegram,5,credited-by-mirror
poland,2026-09-02,Telegram: ndp_pl,telegram,19,credited-by-mirror
poland,2026-09-02,Telegram: newsfactory_pl,telegram,19,credited-by-mirror
poland,2026-09-02,pl.topwar.ru,domain,42,credited-by-mirror
poland,2026-09-03,Telegram: Olej_w_Glowie,telegram,96,credited-by-mirror
poland,2026-09-03,Telegram: RuskiStatek,telegram,1,credited-by-mirror
poland,2026-09-03,Telegram: bialywywiad,telegram,6,credited-by-mirror
poland,2026-09-03,Telegram: infokju,telegram,6,credited-by-mirror
poland,2026-09-03,Telegram: ndp_pl,telegram,18,credited-by-mirror
poland,2026-09-03,Telegram: newsfactory_pl,telegram,10,credited-by-mirror
poland,2026-09-03,pl.topwar.ru,domain,39,credited-by-mirror
poland,2026-09-04,Telegram: Olej_w_Glowie,telegram,53,credited-by-mirror
poland,2026-09-04,Telegram: bialywywiad,telegram,15,credited-by-mirror
poland,2026-09-04,Telegram: infokju,telegram,16,credited-by-mirror
poland,2026-09-04,Telegram: ndp_pl,telegram,23,credited-by-mirror
poland,2026-09-04,Telegram: newsfactory_pl,telegram,14,credited-by-mirror
poland,2026-09-04,pl.topwar.ru,domain,41,credited-by-mirror
poland,2026-09-05,Telegram: Olej_w_Glowie,telegram,13,credited-by-mirror
poland,2026-09-05,Telegram: bialywywiad,telegram,20,credited-by-mirror
poland,2026-09-05,Telegram: ndp_pl,telegram,3,credited-by-mirror
poland,2026-09-05,Telegram: newsfactory_pl,telegram,2,credited-by-mirror
poland,2026-09-05,pl.topwar.ru,domain,12,credited-by-mirror
portugal,2026-09-01,Telegram: lepta,telegram,3,credited-by-mirror
portugal,2026-09-01,Telegram: pcp_pt,telegram,7,credited-by-mirror
portugal,2026-09-01,Telegram: sputnikbrasil,telegram,2,credited-by-mirror
portugal,2026-09-01,pt.topwar.ru,domain,3,credited-by-mirror
portugal,2026-09-02,Telegram: lepta,telegram,2,credited-by-mirror
portugal,2026-09-02,Telegram: pcp_pt,telegram,4,credited-by-mirror
portugal,2026-09-02,Telegram: sputnikbrasil,telegram,1,credited-by-mirror
portugal,2026-09-02,pt.topwar.ru,domain,6,credited-by-mirror
portugal,2026-09-03,Telegram: InfoDefensePOR,telegram,1,credited-by-mirror
portugal,2026-09-03,Telegram: lepta,telegram,3,credited-by-mirror
portugal,2026-09-03,Telegram: pcp_pt,telegram,3,credited-by-mirror
portugal,2026-09-03,Telegram: rt_brasil,telegram,4,credited-by-mirror
portugal,2026-09-03,Telegram: sputnikbrasil,telegram,1,credited-by-mirror
portugal,2026-09-03,noticiabrasil.net.br,domain,2,credited-by-mirror
portugal,2026-09-03,pt.topwar.ru,domain,3,credited-by-mirror
portugal,2026-09-04,Telegram: InfoDefensePOR,telegram,1,credited-by-mirror
portugal,2026-09-04,Telegram: lepta,telegram,5,credited-by-mirror
portugal,2026-09-04,Telegram: pcp_pt,telegram,5,credited-by-mirror
portugal,2026-09-04,Telegram: rt_brasil,telegram,1,credited-by-mirror
portugal,2026-09-04,Telegram: sputnikbrasil,telegram,1,credited-by-mirror
portugal,2026-09-04,noticiabrasil.net.br,domain,2,credited-by-mirror
portugal,2026-09-04,pt.topwar.ru,domain,4,credited-by-mirror
portugal,2026-09-05,pt.topwar.ru,domain,1,credited-by-mirror
portuguese,2026-09-01,Telegram: Op_Esp_Z,telegram,8,credited-by-mirror
portuguese,2026-09-01,Telegram: falandodeguerra1,telegram,2,credited-by-mirror
portuguese,2026-09-01,Telegram: mundoemconflitooficial,telegram,27,credited-by-mirror
portuguese,2026-09-01,Telegram: olharglobal,telegram,19,credited-by-mirror
portuguese,2026-09-01,Telegram: rt_brasil,telegram,64,credited-by-mirror
portuguese,2026-09-01,Telegram: sofia_smirnov74,telegram,53,credited-by-mirror
portuguese,2026-09-01,Telegram: sputnikbrasil,telegram,27,credited-by-mirror
portuguese,2026-09-01,noticiabrasil.net.br,domain,24,credited-by-mirror
portuguese,2026-09-01,pt.topwar.ru,domain,37,credited-by-mirror
portuguese,2026-09-02,Telegram: Op_Esp_Z,telegram,8,credited-by-mirror
portuguese,2026-09-02,Telegram: mundoemconflitooficial,telegram,21,credited-by-mirror
portuguese,2026-09-02,Telegram: olharglobal,telegram,17,credited-by-mirror
portuguese,2026-09-02,Telegram: rt_brasil,telegram,60,credited-by-mirror
portuguese,2026-09-02,Telegram: sofia_smirnov74,telegram,69,credited-by-mirror
portuguese,2026-09-02,Telegram: sputnikbrasil,telegram,28,credited-by-mirror
portuguese,2026-09-02,noticiabrasil.net.br,domain,29,credited-by-mirror
portuguese,2026-09-02,pt.topwar.ru,domain,39,credited-by-mirror
portuguese,2026-09-03,Telegram: InfoDefensePOR,telegram,10,credited-by-mirror
portuguese,2026-09-03,Telegram: Op_Esp_Z,telegram,24,credited-by-mirror
portuguese,2026-09-03,Telegram: mundoemconflitooficial,telegram,12,credited-by-mirror
portuguese,2026-09-03,Telegram: olharglobal,telegram,31,credited-by-mirror
portuguese,2026-09-03,Telegram: rt_brasil,telegram,63,credited-by-mirror
portuguese,2026-09-03,Telegram: sofia_smirnov74,telegram,52,credited-by-mirror
portuguese,2026-09-03,Telegram: sputnikbrasil,telegram,25,credited-by-mirror
portuguese,2026-09-03,noticiabrasil.net.br,domain,36,credited-by-mirror
portuguese,2026-09-03,pt.topwar.ru,domain,34,credited-by-mirror
portuguese,2026-09-04,Telegram: InfoDefensePOR,telegram,11,credited-by-mirror
portuguese,2026-09-04,Telegram: Op_Esp_Z,telegram,11,credited-by-mirror
portuguese,2026-09-04,Telegram: falandodeguerra1,telegram,3,credited-by-mirror
portuguese,2026-09-04,Telegram: mundoemconflitooficial,telegram,23,credited-by-mirror
portuguese,2026-09-04,Telegram: olharglobal,telegram,27,credited-by-mirror
portuguese,2026-09-04,Telegram: rt_brasil,telegram,50,credited-by-mirror
portuguese,2026-09-04,Telegram: sofia_smirnov74,telegram,9,credited-by-mirror
portuguese,2026-09-04,Telegram: sputnikbrasil,telegram,26,credited-by-mirror
portuguese,2026-09-04,noticiabrasil.net.br,domain,30,credited-by-mirror
portuguese,2026-09-04,pt.topwar.ru,domain,37,credited-by-mirror
portuguese,2026-09-05,Telegram: InfoDefensePOR,telegram,1,credited-by-mirror
portuguese,2026-09-05,Telegram: olharglobal,telegram,8,credited-by-mirror
portuguese,2026-09-05,Telegram: rt_brasil,telegram,14,credited-by-mirror
portuguese,2026-09-05,Telegram: sputnikbrasil,telegram,4,credited-by-mirror
portuguese,2026-09-05,noticiabrasil.net.br,domain,5,credited-by-mirror
portuguese,2026-09-05,pt.topwar.ru,domain,12,credited-by-mirror
rca,2026-09-01,Telegram: rusbangui,telegram,2,credited-by-mirror
rca,2026-09-01,radiondekeluka.org,domain,7,credited-by-mirror
rca,2026-09-02,Telegram: dnobangui,telegram,1,credited-by-mirror
rca,2026-09-02,radiondekeluka.org,domain,8,credited-by-mirror
rca,2026-09-03,radiondekeluka.org,domain,5,credited-by-mirror
rca,2026-09-04,Telegram: rusbangui,telegram,2,credited-by-mirror
rca,2026-09-04,radiondekeluka.org,domain,8,credited-by-mirror
ro-ro,2026-09-01,Telegram: InfoDefenseRUM,telegram,2,credited-by-mirror
ro-ro,2026-09-01,Telegram: onciu,telegram,2,credited-by-mirror
ro-ro,2026-09-01,Telegram: sputnecenzurat,telegram,23,credited-by-mirror
ro-ro,2026-09-01,Telegram: triunghiulbasarabean,telegram,32,credited-by-mirror
ro-ro,2026-09-01,Telegram: ucrainaruseasca,telegram,3,credited-by-mirror
ro-ro,2026-09-01,ro.topwar.ru,domain,44,credited-by-mirror
ro-ro,2026-09-02,Telegram: InfoDefenseRUM,telegram,7,credited-by-mirror
ro-ro,2026-09-02,Telegram: onciu,telegram,2,credited-by-mirror
ro-ro,2026-09-02,Telegram: sputnecenzurat,telegram,32,credited-by-mirror
ro-ro,2026-09-02,Telegram: triunghiulbasarabean,telegram,33,credited-by-mirror
ro-ro,2026-09-02,Telegram: ucrainaruseasca,telegram,10,credited-by-mirror
ro-ro,2026-09-02,ro.topwar.ru,domain,47,credited-by-mirror
ro-ro,2026-09-03,Telegram: InfoDefenseRUM,telegram,8,credited-by-mirror
ro-ro,2026-09-03,Telegram: onciu,telegram,3,credited-by-mirror
ro-ro,2026-09-03,Telegram: sputnecenzurat,telegram,12,credited-by-mirror
ro-ro,2026-09-03,Telegram: triunghiulbasarabean,telegram,44,credited-by-mirror
ro-ro,2026-09-03,Telegram: ucrainaruseasca,telegram,4,credited-by-mirror
ro-ro,2026-09-03,ro.topwar.ru,domain,47,credited-by-mirror
ro-ro,2026-09-04,Telegram: InfoDefenseRUM,telegram,5,credited-by-mirror
ro-ro,2026-09-04,Telegram: ambasadarusiei,telegram,2,credited-by-mirror
ro-ro,2026-09-04,Telegram: onciu,telegram,1,credited-by-mirror
ro-ro,2026-09-04,Telegram: sputnecenzurat,telegram,11,credited-by-mirror
ro-ro,2026-09-04,Telegram: triunghiulbasarabean,telegram,30,credited-by-mirror
ro-ro,2026-09-04,Telegram: ucrainaruseasca,telegram,5,credited-by-mirror
ro-ro,2026-09-04,ro.topwar.ru,domain,44,credited-by-mirror
ro-ro,2026-09-05,Telegram: sputnecenzurat,telegram,5,credited-by-mirror
ro-ro,2026-09-05,Telegram: triunghiulbasarabean,telegram,8,credited-by-mirror
ro-ro,2026-09-05,ro.topwar.ru,domain,12,credited-by-mirror
romania,2026-09-01,Telegram: InfoDefenseRUM,telegram,2,credited-by-mirror
romania,2026-09-01,Telegram: onciu,telegram,2,credited-by-mirror
romania,2026-09-01,Telegram: sputnecenzurat,telegram,23,credited-by-mirror
romania,2026-09-01,Telegram: triunghiulbasarabean,telegram,32,credited-by-mirror
romania,2026-09-01,Telegram: ucrainaruseasca,telegram,3,credited-by-mirror
romania,2026-09-01,ro.topwar.ru,domain,44,credited-by-mirror
romania,2026-09-02,Telegram: InfoDefenseRUM,telegram,8,credited-by-mirror
romania,2026-09-02,Telegram: onciu,telegram,3,credited-by-mirror
romania,2026-09-02,Telegram: sputnecenzurat,telegram,31,credited-by-mirror
romania,2026-09-02,Telegram: triunghiulbasarabean,telegram,33,credited-by-mirror
romania,2026-09-02,Telegram: ucrainaruseasca,telegram,10,credited-by-mirror
romania,2026-09-02,ro.topwar.ru,domain,48,credited-by-mirror
romania,2026-09-03,Telegram: InfoDefenseRUM,telegram,6,credited-by-mirror
romania,2026-09-03,Telegram: onciu,telegram,3,credited-by-mirror
romania,2026-09-03,Telegram: sputnecenzurat,telegram,13,credited-by-mirror
romania,2026-09-03,Telegram: triunghiulbasarabean,telegram,44,credited-by-mirror
romania,2026-09-03,Telegram: ucrainaruseasca,telegram,4,credited-by-mirror
romania,2026-09-03,ro.topwar.ru,domain,47,credited-by-mirror
romania,2026-09-04,Telegram: InfoDefenseRUM,telegram,5,credited-by-mirror
romania,2026-09-04,Telegram: ambasadarusiei,telegram,2,credited-by-mirror
romania,2026-09-04,Telegram: onciu,telegram,1,credited-by-mirror
romania,2026-09-04,Telegram: sputnecenzurat,telegram,11,credited-by-mirror
romania,2026-09-04,Telegram: triunghiulbasarabean,telegram,32,credited-by-mirror
romania,2026-09-04,Telegram: ucrainaruseasca,telegram,5,credited-by-mirror
romania,2026-09-04,ro.topwar.ru,domain,44,credited-by-mirror
romania,2026-09-05,Telegram: sputnecenzurat,telegram,6,credited-by-mirror
romania,2026-09-05,Telegram: triunghiulbasarabean,telegram,8,credited-by-mirror
romania,2026-09-05,ro.topwar.ru,domain,13,credited-by-mirror
senegal,2026-09-01,Telegram: RTenfrancais,telegram,1,credited-by-mirror
senegal,2026-09-01,Telegram: Senegal24,telegram,4,credited-by-mirror
senegal,2026-09-01,Telegram: ousmanesonko,telegram,10,credited-by-mirror
senegal,2026-09-01,Telegram: westernafrica,telegram,2,credited-by-mirror
senegal,2026-09-01,francais.rt.com,domain,1,credited-by-mirror
senegal,2026-09-02,Telegram: RTenfrancais,telegram,1,credited-by-mirror
senegal,2026-09-02,Telegram: Senegal24,telegram,2,credited-by-mirror
senegal,2026-09-02,Telegram: ousmanesonko,telegram,6,credited-by-mirror
senegal,2026-09-02,Telegram: westernafrica,telegram,1,credited-by-mirror
senegal,2026-09-02,francais.rt.com,domain,1,credited-by-mirror
senegal,2026-09-03,Telegram: RTenfrancais,telegram,1,credited-by-mirror
senegal,2026-09-03,Telegram: Senegal24,telegram,3,credited-by-mirror
senegal,2026-09-03,Telegram: ousmanesonko,telegram,3,credited-by-mirror
senegal,2026-09-03,francais.rt.com,domain,1,credited-by-mirror
senegal,2026-09-04,Telegram: RTenfrancais,telegram,1,credited-by-mirror
senegal,2026-09-04,Telegram: ousmanesonko,telegram,4,credited-by-mirror
senegal,2026-09-04,Telegram: westernafrica,telegram,1,credited-by-mirror
senegal,2026-09-05,Telegram: Senegal24,telegram,1,credited-by-mirror
serbia,2026-09-01,Telegram: RepublikaSrpska22,telegram,5,credited-by-mirror
serbia,2026-09-01,Telegram: SrbijaRusija,telegram,37,credited-by-mirror
serbia,2026-09-01,Telegram: istocni_front,telegram,38,credited-by-mirror
serbia,2026-09-01,Telegram: rtbalkan,telegram,24,credited-by-mirror
serbia,2026-09-01,Telegram: sputniksrbija,telegram,44,credited-by-mirror
serbia,2026-09-01,Telegram: srpski_vitezovi,telegram,25,credited-by-mirror
serbia,2026-09-01,Telegram: ukr_leaks_srb,telegram,13,credited-by-mirror
serbia,2026-09-01,rt.rs,domain,59,credited-by-mirror
serbia,2026-09-01,sputnikportal.rs,domain,38,credited-by-mirror
serbia,2026-09-01,srb.news-front.su,domain,26,credited-by-mirror
serbia,2026-09-02,Telegram: RepublikaSrpska22,telegram,3,credited-by-mirror
serbia,2026-09-02,Telegram: SrbijaRusija,telegram,32,credited-by-mirror
serbia,2026-09-02,Telegram: istocni_front,telegram,50,credited-by-mirror
serbia,2026-09-02,Telegram: rtbalkan,telegram,20,credited-by-mirror
serbia,2026-09-02,Telegram: sputniksrbija,telegram,32,credited-by-mirror
serbia,2026-09-02,Telegram: srpski_vitezovi,telegram,34,credited-by-mirror
serbia,2026-09-02,Telegram: ukr_leaks_srb,telegram,11,credited-by-mirror
serbia,2026-09-02,rt.rs,domain,45,credited-by-mirror
serbia,2026-09-02,sputnikportal.rs,domain,30,credited-by-mirror
serbia,2026-09-02,srb.news-front.su,domain,26,credited-by-mirror
serbia,2026-09-03,Telegram: RepublikaSrpska22,telegram,7,credited-by-mirror
serbia,2026-09-03,Telegram: SrbijaRusija,telegram,34,credited-by-mirror
serbia,2026-09-03,Telegram: istocni_front,telegram,48,credited-by-mirror
serbia,2026-09-03,Telegram: rtbalkan,telegram,18,credited-by-mirror
serbia,2026-09-03,Telegram: sputniksrbija,telegram,37,credited-by-mirror
serbia,2026-09-03,Telegram: srpski_vitezovi,telegram,15,credited-by-mirror
serbia,2026-09-03,Telegram: ukr_leaks_srb,telegram,10,credited-by-mirror
serbia,2026-09-03,rt.rs,domain,46,credited-by-mirror
serbia,2026-09-03,sputnikportal.rs,domain,25,credited-by-mirror
serbia,2026-09-03,srb.news-front.su,domain,13,credited-by-mirror
serbia,2026-09-04,Telegram: RepublikaSrpska22,telegram,3,credited-by-mirror
serbia,2026-09-04,Telegram: SrbijaRusija,telegram,39,credited-by-mirror
serbia,2026-09-04,Telegram: istocni_front,telegram,42,credited-by-mirror
serbia,2026-09-04,Telegram: rtbalkan,telegram,28,credited-by-mirror
serbia,2026-09-04,Telegram: sputniksrbija,telegram,29,credited-by-mirror
serbia,2026-09-04,Telegram: srpski_vitezovi,telegram,31,credited-by-mirror
serbia,2026-09-04,Telegram: ukr_leaks_srb,telegram,8,credited-by-mirror
serbia,2026-09-04,rt.rs,domain,46,credited-by-mirror
serbia,2026-09-04,sputnikportal.rs,domain,38,credited-by-mirror
serbia,2026-09-04,srb.news-front.su,domain,22,credited-by-mirror
serbia,2026-09-05,Telegram: RepublikaSrpska22,telegram,4,credited-by-mirror
serbia,2026-09-05,Telegram: SrbijaRusija,telegram,7,credited-by-mirror
serbia,2026-09-05,Telegram: istocni_front,telegram,14,credited-by-mirror
serbia,2026-09-05,Telegram: rtbalkan,telegram,4,credited-by-mirror
serbia,2026-09-05,Telegram: sputniksrbija,telegram,5,credited-by-mirror
serbia,2026-09-05,Telegram: srpski_vitezovi,telegram,8,credited-by-mirror
serbia,2026-09-05,Telegram: ukr_leaks_srb,telegram,2,credited-by-mirror
serbia,2026-09-05,rt.rs,domain,5,credited-by-mirror
serbia,2026-09-05,sputnikportal.rs,domain,11,credited-by-mirror
serbia,2026-09-05,srb.news-front.su,domain,2,credited-by-mirror
singapore,2026-09-01,tass.com,domain,1,credited-by-mirror
singapore,2026-09-03,Telegram: llordofwar,telegram,1,credited-by-mirror
singapore,2026-09-03,swentr.site,domain,1,credited-by-mirror
slovakia,2026-09-01,Telegram: casusbellilive,telegram,38,credited-by-mirror
slovakia,2026-09-01,Telegram: puchoviny,telegram,96,credited-by-mirror
slovakia,2026-09-01,Telegram: slovanskenoviny,telegram,14,credited-by-mirror
slovakia,2026-09-01,Telegram: slovenskymedved,telegram,3,credited-by-mirror
slovakia,2026-09-01,Telegram: smebratia,telegram,16,credited-by-mirror
slovakia,2026-09-01,Telegram: spravy_slovakia,telegram,15,credited-by-mirror
slovakia,2026-09-01,Telegram: spravydomozaiky,telegram,12,credited-by-mirror
slovakia,2026-09-01,Telegram: zemavek,telegram,36,credited-by-mirror
slovakia,2026-09-01,sk.news-front.su,domain,15,credited-by-mirror
slovakia,2026-09-02,Telegram: casusbellilive,telegram,35,credited-by-mirror
slovakia,2026-09-02,Telegram: puchoviny,telegram,86,credited-by-mirror
slovakia,2026-09-02,Telegram: slovanskenoviny,telegram,23,credited-by-mirror
slovakia,2026-09-02,Telegram: slovenskymedved,telegram,6,credited-by-mirror
slovakia,2026-09-02,Telegram: smebratia,telegram,42,credited-by-mirror
slovakia,2026-09-02,Telegram: spravy_slovakia,telegram,6,credited-by-mirror
slovakia,2026-09-02,Telegram: spravydomozaiky,telegram,20,credited-by-mirror
slovakia,2026-09-02,Telegram: zemavek,telegram,43,credited-by-mirror
slovakia,2026-09-02,sk.news-front.su,domain,8,credited-by-mirror
slovakia,2026-09-03,Telegram: casusbellilive,telegram,31,credited-by-mirror
slovakia,2026-09-03,Telegram: puchoviny,telegram,88,credited-by-mirror
slovakia,2026-09-03,Telegram: slovanskenoviny,telegram,16,credited-by-mirror
slovakia,2026-09-03,Telegram: slovenskymedved,telegram,7,credited-by-mirror
slovakia,2026-09-03,Telegram: smebratia,telegram,49,credited-by-mirror
slovakia,2026-09-03,Telegram: spravy_slovakia,telegram,9,credited-by-mirror
slovakia,2026-09-03,Telegram: spravydomozaiky,telegram,25,credited-by-mirror
slovakia,2026-09-03,Telegram: zemavek,telegram,31,credited-by-mirror
slovakia,2026-09-03,sk.news-front.su,domain,8,credited-by-mirror
slovakia,2026-09-04,Telegram: casusbellilive,telegram,30,credited-by-mirror
slovakia,2026-09-04,Telegram: puchoviny,telegram,51,credited-by-mirror
slovakia,2026-09-04,Telegram: slovanskenoviny,telegram,16,credited-by-mirror
slovakia,2026-09-04,Telegram: slovenskymedved,telegram,9,credited-by-mirror
slovakia,2026-09-04,Telegram: smebratia,telegram,29,credited-by-mirror
slovakia,2026-09-04,Telegram: spravy_slovakia,telegram,15,credited-by-mirror
slovakia,2026-09-04,Telegram: spravydomozaiky,telegram,23,credited-by-mirror
slovakia,2026-09-04,Telegram: zemavek,telegram,32,credited-by-mirror
slovakia,2026-09-04,sk.news-front.su,domain,15,credited-by-mirror
slovakia,2026-09-05,Telegram: casusbellilive,telegram,6,credited-by-mirror
slovakia,2026-09-05,Telegram: puchoviny,telegram,11,credited-by-mirror
slovakia,2026-09-05,Telegram: slovanskenoviny,telegram,13,credited-by-mirror
slovakia,2026-09-05,Telegram: slovenskymedved,telegram,2,credited-by-mirror
slovakia,2026-09-05,Telegram: smebratia,telegram,6,credited-by-mirror
slovakia,2026-09-05,Telegram: zemavek,telegram,5,credited-by-mirror
slovenia,2026-09-01,Telegram: InfoDefSLO,telegram,5,credited-by-mirror
slovenia,2026-09-02,Telegram: InfoDefSLO,telegram,1,credited-by-mirror
slovenia,2026-09-03,Telegram: InfoDefSLO,telegram,6,credited-by-mirror
slovenia,2026-09-03,Telegram: regnuminfosi,telegram,6,credited-by-mirror
slovenia,2026-09-04,Telegram: InfoDefSLO,telegram,4,credited-by-mirror
slovenia,2026-09-04,Telegram: regnuminfosi,telegram,5,credited-by-mirror
south-korea,2026-09-01,Telegram: izvestia,telegram,2,credited-by-mirror
south-korea,2026-09-01,Telegram: newstapa,telegram,4,credited-by-mirror
south-korea,2026-09-01,Telegram: rybar_pacific,telegram,1,credited-by-mirror
south-korea,2026-09-01,ko.topwar.ru,domain,1,credited-by-mirror
south-korea,2026-09-02,Telegram: newstapa,telegram,3,credited-by-mirror
south-korea,2026-09-02,ko.topwar.ru,domain,1,credited-by-mirror
south-korea,2026-09-03,Telegram: izvestia,telegram,2,credited-by-mirror
south-korea,2026-09-03,Telegram: newstapa,telegram,5,credited-by-mirror
south-korea,2026-09-03,Telegram: tass_world,telegram,1,credited-by-mirror
south-korea,2026-09-03,ko.topwar.ru,domain,2,credited-by-mirror
south-korea,2026-09-04,Telegram: newstapa,telegram,3,credited-by-mirror
south-korea,2026-09-04,Telegram: rybar_pacific,telegram,1,credited-by-mirror
south-korea,2026-09-04,Telegram: tass_world,telegram,1,credited-by-mirror
south-korea,2026-09-04,ko.topwar.ru,domain,2,credited-by-mirror
south-sudan,2026-09-01,Telegram: sputnik_africa,telegram,1,credited-by-mirror
south-sudan,2026-09-03,Telegram: africaninitiative,telegram,1,credited-by-mirror
south-sudan,2026-09-03,Telegram: africaninitiativeen,telegram,1,credited-by-mirror
south-sudan,2026-09-03,Telegram: sputnik_africa,telegram,1,credited-by-mirror
south-sudan,2026-09-03,en.sputniknews.africa,domain,2,credited-by-mirror
spain,2026-09-01,Telegram: BalearesWWG1WGA,telegram,15,credited-by-mirror
spain,2026-09-01,Telegram: Laguaridadeldisidente,telegram,8,credited-by-mirror
spain,2026-09-01,Telegram: ViejosTerciosESP,telegram,22,credited-by-mirror
spain,2026-09-01,Telegram: elchicotriste,telegram,5,credited-by-mirror
spain,2026-09-01,Telegram: espana_eterna,telegram,14,credited-by-mirror
spain,2026-09-01,Telegram: tass_es,telegram,18,credited-by-mirror
spain,2026-09-01,Telegram: tsanoticias,telegram,4,credited-by-mirror
spain,2026-09-01,actualidad.rt.com,domain,3,credited-by-mirror
spain,2026-09-02,Telegram: BalearesWWG1WGA,telegram,3,credited-by-mirror
spain,2026-09-02,Telegram: Laguaridadeldisidente,telegram,10,credited-by-mirror
spain,2026-09-02,Telegram: ViejosTerciosESP,telegram,27,credited-by-mirror
spain,2026-09-02,Telegram: elchicotriste,telegram,6,credited-by-mirror
spain,2026-09-02,Telegram: espana_eterna,telegram,12,credited-by-mirror
spain,2026-09-02,Telegram: tass_es,telegram,9,credited-by-mirror
spain,2026-09-02,Telegram: tsanoticias,telegram,16,credited-by-mirror
spain,2026-09-02,actualidad.rt.com,domain,4,credited-by-mirror
spain,2026-09-03,Telegram: BalearesWWG1WGA,telegram,7,credited-by-mirror
spain,2026-09-03,Telegram: Laguaridadeldisidente,telegram,4,credited-by-mirror
spain,2026-09-03,Telegram: ViejosTerciosESP,telegram,21,credited-by-mirror
spain,2026-09-03,Telegram: elchicotriste,telegram,11,credited-by-mirror
spain,2026-09-03,Telegram: espana_eterna,telegram,9,credited-by-mirror
spain,2026-09-03,Telegram: tass_es,telegram,14,credited-by-mirror
spain,2026-09-03,Telegram: tsanoticias,telegram,17,credited-by-mirror
spain,2026-09-03,actualidad.rt.com,domain,9,credited-by-mirror
spain,2026-09-04,Telegram: BalearesWWG1WGA,telegram,13,credited-by-mirror
spain,2026-09-04,Telegram: Laguaridadeldisidente,telegram,5,credited-by-mirror
spain,2026-09-04,Telegram: ViejosTerciosESP,telegram,17,credited-by-mirror
spain,2026-09-04,Telegram: elchicotriste,telegram,3,credited-by-mirror
spain,2026-09-04,Telegram: espana_eterna,telegram,10,credited-by-mirror
spain,2026-09-04,Telegram: tass_es,telegram,16,credited-by-mirror
spain,2026-09-04,Telegram: tsanoticias,telegram,13,credited-by-mirror
spain,2026-09-04,actualidad.rt.com,domain,6,credited-by-mirror
spain,2026-09-05,Telegram: BalearesWWG1WGA,telegram,1,credited-by-mirror
spain,2026-09-05,Telegram: ViejosTerciosESP,telegram,2,credited-by-mirror
spain,2026-09-05,Telegram: espana_eterna,telegram,2,credited-by-mirror
spain,2026-09-05,Telegram: tass_es,telegram,1,credited-by-mirror
spanish,2026-09-01,Telegram: Eurekapress,telegram,7,credited-by-mirror
spanish,2026-09-01,Telegram: KaosCanal,telegram,9,credited-by-mirror
spanish,2026-09-01,Telegram: SputnikMundo,telegram,8,credited-by-mirror
spanish,2026-09-01,Telegram: guerrasygeo,telegram,3,credited-by-mirror
spanish,2026-09-01,Telegram: nuevo_orden_mundial_canal,telegram,1,credited-by-mirror
spanish,2026-09-01,Telegram: rtnoticias,telegram,4,credited-by-mirror
spanish,2026-09-01,Telegram: tass_es,telegram,13,credited-by-mirror
spanish,2026-09-01,Telegram: wofnon,telegram,3,credited-by-mirror
spanish,2026-09-01,actualidad.rt.com,domain,27,credited-by-mirror
spanish,2026-09-02,Telegram: Eurekapress,telegram,2,credited-by-mirror
spanish,2026-09-02,Telegram: KaosCanal,telegram,3,credited-by-mirror
spanish,2026-09-02,Telegram: SputnikMundo,telegram,9,credited-by-mirror
spanish,2026-09-02,Telegram: guerrasygeo,telegram,3,credited-by-mirror
spanish,2026-09-02,Telegram: nuevo_orden_mundial_canal,telegram,2,credited-by-mirror
spanish,2026-09-02,Telegram: ophiucu,telegram,4,credited-by-mirror
spanish,2026-09-02,Telegram: rtnoticias,telegram,2,credited-by-mirror
spanish,2026-09-02,Telegram: tass_es,telegram,10,credited-by-mirror
spanish,2026-09-02,Telegram: wofnon,telegram,2,credited-by-mirror
spanish,2026-09-02,actualidad.rt.com,domain,35,credited-by-mirror
spanish,2026-09-03,Telegram: Eurekapress,telegram,4,credited-by-mirror
spanish,2026-09-03,Telegram: KaosCanal,telegram,8,credited-by-mirror
spanish,2026-09-03,Telegram: SputnikMundo,telegram,11,credited-by-mirror
spanish,2026-09-03,Telegram: guerrasygeo,telegram,8,credited-by-mirror
spanish,2026-09-03,Telegram: nuevo_orden_mundial_canal,telegram,3,credited-by-mirror
spanish,2026-09-03,Telegram: rtnoticias,telegram,3,credited-by-mirror
spanish,2026-09-03,Telegram: tass_es,telegram,14,credited-by-mirror
spanish,2026-09-03,Telegram: wofnon,telegram,1,credited-by-mirror
spanish,2026-09-03,actualidad.rt.com,domain,35,credited-by-mirror
spanish,2026-09-04,Telegram: Eurekapress,telegram,2,credited-by-mirror
spanish,2026-09-04,Telegram: KaosCanal,telegram,4,credited-by-mirror
spanish,2026-09-04,Telegram: SputnikMundo,telegram,11,credited-by-mirror
spanish,2026-09-04,Telegram: guerrasygeo,telegram,10,credited-by-mirror
spanish,2026-09-04,Telegram: rtnoticias,telegram,2,credited-by-mirror
spanish,2026-09-04,Telegram: tass_es,telegram,13,credited-by-mirror
spanish,2026-09-04,Telegram: wofnon,telegram,5,credited-by-mirror
spanish,2026-09-04,actualidad.rt.com,domain,38,credited-by-mirror
spanish,2026-09-05,Telegram: KaosCanal,telegram,3,credited-by-mirror
spanish,2026-09-05,Telegram: SputnikMundo,telegram,6,credited-by-mirror
spanish,2026-09-05,Telegram: guerrasygeo,telegram,4,credited-by-mirror
spanish,2026-09-05,Telegram: rtnoticias,telegram,1,credited-by-mirror
spanish,2026-09-05,Telegram: tass_es,telegram,4,credited-by-mirror
spanish,2026-09-05,Telegram: wofnon,telegram,2,credited-by-mirror
spanish,2026-09-05,actualidad.rt.com,domain,17,credited-by-mirror
srpska,2026-09-01,Telegram: BunkerSrb,telegram,1,credited-by-mirror
srpska,2026-09-01,Telegram: RepublikaSrpska22,telegram,1,credited-by-mirror
srpska,2026-09-01,Telegram: faktorga,telegram,1,credited-by-mirror
srpska,2026-09-01,Telegram: istocni_front,telegram,2,credited-by-mirror
srpska,2026-09-01,Telegram: rtbalkan,telegram,1,credited-by-mirror
srpska,2026-09-02,Telegram: BunkerSrb,telegram,1,credited-by-mirror
srpska,2026-09-02,Telegram: faktorga,telegram,1,credited-by-mirror
srpska,2026-09-02,Telegram: istocni_front,telegram,2,credited-by-mirror
srpska,2026-09-02,Telegram: vestniksrb,telegram,1,credited-by-mirror
srpska,2026-09-03,Telegram: RepublikaSrpska22,telegram,1,credited-by-mirror
srpska,2026-09-03,Telegram: SrbijaRusija,telegram,1,credited-by-mirror
srpska,2026-09-03,Telegram: faktorga,telegram,1,credited-by-mirror
srpska,2026-09-03,Telegram: istocni_front,telegram,6,credited-by-mirror
srpska,2026-09-03,Telegram: vestniksrb,telegram,1,credited-by-mirror
srpska,2026-09-04,Telegram: RepublikaSrpska22,telegram,1,credited-by-mirror
srpska,2026-09-04,Telegram: SrbijaRusija,telegram,2,credited-by-mirror
srpska,2026-09-04,Telegram: balkanar,telegram,2,credited-by-mirror
srpska,2026-09-04,Telegram: faktorga,telegram,1,credited-by-mirror
srpska,2026-09-04,Telegram: vestniksrb,telegram,1,credited-by-mirror
sudan,2026-09-01,Telegram: Sputnik_Arabic,telegram,2,credited-by-mirror
sudan,2026-09-01,Telegram: rtarabictelegram,telegram,1,credited-by-mirror
sudan,2026-09-01,afrinz.ru,domain,3,credited-by-mirror
sudan,2026-09-01,ar.topwar.ru,domain,3,credited-by-mirror
sudan,2026-09-01,arabic.rt.com,domain,4,credited-by-mirror
sudan,2026-09-02,Telegram: rtarabictelegram,telegram,1,credited-by-mirror
sudan,2026-09-02,Telegram: rybar_africa,telegram,1,credited-by-mirror
sudan,2026-09-02,ar.topwar.ru,domain,3,credited-by-mirror
sudan,2026-09-02,arabic.rt.com,domain,11,credited-by-mirror
sudan,2026-09-02,sarabic.ae,domain,2,credited-by-mirror
sudan,2026-09-03,Telegram: TSC_SUDAN,telegram,4,credited-by-mirror
sudan,2026-09-03,Telegram: rtarabictelegram,telegram,5,credited-by-mirror
sudan,2026-09-03,Telegram: rybar_africa,telegram,2,credited-by-mirror
sudan,2026-09-03,Telegram: tass_ar,telegram,1,credited-by-mirror
sudan,2026-09-03,afrinz.ru,domain,1,credited-by-mirror
sudan,2026-09-03,ar.topwar.ru,domain,1,credited-by-mirror
sudan,2026-09-03,arabic.rt.com,domain,12,credited-by-mirror
sudan,2026-09-03,sarabic.ae,domain,4,credited-by-mirror
sudan,2026-09-04,Telegram: TSC_SUDAN,telegram,1,credited-by-mirror
sudan,2026-09-04,Telegram: rtarabictelegram,telegram,5,credited-by-mirror
sudan,2026-09-04,Telegram: tass_ar,telegram,1,credited-by-mirror
sudan,2026-09-04,afrinz.ru,domain,2,credited-by-mirror
sudan,2026-09-04,ar.topwar.ru,domain,3,credited-by-mirror
sudan,2026-09-04,arabic.rt.com,domain,12,credited-by-mirror
sudan,2026-09-04,sarabic.ae,domain,4,credited-by-mirror
sudan,2026-09-05,Telegram: rtarabictelegram,telegram,3,credited-by-mirror
sudan,2026-09-05,ar.topwar.ru,domain,2,credited-by-mirror
sudan,2026-09-05,arabic.rt.com,domain,3,credited-by-mirror
sweden,2026-09-01,Telegram: InfodefSCANDINAVIA,telegram,12,credited-by-mirror
sweden,2026-09-02,Telegram: InfodefSCANDINAVIA,telegram,13,credited-by-mirror
sweden,2026-09-02,Telegram: rusembswe,telegram,2,credited-by-mirror
sweden,2026-09-03,Telegram: InfodefSCANDINAVIA,telegram,12,credited-by-mirror
sweden,2026-09-03,Telegram: rusembswe,telegram,1,credited-by-mirror
sweden,2026-09-04,Telegram: InfodefSCANDINAVIA,telegram,10,credited-by-mirror
sweden,2026-09-04,Telegram: ostashkonews,telegram,1,credited-by-mirror
sweden,2026-09-05,Telegram: InfodefSCANDINAVIA,telegram,3,credited-by-mirror
switzerland,2026-09-01,Telegram: nowosti_CH,telegram,3,credited-by-mirror
switzerland,2026-09-01,de.rt.com,domain,1,credited-by-mirror
switzerland,2026-09-02,Telegram: RussiaGeneva,telegram,1,credited-by-mirror
switzerland,2026-09-02,Telegram: nowosti_CH,telegram,4,credited-by-mirror
switzerland,2026-09-02,Telegram: rt_de,telegram,2,credited-by-mirror
switzerland,2026-09-02,Telegram: uncut_news,telegram,3,credited-by-mirror
switzerland,2026-09-02,de.rt.com,domain,2,credited-by-mirror
switzerland,2026-09-03,Telegram: nowosti_CH,telegram,4,credited-by-mirror
switzerland,2026-09-03,Telegram: rt_de,telegram,1,credited-by-mirror
switzerland,2026-09-03,Telegram: uncut_news,telegram,2,credited-by-mirror
switzerland,2026-09-03,de.rt.com,domain,2,credited-by-mirror
switzerland,2026-09-04,Telegram: nowosti_CH,telegram,5,credited-by-mirror
switzerland,2026-09-04,Telegram: rt_de,telegram,2,credited-by-mirror
switzerland,2026-09-04,Telegram: uncut_news,telegram,1,credited-by-mirror
switzerland,2026-09-04,de.rt.com,domain,2,credited-by-mirror
switzerland,2026-09-05,Telegram: nowosti_CH,telegram,2,credited-by-mirror
syria,2026-09-01,Telegram: RiaArabic,telegram,23,credited-by-mirror
syria,2026-09-01,Telegram: Sputnik_Arabic,telegram,31,credited-by-mirror
syria,2026-09-01,Telegram: rtarabicalgeria,telegram,20,credited-by-mirror
syria,2026-09-01,Telegram: rtarabicnewsroom,telegram,17,credited-by-mirror
syria,2026-09-01,Telegram: rtarabictelegram,telegram,87,credited-by-mirror
syria,2026-09-01,Telegram: tass_ar,telegram,16,credited-by-mirror
syria,2026-09-01,Telegram: ukr_leaks_ara,telegram,10,credited-by-mirror
syria,2026-09-01,ar.topwar.ru,domain,29,credited-by-mirror
syria,2026-09-01,arabic.rt.com,domain,13,credited-by-mirror
syria,2026-09-01,sarabic.ae,domain,48,credited-by-mirror
syria,2026-09-02,Telegram: RiaArabic,telegram,24,credited-by-mirror
syria,2026-09-02,Telegram: Sputnik_Arabic,telegram,41,credited-by-mirror
syria,2026-09-02,Telegram: rtarabicalgeria,telegram,24,credited-by-mirror
syria,2026-09-02,Telegram: rtarabicnewsroom,telegram,30,credited-by-mirror
syria,2026-09-02,Telegram: rtarabictelegram,telegram,98,credited-by-mirror
syria,2026-09-02,Telegram: tass_ar,telegram,34,credited-by-mirror
syria,2026-09-02,Telegram: ukr_leaks_ara,telegram,16,credited-by-mirror
syria,2026-09-02,ar.topwar.ru,domain,31,credited-by-mirror
syria,2026-09-02,arabic.rt.com,domain,10,credited-by-mirror
syria,2026-09-02,sarabic.ae,domain,49,credited-by-mirror
syria,2026-09-03,Telegram: RiaArabic,telegram,36,credited-by-mirror
syria,2026-09-03,Telegram: Sputnik_Arabic,telegram,40,credited-by-mirror
syria,2026-09-03,Telegram: rtarabicalgeria,telegram,23,credited-by-mirror
syria,2026-09-03,Telegram: rtarabicnewsroom,telegram,23,credited-by-mirror
syria,2026-09-03,Telegram: rtarabictelegram,telegram,103,credited-by-mirror
syria,2026-09-03,Telegram: tass_ar,telegram,31,credited-by-mirror
syria,2026-09-03,Telegram: ukr_leaks_ara,telegram,13,credited-by-mirror
syria,2026-09-03,ar.topwar.ru,domain,36,credited-by-mirror
syria,2026-09-03,arabic.rt.com,domain,11,credited-by-mirror
syria,2026-09-03,sarabic.ae,domain,57,credited-by-mirror
syria,2026-09-04,Telegram: RiaArabic,telegram,17,credited-by-mirror
syria,2026-09-04,Telegram: Sputnik_Arabic,telegram,34,credited-by-mirror
syria,2026-09-04,Telegram: rtarabicalgeria,telegram,18,credited-by-mirror
syria,2026-09-04,Telegram: rtarabicnewsroom,telegram,26,credited-by-mirror
syria,2026-09-04,Telegram: rtarabictelegram,telegram,107,credited-by-mirror
syria,2026-09-04,Telegram: tass_ar,telegram,26,credited-by-mirror
syria,2026-09-04,Telegram: ukr_leaks_ara,telegram,9,credited-by-mirror
syria,2026-09-04,ar.topwar.ru,domain,32,credited-by-mirror
syria,2026-09-04,arabic.rt.com,domain,8,credited-by-mirror
syria,2026-09-04,sarabic.ae,domain,34,credited-by-mirror
syria,2026-09-05,Telegram: RiaArabic,telegram,3,credited-by-mirror
syria,2026-09-05,Telegram: Sputnik_Arabic,telegram,13,credited-by-mirror
syria,2026-09-05,Telegram: rtarabicnewsroom,telegram,8,credited-by-mirror
syria,2026-09-05,Telegram: rtarabictelegram,telegram,33,credited-by-mirror
syria,2026-09-05,Telegram: tass_ar,telegram,5,credited-by-mirror
syria,2026-09-05,Telegram: ukr_leaks_ara,telegram,4,credited-by-mirror
syria,2026-09-05,ar.topwar.ru,domain,11,credited-by-mirror
syria,2026-09-05,sarabic.ae,domain,13,credited-by-mirror
taiwan,2026-09-01,Telegram: InfoDefCHINA,telegram,2,credited-by-mirror
taiwan,2026-09-01,Telegram: ukr_leaks_cn,telegram,3,credited-by-mirror
taiwan,2026-09-01,sputniknews.cn,domain,1,credited-by-mirror
taiwan,2026-09-01,zh-cn.topwar.ru,domain,44,credited-by-mirror
taiwan,2026-09-02,Telegram: InfoDefCHINA,telegram,1,credited-by-mirror
taiwan,2026-09-02,Telegram: rybar_pacific,telegram,1,credited-by-mirror
taiwan,2026-09-02,Telegram: ukr_leaks_cn,telegram,8,credited-by-mirror
taiwan,2026-09-02,zh-cn.topwar.ru,domain,47,credited-by-mirror
taiwan,2026-09-03,Telegram: InfoDefCHINA,telegram,2,credited-by-mirror
taiwan,2026-09-03,Telegram: lomovkaa,telegram,1,credited-by-mirror
taiwan,2026-09-03,Telegram: rybar_pacific,telegram,2,credited-by-mirror
taiwan,2026-09-03,Telegram: ukr_leaks_cn,telegram,4,credited-by-mirror
taiwan,2026-09-03,sputniknews.cn,domain,3,credited-by-mirror
taiwan,2026-09-03,zh-cn.topwar.ru,domain,46,credited-by-mirror
taiwan,2026-09-04,Telegram: InfoDefCHINA,telegram,2,credited-by-mirror
taiwan,2026-09-04,Telegram: rybar_pacific,telegram,2,credited-by-mirror
taiwan,2026-09-04,zh-cn.topwar.ru,domain,44,credited-by-mirror
taiwan,2026-09-05,Telegram: ukr_leaks_cn,telegram,4,credited-by-mirror
taiwan,2026-09-05,zh-cn.topwar.ru,domain,11,credited-by-mirror
trump,2026-09-01,Telegram: SGTnewsNetwork,telegram,20,credited-by-mirror
trump,2026-09-01,Telegram: SolovievLive,telegram,3,credited-by-mirror
trump,2026-09-01,Telegram: llordofwar,telegram,5,credited-by-mirror
trump,2026-09-01,Telegram: lomovkaa,telegram,2,credited-by-mirror
trump,2026-09-01,Telegram: ostashkonews,telegram,5,credited-by-mirror
trump,2026-09-01,Telegram: rianovostiAmerica,telegram,4,credited-by-mirror
trump,2026-09-01,Telegram: tassagency_en,telegram,4,credited-by-mirror
trump,2026-09-01,en.topwar.ru,domain,4,credited-by-mirror
trump,2026-09-01,swentr.site,domain,11,credited-by-mirror
trump,2026-09-02,Telegram: SGTnewsNetwork,telegram,31,credited-by-mirror
trump,2026-09-02,Telegram: SolovievLive,telegram,2,credited-by-mirror
trump,2026-09-02,Telegram: llordofwar,telegram,6,credited-by-mirror
trump,2026-09-02,Telegram: lomovkaa,telegram,1,credited-by-mirror
trump,2026-09-02,Telegram: ostashkonews,telegram,2,credited-by-mirror
trump,2026-09-02,Telegram: rianovostiAmerica,telegram,3,credited-by-mirror
trump,2026-09-02,Telegram: tassagency_en,telegram,5,credited-by-mirror
trump,2026-09-02,en.topwar.ru,domain,5,credited-by-mirror
trump,2026-09-02,swentr.site,domain,3,credited-by-mirror
trump,2026-09-03,Telegram: SGTnewsNetwork,telegram,35,credited-by-mirror
trump,2026-09-03,Telegram: SolovievLive,telegram,5,credited-by-mirror
trump,2026-09-03,Telegram: llordofwar,telegram,9,credited-by-mirror
trump,2026-09-03,Telegram: lomovkaa,telegram,4,credited-by-mirror
trump,2026-09-03,Telegram: ostashkonews,telegram,2,credited-by-mirror
trump,2026-09-03,Telegram: rianovostiAmerica,telegram,5,credited-by-mirror
trump,2026-09-03,Telegram: tassagency_en,telegram,8,credited-by-mirror
trump,2026-09-03,en.topwar.ru,domain,2,credited-by-mirror
trump,2026-09-03,swentr.site,domain,2,credited-by-mirror
trump,2026-09-04,Telegram: SGTnewsNetwork,telegram,17,credited-by-mirror
trump,2026-09-04,Telegram: SolovievLive,telegram,1,credited-by-mirror
trump,2026-09-04,Telegram: llordofwar,telegram,14,credited-by-mirror
trump,2026-09-04,Telegram: lomovkaa,telegram,3,credited-by-mirror
trump,2026-09-04,Telegram: ostashkonews,telegram,4,credited-by-mirror
trump,2026-09-04,Telegram: rianovostiAmerica,telegram,3,credited-by-mirror
trump,2026-09-04,Telegram: tassagency_en,telegram,7,credited-by-mirror
trump,2026-09-04,en.topwar.ru,domain,6,credited-by-mirror
trump,2026-09-04,swentr.site,domain,4,credited-by-mirror
trump,2026-09-05,Telegram: SGTnewsNetwork,telegram,10,credited-by-mirror
trump,2026-09-05,Telegram: llordofwar,telegram,2,credited-by-mirror
trump,2026-09-05,Telegram: lomovkaa,telegram,2,credited-by-mirror
trump,2026-09-05,Telegram: ostashkonews,telegram,2,credited-by-mirror
trump,2026-09-05,en.topwar.ru,domain,1,credited-by-mirror
turkey,2026-09-01,Telegram: InfodefTURKEY,telegram,3,credited-by-mirror
turkey,2026-09-01,Telegram: russian_turkiye,telegram,24,credited-by-mirror
turkey,2026-09-01,Telegram: tr_sputnik,telegram,66,credited-by-mirror
turkey,2026-09-01,Telegram: turkeyabout,telegram,2,credited-by-mirror
turkey,2026-09-01,anlatilaninotesi.com.tr,domain,37,credited-by-mirror
turkey,2026-09-01,tr.topwar.ru,domain,35,credited-by-mirror
turkey,2026-09-02,Telegram: InfodefTURKEY,telegram,2,credited-by-mirror
turkey,2026-09-02,Telegram: erknoncn,telegram,12,credited-by-mirror
turkey,2026-09-02,Telegram: russian_turkiye,telegram,12,credited-by-mirror
turkey,2026-09-02,Telegram: tr_sputnik,telegram,79,credited-by-mirror
turkey,2026-09-02,Telegram: turkeyabout,telegram,4,credited-by-mirror
turkey,2026-09-02,anlatilaninotesi.com.tr,domain,38,credited-by-mirror
turkey,2026-09-02,tr.topwar.ru,domain,40,credited-by-mirror
turkey,2026-09-03,Telegram: InfodefTURKEY,telegram,6,credited-by-mirror
turkey,2026-09-03,Telegram: erknoncn,telegram,1,credited-by-mirror
turkey,2026-09-03,Telegram: russian_turkiye,telegram,20,credited-by-mirror
turkey,2026-09-03,Telegram: tr_sputnik,telegram,97,credited-by-mirror
turkey,2026-09-03,Telegram: turkeyabout,telegram,7,credited-by-mirror
turkey,2026-09-03,anlatilaninotesi.com.tr,domain,42,credited-by-mirror
turkey,2026-09-03,tr.topwar.ru,domain,44,credited-by-mirror
turkey,2026-09-04,Telegram: InfodefTURKEY,telegram,8,credited-by-mirror
turkey,2026-09-04,Telegram: russian_turkiye,telegram,33,credited-by-mirror
turkey,2026-09-04,Telegram: tr_sputnik,telegram,69,credited-by-mirror
turkey,2026-09-04,Telegram: turkeyabout,telegram,7,credited-by-mirror
turkey,2026-09-04,anlatilaninotesi.com.tr,domain,43,credited-by-mirror
turkey,2026-09-04,tr.topwar.ru,domain,42,credited-by-mirror
turkey,2026-09-05,Telegram: InfodefTURKEY,telegram,3,credited-by-mirror
turkey,2026-09-05,Telegram: tr_sputnik,telegram,8,credited-by-mirror
turkey,2026-09-05,anlatilaninotesi.com.tr,domain,2,credited-by-mirror
turkey,2026-09-05,tr.topwar.ru,domain,13,credited-by-mirror
ua,2026-09-01,Telegram: RVvoenkor,telegram,2,credited-by-mirror
ua,2026-09-01,Telegram: denazi_UA,telegram,2,credited-by-mirror
ua,2026-09-01,Telegram: dva_majors,telegram,2,credited-by-mirror
ua,2026-09-01,Telegram: mod_russia,telegram,1,credited-by-mirror
ua,2026-09-01,Telegram: naspravdiinfo,telegram,5,credited-by-mirror
ua,2026-09-01,Telegram: rybar,telegram,7,credited-by-mirror
ua,2026-09-01,Telegram: ukr_leaks,telegram,6,credited-by-mirror
ua,2026-09-02,Telegram: RVvoenkor,telegram,2,credited-by-mirror
ua,2026-09-02,Telegram: denazi_UA,telegram,2,credited-by-mirror
ua,2026-09-02,Telegram: dva_majors,telegram,3,credited-by-mirror
ua,2026-09-02,Telegram: mod_russia,telegram,2,credited-by-mirror
ua,2026-09-02,Telegram: naspravdiinfo,telegram,1,credited-by-mirror
ua,2026-09-02,Telegram: rybar,telegram,8,credited-by-mirror
ua,2026-09-02,Telegram: ukr_leaks,telegram,1,credited-by-mirror
ua,2026-09-03,Telegram: RVvoenkor,telegram,6,credited-by-mirror
ua,2026-09-03,Telegram: denazi_UA,telegram,4,credited-by-mirror
ua,2026-09-03,Telegram: dva_majors,telegram,5,credited-by-mirror
ua,2026-09-03,Telegram: mod_russia,telegram,1,credited-by-mirror
ua,2026-09-03,Telegram: naspravdiinfo,telegram,1,credited-by-mirror
ua,2026-09-03,Telegram: rybar,telegram,7,credited-by-mirror
ua,2026-09-03,Telegram: ukr_leaks,telegram,5,credited-by-mirror
ua,2026-09-04,Telegram: RVvoenkor,telegram,9,credited-by-mirror
ua,2026-09-04,Telegram: denazi_UA,telegram,2,credited-by-mirror
ua,2026-09-04,Telegram: dva_majors,telegram,6,credited-by-mirror
ua,2026-09-04,Telegram: mod_russia,telegram,1,credited-by-mirror
ua,2026-09-04,Telegram: naspravdiinfo,telegram,2,credited-by-mirror
ua,2026-09-04,Telegram: rybar,telegram,3,credited-by-mirror
ua,2026-09-04,Telegram: ukr_leaks,telegram,6,credited-by-mirror
ua,2026-09-05,Telegram: RVvoenkor,telegram,4,credited-by-mirror
ua,2026-09-05,Telegram: denazi_UA,telegram,1,credited-by-mirror
uk,2026-09-01,Telegram: TommyRobinsonNews,telegram,6,credited-by-mirror
uk,2026-09-01,Telegram: internationalreporters_eng,telegram,1,credited-by-mirror
uk,2026-09-01,Telegram: kornilov1968,telegram,1,credited-by-mirror
uk,2026-09-01,Telegram: llordofwar,telegram,6,credited-by-mirror
uk,2026-09-01,Telegram: lomovkaa,telegram,1,credited-by-mirror
uk,2026-09-01,swentr.site,domain,3,credited-by-mirror
uk,2026-09-02,Telegram: TommyRobinsonNews,telegram,6,credited-by-mirror
uk,2026-09-02,Telegram: internationalreporters_eng,telegram,1,credited-by-mirror
uk,2026-09-02,Telegram: kornilov1968,telegram,2,credited-by-mirror
uk,2026-09-02,Telegram: llordofwar,telegram,1,credited-by-mirror
uk,2026-09-02,Telegram: masnoschannel,telegram,2,credited-by-mirror
uk,2026-09-02,swentr.site,domain,2,credited-by-mirror
uk,2026-09-03,Telegram: TommyRobinsonNews,telegram,4,credited-by-mirror
uk,2026-09-03,Telegram: kornilov1968,telegram,1,credited-by-mirror
uk,2026-09-03,Telegram: llordofwar,telegram,2,credited-by-mirror
uk,2026-09-03,Telegram: lomovkaa,telegram,2,credited-by-mirror
uk,2026-09-03,Telegram: masnoschannel,telegram,2,credited-by-mirror
uk,2026-09-04,Telegram: TommyRobinsonNews,telegram,8,credited-by-mirror
uk,2026-09-04,Telegram: internationalreporters_eng,telegram,1,credited-by-mirror
uk,2026-09-04,Telegram: kornilov1968,telegram,1,credited-by-mirror
uk,2026-09-04,Telegram: llordofwar,telegram,10,credited-by-mirror
uk,2026-09-04,Telegram: lomovkaa,telegram,1,credited-by-mirror
uk,2026-09-04,Telegram: masnoschannel,telegram,3,credited-by-mirror
uk,2026-09-04,swentr.site,domain,2,credited-by-mirror
uk,2026-09-05,Telegram: llordofwar,telegram,1,credited-by-mirror
uk,2026-09-05,Telegram: masnoschannel,telegram,1,credited-by-mirror
uk,2026-09-05,swentr.site,domain,1,credited-by-mirror
usa,2026-09-01,Telegram: SGTnewsNetwork,telegram,49,credited-by-mirror
usa,2026-09-01,Telegram: llordofwar,telegram,3,credited-by-mirror
usa,2026-09-01,Telegram: lomovkaa,telegram,3,credited-by-mirror
usa,2026-09-01,Telegram: myLordBebo,telegram,2,credited-by-mirror
usa,2026-09-02,Telegram: SGTnewsNetwork,telegram,63,credited-by-mirror
usa,2026-09-02,Telegram: llordofwar,telegram,9,credited-by-mirror
usa,2026-09-02,Telegram: lomovkaa,telegram,4,credited-by-mirror
usa,2026-09-02,Telegram: myLordBebo,telegram,5,credited-by-mirror
usa,2026-09-03,Telegram: SGTnewsNetwork,telegram,71,credited-by-mirror
usa,2026-09-03,Telegram: llordofwar,telegram,7,credited-by-mirror
usa,2026-09-03,Telegram: lomovkaa,telegram,4,credited-by-mirror
usa,2026-09-03,Telegram: myLordBebo,telegram,10,credited-by-mirror
usa,2026-09-04,Telegram: SGTnewsNetwork,telegram,46,credited-by-mirror
usa,2026-09-04,Telegram: llordofwar,telegram,19,credited-by-mirror
usa,2026-09-04,Telegram: myLordBebo,telegram,1,credited-by-mirror
usa,2026-09-05,Telegram: SGTnewsNetwork,telegram,28,credited-by-mirror
usa,2026-09-05,Telegram: llordofwar,telegram,6,credited-by-mirror
usa,2026-09-05,Telegram: lomovkaa,telegram,3,credited-by-mirror
usa,2026-09-05,Telegram: myLordBebo,telegram,2,credited-by-mirror
