mirror,date,source,source_type,credits,relationship
a,2026-08-01,Telegram: leblorikzov,telegram,38,credited-by-mirror
a,2026-08-01,Telegram: lomovkaa,telegram,15,credited-by-mirror
a,2026-08-01,Telegram: oroszokazigazsagoldalan,telegram,110,credited-by-mirror
a,2026-08-01,Telegram: ostashkonews,telegram,1,credited-by-mirror
a,2026-08-01,Telegram: rusputnikmd,telegram,52,credited-by-mirror
a,2026-08-02,Telegram: leblorikzov,telegram,39,credited-by-mirror
a,2026-08-02,Telegram: lomovkaa,telegram,21,credited-by-mirror
a,2026-08-02,Telegram: oroszokazigazsagoldalan,telegram,100,credited-by-mirror
a,2026-08-02,Telegram: ostashkonews,telegram,8,credited-by-mirror
a,2026-08-02,Telegram: rusputnikmd,telegram,39,credited-by-mirror
a,2026-08-03,Telegram: leblorikzov,telegram,42,credited-by-mirror
a,2026-08-03,Telegram: lomovkaa,telegram,16,credited-by-mirror
a,2026-08-03,Telegram: oroszokazigazsagoldalan,telegram,100,credited-by-mirror
a,2026-08-03,Telegram: ostashkonews,telegram,13,credited-by-mirror
a,2026-08-03,Telegram: rusputnikmd,telegram,93,credited-by-mirror
a,2026-08-04,Telegram: leblorikzov,telegram,55,credited-by-mirror
a,2026-08-04,Telegram: lomovkaa,telegram,27,credited-by-mirror
a,2026-08-04,Telegram: oroszokazigazsagoldalan,telegram,70,credited-by-mirror
a,2026-08-04,Telegram: ostashkonews,telegram,11,credited-by-mirror
a,2026-08-04,Telegram: rusputnikmd,telegram,98,credited-by-mirror
a,2026-08-05,Telegram: leblorikzov,telegram,41,credited-by-mirror
a,2026-08-05,Telegram: lomovkaa,telegram,25,credited-by-mirror
a,2026-08-05,Telegram: oroszokazigazsagoldalan,telegram,98,credited-by-mirror
a,2026-08-05,Telegram: ostashkonews,telegram,9,credited-by-mirror
a,2026-08-05,Telegram: rusputnikmd,telegram,90,credited-by-mirror
a,2026-08-06,Telegram: leblorikzov,telegram,37,credited-by-mirror
a,2026-08-06,Telegram: lomovkaa,telegram,21,credited-by-mirror
a,2026-08-06,Telegram: oroszokazigazsagoldalan,telegram,77,credited-by-mirror
a,2026-08-06,Telegram: ostashkonews,telegram,9,credited-by-mirror
a,2026-08-06,Telegram: rusputnikmd,telegram,91,credited-by-mirror
a,2026-08-07,Telegram: leblorikzov,telegram,40,credited-by-mirror
a,2026-08-07,Telegram: lomovkaa,telegram,15,credited-by-mirror
a,2026-08-07,Telegram: oroszokazigazsagoldalan,telegram,96,credited-by-mirror
a,2026-08-07,Telegram: ostashkonews,telegram,10,credited-by-mirror
a,2026-08-07,Telegram: rusputnikmd,telegram,70,credited-by-mirror
a,2026-08-08,Telegram: leblorikzov,telegram,37,credited-by-mirror
a,2026-08-08,Telegram: lomovkaa,telegram,23,credited-by-mirror
a,2026-08-08,Telegram: oroszokazigazsagoldalan,telegram,121,credited-by-mirror
a,2026-08-08,Telegram: ostashkonews,telegram,1,credited-by-mirror
a,2026-08-08,Telegram: rusputnikmd,telegram,50,credited-by-mirror
a,2026-08-09,Telegram: leblorikzov,telegram,48,credited-by-mirror
a,2026-08-09,Telegram: lomovkaa,telegram,18,credited-by-mirror
a,2026-08-09,Telegram: oroszokazigazsagoldalan,telegram,190,credited-by-mirror
a,2026-08-09,Telegram: ostashkonews,telegram,6,credited-by-mirror
a,2026-08-09,Telegram: rusputnikmd,telegram,47,credited-by-mirror
a,2026-08-10,Telegram: leblorikzov,telegram,40,credited-by-mirror
a,2026-08-10,Telegram: lomovkaa,telegram,18,credited-by-mirror
a,2026-08-10,Telegram: oroszokazigazsagoldalan,telegram,121,credited-by-mirror
a,2026-08-10,Telegram: ostashkonews,telegram,1,credited-by-mirror
a,2026-08-10,Telegram: rusputnikmd,telegram,90,credited-by-mirror
a,2026-08-11,Telegram: leblorikzov,telegram,29,credited-by-mirror
a,2026-08-11,Telegram: lomovkaa,telegram,15,credited-by-mirror
a,2026-08-11,Telegram: oroszokazigazsagoldalan,telegram,112,credited-by-mirror
a,2026-08-11,Telegram: ostashkonews,telegram,13,credited-by-mirror
a,2026-08-11,Telegram: rusputnikmd,telegram,71,credited-by-mirror
a,2026-08-12,Telegram: leblorikzov,telegram,5,credited-by-mirror
a,2026-08-12,Telegram: lomovkaa,telegram,6,credited-by-mirror
a,2026-08-12,Telegram: oroszokazigazsagoldalan,telegram,28,credited-by-mirror
a,2026-08-12,Telegram: rusputnikmd,telegram,14,credited-by-mirror
abkhazia,2026-08-01,sputnik-abkhazia.info,domain,12,credited-by-mirror
abkhazia,2026-08-02,sputnik-abkhazia.info,domain,12,credited-by-mirror
abkhazia,2026-08-03,sputnik-abkhazia.info,domain,22,credited-by-mirror
abkhazia,2026-08-04,sputnik-abkhazia.info,domain,31,credited-by-mirror
abkhazia,2026-08-05,sputnik-abkhazia.info,domain,23,credited-by-mirror
abkhazia,2026-08-06,sputnik-abkhazia.info,domain,24,credited-by-mirror
abkhazia,2026-08-07,sputnik-abkhazia.info,domain,31,credited-by-mirror
abkhazia,2026-08-08,sputnik-abkhazia.info,domain,17,credited-by-mirror
abkhazia,2026-08-09,sputnik-abkhazia.info,domain,12,credited-by-mirror
abkhazia,2026-08-10,sputnik-abkhazia.info,domain,33,credited-by-mirror
abkhazia,2026-08-11,sputnik-abkhazia.info,domain,21,credited-by-mirror
abkhazia,2026-08-12,sputnik-abkhazia.info,domain,2,credited-by-mirror
albania,2026-08-01,Telegram: rusembalb,telegram,1,credited-by-mirror
albania,2026-08-02,Telegram: balkanar,telegram,2,credited-by-mirror
albania,2026-08-02,Telegram: infantmilitario,telegram,1,credited-by-mirror
albania,2026-08-03,Telegram: balkanar,telegram,1,credited-by-mirror
albania,2026-08-04,Telegram: balkanar,telegram,3,credited-by-mirror
albania,2026-08-04,Telegram: infantmilitario,telegram,1,credited-by-mirror
albania,2026-08-05,Telegram: balkanar,telegram,3,credited-by-mirror
albania,2026-08-06,Telegram: balkanar,telegram,2,credited-by-mirror
albania,2026-08-07,Telegram: balkanar,telegram,3,credited-by-mirror
albania,2026-08-07,Telegram: rusembalb,telegram,2,credited-by-mirror
albania,2026-08-08,Telegram: RVvoenkor,telegram,1,credited-by-mirror
albania,2026-08-08,Telegram: balkanar,telegram,3,credited-by-mirror
albania,2026-08-08,Telegram: rusembalb,telegram,1,credited-by-mirror
albania,2026-08-09,Telegram: RVvoenkor,telegram,1,credited-by-mirror
albania,2026-08-09,Telegram: balkanar,telegram,1,credited-by-mirror
albania,2026-08-09,Telegram: infantmilitario,telegram,1,credited-by-mirror
albania,2026-08-09,Telegram: rusembalb,telegram,1,credited-by-mirror
albania,2026-08-10,Telegram: balkanar,telegram,3,credited-by-mirror
albania,2026-08-11,Telegram: balkanar,telegram,3,credited-by-mirror
albania,2026-08-11,Telegram: infantmilitario,telegram,1,credited-by-mirror
algeria,2026-08-01,Telegram: ambrussie_algerie,telegram,3,credited-by-mirror
algeria,2026-08-01,arabic.rt.com,domain,1,credited-by-mirror
algeria,2026-08-01,sarabic.ae,domain,1,credited-by-mirror
algeria,2026-08-02,Telegram: Sputnik_Arabic,telegram,1,credited-by-mirror
algeria,2026-08-02,Telegram: africaninitiative,telegram,1,credited-by-mirror
algeria,2026-08-02,Telegram: ambrussie_algerie,telegram,1,credited-by-mirror
algeria,2026-08-02,Telegram: rustradealgeria,telegram,1,credited-by-mirror
algeria,2026-08-02,arabic.rt.com,domain,2,credited-by-mirror
algeria,2026-08-02,sarabic.ae,domain,1,credited-by-mirror
algeria,2026-08-03,Telegram: Sputnik_Arabic,telegram,1,credited-by-mirror
algeria,2026-08-03,Telegram: africaninitiative,telegram,2,credited-by-mirror
algeria,2026-08-03,Telegram: rtarabictelegram,telegram,1,credited-by-mirror
algeria,2026-08-03,Telegram: rustradealgeria,telegram,1,credited-by-mirror
algeria,2026-08-03,ar.topwar.ru,domain,1,credited-by-mirror
algeria,2026-08-03,arabic.rt.com,domain,9,credited-by-mirror
algeria,2026-08-03,sarabic.ae,domain,2,credited-by-mirror
algeria,2026-08-04,Telegram: rtarabictelegram,telegram,1,credited-by-mirror
algeria,2026-08-04,Telegram: rustradealgeria,telegram,1,credited-by-mirror
algeria,2026-08-04,arabic.rt.com,domain,2,credited-by-mirror
algeria,2026-08-05,Telegram: Sputnik_Arabic,telegram,1,credited-by-mirror
algeria,2026-08-05,Telegram: rustradealgeria,telegram,1,credited-by-mirror
algeria,2026-08-05,ar.topwar.ru,domain,1,credited-by-mirror
algeria,2026-08-05,arabic.rt.com,domain,4,credited-by-mirror
algeria,2026-08-05,sarabic.ae,domain,2,credited-by-mirror
algeria,2026-08-06,Telegram: Sputnik_Arabic,telegram,1,credited-by-mirror
algeria,2026-08-06,Telegram: rtarabictelegram,telegram,2,credited-by-mirror
algeria,2026-08-06,Telegram: rustradealgeria,telegram,1,credited-by-mirror
algeria,2026-08-06,arabic.rt.com,domain,10,credited-by-mirror
algeria,2026-08-06,sarabic.ae,domain,3,credited-by-mirror
algeria,2026-08-07,Telegram: Sputnik_Arabic,telegram,1,credited-by-mirror
algeria,2026-08-07,Telegram: africaninitiative,telegram,1,credited-by-mirror
algeria,2026-08-07,Telegram: rtarabictelegram,telegram,1,credited-by-mirror
algeria,2026-08-07,arabic.rt.com,domain,8,credited-by-mirror
algeria,2026-08-07,sarabic.ae,domain,2,credited-by-mirror
algeria,2026-08-08,Telegram: rtarabictelegram,telegram,1,credited-by-mirror
algeria,2026-08-08,arabic.rt.com,domain,3,credited-by-mirror
algeria,2026-08-08,sarabic.ae,domain,3,credited-by-mirror
algeria,2026-08-09,Telegram: africaninitiative,telegram,1,credited-by-mirror
algeria,2026-08-09,Telegram: rtarabictelegram,telegram,3,credited-by-mirror
algeria,2026-08-09,Telegram: rustradealgeria,telegram,1,credited-by-mirror
algeria,2026-08-09,ar.topwar.ru,domain,1,credited-by-mirror
algeria,2026-08-09,arabic.rt.com,domain,7,credited-by-mirror
algeria,2026-08-09,sarabic.ae,domain,2,credited-by-mirror
algeria,2026-08-10,Telegram: Sputnik_Arabic,telegram,1,credited-by-mirror
algeria,2026-08-10,Telegram: africaninitiative,telegram,1,credited-by-mirror
algeria,2026-08-10,Telegram: rustradealgeria,telegram,2,credited-by-mirror
algeria,2026-08-10,arabic.rt.com,domain,3,credited-by-mirror
algeria,2026-08-10,sarabic.ae,domain,1,credited-by-mirror
algeria,2026-08-11,Telegram: rtarabictelegram,telegram,6,credited-by-mirror
algeria,2026-08-11,Telegram: rustradealgeria,telegram,1,credited-by-mirror
algeria,2026-08-11,ar.topwar.ru,domain,2,credited-by-mirror
algeria,2026-08-11,arabic.rt.com,domain,9,credited-by-mirror
algeria,2026-08-11,sarabic.ae,domain,3,credited-by-mirror
algeria,2026-08-12,Telegram: rtarabictelegram,telegram,1,credited-by-mirror
algeria,2026-08-12,arabic.rt.com,domain,2,credited-by-mirror
algeria,2026-08-12,sarabic.ae,domain,1,credited-by-mirror
armenia,2026-08-01,Telegram: armeniasputnik,telegram,28,credited-by-mirror
armenia,2026-08-01,Telegram: caucasar,telegram,1,credited-by-mirror
armenia,2026-08-01,Telegram: infodefARM,telegram,1,credited-by-mirror
armenia,2026-08-01,Telegram: sputniklive,telegram,2,credited-by-mirror
armenia,2026-08-01,arm.sputniknews.ru,domain,7,credited-by-mirror
armenia,2026-08-02,Telegram: armeniasputnik,telegram,33,credited-by-mirror
armenia,2026-08-02,Telegram: caucasar,telegram,3,credited-by-mirror
armenia,2026-08-02,Telegram: rusembassyarm,telegram,1,credited-by-mirror
armenia,2026-08-02,arm.sputniknews.ru,domain,18,credited-by-mirror
armenia,2026-08-03,Telegram: armeniasputnik,telegram,51,credited-by-mirror
armenia,2026-08-03,Telegram: caucasar,telegram,2,credited-by-mirror
armenia,2026-08-03,Telegram: infodefARM,telegram,2,credited-by-mirror
armenia,2026-08-03,Telegram: sputniklive,telegram,2,credited-by-mirror
armenia,2026-08-03,arm.sputniknews.ru,domain,21,credited-by-mirror
armenia,2026-08-04,Telegram: armeniasputnik,telegram,41,credited-by-mirror
armenia,2026-08-04,Telegram: caucasar,telegram,2,credited-by-mirror
armenia,2026-08-04,Telegram: infodefARM,telegram,1,credited-by-mirror
armenia,2026-08-04,Telegram: rt_russian,telegram,1,credited-by-mirror
armenia,2026-08-04,Telegram: rusembassyarm,telegram,1,credited-by-mirror
armenia,2026-08-04,Telegram: sputniklive,telegram,6,credited-by-mirror
armenia,2026-08-04,arm.sputniknews.ru,domain,25,credited-by-mirror
armenia,2026-08-05,Telegram: armeniasputnik,telegram,41,credited-by-mirror
armenia,2026-08-05,Telegram: caucasar,telegram,3,credited-by-mirror
armenia,2026-08-05,Telegram: infodefARM,telegram,2,credited-by-mirror
armenia,2026-08-05,Telegram: sputniklive,telegram,3,credited-by-mirror
armenia,2026-08-05,arm.sputniknews.ru,domain,16,credited-by-mirror
armenia,2026-08-06,Telegram: armeniasputnik,telegram,49,credited-by-mirror
armenia,2026-08-06,Telegram: caucasar,telegram,2,credited-by-mirror
armenia,2026-08-06,Telegram: infodefARM,telegram,1,credited-by-mirror
armenia,2026-08-06,Telegram: sputniklive,telegram,5,credited-by-mirror
armenia,2026-08-06,arm.sputniknews.ru,domain,31,credited-by-mirror
armenia,2026-08-07,Telegram: armeniasputnik,telegram,32,credited-by-mirror
armenia,2026-08-07,Telegram: caucasar,telegram,2,credited-by-mirror
armenia,2026-08-07,Telegram: rt_russian,telegram,1,credited-by-mirror
armenia,2026-08-07,arm.sputniknews.ru,domain,20,credited-by-mirror
armenia,2026-08-08,Telegram: armeniasputnik,telegram,22,credited-by-mirror
armenia,2026-08-08,Telegram: infodefARM,telegram,2,credited-by-mirror
armenia,2026-08-08,Telegram: sputniklive,telegram,3,credited-by-mirror
armenia,2026-08-08,arm.sputniknews.ru,domain,10,credited-by-mirror
armenia,2026-08-09,Telegram: armeniasputnik,telegram,20,credited-by-mirror
armenia,2026-08-09,Telegram: infodefARM,telegram,1,credited-by-mirror
armenia,2026-08-09,Telegram: sputniklive,telegram,1,credited-by-mirror
armenia,2026-08-09,arm.sputniknews.ru,domain,9,credited-by-mirror
armenia,2026-08-10,Telegram: armeniasputnik,telegram,40,credited-by-mirror
armenia,2026-08-10,Telegram: caucasar,telegram,2,credited-by-mirror
armenia,2026-08-10,Telegram: infodefARM,telegram,1,credited-by-mirror
armenia,2026-08-10,Telegram: rusembassyarm,telegram,1,credited-by-mirror
armenia,2026-08-10,Telegram: sputniklive,telegram,3,credited-by-mirror
armenia,2026-08-10,arm.sputniknews.ru,domain,15,credited-by-mirror
armenia,2026-08-11,Telegram: RadioSputnikArm,telegram,1,credited-by-mirror
armenia,2026-08-11,Telegram: armeniasputnik,telegram,49,credited-by-mirror
armenia,2026-08-11,Telegram: caucasar,telegram,3,credited-by-mirror
armenia,2026-08-11,Telegram: sputniklive,telegram,6,credited-by-mirror
armenia,2026-08-11,arm.sputniknews.ru,domain,22,credited-by-mirror
armenia,2026-08-12,Telegram: armeniasputnik,telegram,11,credited-by-mirror
armenia,2026-08-12,Telegram: sputniklive,telegram,1,credited-by-mirror
armenia,2026-08-12,arm.sputniknews.ru,domain,6,credited-by-mirror
au,2026-08-01,Telegram: AussieCossack,telegram,8,credited-by-mirror
au,2026-08-01,Telegram: llordofwar,telegram,1,credited-by-mirror
au,2026-08-01,Telegram: rbc_sport,telegram,1,credited-by-mirror
au,2026-08-02,Telegram: AussieCossack,telegram,14,credited-by-mirror
au,2026-08-02,Telegram: llordofwar,telegram,1,credited-by-mirror
au,2026-08-03,Telegram: AussieCossack,telegram,14,credited-by-mirror
au,2026-08-03,Telegram: NoticerNews,telegram,3,credited-by-mirror
au,2026-08-03,Telegram: llordofwar,telegram,1,credited-by-mirror
au,2026-08-04,Telegram: AussieCossack,telegram,15,credited-by-mirror
au,2026-08-04,Telegram: ausvstheagenda,telegram,1,credited-by-mirror
au,2026-08-04,Telegram: llordofwar,telegram,1,credited-by-mirror
au,2026-08-05,Telegram: AussieCossack,telegram,15,credited-by-mirror
au,2026-08-05,Telegram: NoticerNews,telegram,1,credited-by-mirror
au,2026-08-05,Telegram: australiafirstparty,telegram,1,credited-by-mirror
au,2026-08-06,Telegram: AussieCossack,telegram,12,credited-by-mirror
au,2026-08-06,Telegram: NoticerNews,telegram,1,credited-by-mirror
au,2026-08-06,Telegram: ausvstheagenda,telegram,1,credited-by-mirror
au,2026-08-06,Telegram: llordofwar,telegram,1,credited-by-mirror
au,2026-08-06,Telegram: rbc_sport,telegram,2,credited-by-mirror
au,2026-08-07,Telegram: AussieCossack,telegram,8,credited-by-mirror
au,2026-08-07,Telegram: NoticerNews,telegram,1,credited-by-mirror
au,2026-08-07,Telegram: TASS_europe,telegram,1,credited-by-mirror
au,2026-08-07,Telegram: rbc_sport,telegram,2,credited-by-mirror
au,2026-08-08,Telegram: AussieCossack,telegram,13,credited-by-mirror
au,2026-08-08,Telegram: NoticerNews,telegram,1,credited-by-mirror
au,2026-08-09,Telegram: AussieCossack,telegram,13,credited-by-mirror
au,2026-08-09,Telegram: australiafirstparty,telegram,2,credited-by-mirror
au,2026-08-10,Telegram: AussieCossack,telegram,13,credited-by-mirror
au,2026-08-10,Telegram: TASS_europe,telegram,2,credited-by-mirror
au,2026-08-10,Telegram: australiafirstparty,telegram,2,credited-by-mirror
au,2026-08-11,Telegram: AussieCossack,telegram,17,credited-by-mirror
au,2026-08-11,Telegram: australiafirstparty,telegram,2,credited-by-mirror
au,2026-08-12,Telegram: AussieCossack,telegram,4,credited-by-mirror
australia,2026-08-01,Telegram: AussieCossack,telegram,8,credited-by-mirror
australia,2026-08-01,Telegram: llordofwar,telegram,1,credited-by-mirror
australia,2026-08-01,Telegram: rbc_sport,telegram,1,credited-by-mirror
australia,2026-08-02,Telegram: AussieCossack,telegram,14,credited-by-mirror
australia,2026-08-02,Telegram: llordofwar,telegram,1,credited-by-mirror
australia,2026-08-03,Telegram: AussieCossack,telegram,14,credited-by-mirror
australia,2026-08-03,Telegram: NoticerNews,telegram,3,credited-by-mirror
australia,2026-08-03,Telegram: llordofwar,telegram,1,credited-by-mirror
australia,2026-08-04,Telegram: AussieCossack,telegram,15,credited-by-mirror
australia,2026-08-04,Telegram: ausvstheagenda,telegram,1,credited-by-mirror
australia,2026-08-04,Telegram: llordofwar,telegram,1,credited-by-mirror
australia,2026-08-05,Telegram: AussieCossack,telegram,15,credited-by-mirror
australia,2026-08-05,Telegram: NoticerNews,telegram,1,credited-by-mirror
australia,2026-08-05,Telegram: australiafirstparty,telegram,1,credited-by-mirror
australia,2026-08-06,Telegram: AussieCossack,telegram,12,credited-by-mirror
australia,2026-08-06,Telegram: NoticerNews,telegram,1,credited-by-mirror
australia,2026-08-06,Telegram: ausvstheagenda,telegram,1,credited-by-mirror
australia,2026-08-06,Telegram: llordofwar,telegram,1,credited-by-mirror
australia,2026-08-06,Telegram: rbc_sport,telegram,2,credited-by-mirror
australia,2026-08-07,Telegram: AussieCossack,telegram,8,credited-by-mirror
australia,2026-08-07,Telegram: NoticerNews,telegram,1,credited-by-mirror
australia,2026-08-07,Telegram: TASS_europe,telegram,1,credited-by-mirror
australia,2026-08-07,Telegram: rbc_sport,telegram,2,credited-by-mirror
australia,2026-08-08,Telegram: AussieCossack,telegram,13,credited-by-mirror
australia,2026-08-08,Telegram: NoticerNews,telegram,1,credited-by-mirror
australia,2026-08-09,Telegram: AussieCossack,telegram,13,credited-by-mirror
australia,2026-08-09,Telegram: australiafirstparty,telegram,2,credited-by-mirror
australia,2026-08-10,Telegram: AussieCossack,telegram,13,credited-by-mirror
australia,2026-08-10,Telegram: TASS_europe,telegram,2,credited-by-mirror
australia,2026-08-10,Telegram: australiafirstparty,telegram,2,credited-by-mirror
australia,2026-08-11,Telegram: AussieCossack,telegram,17,credited-by-mirror
australia,2026-08-11,Telegram: australiafirstparty,telegram,2,credited-by-mirror
australia,2026-08-12,Telegram: AussieCossack,telegram,4,credited-by-mirror
austria,2026-08-01,Telegram: CMS_DD,telegram,6,credited-by-mirror
austria,2026-08-01,Telegram: RussiaDailyDE,telegram,4,credited-by-mirror
austria,2026-08-01,Telegram: kanzlerdaddyDE,telegram,1,credited-by-mirror
austria,2026-08-01,Telegram: satellit_de,telegram,5,credited-by-mirror
austria,2026-08-01,Telegram: topnews_at,telegram,15,credited-by-mirror
austria,2026-08-01,de.rt.com,domain,7,credited-by-mirror
austria,2026-08-01,de.topwar.ru,domain,9,credited-by-mirror
austria,2026-08-02,Telegram: CMS_DD,telegram,4,credited-by-mirror
austria,2026-08-02,Telegram: RussiaDailyDE,telegram,1,credited-by-mirror
austria,2026-08-02,Telegram: kanzlerdaddyDE,telegram,3,credited-by-mirror
austria,2026-08-02,Telegram: satellit_de,telegram,1,credited-by-mirror
austria,2026-08-02,Telegram: topnews_at,telegram,16,credited-by-mirror
austria,2026-08-02,de.rt.com,domain,8,credited-by-mirror
austria,2026-08-02,de.topwar.ru,domain,4,credited-by-mirror
austria,2026-08-03,Telegram: CMS_DD,telegram,6,credited-by-mirror
austria,2026-08-03,Telegram: RussiaDailyDE,telegram,3,credited-by-mirror
austria,2026-08-03,Telegram: rt_de,telegram,1,credited-by-mirror
austria,2026-08-03,Telegram: satellit_de,telegram,2,credited-by-mirror
austria,2026-08-03,Telegram: topnews_at,telegram,17,credited-by-mirror
austria,2026-08-03,de.rt.com,domain,6,credited-by-mirror
austria,2026-08-03,de.topwar.ru,domain,3,credited-by-mirror
austria,2026-08-04,Telegram: CMS_DD,telegram,5,credited-by-mirror
austria,2026-08-04,Telegram: RussiaDailyDE,telegram,3,credited-by-mirror
austria,2026-08-04,Telegram: kanzlerdaddyDE,telegram,1,credited-by-mirror
austria,2026-08-04,Telegram: rt_de,telegram,1,credited-by-mirror
austria,2026-08-04,Telegram: satellit_de,telegram,2,credited-by-mirror
austria,2026-08-04,Telegram: topnews_at,telegram,19,credited-by-mirror
austria,2026-08-04,de.rt.com,domain,4,credited-by-mirror
austria,2026-08-04,de.topwar.ru,domain,5,credited-by-mirror
austria,2026-08-05,Telegram: CMS_DD,telegram,5,credited-by-mirror
austria,2026-08-05,Telegram: RussiaDailyDE,telegram,3,credited-by-mirror
austria,2026-08-05,Telegram: kanzlerdaddyDE,telegram,2,credited-by-mirror
austria,2026-08-05,Telegram: rt_de,telegram,4,credited-by-mirror
austria,2026-08-05,Telegram: satellit_de,telegram,3,credited-by-mirror
austria,2026-08-05,Telegram: topnews_at,telegram,19,credited-by-mirror
austria,2026-08-05,de.rt.com,domain,12,credited-by-mirror
austria,2026-08-05,de.topwar.ru,domain,8,credited-by-mirror
austria,2026-08-06,Telegram: CMS_DD,telegram,4,credited-by-mirror
austria,2026-08-06,Telegram: kanzlerdaddyDE,telegram,1,credited-by-mirror
austria,2026-08-06,Telegram: rt_de,telegram,1,credited-by-mirror
austria,2026-08-06,Telegram: topnews_at,telegram,14,credited-by-mirror
austria,2026-08-06,de.rt.com,domain,12,credited-by-mirror
austria,2026-08-06,de.topwar.ru,domain,4,credited-by-mirror
austria,2026-08-07,Telegram: CMS_DD,telegram,5,credited-by-mirror
austria,2026-08-07,Telegram: RussiaDailyDE,telegram,2,credited-by-mirror
austria,2026-08-07,Telegram: rt_de,telegram,1,credited-by-mirror
austria,2026-08-07,Telegram: topnews_at,telegram,13,credited-by-mirror
austria,2026-08-07,de.rt.com,domain,4,credited-by-mirror
austria,2026-08-07,de.topwar.ru,domain,3,credited-by-mirror
austria,2026-08-08,Telegram: CMS_DD,telegram,3,credited-by-mirror
austria,2026-08-08,Telegram: RussiaDailyDE,telegram,2,credited-by-mirror
austria,2026-08-08,Telegram: kanzlerdaddyDE,telegram,2,credited-by-mirror
austria,2026-08-08,Telegram: satellit_de,telegram,2,credited-by-mirror
austria,2026-08-08,Telegram: topnews_at,telegram,13,credited-by-mirror
austria,2026-08-08,de.rt.com,domain,6,credited-by-mirror
austria,2026-08-08,de.topwar.ru,domain,5,credited-by-mirror
austria,2026-08-09,Telegram: CMS_DD,telegram,7,credited-by-mirror
austria,2026-08-09,Telegram: RussiaDailyDE,telegram,4,credited-by-mirror
austria,2026-08-09,Telegram: kanzlerdaddyDE,telegram,1,credited-by-mirror
austria,2026-08-09,Telegram: rt_de,telegram,2,credited-by-mirror
austria,2026-08-09,Telegram: topnews_at,telegram,12,credited-by-mirror
austria,2026-08-09,de.rt.com,domain,9,credited-by-mirror
austria,2026-08-09,de.topwar.ru,domain,5,credited-by-mirror
austria,2026-08-10,Telegram: CMS_DD,telegram,4,credited-by-mirror
austria,2026-08-10,Telegram: RussiaDailyDE,telegram,2,credited-by-mirror
austria,2026-08-10,Telegram: rt_de,telegram,1,credited-by-mirror
austria,2026-08-10,Telegram: satellit_de,telegram,2,credited-by-mirror
austria,2026-08-10,Telegram: topnews_at,telegram,18,credited-by-mirror
austria,2026-08-10,de.rt.com,domain,15,credited-by-mirror
austria,2026-08-10,de.topwar.ru,domain,8,credited-by-mirror
austria,2026-08-11,Telegram: CMS_DD,telegram,4,credited-by-mirror
austria,2026-08-11,Telegram: RussiaDailyDE,telegram,4,credited-by-mirror
austria,2026-08-11,Telegram: rt_de,telegram,1,credited-by-mirror
austria,2026-08-11,Telegram: satellit_de,telegram,1,credited-by-mirror
austria,2026-08-11,Telegram: topnews_at,telegram,15,credited-by-mirror
austria,2026-08-11,de.rt.com,domain,6,credited-by-mirror
austria,2026-08-11,de.topwar.ru,domain,7,credited-by-mirror
austria,2026-08-12,Telegram: CMS_DD,telegram,2,credited-by-mirror
austria,2026-08-12,Telegram: satellit_de,telegram,1,credited-by-mirror
austria,2026-08-12,Telegram: topnews_at,telegram,5,credited-by-mirror
austria,2026-08-12,de.rt.com,domain,1,credited-by-mirror
austria,2026-08-12,de.topwar.ru,domain,1,credited-by-mirror
balkan,2026-08-01,Telegram: InfoDefSLO,telegram,8,credited-by-mirror
balkan,2026-08-01,lat.rt.rs,domain,54,credited-by-mirror
balkan,2026-08-01,lat.sputnikportal.rs,domain,66,credited-by-mirror
balkan,2026-08-02,Telegram: InfoDefSLO,telegram,4,credited-by-mirror
balkan,2026-08-02,Telegram: istocni_front,telegram,1,credited-by-mirror
balkan,2026-08-02,lat.rt.rs,domain,53,credited-by-mirror
balkan,2026-08-02,lat.sputnikportal.rs,domain,69,credited-by-mirror
balkan,2026-08-03,Telegram: InfoDefSLO,telegram,6,credited-by-mirror
balkan,2026-08-03,lat.rt.rs,domain,75,credited-by-mirror
balkan,2026-08-03,lat.sputnikportal.rs,domain,67,credited-by-mirror
balkan,2026-08-04,Telegram: InfoDefSLO,telegram,6,credited-by-mirror
balkan,2026-08-04,Telegram: ukr_leaks_srb,telegram,1,credited-by-mirror
balkan,2026-08-04,lat.rt.rs,domain,91,credited-by-mirror
balkan,2026-08-04,lat.sputnikportal.rs,domain,82,credited-by-mirror
balkan,2026-08-05,Telegram: InfoDefSLO,telegram,7,credited-by-mirror
balkan,2026-08-05,lat.rt.rs,domain,85,credited-by-mirror
balkan,2026-08-05,lat.sputnikportal.rs,domain,79,credited-by-mirror
balkan,2026-08-06,Telegram: InfoDefSLO,telegram,3,credited-by-mirror
balkan,2026-08-06,lat.rt.rs,domain,82,credited-by-mirror
balkan,2026-08-06,lat.sputnikportal.rs,domain,77,credited-by-mirror
balkan,2026-08-07,Telegram: InfoDefSLO,telegram,4,credited-by-mirror
balkan,2026-08-07,lat.rt.rs,domain,77,credited-by-mirror
balkan,2026-08-07,lat.sputnikportal.rs,domain,57,credited-by-mirror
balkan,2026-08-08,Telegram: InfoDefSLO,telegram,8,credited-by-mirror
balkan,2026-08-08,lat.rt.rs,domain,37,credited-by-mirror
balkan,2026-08-08,lat.sputnikportal.rs,domain,60,credited-by-mirror
balkan,2026-08-09,Telegram: InfoDefSLO,telegram,6,credited-by-mirror
balkan,2026-08-09,lat.rt.rs,domain,46,credited-by-mirror
balkan,2026-08-09,lat.sputnikportal.rs,domain,72,credited-by-mirror
balkan,2026-08-10,Telegram: InfoDefSLO,telegram,4,credited-by-mirror
balkan,2026-08-10,lat.rt.rs,domain,80,credited-by-mirror
balkan,2026-08-10,lat.sputnikportal.rs,domain,74,credited-by-mirror
balkan,2026-08-11,Telegram: InfoDefSLO,telegram,1,credited-by-mirror
balkan,2026-08-11,lat.rt.rs,domain,71,credited-by-mirror
balkan,2026-08-11,lat.sputnikportal.rs,domain,82,credited-by-mirror
balkan,2026-08-12,lat.rt.rs,domain,9,credited-by-mirror
balkan,2026-08-12,lat.sputnikportal.rs,domain,14,credited-by-mirror
belgique,2026-08-02,francais.rt.com,domain,1,credited-by-mirror
belgique,2026-08-03,Telegram: amrusbel,telegram,1,credited-by-mirror
belgique,2026-08-03,Telegram: ostashkonews,telegram,2,credited-by-mirror
belgique,2026-08-03,francais.rt.com,domain,1,credited-by-mirror
belgique,2026-08-04,Telegram: BrainlessChanelx,telegram,1,credited-by-mirror
belgique,2026-08-04,Telegram: TASS_europe,telegram,1,credited-by-mirror
belgique,2026-08-04,Telegram: amrusbel,telegram,1,credited-by-mirror
belgique,2026-08-04,francais.rt.com,domain,1,credited-by-mirror
belgique,2026-08-05,Telegram: ostashkonews,telegram,1,credited-by-mirror
belgique,2026-08-05,francais.rt.com,domain,1,credited-by-mirror
belgique,2026-08-07,Telegram: TASS_europe,telegram,1,credited-by-mirror
belgique,2026-08-08,Telegram: BrainlessChanelx,telegram,1,credited-by-mirror
belgique,2026-08-08,fr.topwar.ru,domain,1,credited-by-mirror
belgique,2026-08-10,francais.rt.com,domain,1,credited-by-mirror
belgique,2026-08-11,Telegram: TASS_europe,telegram,1,credited-by-mirror
belgique,2026-08-11,fr.topwar.ru,domain,1,credited-by-mirror
belgium,2026-08-01,Telegram: Mariba2puntnul,telegram,2,credited-by-mirror
belgium,2026-08-01,Telegram: Whiplash347,telegram,1,credited-by-mirror
belgium,2026-08-01,Telegram: qanonbelgium,telegram,10,credited-by-mirror
belgium,2026-08-02,Telegram: Mariba2puntnul,telegram,1,credited-by-mirror
belgium,2026-08-03,Telegram: Mariba2puntnul,telegram,1,credited-by-mirror
belgium,2026-08-03,Telegram: Whiplash347,telegram,3,credited-by-mirror
belgium,2026-08-03,Telegram: ostashkonews,telegram,1,credited-by-mirror
belgium,2026-08-03,Telegram: qanonbelgium,telegram,2,credited-by-mirror
belgium,2026-08-04,Telegram: Mariba2puntnul,telegram,1,credited-by-mirror
belgium,2026-08-04,Telegram: Whiplash347,telegram,1,credited-by-mirror
belgium,2026-08-04,Telegram: qanonbelgium,telegram,3,credited-by-mirror
belgium,2026-08-05,Telegram: Mariba2puntnul,telegram,2,credited-by-mirror
belgium,2026-08-05,Telegram: Whiplash347,telegram,2,credited-by-mirror
belgium,2026-08-05,Telegram: ostashkonews,telegram,1,credited-by-mirror
belgium,2026-08-05,Telegram: qanonbelgium,telegram,2,credited-by-mirror
belgium,2026-08-06,Telegram: Mariba2puntnul,telegram,2,credited-by-mirror
belgium,2026-08-06,Telegram: qanonbelgium,telegram,1,credited-by-mirror
belgium,2026-08-06,Telegram: truthned,telegram,2,credited-by-mirror
belgium,2026-08-07,Telegram: Mariba2puntnul,telegram,1,credited-by-mirror
belgium,2026-08-07,Telegram: Whiplash347,telegram,1,credited-by-mirror
belgium,2026-08-07,Telegram: qanonbelgium,telegram,4,credited-by-mirror
belgium,2026-08-07,Telegram: truthned,telegram,1,credited-by-mirror
belgium,2026-08-08,Telegram: Mariba2puntnul,telegram,1,credited-by-mirror
belgium,2026-08-08,Telegram: Whiplash347,telegram,3,credited-by-mirror
belgium,2026-08-08,Telegram: qanonbelgium,telegram,6,credited-by-mirror
belgium,2026-08-09,Telegram: Mariba2puntnul,telegram,2,credited-by-mirror
belgium,2026-08-09,Telegram: qanonbelgium,telegram,2,credited-by-mirror
belgium,2026-08-10,Telegram: Mariba2puntnul,telegram,1,credited-by-mirror
belgium,2026-08-10,Telegram: Whiplash347,telegram,2,credited-by-mirror
belgium,2026-08-10,Telegram: qanonbelgium,telegram,4,credited-by-mirror
belgium,2026-08-11,Telegram: qanonbelgium,telegram,10,credited-by-mirror
belgium,2026-08-12,Telegram: qanonbelgium,telegram,1,credited-by-mirror
bosnia-herzegovina,2026-08-01,Telegram: RepublikaSrpska22,telegram,2,credited-by-mirror
bosnia-herzegovina,2026-08-01,Telegram: ZoranStevanovic,telegram,85,credited-by-mirror
bosnia-herzegovina,2026-08-01,Telegram: panonskimornar,telegram,37,credited-by-mirror
bosnia-herzegovina,2026-08-01,Telegram: rusembbih,telegram,1,credited-by-mirror
bosnia-herzegovina,2026-08-02,Telegram: RepublikaSrpska22,telegram,1,credited-by-mirror
bosnia-herzegovina,2026-08-02,Telegram: ZoranStevanovic,telegram,101,credited-by-mirror
bosnia-herzegovina,2026-08-02,Telegram: panonskimornar,telegram,21,credited-by-mirror
bosnia-herzegovina,2026-08-03,Telegram: ZoranStevanovic,telegram,84,credited-by-mirror
bosnia-herzegovina,2026-08-03,Telegram: balkanar,telegram,2,credited-by-mirror
bosnia-herzegovina,2026-08-03,Telegram: panonskimornar,telegram,19,credited-by-mirror
bosnia-herzegovina,2026-08-03,Telegram: rusembbih,telegram,1,credited-by-mirror
bosnia-herzegovina,2026-08-04,Telegram: RepublikaSrpska22,telegram,1,credited-by-mirror
bosnia-herzegovina,2026-08-04,Telegram: ZoranStevanovic,telegram,94,credited-by-mirror
bosnia-herzegovina,2026-08-04,Telegram: balkanar,telegram,2,credited-by-mirror
bosnia-herzegovina,2026-08-04,Telegram: panonskimornar,telegram,28,credited-by-mirror
bosnia-herzegovina,2026-08-04,Telegram: rusembbih,telegram,1,credited-by-mirror
bosnia-herzegovina,2026-08-05,Telegram: RepublikaSrpska22,telegram,1,credited-by-mirror
bosnia-herzegovina,2026-08-05,Telegram: ZoranStevanovic,telegram,83,credited-by-mirror
bosnia-herzegovina,2026-08-05,Telegram: balkanar,telegram,1,credited-by-mirror
bosnia-herzegovina,2026-08-05,Telegram: panonskimornar,telegram,15,credited-by-mirror
bosnia-herzegovina,2026-08-05,Telegram: rusembbih,telegram,1,credited-by-mirror
bosnia-herzegovina,2026-08-06,Telegram: ZoranStevanovic,telegram,76,credited-by-mirror
bosnia-herzegovina,2026-08-06,Telegram: balkanar,telegram,2,credited-by-mirror
bosnia-herzegovina,2026-08-06,Telegram: panonskimornar,telegram,5,credited-by-mirror
bosnia-herzegovina,2026-08-07,Telegram: RepublikaSrpska22,telegram,1,credited-by-mirror
bosnia-herzegovina,2026-08-07,Telegram: ZoranStevanovic,telegram,47,credited-by-mirror
bosnia-herzegovina,2026-08-07,Telegram: panonskimornar,telegram,26,credited-by-mirror
bosnia-herzegovina,2026-08-07,Telegram: rusembbih,telegram,2,credited-by-mirror
bosnia-herzegovina,2026-08-08,Telegram: ZoranStevanovic,telegram,70,credited-by-mirror
bosnia-herzegovina,2026-08-08,Telegram: panonskimornar,telegram,23,credited-by-mirror
bosnia-herzegovina,2026-08-09,Telegram: ZoranStevanovic,telegram,94,credited-by-mirror
bosnia-herzegovina,2026-08-09,Telegram: panonskimornar,telegram,14,credited-by-mirror
bosnia-herzegovina,2026-08-09,Telegram: rusembbih,telegram,1,credited-by-mirror
bosnia-herzegovina,2026-08-10,Telegram: RepublikaSrpska22,telegram,1,credited-by-mirror
bosnia-herzegovina,2026-08-10,Telegram: ZoranStevanovic,telegram,55,credited-by-mirror
bosnia-herzegovina,2026-08-10,Telegram: panonskimornar,telegram,26,credited-by-mirror
bosnia-herzegovina,2026-08-10,Telegram: rusembbih,telegram,1,credited-by-mirror
bosnia-herzegovina,2026-08-11,Telegram: ZoranStevanovic,telegram,109,credited-by-mirror
bosnia-herzegovina,2026-08-11,Telegram: panonskimornar,telegram,35,credited-by-mirror
bosnia-herzegovina,2026-08-11,Telegram: rusembbih,telegram,1,credited-by-mirror
bosnia-herzegovina,2026-08-12,Telegram: ZoranStevanovic,telegram,9,credited-by-mirror
bulgaria,2026-08-01,Telegram: BulgariaZOV,telegram,5,credited-by-mirror
bulgaria,2026-08-01,Telegram: InfodefBULGARIA,telegram,39,credited-by-mirror
bulgaria,2026-08-01,Telegram: NPzBG,telegram,21,credited-by-mirror
bulgaria,2026-08-01,Telegram: Za_PraVda,telegram,10,credited-by-mirror
bulgaria,2026-08-01,Telegram: bgmilitary,telegram,2,credited-by-mirror
bulgaria,2026-08-01,Telegram: bulgariaz,telegram,5,credited-by-mirror
bulgaria,2026-08-01,Telegram: efir_info,telegram,7,credited-by-mirror
bulgaria,2026-08-01,Telegram: posveteniteZ,telegram,79,credited-by-mirror
bulgaria,2026-08-01,Telegram: vremenapredsyuriy,telegram,29,credited-by-mirror
bulgaria,2026-08-01,bgr.news-front.su,domain,15,credited-by-mirror
bulgaria,2026-08-02,Telegram: BulgariaZOV,telegram,2,credited-by-mirror
bulgaria,2026-08-02,Telegram: InfodefBULGARIA,telegram,44,credited-by-mirror
bulgaria,2026-08-02,Telegram: NPzBG,telegram,19,credited-by-mirror
bulgaria,2026-08-02,Telegram: Za_PraVda,telegram,11,credited-by-mirror
bulgaria,2026-08-02,Telegram: bgmilitary,telegram,1,credited-by-mirror
bulgaria,2026-08-02,Telegram: bulgariaz,telegram,5,credited-by-mirror
bulgaria,2026-08-02,Telegram: posveteniteZ,telegram,76,credited-by-mirror
bulgaria,2026-08-02,Telegram: vremenapredsyuriy,telegram,16,credited-by-mirror
bulgaria,2026-08-02,bgr.news-front.su,domain,17,credited-by-mirror
bulgaria,2026-08-03,Telegram: BulgariaZOV,telegram,6,credited-by-mirror
bulgaria,2026-08-03,Telegram: InfodefBULGARIA,telegram,33,credited-by-mirror
bulgaria,2026-08-03,Telegram: NPzBG,telegram,34,credited-by-mirror
bulgaria,2026-08-03,Telegram: Za_PraVda,telegram,9,credited-by-mirror
bulgaria,2026-08-03,Telegram: bulgariaz,telegram,9,credited-by-mirror
bulgaria,2026-08-03,Telegram: efir_info,telegram,1,credited-by-mirror
bulgaria,2026-08-03,Telegram: posveteniteZ,telegram,102,credited-by-mirror
bulgaria,2026-08-03,Telegram: vremenapredsyuriy,telegram,8,credited-by-mirror
bulgaria,2026-08-03,bgr.news-front.su,domain,15,credited-by-mirror
bulgaria,2026-08-04,Telegram: BulgariaZOV,telegram,10,credited-by-mirror
bulgaria,2026-08-04,Telegram: InfodefBULGARIA,telegram,46,credited-by-mirror
bulgaria,2026-08-04,Telegram: NPzBG,telegram,22,credited-by-mirror
bulgaria,2026-08-04,Telegram: Za_PraVda,telegram,7,credited-by-mirror
bulgaria,2026-08-04,Telegram: bulgariaz,telegram,5,credited-by-mirror
bulgaria,2026-08-04,Telegram: efir_info,telegram,4,credited-by-mirror
bulgaria,2026-08-04,Telegram: posveteniteZ,telegram,76,credited-by-mirror
bulgaria,2026-08-04,Telegram: vremenapredsyuriy,telegram,8,credited-by-mirror
bulgaria,2026-08-04,bgr.news-front.su,domain,14,credited-by-mirror
bulgaria,2026-08-05,Telegram: BulgariaZOV,telegram,6,credited-by-mirror
bulgaria,2026-08-05,Telegram: InfodefBULGARIA,telegram,32,credited-by-mirror
bulgaria,2026-08-05,Telegram: NPzBG,telegram,21,credited-by-mirror
bulgaria,2026-08-05,Telegram: Za_PraVda,telegram,10,credited-by-mirror
bulgaria,2026-08-05,Telegram: bgmilitary,telegram,1,credited-by-mirror
bulgaria,2026-08-05,Telegram: bulgariaz,telegram,6,credited-by-mirror
bulgaria,2026-08-05,Telegram: posveteniteZ,telegram,83,credited-by-mirror
bulgaria,2026-08-05,Telegram: vremenapredsyuriy,telegram,13,credited-by-mirror
bulgaria,2026-08-05,bgr.news-front.su,domain,25,credited-by-mirror
bulgaria,2026-08-06,Telegram: BulgariaZOV,telegram,3,credited-by-mirror
bulgaria,2026-08-06,Telegram: InfodefBULGARIA,telegram,38,credited-by-mirror
bulgaria,2026-08-06,Telegram: NPzBG,telegram,25,credited-by-mirror
bulgaria,2026-08-06,Telegram: Za_PraVda,telegram,9,credited-by-mirror
bulgaria,2026-08-06,Telegram: bulgariaz,telegram,10,credited-by-mirror
bulgaria,2026-08-06,Telegram: efir_info,telegram,2,credited-by-mirror
bulgaria,2026-08-06,Telegram: posveteniteZ,telegram,67,credited-by-mirror
bulgaria,2026-08-06,Telegram: vremenapredsyuriy,telegram,19,credited-by-mirror
bulgaria,2026-08-06,bgr.news-front.su,domain,17,credited-by-mirror
bulgaria,2026-08-07,Telegram: BulgariaZOV,telegram,10,credited-by-mirror
bulgaria,2026-08-07,Telegram: InfodefBULGARIA,telegram,34,credited-by-mirror
bulgaria,2026-08-07,Telegram: NPzBG,telegram,34,credited-by-mirror
bulgaria,2026-08-07,Telegram: Za_PraVda,telegram,6,credited-by-mirror
bulgaria,2026-08-07,Telegram: bgmilitary,telegram,8,credited-by-mirror
bulgaria,2026-08-07,Telegram: bulgariaz,telegram,4,credited-by-mirror
bulgaria,2026-08-07,Telegram: efir_info,telegram,1,credited-by-mirror
bulgaria,2026-08-07,Telegram: posveteniteZ,telegram,49,credited-by-mirror
bulgaria,2026-08-07,bgr.news-front.su,domain,21,credited-by-mirror
bulgaria,2026-08-08,Telegram: BulgariaZOV,telegram,3,credited-by-mirror
bulgaria,2026-08-08,Telegram: InfodefBULGARIA,telegram,31,credited-by-mirror
bulgaria,2026-08-08,Telegram: NPzBG,telegram,7,credited-by-mirror
bulgaria,2026-08-08,Telegram: Za_PraVda,telegram,8,credited-by-mirror
bulgaria,2026-08-08,Telegram: bgmilitary,telegram,4,credited-by-mirror
bulgaria,2026-08-08,Telegram: bulgariaz,telegram,13,credited-by-mirror
bulgaria,2026-08-08,Telegram: efir_info,telegram,8,credited-by-mirror
bulgaria,2026-08-08,Telegram: posveteniteZ,telegram,56,credited-by-mirror
bulgaria,2026-08-08,Telegram: vremenapredsyuriy,telegram,29,credited-by-mirror
bulgaria,2026-08-08,bgr.news-front.su,domain,21,credited-by-mirror
bulgaria,2026-08-09,Telegram: InfodefBULGARIA,telegram,42,credited-by-mirror
bulgaria,2026-08-09,Telegram: NPzBG,telegram,8,credited-by-mirror
bulgaria,2026-08-09,Telegram: Za_PraVda,telegram,6,credited-by-mirror
bulgaria,2026-08-09,Telegram: bgmilitary,telegram,3,credited-by-mirror
bulgaria,2026-08-09,Telegram: bulgariaz,telegram,5,credited-by-mirror
bulgaria,2026-08-09,Telegram: posveteniteZ,telegram,90,credited-by-mirror
bulgaria,2026-08-09,Telegram: vremenapredsyuriy,telegram,2,credited-by-mirror
bulgaria,2026-08-09,bgr.news-front.su,domain,19,credited-by-mirror
bulgaria,2026-08-10,Telegram: BulgariaZOV,telegram,18,credited-by-mirror
bulgaria,2026-08-10,Telegram: InfodefBULGARIA,telegram,36,credited-by-mirror
bulgaria,2026-08-10,Telegram: NPzBG,telegram,20,credited-by-mirror
bulgaria,2026-08-10,Telegram: Za_PraVda,telegram,12,credited-by-mirror
bulgaria,2026-08-10,Telegram: bgmilitary,telegram,5,credited-by-mirror
bulgaria,2026-08-10,Telegram: bulgariaz,telegram,4,credited-by-mirror
bulgaria,2026-08-10,Telegram: efir_info,telegram,2,credited-by-mirror
bulgaria,2026-08-10,Telegram: posveteniteZ,telegram,83,credited-by-mirror
bulgaria,2026-08-10,bgr.news-front.su,domain,22,credited-by-mirror
bulgaria,2026-08-11,Telegram: BulgariaZOV,telegram,3,credited-by-mirror
bulgaria,2026-08-11,Telegram: InfodefBULGARIA,telegram,35,credited-by-mirror
bulgaria,2026-08-11,Telegram: NPzBG,telegram,9,credited-by-mirror
bulgaria,2026-08-11,Telegram: Za_PraVda,telegram,11,credited-by-mirror
bulgaria,2026-08-11,Telegram: bgmilitary,telegram,9,credited-by-mirror
bulgaria,2026-08-11,Telegram: bulgariaz,telegram,6,credited-by-mirror
bulgaria,2026-08-11,Telegram: efir_info,telegram,2,credited-by-mirror
bulgaria,2026-08-11,Telegram: posveteniteZ,telegram,70,credited-by-mirror
bulgaria,2026-08-11,Telegram: vremenapredsyuriy,telegram,14,credited-by-mirror
bulgaria,2026-08-11,bgr.news-front.su,domain,19,credited-by-mirror
bulgaria,2026-08-12,Telegram: BulgariaZOV,telegram,5,credited-by-mirror
bulgaria,2026-08-12,Telegram: InfodefBULGARIA,telegram,10,credited-by-mirror
bulgaria,2026-08-12,Telegram: NPzBG,telegram,4,credited-by-mirror
bulgaria,2026-08-12,Telegram: posveteniteZ,telegram,13,credited-by-mirror
bulgaria,2026-08-12,bgr.news-front.su,domain,16,credited-by-mirror
burkina-faso,2026-08-01,aib.media,domain,16,credited-by-mirror
burkina-faso,2026-08-01,lefaso.net,domain,9,credited-by-mirror
burkina-faso,2026-08-01,lobspaalga.com,domain,4,credited-by-mirror
burkina-faso,2026-08-02,aib.media,domain,25,credited-by-mirror
burkina-faso,2026-08-02,lefaso.net,domain,10,credited-by-mirror
burkina-faso,2026-08-02,lepays.bf,domain,1,credited-by-mirror
burkina-faso,2026-08-03,aib.media,domain,41,credited-by-mirror
burkina-faso,2026-08-03,lefaso.net,domain,21,credited-by-mirror
burkina-faso,2026-08-03,lepays.bf,domain,3,credited-by-mirror
burkina-faso,2026-08-04,Telegram: bircvmapatriemoncombat,telegram,4,credited-by-mirror
burkina-faso,2026-08-04,aib.media,domain,25,credited-by-mirror
burkina-faso,2026-08-04,lefaso.net,domain,16,credited-by-mirror
burkina-faso,2026-08-04,lepays.bf,domain,3,credited-by-mirror
burkina-faso,2026-08-05,Telegram: bircvmapatriemoncombat,telegram,7,credited-by-mirror
burkina-faso,2026-08-05,aib.media,domain,26,credited-by-mirror
burkina-faso,2026-08-05,lefaso.net,domain,14,credited-by-mirror
burkina-faso,2026-08-05,lepays.bf,domain,3,credited-by-mirror
burkina-faso,2026-08-05,lobspaalga.com,domain,1,credited-by-mirror
burkina-faso,2026-08-06,Telegram: bircvmapatriemoncombat,telegram,2,credited-by-mirror
burkina-faso,2026-08-06,aib.media,domain,3,credited-by-mirror
burkina-faso,2026-08-06,lefaso.net,domain,13,credited-by-mirror
burkina-faso,2026-08-06,lepays.bf,domain,4,credited-by-mirror
burkina-faso,2026-08-06,lobspaalga.com,domain,1,credited-by-mirror
burkina-faso,2026-08-07,Telegram: bircvmapatriemoncombat,telegram,1,credited-by-mirror
burkina-faso,2026-08-07,lefaso.net,domain,17,credited-by-mirror
burkina-faso,2026-08-08,Telegram: bircvmapatriemoncombat,telegram,3,credited-by-mirror
burkina-faso,2026-08-08,lefaso.net,domain,10,credited-by-mirror
burkina-faso,2026-08-09,Telegram: bircvmapatriemoncombat,telegram,2,credited-by-mirror
burkina-faso,2026-08-09,lefaso.net,domain,3,credited-by-mirror
burkina-faso,2026-08-09,lepays.bf,domain,1,credited-by-mirror
burkina-faso,2026-08-10,Telegram: bircvmapatriemoncombat,telegram,5,credited-by-mirror
burkina-faso,2026-08-10,lefaso.net,domain,10,credited-by-mirror
burkina-faso,2026-08-10,lepays.bf,domain,3,credited-by-mirror
burkina-faso,2026-08-10,lobspaalga.com,domain,1,credited-by-mirror
burkina-faso,2026-08-11,Telegram: bircvmapatriemoncombat,telegram,2,credited-by-mirror
burkina-faso,2026-08-11,lefaso.net,domain,14,credited-by-mirror
burkina-faso,2026-08-11,lepays.bf,domain,2,credited-by-mirror
burkina-faso,2026-08-11,lobspaalga.com,domain,3,credited-by-mirror
cameroon,2026-08-01,Telegram: africaninitiative,telegram,1,credited-by-mirror
cameroon,2026-08-01,Telegram: rybar_africa,telegram,1,credited-by-mirror
cameroon,2026-08-01,afrinz.ru,domain,1,credited-by-mirror
cameroon,2026-08-03,Telegram: africaninitiative,telegram,1,credited-by-mirror
cameroon,2026-08-03,Telegram: rybar_africa,telegram,1,credited-by-mirror
cameroon,2026-08-03,Telegram: sputnik_afrique,telegram,1,credited-by-mirror
cameroon,2026-08-03,afrinz.ru,domain,1,credited-by-mirror
cameroon,2026-08-04,Telegram: africaninitiative,telegram,1,credited-by-mirror
cameroon,2026-08-05,Telegram: rybar_africa,telegram,1,credited-by-mirror
cameroon,2026-08-10,Telegram: AfroPouchkine,telegram,1,credited-by-mirror
canada,2026-08-01,Telegram: PrivateCanadianNews,telegram,1,credited-by-mirror
canada,2026-08-01,Telegram: goingundergroundRT,telegram,10,credited-by-mirror
canada,2026-08-01,Telegram: llordofwar,telegram,1,credited-by-mirror
canada,2026-08-02,Telegram: llordofwar,telegram,1,credited-by-mirror
canada,2026-08-02,Telegram: lomovkaa,telegram,2,credited-by-mirror
canada,2026-08-03,Telegram: goingundergroundRT,telegram,8,credited-by-mirror
canada,2026-08-03,Telegram: lomovkaa,telegram,1,credited-by-mirror
canada,2026-08-03,swentr.site,domain,2,credited-by-mirror
canada,2026-08-04,Telegram: PrivateCanadianNews,telegram,3,credited-by-mirror
canada,2026-08-04,Telegram: llordofwar,telegram,3,credited-by-mirror
canada,2026-08-04,swentr.site,domain,2,credited-by-mirror
canada,2026-08-05,Telegram: goingundergroundRT,telegram,1,credited-by-mirror
canada,2026-08-05,swentr.site,domain,1,credited-by-mirror
canada,2026-08-06,Telegram: PrivateCanadianNews,telegram,5,credited-by-mirror
canada,2026-08-06,Telegram: llordofwar,telegram,1,credited-by-mirror
canada,2026-08-06,swentr.site,domain,2,credited-by-mirror
canada,2026-08-08,Telegram: goingundergroundRT,telegram,4,credited-by-mirror
canada,2026-08-09,Telegram: llordofwar,telegram,2,credited-by-mirror
canada,2026-08-10,Telegram: goingundergroundRT,telegram,10,credited-by-mirror
canada,2026-08-11,Telegram: PrivateCanadianNews,telegram,4,credited-by-mirror
canada,2026-08-11,Telegram: goingundergroundRT,telegram,3,credited-by-mirror
canada,2026-08-11,Telegram: llordofwar,telegram,1,credited-by-mirror
car,2026-08-01,Telegram: dnobangui,telegram,1,credited-by-mirror
car,2026-08-01,oubanguimedias.com,domain,9,credited-by-mirror
car,2026-08-01,radiondekeluka.org,domain,4,credited-by-mirror
car,2026-08-02,radiondekeluka.org,domain,3,credited-by-mirror
car,2026-08-03,Telegram: officersunion,telegram,2,credited-by-mirror
car,2026-08-03,Telegram: rusbangui,telegram,1,credited-by-mirror
car,2026-08-03,radiondekeluka.org,domain,7,credited-by-mirror
car,2026-08-04,Telegram: dnobangui,telegram,1,credited-by-mirror
car,2026-08-04,Telegram: officersunion,telegram,1,credited-by-mirror
car,2026-08-04,radiondekeluka.org,domain,7,credited-by-mirror
car,2026-08-05,Telegram: rusbangui,telegram,1,credited-by-mirror
car,2026-08-05,radiondekeluka.org,domain,5,credited-by-mirror
car,2026-08-06,radiondekeluka.org,domain,6,credited-by-mirror
car,2026-08-07,Telegram: dnobangui,telegram,1,credited-by-mirror
car,2026-08-07,Telegram: rusbangui,telegram,1,credited-by-mirror
car,2026-08-07,radiondekeluka.org,domain,9,credited-by-mirror
car,2026-08-08,radiondekeluka.org,domain,6,credited-by-mirror
car,2026-08-10,Telegram: officersunion,telegram,1,credited-by-mirror
car,2026-08-10,radiondekeluka.org,domain,7,credited-by-mirror
car,2026-08-11,Telegram: rusbangui,telegram,3,credited-by-mirror
car,2026-08-11,radiondekeluka.org,domain,7,credited-by-mirror
catalan,2026-08-07,Telegram: rbc_sport,telegram,1,credited-by-mirror
catalan,2026-08-08,Telegram: rbc_sport,telegram,1,credited-by-mirror
catalan,2026-08-09,Telegram: infantmilitario,telegram,1,credited-by-mirror
catalan,2026-08-10,Telegram: rbc_sport,telegram,1,credited-by-mirror
catalan,2026-08-12,Telegram: infantmilitario,telegram,1,credited-by-mirror
chad,2026-08-01,Telegram: Center_for_Russian_Studies,telegram,2,credited-by-mirror
chad,2026-08-01,Telegram: Sputnik_Arabic,telegram,1,credited-by-mirror
chad,2026-08-01,Telegram: rtarabicnewsroom,telegram,1,credited-by-mirror
chad,2026-08-01,Telegram: rtarabictelegram,telegram,5,credited-by-mirror
chad,2026-08-01,ar.topwar.ru,domain,4,credited-by-mirror
chad,2026-08-01,arabic.rt.com,domain,13,credited-by-mirror
chad,2026-08-01,sarabic.ae,domain,8,credited-by-mirror
chad,2026-08-02,Telegram: Center_for_Russian_Studies,telegram,1,credited-by-mirror
chad,2026-08-02,Telegram: Sputnik_Arabic,telegram,1,credited-by-mirror
chad,2026-08-02,Telegram: rtarabictelegram,telegram,2,credited-by-mirror
chad,2026-08-02,Telegram: tass_ar,telegram,2,credited-by-mirror
chad,2026-08-02,ar.topwar.ru,domain,1,credited-by-mirror
chad,2026-08-02,arabic.rt.com,domain,13,credited-by-mirror
chad,2026-08-02,sarabic.ae,domain,7,credited-by-mirror
chad,2026-08-03,Telegram: Center_for_Russian_Studies,telegram,1,credited-by-mirror
chad,2026-08-03,Telegram: RiaArabic,telegram,1,credited-by-mirror
chad,2026-08-03,Telegram: rtarabictelegram,telegram,3,credited-by-mirror
chad,2026-08-03,ar.topwar.ru,domain,5,credited-by-mirror
chad,2026-08-03,arabic.rt.com,domain,14,credited-by-mirror
chad,2026-08-03,sarabic.ae,domain,8,credited-by-mirror
chad,2026-08-04,Telegram: Center_for_Russian_Studies,telegram,2,credited-by-mirror
chad,2026-08-04,Telegram: Sputnik_Arabic,telegram,1,credited-by-mirror
chad,2026-08-04,Telegram: rtarabictelegram,telegram,4,credited-by-mirror
chad,2026-08-04,ar.topwar.ru,domain,3,credited-by-mirror
chad,2026-08-04,arabic.rt.com,domain,17,credited-by-mirror
chad,2026-08-04,sarabic.ae,domain,6,credited-by-mirror
chad,2026-08-05,Telegram: rtarabictelegram,telegram,3,credited-by-mirror
chad,2026-08-05,afrinz.ru,domain,1,credited-by-mirror
chad,2026-08-05,ar.topwar.ru,domain,2,credited-by-mirror
chad,2026-08-05,arabic.rt.com,domain,10,credited-by-mirror
chad,2026-08-05,sarabic.ae,domain,9,credited-by-mirror
chad,2026-08-06,Telegram: Center_for_Russian_Studies,telegram,3,credited-by-mirror
chad,2026-08-06,Telegram: RiaArabic,telegram,1,credited-by-mirror
chad,2026-08-06,Telegram: Sputnik_Arabic,telegram,2,credited-by-mirror
chad,2026-08-06,Telegram: rtarabictelegram,telegram,4,credited-by-mirror
chad,2026-08-06,afrinz.ru,domain,1,credited-by-mirror
chad,2026-08-06,ar.topwar.ru,domain,4,credited-by-mirror
chad,2026-08-06,arabic.rt.com,domain,19,credited-by-mirror
chad,2026-08-06,sarabic.ae,domain,6,credited-by-mirror
chad,2026-08-07,Telegram: Center_for_Russian_Studies,telegram,1,credited-by-mirror
chad,2026-08-07,Telegram: Sputnik_Arabic,telegram,1,credited-by-mirror
chad,2026-08-07,Telegram: rtarabictelegram,telegram,1,credited-by-mirror
chad,2026-08-07,Telegram: tass_ar,telegram,1,credited-by-mirror
chad,2026-08-07,ar.topwar.ru,domain,2,credited-by-mirror
chad,2026-08-07,arabic.rt.com,domain,16,credited-by-mirror
chad,2026-08-07,sarabic.ae,domain,5,credited-by-mirror
chad,2026-08-08,Telegram: Center_for_Russian_Studies,telegram,2,credited-by-mirror
chad,2026-08-08,Telegram: rtarabictelegram,telegram,3,credited-by-mirror
chad,2026-08-08,ar.topwar.ru,domain,2,credited-by-mirror
chad,2026-08-08,arabic.rt.com,domain,21,credited-by-mirror
chad,2026-08-08,sarabic.ae,domain,6,credited-by-mirror
chad,2026-08-09,Telegram: rtarabictelegram,telegram,3,credited-by-mirror
chad,2026-08-09,ar.topwar.ru,domain,3,credited-by-mirror
chad,2026-08-09,arabic.rt.com,domain,11,credited-by-mirror
chad,2026-08-09,sarabic.ae,domain,2,credited-by-mirror
chad,2026-08-10,Telegram: Center_for_Russian_Studies,telegram,2,credited-by-mirror
chad,2026-08-10,Telegram: RiaArabic,telegram,1,credited-by-mirror
chad,2026-08-10,Telegram: rtarabictelegram,telegram,1,credited-by-mirror
chad,2026-08-10,afrinz.ru,domain,1,credited-by-mirror
chad,2026-08-10,ar.topwar.ru,domain,2,credited-by-mirror
chad,2026-08-10,arabic.rt.com,domain,22,credited-by-mirror
chad,2026-08-10,sarabic.ae,domain,7,credited-by-mirror
chad,2026-08-11,Telegram: Center_for_Russian_Studies,telegram,5,credited-by-mirror
chad,2026-08-11,Telegram: Sputnik_Arabic,telegram,1,credited-by-mirror
chad,2026-08-11,Telegram: rtarabictelegram,telegram,6,credited-by-mirror
chad,2026-08-11,Telegram: tass_ar,telegram,1,credited-by-mirror
chad,2026-08-11,afrinz.ru,domain,2,credited-by-mirror
chad,2026-08-11,ar.topwar.ru,domain,9,credited-by-mirror
chad,2026-08-11,arabic.rt.com,domain,29,credited-by-mirror
chad,2026-08-11,sarabic.ae,domain,7,credited-by-mirror
chad,2026-08-12,Telegram: rtarabictelegram,telegram,2,credited-by-mirror
chad,2026-08-12,ar.topwar.ru,domain,3,credited-by-mirror
chad,2026-08-12,arabic.rt.com,domain,3,credited-by-mirror
chad,2026-08-12,sarabic.ae,domain,1,credited-by-mirror
croatia,2026-08-01,Telegram: balkanar,telegram,4,credited-by-mirror
croatia,2026-08-01,Telegram: nultatacka,telegram,14,credited-by-mirror
croatia,2026-08-02,Telegram: balkanar,telegram,1,credited-by-mirror
croatia,2026-08-02,Telegram: nultatacka,telegram,14,credited-by-mirror
croatia,2026-08-03,Telegram: balkanar,telegram,1,credited-by-mirror
croatia,2026-08-03,Telegram: nultatacka,telegram,15,credited-by-mirror
croatia,2026-08-04,Telegram: balkanar,telegram,1,credited-by-mirror
croatia,2026-08-04,Telegram: nultatacka,telegram,13,credited-by-mirror
croatia,2026-08-05,Telegram: balkanar,telegram,2,credited-by-mirror
croatia,2026-08-05,Telegram: nultatacka,telegram,11,credited-by-mirror
croatia,2026-08-06,Telegram: balkanar,telegram,2,credited-by-mirror
croatia,2026-08-06,Telegram: nultatacka,telegram,10,credited-by-mirror
croatia,2026-08-07,Telegram: balkanar,telegram,2,credited-by-mirror
croatia,2026-08-07,Telegram: nultatacka,telegram,11,credited-by-mirror
croatia,2026-08-08,Telegram: nultatacka,telegram,7,credited-by-mirror
croatia,2026-08-09,Telegram: nultatacka,telegram,6,credited-by-mirror
croatia,2026-08-10,Telegram: nultatacka,telegram,16,credited-by-mirror
croatia,2026-08-11,Telegram: nultatacka,telegram,16,credited-by-mirror
cyprus,2026-08-03,Telegram: infantmilitario,telegram,1,credited-by-mirror
cyprus,2026-08-07,Telegram: infantmilitario,telegram,1,credited-by-mirror
czechia,2026-08-01,Telegram: BN4JeyTQ6RVkMTNk,telegram,3,credited-by-mirror
czechia,2026-08-01,Telegram: InfodefenseCZE,telegram,26,credited-by-mirror
czechia,2026-08-01,Telegram: Libertas_info_cz,telegram,35,credited-by-mirror
czechia,2026-08-01,Telegram: MGzpravy,telegram,11,credited-by-mirror
czechia,2026-08-01,Telegram: jarek53,telegram,7,credited-by-mirror
czechia,2026-08-01,Telegram: neCT24,telegram,23,credited-by-mirror
czechia,2026-08-01,Telegram: news_22_faraon,telegram,25,credited-by-mirror
czechia,2026-08-01,Telegram: selskyrozum,telegram,74,credited-by-mirror
czechia,2026-08-01,Telegram: to_je_nas_svet,telegram,10,credited-by-mirror
czechia,2026-08-01,Telegram: uk100a,telegram,26,credited-by-mirror
czechia,2026-08-02,Telegram: BN4JeyTQ6RVkMTNk,telegram,1,credited-by-mirror
czechia,2026-08-02,Telegram: InfodefenseCZE,telegram,28,credited-by-mirror
czechia,2026-08-02,Telegram: Libertas_info_cz,telegram,22,credited-by-mirror
czechia,2026-08-02,Telegram: MGzpravy,telegram,52,credited-by-mirror
czechia,2026-08-02,Telegram: jarek53,telegram,16,credited-by-mirror
czechia,2026-08-02,Telegram: neCT24,telegram,22,credited-by-mirror
czechia,2026-08-02,Telegram: news_22_faraon,telegram,25,credited-by-mirror
czechia,2026-08-02,Telegram: selskyrozum,telegram,55,credited-by-mirror
czechia,2026-08-02,Telegram: to_je_nas_svet,telegram,11,credited-by-mirror
czechia,2026-08-02,Telegram: uk100a,telegram,24,credited-by-mirror
czechia,2026-08-03,Telegram: BN4JeyTQ6RVkMTNk,telegram,2,credited-by-mirror
czechia,2026-08-03,Telegram: InfodefenseCZE,telegram,25,credited-by-mirror
czechia,2026-08-03,Telegram: Libertas_info_cz,telegram,27,credited-by-mirror
czechia,2026-08-03,Telegram: MGzpravy,telegram,20,credited-by-mirror
czechia,2026-08-03,Telegram: jarek53,telegram,5,credited-by-mirror
czechia,2026-08-03,Telegram: neCT24,telegram,16,credited-by-mirror
czechia,2026-08-03,Telegram: news_22_faraon,telegram,37,credited-by-mirror
czechia,2026-08-03,Telegram: selskyrozum,telegram,81,credited-by-mirror
czechia,2026-08-03,Telegram: to_je_nas_svet,telegram,6,credited-by-mirror
czechia,2026-08-03,Telegram: uk100a,telegram,24,credited-by-mirror
czechia,2026-08-04,Telegram: BN4JeyTQ6RVkMTNk,telegram,3,credited-by-mirror
czechia,2026-08-04,Telegram: InfodefenseCZE,telegram,27,credited-by-mirror
czechia,2026-08-04,Telegram: Libertas_info_cz,telegram,22,credited-by-mirror
czechia,2026-08-04,Telegram: MGzpravy,telegram,27,credited-by-mirror
czechia,2026-08-04,Telegram: jarek53,telegram,8,credited-by-mirror
czechia,2026-08-04,Telegram: neCT24,telegram,22,credited-by-mirror
czechia,2026-08-04,Telegram: news_22_faraon,telegram,35,credited-by-mirror
czechia,2026-08-04,Telegram: selskyrozum,telegram,87,credited-by-mirror
czechia,2026-08-04,Telegram: to_je_nas_svet,telegram,13,credited-by-mirror
czechia,2026-08-04,Telegram: uk100a,telegram,23,credited-by-mirror
czechia,2026-08-05,Telegram: BN4JeyTQ6RVkMTNk,telegram,2,credited-by-mirror
czechia,2026-08-05,Telegram: InfodefenseCZE,telegram,29,credited-by-mirror
czechia,2026-08-05,Telegram: Libertas_info_cz,telegram,23,credited-by-mirror
czechia,2026-08-05,Telegram: MGzpravy,telegram,33,credited-by-mirror
czechia,2026-08-05,Telegram: jarek53,telegram,6,credited-by-mirror
czechia,2026-08-05,Telegram: neCT24,telegram,11,credited-by-mirror
czechia,2026-08-05,Telegram: news_22_faraon,telegram,30,credited-by-mirror
czechia,2026-08-05,Telegram: selskyrozum,telegram,89,credited-by-mirror
czechia,2026-08-05,Telegram: to_je_nas_svet,telegram,12,credited-by-mirror
czechia,2026-08-05,Telegram: uk100a,telegram,24,credited-by-mirror
czechia,2026-08-06,Telegram: BN4JeyTQ6RVkMTNk,telegram,1,credited-by-mirror
czechia,2026-08-06,Telegram: InfodefenseCZE,telegram,28,credited-by-mirror
czechia,2026-08-06,Telegram: Libertas_info_cz,telegram,28,credited-by-mirror
czechia,2026-08-06,Telegram: MGzpravy,telegram,28,credited-by-mirror
czechia,2026-08-06,Telegram: jarek53,telegram,3,credited-by-mirror
czechia,2026-08-06,Telegram: neCT24,telegram,16,credited-by-mirror
czechia,2026-08-06,Telegram: news_22_faraon,telegram,44,credited-by-mirror
czechia,2026-08-06,Telegram: selskyrozum,telegram,75,credited-by-mirror
czechia,2026-08-06,Telegram: to_je_nas_svet,telegram,11,credited-by-mirror
czechia,2026-08-06,Telegram: uk100a,telegram,19,credited-by-mirror
czechia,2026-08-07,Telegram: BN4JeyTQ6RVkMTNk,telegram,3,credited-by-mirror
czechia,2026-08-07,Telegram: InfodefenseCZE,telegram,24,credited-by-mirror
czechia,2026-08-07,Telegram: Libertas_info_cz,telegram,23,credited-by-mirror
czechia,2026-08-07,Telegram: MGzpravy,telegram,10,credited-by-mirror
czechia,2026-08-07,Telegram: jarek53,telegram,1,credited-by-mirror
czechia,2026-08-07,Telegram: neCT24,telegram,10,credited-by-mirror
czechia,2026-08-07,Telegram: news_22_faraon,telegram,40,credited-by-mirror
czechia,2026-08-07,Telegram: selskyrozum,telegram,89,credited-by-mirror
czechia,2026-08-07,Telegram: to_je_nas_svet,telegram,6,credited-by-mirror
czechia,2026-08-07,Telegram: uk100a,telegram,18,credited-by-mirror
czechia,2026-08-08,Telegram: BN4JeyTQ6RVkMTNk,telegram,1,credited-by-mirror
czechia,2026-08-08,Telegram: InfodefenseCZE,telegram,24,credited-by-mirror
czechia,2026-08-08,Telegram: Libertas_info_cz,telegram,42,credited-by-mirror
czechia,2026-08-08,Telegram: MGzpravy,telegram,29,credited-by-mirror
czechia,2026-08-08,Telegram: jarek53,telegram,18,credited-by-mirror
czechia,2026-08-08,Telegram: neCT24,telegram,15,credited-by-mirror
czechia,2026-08-08,Telegram: news_22_faraon,telegram,36,credited-by-mirror
czechia,2026-08-08,Telegram: selskyrozum,telegram,69,credited-by-mirror
czechia,2026-08-08,Telegram: to_je_nas_svet,telegram,4,credited-by-mirror
czechia,2026-08-08,Telegram: uk100a,telegram,21,credited-by-mirror
czechia,2026-08-09,Telegram: BN4JeyTQ6RVkMTNk,telegram,1,credited-by-mirror
czechia,2026-08-09,Telegram: InfodefenseCZE,telegram,30,credited-by-mirror
czechia,2026-08-09,Telegram: Libertas_info_cz,telegram,28,credited-by-mirror
czechia,2026-08-09,Telegram: MGzpravy,telegram,22,credited-by-mirror
czechia,2026-08-09,Telegram: jarek53,telegram,9,credited-by-mirror
czechia,2026-08-09,Telegram: neCT24,telegram,22,credited-by-mirror
czechia,2026-08-09,Telegram: news_22_faraon,telegram,25,credited-by-mirror
czechia,2026-08-09,Telegram: selskyrozum,telegram,91,credited-by-mirror
czechia,2026-08-09,Telegram: to_je_nas_svet,telegram,17,credited-by-mirror
czechia,2026-08-09,Telegram: uk100a,telegram,32,credited-by-mirror
czechia,2026-08-10,Telegram: BN4JeyTQ6RVkMTNk,telegram,1,credited-by-mirror
czechia,2026-08-10,Telegram: InfodefenseCZE,telegram,31,credited-by-mirror
czechia,2026-08-10,Telegram: Libertas_info_cz,telegram,16,credited-by-mirror
czechia,2026-08-10,Telegram: MGzpravy,telegram,17,credited-by-mirror
czechia,2026-08-10,Telegram: jarek53,telegram,31,credited-by-mirror
czechia,2026-08-10,Telegram: neCT24,telegram,22,credited-by-mirror
czechia,2026-08-10,Telegram: news_22_faraon,telegram,24,credited-by-mirror
czechia,2026-08-10,Telegram: selskyrozum,telegram,104,credited-by-mirror
czechia,2026-08-10,Telegram: to_je_nas_svet,telegram,10,credited-by-mirror
czechia,2026-08-10,Telegram: uk100a,telegram,25,credited-by-mirror
czechia,2026-08-11,Telegram: InfodefenseCZE,telegram,27,credited-by-mirror
czechia,2026-08-11,Telegram: Libertas_info_cz,telegram,28,credited-by-mirror
czechia,2026-08-11,Telegram: MGzpravy,telegram,13,credited-by-mirror
czechia,2026-08-11,Telegram: jarek53,telegram,13,credited-by-mirror
czechia,2026-08-11,Telegram: neCT24,telegram,16,credited-by-mirror
czechia,2026-08-11,Telegram: news_22_faraon,telegram,35,credited-by-mirror
czechia,2026-08-11,Telegram: selskyrozum,telegram,94,credited-by-mirror
czechia,2026-08-11,Telegram: to_je_nas_svet,telegram,8,credited-by-mirror
czechia,2026-08-11,Telegram: uk100a,telegram,23,credited-by-mirror
czechia,2026-08-12,Telegram: InfodefenseCZE,telegram,3,credited-by-mirror
czechia,2026-08-12,Telegram: MGzpravy,telegram,18,credited-by-mirror
czechia,2026-08-12,Telegram: jarek53,telegram,6,credited-by-mirror
czechia,2026-08-12,Telegram: news_22_faraon,telegram,1,credited-by-mirror
czechia,2026-08-12,Telegram: selskyrozum,telegram,11,credited-by-mirror
czechia,2026-08-12,Telegram: to_je_nas_svet,telegram,2,credited-by-mirror
czechia,2026-08-12,Telegram: uk100a,telegram,17,credited-by-mirror
denmark,2026-08-01,Telegram: DEEPDIVEDENMARK,telegram,2,credited-by-mirror
denmark,2026-08-01,Telegram: VELINFORMERET,telegram,14,credited-by-mirror
denmark,2026-08-02,Telegram: DEEPDIVEDENMARK,telegram,6,credited-by-mirror
denmark,2026-08-02,Telegram: SolovievLive,telegram,2,credited-by-mirror
denmark,2026-08-02,Telegram: VELINFORMERET,telegram,9,credited-by-mirror
denmark,2026-08-03,Telegram: DEEPDIVEDENMARK,telegram,1,credited-by-mirror
denmark,2026-08-03,Telegram: SolovievLive,telegram,1,credited-by-mirror
denmark,2026-08-03,Telegram: VELINFORMERET,telegram,10,credited-by-mirror
denmark,2026-08-03,Telegram: kornilov1968,telegram,1,credited-by-mirror
denmark,2026-08-03,Telegram: lomovkaa,telegram,1,credited-by-mirror
denmark,2026-08-04,Telegram: DEEPDIVEDENMARK,telegram,1,credited-by-mirror
denmark,2026-08-04,Telegram: VELINFORMERET,telegram,19,credited-by-mirror
denmark,2026-08-04,Telegram: lomovkaa,telegram,2,credited-by-mirror
denmark,2026-08-04,Telegram: ostashkonews,telegram,1,credited-by-mirror
denmark,2026-08-05,Telegram: VELINFORMERET,telegram,19,credited-by-mirror
denmark,2026-08-06,Telegram: DEEPDIVEDENMARK,telegram,1,credited-by-mirror
denmark,2026-08-06,Telegram: VELINFORMERET,telegram,20,credited-by-mirror
denmark,2026-08-06,Telegram: kornilov1968,telegram,1,credited-by-mirror
denmark,2026-08-07,Telegram: DEEPDIVEDENMARK,telegram,2,credited-by-mirror
denmark,2026-08-07,Telegram: VELINFORMERET,telegram,18,credited-by-mirror
denmark,2026-08-07,Telegram: kornilov1968,telegram,2,credited-by-mirror
denmark,2026-08-08,Telegram: DEEPDIVEDENMARK,telegram,3,credited-by-mirror
denmark,2026-08-08,Telegram: VELINFORMERET,telegram,12,credited-by-mirror
denmark,2026-08-08,Telegram: lomovkaa,telegram,1,credited-by-mirror
denmark,2026-08-09,Telegram: DEEPDIVEDENMARK,telegram,11,credited-by-mirror
denmark,2026-08-09,Telegram: VELINFORMERET,telegram,11,credited-by-mirror
denmark,2026-08-10,Telegram: DEEPDIVEDENMARK,telegram,1,credited-by-mirror
denmark,2026-08-10,Telegram: VELINFORMERET,telegram,18,credited-by-mirror
denmark,2026-08-10,Telegram: kornilov1968,telegram,1,credited-by-mirror
denmark,2026-08-11,Telegram: VELINFORMERET,telegram,24,credited-by-mirror
denmark,2026-08-12,Telegram: VELINFORMERET,telegram,4,credited-by-mirror
deutsch,2026-08-01,Telegram: DruschbaFM,telegram,15,credited-by-mirror
deutsch,2026-08-01,Telegram: RuAS_Org,telegram,8,credited-by-mirror
deutsch,2026-08-01,Telegram: RussiaDailyDE,telegram,23,credited-by-mirror
deutsch,2026-08-01,Telegram: rt_de,telegram,12,credited-by-mirror
deutsch,2026-08-01,Telegram: satellit_de,telegram,13,credited-by-mirror
deutsch,2026-08-01,de.rt.com,domain,14,credited-by-mirror
deutsch,2026-08-01,de.topwar.ru,domain,22,credited-by-mirror
deutsch,2026-08-02,Telegram: DruschbaFM,telegram,15,credited-by-mirror
deutsch,2026-08-02,Telegram: RuAS_Org,telegram,9,credited-by-mirror
deutsch,2026-08-02,Telegram: RussiaDailyDE,telegram,30,credited-by-mirror
deutsch,2026-08-02,Telegram: craZybear2022,telegram,1,credited-by-mirror
deutsch,2026-08-02,Telegram: rt_de,telegram,14,credited-by-mirror
deutsch,2026-08-02,Telegram: satellit_de,telegram,8,credited-by-mirror
deutsch,2026-08-02,de.rt.com,domain,15,credited-by-mirror
deutsch,2026-08-02,de.topwar.ru,domain,9,credited-by-mirror
deutsch,2026-08-03,Telegram: DruschbaFM,telegram,11,credited-by-mirror
deutsch,2026-08-03,Telegram: RuAS_Org,telegram,8,credited-by-mirror
deutsch,2026-08-03,Telegram: RussiaDailyDE,telegram,19,credited-by-mirror
deutsch,2026-08-03,Telegram: rt_de,telegram,6,credited-by-mirror
deutsch,2026-08-03,Telegram: satellit_de,telegram,8,credited-by-mirror
deutsch,2026-08-03,de.rt.com,domain,6,credited-by-mirror
deutsch,2026-08-03,de.topwar.ru,domain,16,credited-by-mirror
deutsch,2026-08-04,Telegram: DruschbaFM,telegram,8,credited-by-mirror
deutsch,2026-08-04,Telegram: RuAS_Org,telegram,9,credited-by-mirror
deutsch,2026-08-04,Telegram: RussiaDailyDE,telegram,18,credited-by-mirror
deutsch,2026-08-04,Telegram: rt_de,telegram,9,credited-by-mirror
deutsch,2026-08-04,Telegram: satellit_de,telegram,4,credited-by-mirror
deutsch,2026-08-04,de.rt.com,domain,13,credited-by-mirror
deutsch,2026-08-04,de.topwar.ru,domain,18,credited-by-mirror
deutsch,2026-08-05,Telegram: DruschbaFM,telegram,9,credited-by-mirror
deutsch,2026-08-05,Telegram: RuAS_Org,telegram,6,credited-by-mirror
deutsch,2026-08-05,Telegram: RussiaDailyDE,telegram,15,credited-by-mirror
deutsch,2026-08-05,Telegram: craZybear2022,telegram,1,credited-by-mirror
deutsch,2026-08-05,Telegram: rt_de,telegram,11,credited-by-mirror
deutsch,2026-08-05,Telegram: satellit_de,telegram,6,credited-by-mirror
deutsch,2026-08-05,de.rt.com,domain,13,credited-by-mirror
deutsch,2026-08-05,de.topwar.ru,domain,23,credited-by-mirror
deutsch,2026-08-06,Telegram: DruschbaFM,telegram,11,credited-by-mirror
deutsch,2026-08-06,Telegram: RuAS_Org,telegram,6,credited-by-mirror
deutsch,2026-08-06,Telegram: RussiaDailyDE,telegram,15,credited-by-mirror
deutsch,2026-08-06,Telegram: rt_de,telegram,8,credited-by-mirror
deutsch,2026-08-06,Telegram: satellit_de,telegram,4,credited-by-mirror
deutsch,2026-08-06,de.rt.com,domain,17,credited-by-mirror
deutsch,2026-08-06,de.topwar.ru,domain,17,credited-by-mirror
deutsch,2026-08-07,Telegram: DruschbaFM,telegram,6,credited-by-mirror
deutsch,2026-08-07,Telegram: RuAS_Org,telegram,5,credited-by-mirror
deutsch,2026-08-07,Telegram: RussiaDailyDE,telegram,12,credited-by-mirror
deutsch,2026-08-07,Telegram: craZybear2022,telegram,1,credited-by-mirror
deutsch,2026-08-07,Telegram: rt_de,telegram,11,credited-by-mirror
deutsch,2026-08-07,Telegram: satellit_de,telegram,3,credited-by-mirror
deutsch,2026-08-07,de.rt.com,domain,12,credited-by-mirror
deutsch,2026-08-07,de.topwar.ru,domain,21,credited-by-mirror
deutsch,2026-08-08,Telegram: DruschbaFM,telegram,6,credited-by-mirror
deutsch,2026-08-08,Telegram: RuAS_Org,telegram,10,credited-by-mirror
deutsch,2026-08-08,Telegram: RussiaDailyDE,telegram,21,credited-by-mirror
deutsch,2026-08-08,Telegram: craZybear2022,telegram,1,credited-by-mirror
deutsch,2026-08-08,Telegram: rt_de,telegram,10,credited-by-mirror
deutsch,2026-08-08,Telegram: satellit_de,telegram,6,credited-by-mirror
deutsch,2026-08-08,de.rt.com,domain,14,credited-by-mirror
deutsch,2026-08-08,de.topwar.ru,domain,14,credited-by-mirror
deutsch,2026-08-09,Telegram: DruschbaFM,telegram,13,credited-by-mirror
deutsch,2026-08-09,Telegram: RuAS_Org,telegram,7,credited-by-mirror
deutsch,2026-08-09,Telegram: RussiaDailyDE,telegram,18,credited-by-mirror
deutsch,2026-08-09,Telegram: craZybear2022,telegram,1,credited-by-mirror
deutsch,2026-08-09,Telegram: rt_de,telegram,10,credited-by-mirror
deutsch,2026-08-09,Telegram: satellit_de,telegram,9,credited-by-mirror
deutsch,2026-08-09,de.rt.com,domain,6,credited-by-mirror
deutsch,2026-08-09,de.topwar.ru,domain,16,credited-by-mirror
deutsch,2026-08-10,Telegram: DruschbaFM,telegram,10,credited-by-mirror
deutsch,2026-08-10,Telegram: RuAS_Org,telegram,4,credited-by-mirror
deutsch,2026-08-10,Telegram: RussiaDailyDE,telegram,18,credited-by-mirror
deutsch,2026-08-10,Telegram: rt_de,telegram,8,credited-by-mirror
deutsch,2026-08-10,Telegram: satellit_de,telegram,8,credited-by-mirror
deutsch,2026-08-10,de.rt.com,domain,16,credited-by-mirror
deutsch,2026-08-10,de.topwar.ru,domain,21,credited-by-mirror
deutsch,2026-08-11,Telegram: DruschbaFM,telegram,9,credited-by-mirror
deutsch,2026-08-11,Telegram: RuAS_Org,telegram,11,credited-by-mirror
deutsch,2026-08-11,Telegram: RussiaDailyDE,telegram,18,credited-by-mirror
deutsch,2026-08-11,Telegram: rt_de,telegram,16,credited-by-mirror
deutsch,2026-08-11,Telegram: satellit_de,telegram,6,credited-by-mirror
deutsch,2026-08-11,de.rt.com,domain,13,credited-by-mirror
deutsch,2026-08-11,de.topwar.ru,domain,29,credited-by-mirror
deutsch,2026-08-12,Telegram: RuAS_Org,telegram,4,credited-by-mirror
deutsch,2026-08-12,Telegram: RussiaDailyDE,telegram,5,credited-by-mirror
deutsch,2026-08-12,Telegram: rt_de,telegram,1,credited-by-mirror
deutsch,2026-08-12,Telegram: satellit_de,telegram,2,credited-by-mirror
deutsch,2026-08-12,de.rt.com,domain,1,credited-by-mirror
deutsch,2026-08-12,de.topwar.ru,domain,8,credited-by-mirror
dprk,2026-08-01,Telegram: RusEmbDPRK,telegram,1,credited-by-mirror
dprk,2026-08-01,Telegram: nucdprk,telegram,1,credited-by-mirror
dprk,2026-08-01,Telegram: rybar_pacific,telegram,1,credited-by-mirror
dprk,2026-08-02,Telegram: rybar_pacific,telegram,1,credited-by-mirror
dprk,2026-08-03,ko.topwar.ru,domain,1,credited-by-mirror
dprk,2026-08-05,Telegram: milinfolive,telegram,2,credited-by-mirror
dprk,2026-08-05,Telegram: rybar_pacific,telegram,2,credited-by-mirror
dprk,2026-08-05,ko.topwar.ru,domain,2,credited-by-mirror
dprk,2026-08-06,Telegram: milinfolive,telegram,2,credited-by-mirror
dprk,2026-08-06,Telegram: nucdprk,telegram,3,credited-by-mirror
dprk,2026-08-06,Telegram: rybar_pacific,telegram,2,credited-by-mirror
dprk,2026-08-06,ko.topwar.ru,domain,1,credited-by-mirror
dprk,2026-08-08,Telegram: nucdprk,telegram,1,credited-by-mirror
dprk,2026-08-08,ko.topwar.ru,domain,2,credited-by-mirror
dprk,2026-08-09,Telegram: rybar_pacific,telegram,2,credited-by-mirror
dprk,2026-08-09,ko.topwar.ru,domain,1,credited-by-mirror
dprk,2026-08-10,Telegram: RusEmbDPRK,telegram,1,credited-by-mirror
dprk,2026-08-10,Telegram: nucdprk,telegram,1,credited-by-mirror
dprk,2026-08-10,Telegram: rybar_pacific,telegram,1,credited-by-mirror
dprk,2026-08-10,ko.topwar.ru,domain,1,credited-by-mirror
dprk,2026-08-11,Telegram: milinfolive,telegram,1,credited-by-mirror
dprk,2026-08-11,Telegram: nucdprk,telegram,1,credited-by-mirror
dprk,2026-08-11,Telegram: rybar_pacific,telegram,1,credited-by-mirror
dprk,2026-08-11,ko.topwar.ru,domain,2,credited-by-mirror
dutch,2026-08-01,Telegram: InfodefenseNED,telegram,5,credited-by-mirror
dutch,2026-08-01,Telegram: Mariba2puntnul,telegram,39,credited-by-mirror
dutch,2026-08-01,Telegram: berichten_uit_Donbass,telegram,4,credited-by-mirror
dutch,2026-08-01,Telegram: gek_genoeg,telegram,83,credited-by-mirror
dutch,2026-08-01,Telegram: qanonbelgium,telegram,10,credited-by-mirror
dutch,2026-08-02,Telegram: InfodefenseNED,telegram,5,credited-by-mirror
dutch,2026-08-02,Telegram: Mariba2puntnul,telegram,27,credited-by-mirror
dutch,2026-08-02,Telegram: berichten_uit_Donbass,telegram,1,credited-by-mirror
dutch,2026-08-02,Telegram: gek_genoeg,telegram,68,credited-by-mirror
dutch,2026-08-02,Telegram: ukrainenownetherlands,telegram,1,credited-by-mirror
dutch,2026-08-03,Telegram: InfodefenseNED,telegram,4,credited-by-mirror
dutch,2026-08-03,Telegram: Mariba2puntnul,telegram,38,credited-by-mirror
dutch,2026-08-03,Telegram: berichten_uit_Donbass,telegram,1,credited-by-mirror
dutch,2026-08-03,Telegram: gek_genoeg,telegram,107,credited-by-mirror
dutch,2026-08-03,Telegram: qanonbelgium,telegram,2,credited-by-mirror
dutch,2026-08-03,Telegram: ukrainenownetherlands,telegram,1,credited-by-mirror
dutch,2026-08-04,Telegram: InfodefenseNED,telegram,7,credited-by-mirror
dutch,2026-08-04,Telegram: Mariba2puntnul,telegram,31,credited-by-mirror
dutch,2026-08-04,Telegram: berichten_uit_Donbass,telegram,1,credited-by-mirror
dutch,2026-08-04,Telegram: gek_genoeg,telegram,103,credited-by-mirror
dutch,2026-08-04,Telegram: qanonbelgium,telegram,3,credited-by-mirror
dutch,2026-08-04,Telegram: ukrainenownetherlands,telegram,3,credited-by-mirror
dutch,2026-08-05,Telegram: InfodefenseNED,telegram,4,credited-by-mirror
dutch,2026-08-05,Telegram: Mariba2puntnul,telegram,27,credited-by-mirror
dutch,2026-08-05,Telegram: berichten_uit_Donbass,telegram,3,credited-by-mirror
dutch,2026-08-05,Telegram: gek_genoeg,telegram,104,credited-by-mirror
dutch,2026-08-05,Telegram: qanonbelgium,telegram,2,credited-by-mirror
dutch,2026-08-05,Telegram: truthned,telegram,14,credited-by-mirror
dutch,2026-08-05,Telegram: ukrainenownetherlands,telegram,1,credited-by-mirror
dutch,2026-08-06,Telegram: InfodefenseNED,telegram,5,credited-by-mirror
dutch,2026-08-06,Telegram: Mariba2puntnul,telegram,42,credited-by-mirror
dutch,2026-08-06,Telegram: berichten_uit_Donbass,telegram,2,credited-by-mirror
dutch,2026-08-06,Telegram: gek_genoeg,telegram,90,credited-by-mirror
dutch,2026-08-06,Telegram: qanonbelgium,telegram,1,credited-by-mirror
dutch,2026-08-06,Telegram: truthned,telegram,24,credited-by-mirror
dutch,2026-08-07,Telegram: InfodefenseNED,telegram,3,credited-by-mirror
dutch,2026-08-07,Telegram: Mariba2puntnul,telegram,44,credited-by-mirror
dutch,2026-08-07,Telegram: berichten_uit_Donbass,telegram,2,credited-by-mirror
dutch,2026-08-07,Telegram: gek_genoeg,telegram,98,credited-by-mirror
dutch,2026-08-07,Telegram: qanonbelgium,telegram,1,credited-by-mirror
dutch,2026-08-07,Telegram: truthned,telegram,18,credited-by-mirror
dutch,2026-08-07,Telegram: ukrainenownetherlands,telegram,3,credited-by-mirror
dutch,2026-08-08,Telegram: InfodefenseNED,telegram,3,credited-by-mirror
dutch,2026-08-08,Telegram: Mariba2puntnul,telegram,45,credited-by-mirror
dutch,2026-08-08,Telegram: berichten_uit_Donbass,telegram,1,credited-by-mirror
dutch,2026-08-08,Telegram: gek_genoeg,telegram,71,credited-by-mirror
dutch,2026-08-08,Telegram: qanonbelgium,telegram,6,credited-by-mirror
dutch,2026-08-08,Telegram: truthned,telegram,19,credited-by-mirror
dutch,2026-08-08,Telegram: ukrainenownetherlands,telegram,2,credited-by-mirror
dutch,2026-08-09,Telegram: InfodefenseNED,telegram,4,credited-by-mirror
dutch,2026-08-09,Telegram: Mariba2puntnul,telegram,49,credited-by-mirror
dutch,2026-08-09,Telegram: berichten_uit_Donbass,telegram,2,credited-by-mirror
dutch,2026-08-09,Telegram: gek_genoeg,telegram,102,credited-by-mirror
dutch,2026-08-09,Telegram: qanonbelgium,telegram,1,credited-by-mirror
dutch,2026-08-09,Telegram: truthned,telegram,18,credited-by-mirror
dutch,2026-08-09,Telegram: ukrainenownetherlands,telegram,4,credited-by-mirror
dutch,2026-08-10,Telegram: InfodefenseNED,telegram,6,credited-by-mirror
dutch,2026-08-10,Telegram: Mariba2puntnul,telegram,44,credited-by-mirror
dutch,2026-08-10,Telegram: gek_genoeg,telegram,112,credited-by-mirror
dutch,2026-08-10,Telegram: qanonbelgium,telegram,4,credited-by-mirror
dutch,2026-08-10,Telegram: truthned,telegram,18,credited-by-mirror
dutch,2026-08-11,Telegram: InfodefenseNED,telegram,4,credited-by-mirror
dutch,2026-08-11,Telegram: Mariba2puntnul,telegram,29,credited-by-mirror
dutch,2026-08-11,Telegram: berichten_uit_Donbass,telegram,4,credited-by-mirror
dutch,2026-08-11,Telegram: gek_genoeg,telegram,109,credited-by-mirror
dutch,2026-08-11,Telegram: qanonbelgium,telegram,10,credited-by-mirror
dutch,2026-08-11,Telegram: truthned,telegram,17,credited-by-mirror
dutch,2026-08-11,Telegram: ukrainenownetherlands,telegram,2,credited-by-mirror
dutch,2026-08-12,Telegram: InfodefenseNED,telegram,1,credited-by-mirror
dutch,2026-08-12,Telegram: gek_genoeg,telegram,16,credited-by-mirror
dutch,2026-08-12,Telegram: qanonbelgium,telegram,1,credited-by-mirror
dutch,2026-08-12,Telegram: ukrainenownetherlands,telegram,1,credited-by-mirror
egypt,2026-08-01,Telegram: RiaArabic,telegram,1,credited-by-mirror
egypt,2026-08-01,Telegram: Sputnik_Arabic,telegram,6,credited-by-mirror
egypt,2026-08-01,Telegram: rtarabicnewsroom,telegram,2,credited-by-mirror
egypt,2026-08-01,Telegram: rtarabictelegram,telegram,14,credited-by-mirror
egypt,2026-08-01,ar.topwar.ru,domain,7,credited-by-mirror
egypt,2026-08-01,arabic.rt.com,domain,49,credited-by-mirror
egypt,2026-08-01,sarabic.ae,domain,13,credited-by-mirror
egypt,2026-08-02,Telegram: RiaArabic,telegram,1,credited-by-mirror
egypt,2026-08-02,Telegram: Sputnik_Arabic,telegram,6,credited-by-mirror
egypt,2026-08-02,Telegram: rtarabicnewsroom,telegram,2,credited-by-mirror
egypt,2026-08-02,Telegram: rtarabictelegram,telegram,15,credited-by-mirror
egypt,2026-08-02,Telegram: russianhouseincairo,telegram,1,credited-by-mirror
egypt,2026-08-02,Telegram: tass_ar,telegram,3,credited-by-mirror
egypt,2026-08-02,ar.topwar.ru,domain,3,credited-by-mirror
egypt,2026-08-02,arabic.rt.com,domain,35,credited-by-mirror
egypt,2026-08-02,sarabic.ae,domain,13,credited-by-mirror
egypt,2026-08-03,Telegram: RiaArabic,telegram,1,credited-by-mirror
egypt,2026-08-03,Telegram: Sputnik_Arabic,telegram,7,credited-by-mirror
egypt,2026-08-03,Telegram: rtarabictelegram,telegram,18,credited-by-mirror
egypt,2026-08-03,afrinz.ru,domain,4,credited-by-mirror
egypt,2026-08-03,ar.topwar.ru,domain,7,credited-by-mirror
egypt,2026-08-03,arabic.rt.com,domain,55,credited-by-mirror
egypt,2026-08-03,sarabic.ae,domain,21,credited-by-mirror
egypt,2026-08-04,Telegram: RiaArabic,telegram,2,credited-by-mirror
egypt,2026-08-04,Telegram: Sputnik_Arabic,telegram,3,credited-by-mirror
egypt,2026-08-04,Telegram: rtarabicnewsroom,telegram,1,credited-by-mirror
egypt,2026-08-04,Telegram: rtarabictelegram,telegram,13,credited-by-mirror
egypt,2026-08-04,Telegram: russianhouseincairo,telegram,1,credited-by-mirror
egypt,2026-08-04,afrinz.ru,domain,3,credited-by-mirror
egypt,2026-08-04,ar.topwar.ru,domain,4,credited-by-mirror
egypt,2026-08-04,arabic.rt.com,domain,44,credited-by-mirror
egypt,2026-08-04,sarabic.ae,domain,14,credited-by-mirror
egypt,2026-08-05,Telegram: Sputnik_Arabic,telegram,5,credited-by-mirror
egypt,2026-08-05,Telegram: rtarabicnewsroom,telegram,1,credited-by-mirror
egypt,2026-08-05,Telegram: rtarabictelegram,telegram,13,credited-by-mirror
egypt,2026-08-05,Telegram: russianhouseincairo,telegram,3,credited-by-mirror
egypt,2026-08-05,Telegram: tass_ar,telegram,5,credited-by-mirror
egypt,2026-08-05,afrinz.ru,domain,1,credited-by-mirror
egypt,2026-08-05,ar.topwar.ru,domain,7,credited-by-mirror
egypt,2026-08-05,arabic.rt.com,domain,50,credited-by-mirror
egypt,2026-08-05,sarabic.ae,domain,18,credited-by-mirror
egypt,2026-08-06,Telegram: RiaArabic,telegram,2,credited-by-mirror
egypt,2026-08-06,Telegram: Sputnik_Arabic,telegram,2,credited-by-mirror
egypt,2026-08-06,Telegram: rtarabicnewsroom,telegram,1,credited-by-mirror
egypt,2026-08-06,Telegram: rtarabictelegram,telegram,15,credited-by-mirror
egypt,2026-08-06,Telegram: tass_ar,telegram,1,credited-by-mirror
egypt,2026-08-06,ar.topwar.ru,domain,4,credited-by-mirror
egypt,2026-08-06,arabic.rt.com,domain,41,credited-by-mirror
egypt,2026-08-06,sarabic.ae,domain,12,credited-by-mirror
egypt,2026-08-07,Telegram: Sputnik_Arabic,telegram,1,credited-by-mirror
egypt,2026-08-07,Telegram: rtarabictelegram,telegram,16,credited-by-mirror
egypt,2026-08-07,afrinz.ru,domain,1,credited-by-mirror
egypt,2026-08-07,ar.topwar.ru,domain,9,credited-by-mirror
egypt,2026-08-07,arabic.rt.com,domain,37,credited-by-mirror
egypt,2026-08-07,sarabic.ae,domain,12,credited-by-mirror
egypt,2026-08-08,Telegram: RiaArabic,telegram,2,credited-by-mirror
egypt,2026-08-08,Telegram: Sputnik_Arabic,telegram,2,credited-by-mirror
egypt,2026-08-08,Telegram: rtarabicnewsroom,telegram,1,credited-by-mirror
egypt,2026-08-08,Telegram: rtarabictelegram,telegram,21,credited-by-mirror
egypt,2026-08-08,Telegram: tass_ar,telegram,1,credited-by-mirror
egypt,2026-08-08,afrinz.ru,domain,1,credited-by-mirror
egypt,2026-08-08,ar.topwar.ru,domain,9,credited-by-mirror
egypt,2026-08-08,arabic.rt.com,domain,34,credited-by-mirror
egypt,2026-08-08,sarabic.ae,domain,15,credited-by-mirror
egypt,2026-08-09,Telegram: Sputnik_Arabic,telegram,5,credited-by-mirror
egypt,2026-08-09,Telegram: rtarabictelegram,telegram,25,credited-by-mirror
egypt,2026-08-09,Telegram: russianhouseincairo,telegram,3,credited-by-mirror
egypt,2026-08-09,Telegram: tass_ar,telegram,3,credited-by-mirror
egypt,2026-08-09,ar.topwar.ru,domain,10,credited-by-mirror
egypt,2026-08-09,arabic.rt.com,domain,45,credited-by-mirror
egypt,2026-08-09,sarabic.ae,domain,11,credited-by-mirror
egypt,2026-08-10,Telegram: RiaArabic,telegram,1,credited-by-mirror
egypt,2026-08-10,Telegram: Sputnik_Arabic,telegram,5,credited-by-mirror
egypt,2026-08-10,Telegram: rtarabicnewsroom,telegram,1,credited-by-mirror
egypt,2026-08-10,Telegram: rtarabictelegram,telegram,19,credited-by-mirror
egypt,2026-08-10,Telegram: russianhouseincairo,telegram,1,credited-by-mirror
egypt,2026-08-10,Telegram: tass_ar,telegram,6,credited-by-mirror
egypt,2026-08-10,afrinz.ru,domain,4,credited-by-mirror
egypt,2026-08-10,ar.topwar.ru,domain,5,credited-by-mirror
egypt,2026-08-10,arabic.rt.com,domain,48,credited-by-mirror
egypt,2026-08-10,sarabic.ae,domain,11,credited-by-mirror
egypt,2026-08-11,Telegram: RiaArabic,telegram,3,credited-by-mirror
egypt,2026-08-11,Telegram: Sputnik_Arabic,telegram,5,credited-by-mirror
egypt,2026-08-11,Telegram: rtarabicnewsroom,telegram,3,credited-by-mirror
egypt,2026-08-11,Telegram: rtarabictelegram,telegram,20,credited-by-mirror
egypt,2026-08-11,Telegram: tass_ar,telegram,2,credited-by-mirror
egypt,2026-08-11,afrinz.ru,domain,1,credited-by-mirror
egypt,2026-08-11,ar.topwar.ru,domain,9,credited-by-mirror
egypt,2026-08-11,arabic.rt.com,domain,58,credited-by-mirror
egypt,2026-08-11,sarabic.ae,domain,11,credited-by-mirror
egypt,2026-08-12,Telegram: Sputnik_Arabic,telegram,1,credited-by-mirror
egypt,2026-08-12,Telegram: rtarabictelegram,telegram,4,credited-by-mirror
egypt,2026-08-12,ar.topwar.ru,domain,1,credited-by-mirror
egypt,2026-08-12,arabic.rt.com,domain,6,credited-by-mirror
egypt,2026-08-12,sarabic.ae,domain,2,credited-by-mirror
en-hu,2026-08-01,Telegram: greatawakeningmagyarok,telegram,16,credited-by-mirror
en-hu,2026-08-01,Telegram: oroszokazigazsagoldalan,telegram,1,credited-by-mirror
en-hu,2026-08-02,Telegram: SolovievLive,telegram,1,credited-by-mirror
en-hu,2026-08-02,Telegram: greatawakeningmagyarok,telegram,14,credited-by-mirror
en-hu,2026-08-02,Telegram: llordofwar,telegram,4,credited-by-mirror
en-hu,2026-08-02,Telegram: lomovkaa,telegram,2,credited-by-mirror
en-hu,2026-08-02,Telegram: oroszokazigazsagoldalan,telegram,2,credited-by-mirror
en-hu,2026-08-02,Telegram: tassagency_en,telegram,1,credited-by-mirror
en-hu,2026-08-02,Telegram: ukr_2025_ru,telegram,2,credited-by-mirror
en-hu,2026-08-02,swentr.site,domain,2,credited-by-mirror
en-hu,2026-08-03,Telegram: greatawakeningmagyarok,telegram,12,credited-by-mirror
en-hu,2026-08-03,Telegram: llordofwar,telegram,1,credited-by-mirror
en-hu,2026-08-03,Telegram: tassagency_en,telegram,1,credited-by-mirror
en-hu,2026-08-03,swentr.site,domain,2,credited-by-mirror
en-hu,2026-08-04,Telegram: greatawakeningmagyarok,telegram,8,credited-by-mirror
en-hu,2026-08-04,Telegram: tassagency_en,telegram,1,credited-by-mirror
en-hu,2026-08-05,Telegram: greatawakeningmagyarok,telegram,4,credited-by-mirror
en-hu,2026-08-05,Telegram: llordofwar,telegram,1,credited-by-mirror
en-hu,2026-08-05,Telegram: lomovkaa,telegram,1,credited-by-mirror
en-hu,2026-08-05,swentr.site,domain,1,credited-by-mirror
en-hu,2026-08-06,Telegram: greatawakeningmagyarok,telegram,6,credited-by-mirror
en-hu,2026-08-06,Telegram: llordofwar,telegram,2,credited-by-mirror
en-hu,2026-08-06,Telegram: oroszokazigazsagoldalan,telegram,1,credited-by-mirror
en-hu,2026-08-06,en.news-front.su,domain,3,credited-by-mirror
en-hu,2026-08-06,swentr.site,domain,1,credited-by-mirror
en-hu,2026-08-07,Telegram: greatawakeningmagyarok,telegram,2,credited-by-mirror
en-hu,2026-08-07,Telegram: llordofwar,telegram,1,credited-by-mirror
en-hu,2026-08-07,en.news-front.su,domain,1,credited-by-mirror
en-hu,2026-08-07,swentr.site,domain,1,credited-by-mirror
en-hu,2026-08-08,Telegram: SolovievLive,telegram,1,credited-by-mirror
en-hu,2026-08-08,Telegram: greatawakeningmagyarok,telegram,1,credited-by-mirror
en-hu,2026-08-08,Telegram: llordofwar,telegram,3,credited-by-mirror
en-hu,2026-08-08,Telegram: oroszokazigazsagoldalan,telegram,1,credited-by-mirror
en-hu,2026-08-08,en.news-front.su,domain,3,credited-by-mirror
en-hu,2026-08-08,swentr.site,domain,1,credited-by-mirror
en-hu,2026-08-09,Telegram: greatawakeningmagyarok,telegram,5,credited-by-mirror
en-hu,2026-08-09,Telegram: llordofwar,telegram,1,credited-by-mirror
en-hu,2026-08-09,Telegram: lomovkaa,telegram,1,credited-by-mirror
en-hu,2026-08-09,en.news-front.su,domain,1,credited-by-mirror
en-hu,2026-08-09,swentr.site,domain,1,credited-by-mirror
en-hu,2026-08-10,Telegram: greatawakeningmagyarok,telegram,4,credited-by-mirror
en-hu,2026-08-10,Telegram: llordofwar,telegram,1,credited-by-mirror
en-hu,2026-08-10,Telegram: lomovkaa,telegram,1,credited-by-mirror
en-hu,2026-08-10,Telegram: oroszokazigazsagoldalan,telegram,1,credited-by-mirror
en-hu,2026-08-10,en.news-front.su,domain,1,credited-by-mirror
en-hu,2026-08-10,swentr.site,domain,2,credited-by-mirror
en-hu,2026-08-11,Telegram: greatawakeningmagyarok,telegram,4,credited-by-mirror
en-hu,2026-08-11,Telegram: lomovkaa,telegram,1,credited-by-mirror
en-hu,2026-08-11,Telegram: tassagency_en,telegram,2,credited-by-mirror
en-hu,2026-08-11,swentr.site,domain,1,credited-by-mirror
en-jp,2026-08-01,Telegram: dimsmirnov175,telegram,1,credited-by-mirror
en-jp,2026-08-01,Telegram: llordofwar,telegram,1,credited-by-mirror
en-jp,2026-08-01,Telegram: rybar_pacific,telegram,3,credited-by-mirror
en-jp,2026-08-01,Telegram: tassagency_en,telegram,1,credited-by-mirror
en-jp,2026-08-01,en.topwar.ru,domain,2,credited-by-mirror
en-jp,2026-08-02,Telegram: dimsmirnov175,telegram,1,credited-by-mirror
en-jp,2026-08-02,Telegram: llordofwar,telegram,1,credited-by-mirror
en-jp,2026-08-02,Telegram: rybar_pacific,telegram,1,credited-by-mirror
en-jp,2026-08-02,Telegram: tassagency_en,telegram,1,credited-by-mirror
en-jp,2026-08-02,swentr.site,domain,1,credited-by-mirror
en-jp,2026-08-03,Telegram: dimsmirnov175,telegram,1,credited-by-mirror
en-jp,2026-08-03,Telegram: lomovkaa,telegram,1,credited-by-mirror
en-jp,2026-08-03,Telegram: rybar_pacific,telegram,1,credited-by-mirror
en-jp,2026-08-03,en.topwar.ru,domain,2,credited-by-mirror
en-jp,2026-08-03,swentr.site,domain,1,credited-by-mirror
en-jp,2026-08-04,Telegram: dimsmirnov175,telegram,1,credited-by-mirror
en-jp,2026-08-04,Telegram: llordofwar,telegram,2,credited-by-mirror
en-jp,2026-08-04,Telegram: rybar_pacific,telegram,3,credited-by-mirror
en-jp,2026-08-04,Telegram: tassagency_en,telegram,2,credited-by-mirror
en-jp,2026-08-04,en.topwar.ru,domain,2,credited-by-mirror
en-jp,2026-08-05,Telegram: llordofwar,telegram,1,credited-by-mirror
en-jp,2026-08-05,Telegram: lomovkaa,telegram,1,credited-by-mirror
en-jp,2026-08-05,Telegram: rybar_pacific,telegram,2,credited-by-mirror
en-jp,2026-08-05,Telegram: tassagency_en,telegram,1,credited-by-mirror
en-jp,2026-08-05,en.topwar.ru,domain,1,credited-by-mirror
en-jp,2026-08-05,swentr.site,domain,3,credited-by-mirror
en-jp,2026-08-06,Telegram: dimsmirnov175,telegram,1,credited-by-mirror
en-jp,2026-08-06,Telegram: llordofwar,telegram,2,credited-by-mirror
en-jp,2026-08-06,Telegram: lomovkaa,telegram,3,credited-by-mirror
en-jp,2026-08-06,Telegram: rybar_pacific,telegram,1,credited-by-mirror
en-jp,2026-08-06,Telegram: tassagency_en,telegram,2,credited-by-mirror
en-jp,2026-08-06,en.topwar.ru,domain,1,credited-by-mirror
en-jp,2026-08-07,Telegram: llordofwar,telegram,2,credited-by-mirror
en-jp,2026-08-07,Telegram: rybar_pacific,telegram,1,credited-by-mirror
en-jp,2026-08-07,Telegram: tassagency_en,telegram,1,credited-by-mirror
en-jp,2026-08-07,en.topwar.ru,domain,1,credited-by-mirror
en-jp,2026-08-08,Telegram: llordofwar,telegram,2,credited-by-mirror
en-jp,2026-08-08,Telegram: lomovkaa,telegram,2,credited-by-mirror
en-jp,2026-08-08,Telegram: rybar_pacific,telegram,1,credited-by-mirror
en-jp,2026-08-08,Telegram: tassagency_en,telegram,2,credited-by-mirror
en-jp,2026-08-08,en.topwar.ru,domain,2,credited-by-mirror
en-jp,2026-08-09,Telegram: llordofwar,telegram,6,credited-by-mirror
en-jp,2026-08-09,Telegram: lomovkaa,telegram,1,credited-by-mirror
en-jp,2026-08-09,Telegram: rybar_pacific,telegram,1,credited-by-mirror
en-jp,2026-08-09,Telegram: tassagency_en,telegram,1,credited-by-mirror
en-jp,2026-08-09,en.topwar.ru,domain,1,credited-by-mirror
en-jp,2026-08-09,swentr.site,domain,1,credited-by-mirror
en-jp,2026-08-10,Telegram: llordofwar,telegram,2,credited-by-mirror
en-jp,2026-08-10,Telegram: lomovkaa,telegram,1,credited-by-mirror
en-jp,2026-08-10,Telegram: rybar_pacific,telegram,3,credited-by-mirror
en-jp,2026-08-11,Telegram: llordofwar,telegram,2,credited-by-mirror
en-jp,2026-08-11,Telegram: lomovkaa,telegram,1,credited-by-mirror
en-jp,2026-08-11,Telegram: rybar_pacific,telegram,2,credited-by-mirror
en-jp,2026-08-11,en.topwar.ru,domain,3,credited-by-mirror
en-jp,2026-08-12,Telegram: llordofwar,telegram,2,credited-by-mirror
en-jp,2026-08-12,Telegram: tassagency_en,telegram,1,credited-by-mirror
en-ro,2026-08-01,Telegram: llordofwar,telegram,1,credited-by-mirror
en-ro,2026-08-02,Telegram: llordofwar,telegram,1,credited-by-mirror
en-ro,2026-08-02,Telegram: lomovkaa,telegram,1,credited-by-mirror
en-ro,2026-08-02,Telegram: ukr_2025_ru,telegram,1,credited-by-mirror
en-ro,2026-08-02,en.topwar.ru,domain,1,credited-by-mirror
en-ro,2026-08-02,swentr.site,domain,1,credited-by-mirror
en-ro,2026-08-03,Telegram: llordofwar,telegram,2,credited-by-mirror
en-ro,2026-08-03,Telegram: sputniklive,telegram,1,credited-by-mirror
en-ro,2026-08-03,en.topwar.ru,domain,3,credited-by-mirror
en-ro,2026-08-04,Telegram: llordofwar,telegram,3,credited-by-mirror
en-ro,2026-08-04,Telegram: ukr_2025_ru,telegram,1,credited-by-mirror
en-ro,2026-08-04,swentr.site,domain,1,credited-by-mirror
en-ro,2026-08-05,Telegram: llordofwar,telegram,1,credited-by-mirror
en-ro,2026-08-05,en.topwar.ru,domain,5,credited-by-mirror
en-ro,2026-08-06,Telegram: llordofwar,telegram,3,credited-by-mirror
en-ro,2026-08-06,Telegram: lomovkaa,telegram,1,credited-by-mirror
en-ro,2026-08-06,en.topwar.ru,domain,2,credited-by-mirror
en-ro,2026-08-07,Telegram: llordofwar,telegram,2,credited-by-mirror
en-ro,2026-08-07,Telegram: sputniklive,telegram,1,credited-by-mirror
en-ro,2026-08-07,Telegram: ukr_2025_ru,telegram,3,credited-by-mirror
en-ro,2026-08-07,swentr.site,domain,1,credited-by-mirror
en-ro,2026-08-08,Telegram: llordofwar,telegram,3,credited-by-mirror
en-ro,2026-08-08,Telegram: lomovkaa,telegram,1,credited-by-mirror
en-ro,2026-08-08,en.topwar.ru,domain,2,credited-by-mirror
en-ro,2026-08-09,Telegram: llordofwar,telegram,6,credited-by-mirror
en-ro,2026-08-09,Telegram: sputniklive,telegram,1,credited-by-mirror
en-ro,2026-08-09,en.topwar.ru,domain,1,credited-by-mirror
en-ro,2026-08-09,swentr.site,domain,1,credited-by-mirror
en-ro,2026-08-10,Telegram: ukr_2025_ru,telegram,1,credited-by-mirror
en-ro,2026-08-10,en.topwar.ru,domain,2,credited-by-mirror
en-ro,2026-08-10,swentr.site,domain,3,credited-by-mirror
en-ro,2026-08-11,Telegram: llordofwar,telegram,1,credited-by-mirror
en-ro,2026-08-11,Telegram: lomovkaa,telegram,1,credited-by-mirror
en-ro,2026-08-11,Telegram: sputniklive,telegram,1,credited-by-mirror
en-ro,2026-08-11,en.topwar.ru,domain,1,credited-by-mirror
en-ro,2026-08-11,swentr.site,domain,1,credited-by-mirror
en-ro,2026-08-12,Telegram: llordofwar,telegram,1,credited-by-mirror
en-ro,2026-08-12,en.topwar.ru,domain,1,credited-by-mirror
eritrea,2026-08-01,Telegram: btr80_en,telegram,6,credited-by-mirror
eritrea,2026-08-01,sarabic.ae,domain,1,credited-by-mirror
eritrea,2026-08-02,Telegram: btr80_en,telegram,5,credited-by-mirror
eritrea,2026-08-02,Telegram: rybar_africa,telegram,1,credited-by-mirror
eritrea,2026-08-02,arabic.rt.com,domain,2,credited-by-mirror
eritrea,2026-08-03,Telegram: btr80_en,telegram,1,credited-by-mirror
eritrea,2026-08-03,arabic.rt.com,domain,1,credited-by-mirror
eritrea,2026-08-03,sarabic.ae,domain,1,credited-by-mirror
eritrea,2026-08-04,Telegram: btr80_en,telegram,3,credited-by-mirror
eritrea,2026-08-04,sarabic.ae,domain,2,credited-by-mirror
eritrea,2026-08-05,Telegram: btr80_en,telegram,3,credited-by-mirror
eritrea,2026-08-05,Telegram: rybar_africa,telegram,1,credited-by-mirror
eritrea,2026-08-05,arabic.rt.com,domain,1,credited-by-mirror
eritrea,2026-08-06,Telegram: btr80_en,telegram,3,credited-by-mirror
eritrea,2026-08-06,ar.topwar.ru,domain,1,credited-by-mirror
eritrea,2026-08-06,arabic.rt.com,domain,1,credited-by-mirror
eritrea,2026-08-06,sarabic.ae,domain,1,credited-by-mirror
eritrea,2026-08-07,Telegram: AfroPouchkine,telegram,1,credited-by-mirror
eritrea,2026-08-07,Telegram: btr80_en,telegram,5,credited-by-mirror
eritrea,2026-08-07,sarabic.ae,domain,1,credited-by-mirror
eritrea,2026-08-08,Telegram: btr80_en,telegram,5,credited-by-mirror
eritrea,2026-08-09,Telegram: btr80_en,telegram,4,credited-by-mirror
eritrea,2026-08-10,Telegram: btr80_en,telegram,4,credited-by-mirror
eritrea,2026-08-10,Telegram: rtarabictelegram,telegram,1,credited-by-mirror
eritrea,2026-08-10,arabic.rt.com,domain,1,credited-by-mirror
eritrea,2026-08-10,sarabic.ae,domain,2,credited-by-mirror
eritrea,2026-08-11,Telegram: btr80_en,telegram,5,credited-by-mirror
eritrea,2026-08-11,Telegram: rtarabictelegram,telegram,1,credited-by-mirror
eritrea,2026-08-11,arabic.rt.com,domain,2,credited-by-mirror
eritrea,2026-08-11,sarabic.ae,domain,1,credited-by-mirror
eritrea,2026-08-12,Telegram: btr80_en,telegram,2,credited-by-mirror
estonia,2026-08-01,Telegrami InfoDefEstonia,other,5,credited-by-mirror
estonia,2026-08-01,Telegrami antifalivland,other,1,credited-by-mirror
estonia,2026-08-01,Telegrami eestipost,other,11,credited-by-mirror
estonia,2026-08-01,Telegrami tenipribaltiki,other,2,credited-by-mirror
estonia,2026-08-02,Telegrami InfoDefEstonia,other,4,credited-by-mirror
estonia,2026-08-02,Telegrami antifalivland,other,2,credited-by-mirror
estonia,2026-08-02,Telegrami baltnews,other,4,credited-by-mirror
estonia,2026-08-02,Telegrami eestipost,other,7,credited-by-mirror
estonia,2026-08-02,Telegrami tenipribaltiki,other,2,credited-by-mirror
estonia,2026-08-03,Telegrami InfoDefEstonia,other,5,credited-by-mirror
estonia,2026-08-03,Telegrami antifalivland,other,3,credited-by-mirror
estonia,2026-08-03,Telegrami baltnews,other,3,credited-by-mirror
estonia,2026-08-03,Telegrami eestipost,other,8,credited-by-mirror
estonia,2026-08-03,Telegrami tenipribaltiki,other,4,credited-by-mirror
estonia,2026-08-04,Telegrami InfoDefEstonia,other,7,credited-by-mirror
estonia,2026-08-04,Telegrami antifalivland,other,1,credited-by-mirror
estonia,2026-08-04,Telegrami baltnews,other,2,credited-by-mirror
estonia,2026-08-04,Telegrami eestipost,other,8,credited-by-mirror
estonia,2026-08-04,Telegrami sputniklive,other,3,credited-by-mirror
estonia,2026-08-04,Telegrami tenipribaltiki,other,2,credited-by-mirror
estonia,2026-08-05,Telegrami InfoDefEstonia,other,7,credited-by-mirror
estonia,2026-08-05,Telegrami baltnews,other,7,credited-by-mirror
estonia,2026-08-05,Telegrami eestipost,other,7,credited-by-mirror
estonia,2026-08-05,Telegrami tenipribaltiki,other,4,credited-by-mirror
estonia,2026-08-06,Telegrami InfoDefEstonia,other,7,credited-by-mirror
estonia,2026-08-06,Telegrami baltnews,other,5,credited-by-mirror
estonia,2026-08-06,Telegrami eestipost,other,7,credited-by-mirror
estonia,2026-08-06,Telegrami sputniklive,other,1,credited-by-mirror
estonia,2026-08-06,Telegrami tenipribaltiki,other,1,credited-by-mirror
estonia,2026-08-07,Telegrami InfoDefEstonia,other,4,credited-by-mirror
estonia,2026-08-07,Telegrami antifalivland,other,2,credited-by-mirror
estonia,2026-08-07,Telegrami baltnews,other,3,credited-by-mirror
estonia,2026-08-07,Telegrami eestipost,other,8,credited-by-mirror
estonia,2026-08-07,Telegrami tenipribaltiki,other,3,credited-by-mirror
estonia,2026-08-08,Telegrami InfoDefEstonia,other,4,credited-by-mirror
estonia,2026-08-08,Telegrami antifalivland,other,1,credited-by-mirror
estonia,2026-08-08,Telegrami eestipost,other,8,credited-by-mirror
estonia,2026-08-08,Telegrami tenipribaltiki,other,3,credited-by-mirror
estonia,2026-08-09,Telegrami InfoDefEstonia,other,7,credited-by-mirror
estonia,2026-08-09,Telegrami antifalivland,other,1,credited-by-mirror
estonia,2026-08-09,Telegrami baltnews,other,2,credited-by-mirror
estonia,2026-08-09,Telegrami eestipost,other,7,credited-by-mirror
estonia,2026-08-09,Telegrami tenipribaltiki,other,4,credited-by-mirror
estonia,2026-08-10,Telegrami InfoDefEstonia,other,6,credited-by-mirror
estonia,2026-08-10,Telegrami baltnews,other,5,credited-by-mirror
estonia,2026-08-10,Telegrami eestipost,other,6,credited-by-mirror
estonia,2026-08-10,Telegrami tenipribaltiki,other,2,credited-by-mirror
estonia,2026-08-11,Telegrami InfoDefEstonia,other,6,credited-by-mirror
estonia,2026-08-11,Telegrami baltnews,other,2,credited-by-mirror
estonia,2026-08-11,Telegrami eestipost,other,9,credited-by-mirror
estonia,2026-08-11,Telegrami tenipribaltiki,other,3,credited-by-mirror
estonia,2026-08-12,Telegrami InfoDefEstonia,other,2,credited-by-mirror
eu,2026-08-01,Telegram: EastCalling,telegram,2,credited-by-mirror
eu,2026-08-01,Telegram: fr0m_Russia_with_L0ve,telegram,15,credited-by-mirror
eu,2026-08-01,Telegram: llordofwar,telegram,4,credited-by-mirror
eu,2026-08-01,Telegram: lomovkaa,telegram,2,credited-by-mirror
eu,2026-08-01,swentr.site,domain,5,credited-by-mirror
eu,2026-08-02,Telegram: EastCalling,telegram,7,credited-by-mirror
eu,2026-08-02,Telegram: fr0m_Russia_with_L0ve,telegram,16,credited-by-mirror
eu,2026-08-02,Telegram: llordofwar,telegram,4,credited-by-mirror
eu,2026-08-02,Telegram: lomovkaa,telegram,4,credited-by-mirror
eu,2026-08-02,Telegram: ostashkonews,telegram,3,credited-by-mirror
eu,2026-08-02,Telegram: voicesofrevelation1,telegram,4,credited-by-mirror
eu,2026-08-02,swentr.site,domain,2,credited-by-mirror
eu,2026-08-03,Telegram: EastCalling,telegram,14,credited-by-mirror
eu,2026-08-03,Telegram: fr0m_Russia_with_L0ve,telegram,10,credited-by-mirror
eu,2026-08-03,Telegram: llordofwar,telegram,5,credited-by-mirror
eu,2026-08-03,Telegram: lomovkaa,telegram,4,credited-by-mirror
eu,2026-08-03,Telegram: ostashkonews,telegram,4,credited-by-mirror
eu,2026-08-03,Telegram: voicesofrevelation1,telegram,9,credited-by-mirror
eu,2026-08-03,swentr.site,domain,5,credited-by-mirror
eu,2026-08-04,Telegram: EastCalling,telegram,3,credited-by-mirror
eu,2026-08-04,Telegram: fr0m_Russia_with_L0ve,telegram,9,credited-by-mirror
eu,2026-08-04,Telegram: llordofwar,telegram,8,credited-by-mirror
eu,2026-08-04,Telegram: lomovkaa,telegram,4,credited-by-mirror
eu,2026-08-04,Telegram: ostashkonews,telegram,6,credited-by-mirror
eu,2026-08-04,swentr.site,domain,5,credited-by-mirror
eu,2026-08-05,Telegram: EastCalling,telegram,5,credited-by-mirror
eu,2026-08-05,Telegram: fr0m_Russia_with_L0ve,telegram,15,credited-by-mirror
eu,2026-08-05,Telegram: llordofwar,telegram,6,credited-by-mirror
eu,2026-08-05,Telegram: lomovkaa,telegram,11,credited-by-mirror
eu,2026-08-05,Telegram: ostashkonews,telegram,4,credited-by-mirror
eu,2026-08-05,swentr.site,domain,2,credited-by-mirror
eu,2026-08-06,Telegram: EastCalling,telegram,3,credited-by-mirror
eu,2026-08-06,Telegram: fr0m_Russia_with_L0ve,telegram,11,credited-by-mirror
eu,2026-08-06,Telegram: llordofwar,telegram,7,credited-by-mirror
eu,2026-08-06,Telegram: lomovkaa,telegram,1,credited-by-mirror
eu,2026-08-06,Telegram: ostashkonews,telegram,6,credited-by-mirror
eu,2026-08-06,swentr.site,domain,5,credited-by-mirror
eu,2026-08-07,Telegram: EastCalling,telegram,12,credited-by-mirror
eu,2026-08-07,Telegram: fr0m_Russia_with_L0ve,telegram,10,credited-by-mirror
eu,2026-08-07,Telegram: llordofwar,telegram,7,credited-by-mirror
eu,2026-08-07,Telegram: lomovkaa,telegram,3,credited-by-mirror
eu,2026-08-07,Telegram: ostashkonews,telegram,3,credited-by-mirror
eu,2026-08-07,swentr.site,domain,3,credited-by-mirror
eu,2026-08-08,Telegram: EastCalling,telegram,4,credited-by-mirror
eu,2026-08-08,Telegram: fr0m_Russia_with_L0ve,telegram,11,credited-by-mirror
eu,2026-08-08,Telegram: llordofwar,telegram,6,credited-by-mirror
eu,2026-08-08,Telegram: lomovkaa,telegram,5,credited-by-mirror
eu,2026-08-08,Telegram: ostashkonews,telegram,1,credited-by-mirror
eu,2026-08-08,Telegram: voicesofrevelation1,telegram,11,credited-by-mirror
eu,2026-08-08,swentr.site,domain,2,credited-by-mirror
eu,2026-08-09,Telegram: EastCalling,telegram,5,credited-by-mirror
eu,2026-08-09,Telegram: fr0m_Russia_with_L0ve,telegram,13,credited-by-mirror
eu,2026-08-09,Telegram: llordofwar,telegram,2,credited-by-mirror
eu,2026-08-09,Telegram: lomovkaa,telegram,2,credited-by-mirror
eu,2026-08-09,Telegram: ostashkonews,telegram,3,credited-by-mirror
eu,2026-08-09,Telegram: voicesofrevelation1,telegram,5,credited-by-mirror
eu,2026-08-09,swentr.site,domain,4,credited-by-mirror
eu,2026-08-10,Telegram: EastCalling,telegram,2,credited-by-mirror
eu,2026-08-10,Telegram: fr0m_Russia_with_L0ve,telegram,20,credited-by-mirror
eu,2026-08-10,Telegram: llordofwar,telegram,4,credited-by-mirror
eu,2026-08-10,Telegram: lomovkaa,telegram,3,credited-by-mirror
eu,2026-08-10,Telegram: voicesofrevelation1,telegram,2,credited-by-mirror
eu,2026-08-10,swentr.site,domain,3,credited-by-mirror
eu,2026-08-11,Telegram: EastCalling,telegram,3,credited-by-mirror
eu,2026-08-11,Telegram: fr0m_Russia_with_L0ve,telegram,13,credited-by-mirror
eu,2026-08-11,Telegram: llordofwar,telegram,7,credited-by-mirror
eu,2026-08-11,Telegram: lomovkaa,telegram,4,credited-by-mirror
eu,2026-08-11,Telegram: ostashkonews,telegram,6,credited-by-mirror
eu,2026-08-11,Telegram: voicesofrevelation1,telegram,3,credited-by-mirror
eu,2026-08-11,swentr.site,domain,4,credited-by-mirror
eu,2026-08-12,Telegram: EastCalling,telegram,1,credited-by-mirror
eu,2026-08-12,Telegram: fr0m_Russia_with_L0ve,telegram,3,credited-by-mirror
eu,2026-08-12,Telegram: llordofwar,telegram,3,credited-by-mirror
eu,2026-08-12,Telegram: lomovkaa,telegram,3,credited-by-mirror
eu,2026-08-12,Telegram: voicesofrevelation1,telegram,5,credited-by-mirror
finland,2026-08-01,Telegram: InfodefSCANDINAVIA,telegram,1,credited-by-mirror
finland,2026-08-01,Telegram: lomovkaa,telegram,2,credited-by-mirror
finland,2026-08-02,Telegram: InfodefSCANDINAVIA,telegram,2,credited-by-mirror
finland,2026-08-02,Telegram: baltnews,telegram,2,credited-by-mirror
finland,2026-08-03,Telegram: InfodefSCANDINAVIA,telegram,1,credited-by-mirror
finland,2026-08-04,Telegram: InfodefSCANDINAVIA,telegram,2,credited-by-mirror
finland,2026-08-04,Telegram: lomovkaa,telegram,1,credited-by-mirror
finland,2026-08-04,Telegram: ostashkonews,telegram,2,credited-by-mirror
finland,2026-08-05,Telegram: InfodefSCANDINAVIA,telegram,1,credited-by-mirror
finland,2026-08-06,Telegram: InfodefSCANDINAVIA,telegram,2,credited-by-mirror
finland,2026-08-06,Telegram: lomovkaa,telegram,1,credited-by-mirror
finland,2026-08-07,Telegram: InfodefSCANDINAVIA,telegram,1,credited-by-mirror
finland,2026-08-08,Telegram: InfodefSCANDINAVIA,telegram,1,credited-by-mirror
finland,2026-08-09,Telegram: InfodefSCANDINAVIA,telegram,2,credited-by-mirror
finland,2026-08-09,Telegram: baltnews,telegram,1,credited-by-mirror
finland,2026-08-09,Telegram: lomovkaa,telegram,2,credited-by-mirror
finland,2026-08-09,Telegram: ostashkonews,telegram,2,credited-by-mirror
finland,2026-08-10,Telegram: InfodefSCANDINAVIA,telegram,2,credited-by-mirror
finland,2026-08-10,Telegram: lomovkaa,telegram,1,credited-by-mirror
finland,2026-08-11,Telegram: InfodefSCANDINAVIA,telegram,1,credited-by-mirror
finland,2026-08-11,Telegram: lomovkaa,telegram,1,credited-by-mirror
finland,2026-08-11,Telegram: ostashkonews,telegram,1,credited-by-mirror
finland,2026-08-12,Telegram: InfodefSCANDINAVIA,telegram,1,credited-by-mirror
francais,2026-08-01,Telegram: BorisKarpovRussie,telegram,17,credited-by-mirror
francais,2026-08-01,Telegram: BrainlessChanelx,telegram,28,credited-by-mirror
francais,2026-08-01,Telegram: RTenfrancais,telegram,10,credited-by-mirror
francais,2026-08-01,Telegram: info0701world,telegram,8,credited-by-mirror
francais,2026-08-01,Telegram: russosphere,telegram,8,credited-by-mirror
francais,2026-08-01,fr.topwar.ru,domain,19,credited-by-mirror
francais,2026-08-01,francais.rt.com,domain,7,credited-by-mirror
francais,2026-08-02,Telegram: BorisKarpovRussie,telegram,11,credited-by-mirror
francais,2026-08-02,Telegram: BrainlessChanelx,telegram,21,credited-by-mirror
francais,2026-08-02,Telegram: RTenfrancais,telegram,13,credited-by-mirror
francais,2026-08-02,Telegram: Vbachir,telegram,2,credited-by-mirror
francais,2026-08-02,Telegram: info0701world,telegram,15,credited-by-mirror
francais,2026-08-02,Telegram: russosphere,telegram,3,credited-by-mirror
francais,2026-08-02,fr.topwar.ru,domain,11,credited-by-mirror
francais,2026-08-02,francais.rt.com,domain,4,credited-by-mirror
francais,2026-08-03,Telegram: BorisKarpovRussie,telegram,8,credited-by-mirror
francais,2026-08-03,Telegram: BrainlessChanelx,telegram,11,credited-by-mirror
francais,2026-08-03,Telegram: RTenfrancais,telegram,12,credited-by-mirror
francais,2026-08-03,Telegram: Vbachir,telegram,6,credited-by-mirror
francais,2026-08-03,Telegram: info0701world,telegram,11,credited-by-mirror
francais,2026-08-03,Telegram: russosphere,telegram,3,credited-by-mirror
francais,2026-08-03,fr.topwar.ru,domain,18,credited-by-mirror
francais,2026-08-03,francais.rt.com,domain,1,credited-by-mirror
francais,2026-08-04,Telegram: BorisKarpovRussie,telegram,12,credited-by-mirror
francais,2026-08-04,Telegram: BrainlessChanelx,telegram,15,credited-by-mirror
francais,2026-08-04,Telegram: RTenfrancais,telegram,8,credited-by-mirror
francais,2026-08-04,Telegram: info0701world,telegram,4,credited-by-mirror
francais,2026-08-04,Telegram: russosphere,telegram,6,credited-by-mirror
francais,2026-08-04,fr.topwar.ru,domain,21,credited-by-mirror
francais,2026-08-04,francais.rt.com,domain,6,credited-by-mirror
francais,2026-08-05,Telegram: BorisKarpovRussie,telegram,10,credited-by-mirror
francais,2026-08-05,Telegram: BrainlessChanelx,telegram,13,credited-by-mirror
francais,2026-08-05,Telegram: RTenfrancais,telegram,10,credited-by-mirror
francais,2026-08-05,Telegram: Vbachir,telegram,7,credited-by-mirror
francais,2026-08-05,Telegram: info0701world,telegram,5,credited-by-mirror
francais,2026-08-05,Telegram: russosphere,telegram,5,credited-by-mirror
francais,2026-08-05,fr.topwar.ru,domain,27,credited-by-mirror
francais,2026-08-05,francais.rt.com,domain,10,credited-by-mirror
francais,2026-08-06,Telegram: BorisKarpovRussie,telegram,11,credited-by-mirror
francais,2026-08-06,Telegram: BrainlessChanelx,telegram,11,credited-by-mirror
francais,2026-08-06,Telegram: RTenfrancais,telegram,8,credited-by-mirror
francais,2026-08-06,Telegram: Vbachir,telegram,5,credited-by-mirror
francais,2026-08-06,Telegram: info0701world,telegram,7,credited-by-mirror
francais,2026-08-06,Telegram: russosphere,telegram,4,credited-by-mirror
francais,2026-08-06,fr.topwar.ru,domain,19,credited-by-mirror
francais,2026-08-06,francais.rt.com,domain,9,credited-by-mirror
francais,2026-08-07,Telegram: BorisKarpovRussie,telegram,12,credited-by-mirror
francais,2026-08-07,Telegram: BrainlessChanelx,telegram,12,credited-by-mirror
francais,2026-08-07,Telegram: RTenfrancais,telegram,8,credited-by-mirror
francais,2026-08-07,Telegram: Vbachir,telegram,9,credited-by-mirror
francais,2026-08-07,Telegram: info0701world,telegram,6,credited-by-mirror
francais,2026-08-07,Telegram: russosphere,telegram,3,credited-by-mirror
francais,2026-08-07,fr.topwar.ru,domain,20,credited-by-mirror
francais,2026-08-07,francais.rt.com,domain,3,credited-by-mirror
francais,2026-08-08,Telegram: BorisKarpovRussie,telegram,15,credited-by-mirror
francais,2026-08-08,Telegram: BrainlessChanelx,telegram,17,credited-by-mirror
francais,2026-08-08,Telegram: RTenfrancais,telegram,16,credited-by-mirror
francais,2026-08-08,Telegram: info0701world,telegram,9,credited-by-mirror
francais,2026-08-08,Telegram: russosphere,telegram,1,credited-by-mirror
francais,2026-08-08,fr.topwar.ru,domain,17,credited-by-mirror
francais,2026-08-08,francais.rt.com,domain,10,credited-by-mirror
francais,2026-08-09,Telegram: BorisKarpovRussie,telegram,20,credited-by-mirror
francais,2026-08-09,Telegram: BrainlessChanelx,telegram,12,credited-by-mirror
francais,2026-08-09,Telegram: RTenfrancais,telegram,10,credited-by-mirror
francais,2026-08-09,Telegram: info0701world,telegram,13,credited-by-mirror
francais,2026-08-09,Telegram: russosphere,telegram,4,credited-by-mirror
francais,2026-08-09,fr.topwar.ru,domain,18,credited-by-mirror
francais,2026-08-09,francais.rt.com,domain,4,credited-by-mirror
francais,2026-08-10,Telegram: BorisKarpovRussie,telegram,5,credited-by-mirror
francais,2026-08-10,Telegram: BrainlessChanelx,telegram,15,credited-by-mirror
francais,2026-08-10,Telegram: RTenfrancais,telegram,11,credited-by-mirror
francais,2026-08-10,Telegram: Vbachir,telegram,1,credited-by-mirror
francais,2026-08-10,Telegram: info0701world,telegram,14,credited-by-mirror
francais,2026-08-10,Telegram: russosphere,telegram,5,credited-by-mirror
francais,2026-08-10,fr.topwar.ru,domain,22,credited-by-mirror
francais,2026-08-10,francais.rt.com,domain,4,credited-by-mirror
francais,2026-08-11,Telegram: BorisKarpovRussie,telegram,8,credited-by-mirror
francais,2026-08-11,Telegram: BrainlessChanelx,telegram,11,credited-by-mirror
francais,2026-08-11,Telegram: RTenfrancais,telegram,9,credited-by-mirror
francais,2026-08-11,Telegram: info0701world,telegram,13,credited-by-mirror
francais,2026-08-11,Telegram: russosphere,telegram,4,credited-by-mirror
francais,2026-08-11,fr.topwar.ru,domain,27,credited-by-mirror
francais,2026-08-11,francais.rt.com,domain,8,credited-by-mirror
francais,2026-08-12,Telegram: BorisKarpovRussie,telegram,6,credited-by-mirror
francais,2026-08-12,Telegram: BrainlessChanelx,telegram,2,credited-by-mirror
francais,2026-08-12,Telegram: RTenfrancais,telegram,1,credited-by-mirror
francais,2026-08-12,Telegram: info0701world,telegram,1,credited-by-mirror
francais,2026-08-12,Telegram: russosphere,telegram,1,credited-by-mirror
francais,2026-08-12,fr.topwar.ru,domain,10,credited-by-mirror
france,2026-08-01,Telegram: GPTVoff,telegram,12,credited-by-mirror
france,2026-08-01,Telegram: LaVeriteCensureeoff,telegram,17,credited-by-mirror
france,2026-08-01,Telegram: MTnews_france,telegram,20,credited-by-mirror
france,2026-08-01,Telegram: REF_INFO24,telegram,8,credited-by-mirror
france,2026-08-01,Telegram: TASS_europe,telegram,5,credited-by-mirror
france,2026-08-01,Telegram: la_nouvelle_france,telegram,9,credited-by-mirror
france,2026-08-01,Telegram: leveil2022,telegram,14,credited-by-mirror
france,2026-08-01,francais.rt.com,domain,3,credited-by-mirror
france,2026-08-02,Telegram: Chroniquesennews,telegram,2,credited-by-mirror
france,2026-08-02,Telegram: GPTVoff,telegram,13,credited-by-mirror
france,2026-08-02,Telegram: LaVeriteCensureeoff,telegram,13,credited-by-mirror
france,2026-08-02,Telegram: MTnews_france,telegram,14,credited-by-mirror
france,2026-08-02,Telegram: REF_INFO24,telegram,11,credited-by-mirror
france,2026-08-02,Telegram: RTenfrancais,telegram,7,credited-by-mirror
france,2026-08-02,Telegram: TASS_europe,telegram,3,credited-by-mirror
france,2026-08-02,Telegram: la_nouvelle_france,telegram,7,credited-by-mirror
france,2026-08-02,Telegram: leveil2022,telegram,8,credited-by-mirror
france,2026-08-02,francais.rt.com,domain,2,credited-by-mirror
france,2026-08-03,Telegram: Chroniquesennews,telegram,4,credited-by-mirror
france,2026-08-03,Telegram: GPTVoff,telegram,11,credited-by-mirror
france,2026-08-03,Telegram: LaVeriteCensureeoff,telegram,11,credited-by-mirror
france,2026-08-03,Telegram: MTnews_france,telegram,23,credited-by-mirror
france,2026-08-03,Telegram: REF_INFO24,telegram,3,credited-by-mirror
france,2026-08-03,Telegram: RTenfrancais,telegram,12,credited-by-mirror
france,2026-08-03,Telegram: TASS_europe,telegram,11,credited-by-mirror
france,2026-08-03,Telegram: la_nouvelle_france,telegram,10,credited-by-mirror
france,2026-08-03,Telegram: leveil2022,telegram,1,credited-by-mirror
france,2026-08-03,francais.rt.com,domain,4,credited-by-mirror
france,2026-08-04,Telegram: Chroniquesennews,telegram,5,credited-by-mirror
france,2026-08-04,Telegram: GPTVoff,telegram,11,credited-by-mirror
france,2026-08-04,Telegram: LaVeriteCensureeoff,telegram,10,credited-by-mirror
france,2026-08-04,Telegram: MTnews_france,telegram,16,credited-by-mirror
france,2026-08-04,Telegram: REF_INFO24,telegram,7,credited-by-mirror
france,2026-08-04,Telegram: RTenfrancais,telegram,9,credited-by-mirror
france,2026-08-04,Telegram: TASS_europe,telegram,10,credited-by-mirror
france,2026-08-04,Telegram: la_nouvelle_france,telegram,6,credited-by-mirror
france,2026-08-04,Telegram: leveil2022,telegram,2,credited-by-mirror
france,2026-08-04,francais.rt.com,domain,5,credited-by-mirror
france,2026-08-05,Telegram: Chroniquesennews,telegram,5,credited-by-mirror
france,2026-08-05,Telegram: GPTVoff,telegram,11,credited-by-mirror
france,2026-08-05,Telegram: LaVeriteCensureeoff,telegram,10,credited-by-mirror
france,2026-08-05,Telegram: MTnews_france,telegram,22,credited-by-mirror
france,2026-08-05,Telegram: REF_INFO24,telegram,8,credited-by-mirror
france,2026-08-05,Telegram: RTenfrancais,telegram,8,credited-by-mirror
france,2026-08-05,Telegram: TASS_europe,telegram,10,credited-by-mirror
france,2026-08-05,Telegram: la_nouvelle_france,telegram,13,credited-by-mirror
france,2026-08-05,Telegram: leveil2022,telegram,6,credited-by-mirror
france,2026-08-05,francais.rt.com,domain,3,credited-by-mirror
france,2026-08-06,Telegram: Chroniquesennews,telegram,6,credited-by-mirror
france,2026-08-06,Telegram: GPTVoff,telegram,10,credited-by-mirror
france,2026-08-06,Telegram: LaVeriteCensureeoff,telegram,4,credited-by-mirror
france,2026-08-06,Telegram: MTnews_france,telegram,20,credited-by-mirror
france,2026-08-06,Telegram: REF_INFO24,telegram,6,credited-by-mirror
france,2026-08-06,Telegram: RTenfrancais,telegram,5,credited-by-mirror
france,2026-08-06,Telegram: TASS_europe,telegram,7,credited-by-mirror
france,2026-08-06,Telegram: la_nouvelle_france,telegram,8,credited-by-mirror
france,2026-08-06,Telegram: leveil2022,telegram,3,credited-by-mirror
france,2026-08-06,francais.rt.com,domain,4,credited-by-mirror
france,2026-08-07,Telegram: Chroniquesennews,telegram,4,credited-by-mirror
france,2026-08-07,Telegram: GPTVoff,telegram,9,credited-by-mirror
france,2026-08-07,Telegram: LaVeriteCensureeoff,telegram,6,credited-by-mirror
france,2026-08-07,Telegram: MTnews_france,telegram,24,credited-by-mirror
france,2026-08-07,Telegram: REF_INFO24,telegram,4,credited-by-mirror
france,2026-08-07,Telegram: RTenfrancais,telegram,5,credited-by-mirror
france,2026-08-07,Telegram: TASS_europe,telegram,6,credited-by-mirror
france,2026-08-07,Telegram: la_nouvelle_france,telegram,10,credited-by-mirror
france,2026-08-07,Telegram: leveil2022,telegram,10,credited-by-mirror
france,2026-08-07,francais.rt.com,domain,7,credited-by-mirror
france,2026-08-08,Telegram: Chroniquesennews,telegram,2,credited-by-mirror
france,2026-08-08,Telegram: GPTVoff,telegram,10,credited-by-mirror
france,2026-08-08,Telegram: LaVeriteCensureeoff,telegram,9,credited-by-mirror
france,2026-08-08,Telegram: MTnews_france,telegram,13,credited-by-mirror
france,2026-08-08,Telegram: REF_INFO24,telegram,8,credited-by-mirror
france,2026-08-08,Telegram: RTenfrancais,telegram,13,credited-by-mirror
france,2026-08-08,Telegram: TASS_europe,telegram,4,credited-by-mirror
france,2026-08-08,Telegram: la_nouvelle_france,telegram,7,credited-by-mirror
france,2026-08-08,Telegram: leveil2022,telegram,6,credited-by-mirror
france,2026-08-08,francais.rt.com,domain,4,credited-by-mirror
france,2026-08-09,Telegram: Chroniquesennews,telegram,3,credited-by-mirror
france,2026-08-09,Telegram: GPTVoff,telegram,12,credited-by-mirror
france,2026-08-09,Telegram: LaVeriteCensureeoff,telegram,12,credited-by-mirror
france,2026-08-09,Telegram: MTnews_france,telegram,18,credited-by-mirror
france,2026-08-09,Telegram: REF_INFO24,telegram,8,credited-by-mirror
france,2026-08-09,Telegram: RTenfrancais,telegram,9,credited-by-mirror
france,2026-08-09,Telegram: TASS_europe,telegram,4,credited-by-mirror
france,2026-08-09,Telegram: la_nouvelle_france,telegram,16,credited-by-mirror
france,2026-08-09,Telegram: leveil2022,telegram,15,credited-by-mirror
france,2026-08-09,francais.rt.com,domain,2,credited-by-mirror
france,2026-08-10,Telegram: GPTVoff,telegram,11,credited-by-mirror
france,2026-08-10,Telegram: LaVeriteCensureeoff,telegram,6,credited-by-mirror
france,2026-08-10,Telegram: MTnews_france,telegram,21,credited-by-mirror
france,2026-08-10,Telegram: REF_INFO24,telegram,10,credited-by-mirror
france,2026-08-10,Telegram: RTenfrancais,telegram,8,credited-by-mirror
france,2026-08-10,Telegram: TASS_europe,telegram,7,credited-by-mirror
france,2026-08-10,Telegram: la_nouvelle_france,telegram,16,credited-by-mirror
france,2026-08-10,Telegram: leveil2022,telegram,10,credited-by-mirror
france,2026-08-10,francais.rt.com,domain,7,credited-by-mirror
france,2026-08-11,Telegram: Chroniquesennews,telegram,2,credited-by-mirror
france,2026-08-11,Telegram: GPTVoff,telegram,11,credited-by-mirror
france,2026-08-11,Telegram: LaVeriteCensureeoff,telegram,12,credited-by-mirror
france,2026-08-11,Telegram: MTnews_france,telegram,12,credited-by-mirror
france,2026-08-11,Telegram: REF_INFO24,telegram,7,credited-by-mirror
france,2026-08-11,Telegram: RTenfrancais,telegram,8,credited-by-mirror
france,2026-08-11,Telegram: TASS_europe,telegram,7,credited-by-mirror
france,2026-08-11,Telegram: la_nouvelle_france,telegram,12,credited-by-mirror
france,2026-08-11,Telegram: leveil2022,telegram,6,credited-by-mirror
france,2026-08-11,francais.rt.com,domain,4,credited-by-mirror
france,2026-08-12,Telegram: GPTVoff,telegram,2,credited-by-mirror
france,2026-08-12,Telegram: LaVeriteCensureeoff,telegram,1,credited-by-mirror
france,2026-08-12,Telegram: MTnews_france,telegram,3,credited-by-mirror
france,2026-08-12,Telegram: REF_INFO24,telegram,3,credited-by-mirror
france,2026-08-12,Telegram: TASS_europe,telegram,1,credited-by-mirror
france,2026-08-12,Telegram: la_nouvelle_france,telegram,2,credited-by-mirror
france,2026-08-12,Telegram: leveil2022,telegram,2,credited-by-mirror
gambia,2026-08-01,Telegram: sputnik_africa,telegram,1,credited-by-mirror
gambia,2026-08-02,Telegram: westernafrica,telegram,1,credited-by-mirror
gambia,2026-08-11,Telegram: rybar_africa,telegram,1,credited-by-mirror
ge,2026-08-01,MAX sputnik-georgia_ru,max,4,credited-by-mirror
ge,2026-08-01,Telegram: SputnikGeorgia,telegram,11,credited-by-mirror
ge,2026-08-01,Telegram: SputnikSaqartvelo,telegram,6,credited-by-mirror
ge,2026-08-01,Telegram: sputniklive,telegram,1,credited-by-mirror
ge,2026-08-01,sputnik-georgia.com,domain,24,credited-by-mirror
ge,2026-08-01,sputnik-georgia.ru,domain,19,credited-by-mirror
ge,2026-08-02,MAX sputnik-georgia_ru,max,12,credited-by-mirror
ge,2026-08-02,Telegram: SputnikGeorgia,telegram,3,credited-by-mirror
ge,2026-08-02,Telegram: SputnikSaqartvelo,telegram,6,credited-by-mirror
ge,2026-08-02,Telegram: sputniklive,telegram,2,credited-by-mirror
ge,2026-08-02,sputnik-georgia.com,domain,20,credited-by-mirror
ge,2026-08-02,sputnik-georgia.ru,domain,17,credited-by-mirror
ge,2026-08-03,MAX sputnik-georgia_ru,max,10,credited-by-mirror
ge,2026-08-03,Telegram: SputnikGeorgia,telegram,11,credited-by-mirror
ge,2026-08-03,Telegram: SputnikSaqartvelo,telegram,26,credited-by-mirror
ge,2026-08-03,Telegram: sputniklive,telegram,3,credited-by-mirror
ge,2026-08-03,ge.news-front.su,domain,2,credited-by-mirror
ge,2026-08-03,sputnik-georgia.com,domain,24,credited-by-mirror
ge,2026-08-03,sputnik-georgia.ru,domain,24,credited-by-mirror
ge,2026-08-04,MAX sputnik-georgia_ru,max,8,credited-by-mirror
ge,2026-08-04,Telegram: SputnikGeorgia,telegram,17,credited-by-mirror
ge,2026-08-04,Telegram: SputnikSaqartvelo,telegram,25,credited-by-mirror
ge,2026-08-04,Telegram: sputniklive,telegram,3,credited-by-mirror
ge,2026-08-04,sputnik-georgia.com,domain,28,credited-by-mirror
ge,2026-08-04,sputnik-georgia.ru,domain,24,credited-by-mirror
ge,2026-08-05,MAX sputnik-georgia_ru,max,6,credited-by-mirror
ge,2026-08-05,Telegram: SputnikGeorgia,telegram,18,credited-by-mirror
ge,2026-08-05,Telegram: SputnikSaqartvelo,telegram,25,credited-by-mirror
ge,2026-08-05,Telegram: sputniklive,telegram,3,credited-by-mirror
ge,2026-08-05,sputnik-georgia.com,domain,27,credited-by-mirror
ge,2026-08-05,sputnik-georgia.ru,domain,27,credited-by-mirror
ge,2026-08-06,MAX sputnik-georgia_ru,max,6,credited-by-mirror
ge,2026-08-06,Telegram: SputnikGeorgia,telegram,18,credited-by-mirror
ge,2026-08-06,Telegram: SputnikSaqartvelo,telegram,26,credited-by-mirror
ge,2026-08-06,Telegram: sputniklive,telegram,1,credited-by-mirror
ge,2026-08-06,sputnik-georgia.com,domain,29,credited-by-mirror
ge,2026-08-06,sputnik-georgia.ru,domain,21,credited-by-mirror
ge,2026-08-07,MAX sputnik-georgia_ru,max,3,credited-by-mirror
ge,2026-08-07,Telegram: SputnikGeorgia,telegram,20,credited-by-mirror
ge,2026-08-07,Telegram: SputnikSaqartvelo,telegram,25,credited-by-mirror
ge,2026-08-07,Telegram: sputniklive,telegram,3,credited-by-mirror
ge,2026-08-07,sputnik-georgia.com,domain,30,credited-by-mirror
ge,2026-08-07,sputnik-georgia.ru,domain,24,credited-by-mirror
ge,2026-08-08,MAX sputnik-georgia_ru,max,7,credited-by-mirror
ge,2026-08-08,Telegram: SputnikGeorgia,telegram,11,credited-by-mirror
ge,2026-08-08,Telegram: SputnikSaqartvelo,telegram,9,credited-by-mirror
ge,2026-08-08,Telegram: sputniklive,telegram,3,credited-by-mirror
ge,2026-08-08,sputnik-georgia.com,domain,18,credited-by-mirror
ge,2026-08-08,sputnik-georgia.ru,domain,14,credited-by-mirror
ge,2026-08-09,MAX sputnik-georgia_ru,max,14,credited-by-mirror
ge,2026-08-09,Telegram: SputnikSaqartvelo,telegram,7,credited-by-mirror
ge,2026-08-09,Telegram: sputniklive,telegram,1,credited-by-mirror
ge,2026-08-09,sputnik-georgia.com,domain,18,credited-by-mirror
ge,2026-08-09,sputnik-georgia.ru,domain,17,credited-by-mirror
ge,2026-08-10,MAX sputnik-georgia_ru,max,12,credited-by-mirror
ge,2026-08-10,Telegram: SputnikGeorgia,telegram,11,credited-by-mirror
ge,2026-08-10,Telegram: SputnikSaqartvelo,telegram,25,credited-by-mirror
ge,2026-08-10,Telegram: sputniklive,telegram,2,credited-by-mirror
ge,2026-08-10,sputnik-georgia.com,domain,19,credited-by-mirror
ge,2026-08-10,sputnik-georgia.ru,domain,24,credited-by-mirror
ge,2026-08-11,MAX sputnik-georgia_ru,max,10,credited-by-mirror
ge,2026-08-11,Telegram: SputnikGeorgia,telegram,11,credited-by-mirror
ge,2026-08-11,Telegram: SputnikSaqartvelo,telegram,23,credited-by-mirror
ge,2026-08-11,Telegram: sputniklive,telegram,1,credited-by-mirror
ge,2026-08-11,sputnik-georgia.com,domain,27,credited-by-mirror
ge,2026-08-11,sputnik-georgia.ru,domain,30,credited-by-mirror
ge,2026-08-12,Telegram: SputnikGeorgia,telegram,3,credited-by-mirror
ge,2026-08-12,Telegram: SputnikSaqartvelo,telegram,7,credited-by-mirror
ge,2026-08-12,sputnik-georgia.com,domain,4,credited-by-mirror
ge,2026-08-12,sputnik-georgia.ru,domain,4,credited-by-mirror
germany,2026-08-01,Telegram: CompactMagazin,telegram,13,credited-by-mirror
germany,2026-08-01,Telegram: Folgedemplan,telegram,12,credited-by-mirror
germany,2026-08-01,Telegram: GHZFriedrichMaik,telegram,2,credited-by-mirror
germany,2026-08-01,Telegram: KriegsKorrespondent,telegram,18,credited-by-mirror
germany,2026-08-01,Telegram: MTnews_Deutsch,telegram,7,credited-by-mirror
germany,2026-08-01,Telegram: No_Pasaran2022,telegram,25,credited-by-mirror
germany,2026-08-01,Telegram: koppreport,telegram,8,credited-by-mirror
germany,2026-08-01,Telegram: satellit_de,telegram,11,credited-by-mirror
germany,2026-08-01,Telegram: voelkerderwelt,telegram,14,credited-by-mirror
germany,2026-08-01,de.rt.com,domain,8,credited-by-mirror
germany,2026-08-02,Telegram: CompactMagazin,telegram,10,credited-by-mirror
germany,2026-08-02,Telegram: Folgedemplan,telegram,12,credited-by-mirror
germany,2026-08-02,Telegram: GHZFriedrichMaik,telegram,7,credited-by-mirror
germany,2026-08-02,Telegram: KriegsKorrespondent,telegram,16,credited-by-mirror
germany,2026-08-02,Telegram: MTnews_Deutsch,telegram,9,credited-by-mirror
germany,2026-08-02,Telegram: No_Pasaran2022,telegram,8,credited-by-mirror
germany,2026-08-02,Telegram: koppreport,telegram,10,credited-by-mirror
germany,2026-08-02,Telegram: satellit_de,telegram,7,credited-by-mirror
germany,2026-08-02,Telegram: voelkerderwelt,telegram,22,credited-by-mirror
germany,2026-08-02,de.rt.com,domain,9,credited-by-mirror
germany,2026-08-03,Telegram: CompactMagazin,telegram,10,credited-by-mirror
germany,2026-08-03,Telegram: Folgedemplan,telegram,8,credited-by-mirror
germany,2026-08-03,Telegram: GHZFriedrichMaik,telegram,8,credited-by-mirror
germany,2026-08-03,Telegram: KriegsKorrespondent,telegram,15,credited-by-mirror
germany,2026-08-03,Telegram: MTnews_Deutsch,telegram,11,credited-by-mirror
germany,2026-08-03,Telegram: No_Pasaran2022,telegram,7,credited-by-mirror
germany,2026-08-03,Telegram: koppreport,telegram,13,credited-by-mirror
germany,2026-08-03,Telegram: satellit_de,telegram,6,credited-by-mirror
germany,2026-08-03,Telegram: voelkerderwelt,telegram,16,credited-by-mirror
germany,2026-08-03,de.rt.com,domain,9,credited-by-mirror
germany,2026-08-04,Telegram: CompactMagazin,telegram,6,credited-by-mirror
germany,2026-08-04,Telegram: Folgedemplan,telegram,7,credited-by-mirror
germany,2026-08-04,Telegram: GHZFriedrichMaik,telegram,3,credited-by-mirror
germany,2026-08-04,Telegram: KriegsKorrespondent,telegram,25,credited-by-mirror
germany,2026-08-04,Telegram: MTnews_Deutsch,telegram,14,credited-by-mirror
germany,2026-08-04,Telegram: No_Pasaran2022,telegram,17,credited-by-mirror
germany,2026-08-04,Telegram: koppreport,telegram,5,credited-by-mirror
germany,2026-08-04,Telegram: satellit_de,telegram,7,credited-by-mirror
germany,2026-08-04,Telegram: voelkerderwelt,telegram,22,credited-by-mirror
germany,2026-08-04,de.rt.com,domain,3,credited-by-mirror
germany,2026-08-05,Telegram: CompactMagazin,telegram,8,credited-by-mirror
germany,2026-08-05,Telegram: Folgedemplan,telegram,15,credited-by-mirror
germany,2026-08-05,Telegram: GHZFriedrichMaik,telegram,3,credited-by-mirror
germany,2026-08-05,Telegram: KriegsKorrespondent,telegram,23,credited-by-mirror
germany,2026-08-05,Telegram: MTnews_Deutsch,telegram,11,credited-by-mirror
germany,2026-08-05,Telegram: No_Pasaran2022,telegram,12,credited-by-mirror
germany,2026-08-05,Telegram: koppreport,telegram,11,credited-by-mirror
germany,2026-08-05,Telegram: satellit_de,telegram,3,credited-by-mirror
germany,2026-08-05,Telegram: voelkerderwelt,telegram,19,credited-by-mirror
germany,2026-08-05,de.rt.com,domain,11,credited-by-mirror
germany,2026-08-06,Telegram: CompactMagazin,telegram,5,credited-by-mirror
germany,2026-08-06,Telegram: Folgedemplan,telegram,11,credited-by-mirror
germany,2026-08-06,Telegram: GHZFriedrichMaik,telegram,4,credited-by-mirror
germany,2026-08-06,Telegram: KriegsKorrespondent,telegram,23,credited-by-mirror
germany,2026-08-06,Telegram: MTnews_Deutsch,telegram,5,credited-by-mirror
germany,2026-08-06,Telegram: No_Pasaran2022,telegram,17,credited-by-mirror
germany,2026-08-06,Telegram: koppreport,telegram,8,credited-by-mirror
germany,2026-08-06,Telegram: satellit_de,telegram,7,credited-by-mirror
germany,2026-08-06,Telegram: voelkerderwelt,telegram,12,credited-by-mirror
germany,2026-08-06,de.rt.com,domain,11,credited-by-mirror
germany,2026-08-07,Telegram: CompactMagazin,telegram,9,credited-by-mirror
germany,2026-08-07,Telegram: Folgedemplan,telegram,7,credited-by-mirror
germany,2026-08-07,Telegram: GHZFriedrichMaik,telegram,1,credited-by-mirror
germany,2026-08-07,Telegram: KriegsKorrespondent,telegram,15,credited-by-mirror
germany,2026-08-07,Telegram: MTnews_Deutsch,telegram,7,credited-by-mirror
germany,2026-08-07,Telegram: No_Pasaran2022,telegram,11,credited-by-mirror
germany,2026-08-07,Telegram: koppreport,telegram,5,credited-by-mirror
germany,2026-08-07,Telegram: satellit_de,telegram,8,credited-by-mirror
germany,2026-08-07,Telegram: voelkerderwelt,telegram,21,credited-by-mirror
germany,2026-08-07,de.rt.com,domain,15,credited-by-mirror
germany,2026-08-08,Telegram: CompactMagazin,telegram,9,credited-by-mirror
germany,2026-08-08,Telegram: Folgedemplan,telegram,11,credited-by-mirror
germany,2026-08-08,Telegram: GHZFriedrichMaik,telegram,4,credited-by-mirror
germany,2026-08-08,Telegram: KriegsKorrespondent,telegram,17,credited-by-mirror
germany,2026-08-08,Telegram: MTnews_Deutsch,telegram,12,credited-by-mirror
germany,2026-08-08,Telegram: No_Pasaran2022,telegram,15,credited-by-mirror
germany,2026-08-08,Telegram: koppreport,telegram,10,credited-by-mirror
germany,2026-08-08,Telegram: satellit_de,telegram,8,credited-by-mirror
germany,2026-08-08,Telegram: voelkerderwelt,telegram,18,credited-by-mirror
germany,2026-08-08,de.rt.com,domain,12,credited-by-mirror
germany,2026-08-09,Telegram: CompactMagazin,telegram,11,credited-by-mirror
germany,2026-08-09,Telegram: Folgedemplan,telegram,6,credited-by-mirror
germany,2026-08-09,Telegram: GHZFriedrichMaik,telegram,1,credited-by-mirror
germany,2026-08-09,Telegram: KriegsKorrespondent,telegram,12,credited-by-mirror
germany,2026-08-09,Telegram: MTnews_Deutsch,telegram,12,credited-by-mirror
germany,2026-08-09,Telegram: No_Pasaran2022,telegram,17,credited-by-mirror
germany,2026-08-09,Telegram: koppreport,telegram,14,credited-by-mirror
germany,2026-08-09,Telegram: satellit_de,telegram,11,credited-by-mirror
germany,2026-08-09,Telegram: voelkerderwelt,telegram,20,credited-by-mirror
germany,2026-08-09,de.rt.com,domain,7,credited-by-mirror
germany,2026-08-10,Telegram: CompactMagazin,telegram,9,credited-by-mirror
germany,2026-08-10,Telegram: Folgedemplan,telegram,13,credited-by-mirror
germany,2026-08-10,Telegram: GHZFriedrichMaik,telegram,2,credited-by-mirror
germany,2026-08-10,Telegram: KriegsKorrespondent,telegram,9,credited-by-mirror
germany,2026-08-10,Telegram: MTnews_Deutsch,telegram,11,credited-by-mirror
germany,2026-08-10,Telegram: No_Pasaran2022,telegram,10,credited-by-mirror
germany,2026-08-10,Telegram: koppreport,telegram,9,credited-by-mirror
germany,2026-08-10,Telegram: satellit_de,telegram,9,credited-by-mirror
germany,2026-08-10,Telegram: voelkerderwelt,telegram,15,credited-by-mirror
germany,2026-08-10,de.rt.com,domain,14,credited-by-mirror
germany,2026-08-11,Telegram: CompactMagazin,telegram,11,credited-by-mirror
germany,2026-08-11,Telegram: Folgedemplan,telegram,6,credited-by-mirror
germany,2026-08-11,Telegram: GHZFriedrichMaik,telegram,4,credited-by-mirror
germany,2026-08-11,Telegram: KriegsKorrespondent,telegram,19,credited-by-mirror
germany,2026-08-11,Telegram: MTnews_Deutsch,telegram,10,credited-by-mirror
germany,2026-08-11,Telegram: No_Pasaran2022,telegram,8,credited-by-mirror
germany,2026-08-11,Telegram: koppreport,telegram,7,credited-by-mirror
germany,2026-08-11,Telegram: satellit_de,telegram,6,credited-by-mirror
germany,2026-08-11,Telegram: voelkerderwelt,telegram,21,credited-by-mirror
germany,2026-08-11,de.rt.com,domain,11,credited-by-mirror
germany,2026-08-12,Telegram: CompactMagazin,telegram,1,credited-by-mirror
germany,2026-08-12,Telegram: Folgedemplan,telegram,5,credited-by-mirror
germany,2026-08-12,Telegram: GHZFriedrichMaik,telegram,1,credited-by-mirror
germany,2026-08-12,Telegram: KriegsKorrespondent,telegram,4,credited-by-mirror
germany,2026-08-12,Telegram: MTnews_Deutsch,telegram,1,credited-by-mirror
germany,2026-08-12,Telegram: No_Pasaran2022,telegram,1,credited-by-mirror
germany,2026-08-12,Telegram: satellit_de,telegram,1,credited-by-mirror
greece,2026-08-01,Telegram: ClinkerCM,telegram,12,credited-by-mirror
greece,2026-08-01,Telegram: HellasGlobalNews,telegram,1,credited-by-mirror
greece,2026-08-01,Telegram: OliaOlenkaRuGr,telegram,38,credited-by-mirror
greece,2026-08-01,Telegram: infodefGreece,telegram,10,credited-by-mirror
greece,2026-08-01,Telegram: koinos_nous,telegram,88,credited-by-mirror
greece,2026-08-01,Telegram: leblorikzov,telegram,38,credited-by-mirror
greece,2026-08-01,Telegram: skipaspakis,telegram,9,credited-by-mirror
greece,2026-08-01,Telegram: thersitisnew,telegram,6,credited-by-mirror
greece,2026-08-01,Telegram: zz5MKb_dIoJmN2Vk,telegram,15,credited-by-mirror
greece,2026-08-02,Telegram: ClinkerCM,telegram,10,credited-by-mirror
greece,2026-08-02,Telegram: HellasGlobalNews,telegram,5,credited-by-mirror
greece,2026-08-02,Telegram: OliaOlenkaRuGr,telegram,1,credited-by-mirror
greece,2026-08-02,Telegram: infodefGreece,telegram,9,credited-by-mirror
greece,2026-08-02,Telegram: koinos_nous,telegram,75,credited-by-mirror
greece,2026-08-02,Telegram: leblorikzov,telegram,39,credited-by-mirror
greece,2026-08-02,Telegram: thersitisnew,telegram,5,credited-by-mirror
greece,2026-08-02,Telegram: zz5MKb_dIoJmN2Vk,telegram,9,credited-by-mirror
greece,2026-08-03,Telegram: ClinkerCM,telegram,4,credited-by-mirror
greece,2026-08-03,Telegram: OliaOlenkaRuGr,telegram,32,credited-by-mirror
greece,2026-08-03,Telegram: infodefGreece,telegram,2,credited-by-mirror
greece,2026-08-03,Telegram: koinos_nous,telegram,112,credited-by-mirror
greece,2026-08-03,Telegram: leblorikzov,telegram,42,credited-by-mirror
greece,2026-08-03,Telegram: skipaspakis,telegram,4,credited-by-mirror
greece,2026-08-03,Telegram: zz5MKb_dIoJmN2Vk,telegram,10,credited-by-mirror
greece,2026-08-04,Telegram: ClinkerCM,telegram,3,credited-by-mirror
greece,2026-08-04,Telegram: HellasGlobalNews,telegram,6,credited-by-mirror
greece,2026-08-04,Telegram: OliaOlenkaRuGr,telegram,31,credited-by-mirror
greece,2026-08-04,Telegram: infodefGreece,telegram,11,credited-by-mirror
greece,2026-08-04,Telegram: koinos_nous,telegram,114,credited-by-mirror
greece,2026-08-04,Telegram: leblorikzov,telegram,55,credited-by-mirror
greece,2026-08-04,Telegram: skipaspakis,telegram,16,credited-by-mirror
greece,2026-08-04,Telegram: thersitisnew,telegram,1,credited-by-mirror
greece,2026-08-04,Telegram: zz5MKb_dIoJmN2Vk,telegram,5,credited-by-mirror
greece,2026-08-05,Telegram: ClinkerCM,telegram,6,credited-by-mirror
greece,2026-08-05,Telegram: HellasGlobalNews,telegram,5,credited-by-mirror
greece,2026-08-05,Telegram: OliaOlenkaRuGr,telegram,16,credited-by-mirror
greece,2026-08-05,Telegram: infodefGreece,telegram,5,credited-by-mirror
greece,2026-08-05,Telegram: koinos_nous,telegram,119,credited-by-mirror
greece,2026-08-05,Telegram: leblorikzov,telegram,41,credited-by-mirror
greece,2026-08-05,Telegram: skipaspakis,telegram,5,credited-by-mirror
greece,2026-08-05,Telegram: thersitisnew,telegram,2,credited-by-mirror
greece,2026-08-05,Telegram: zz5MKb_dIoJmN2Vk,telegram,2,credited-by-mirror
greece,2026-08-06,Telegram: ClinkerCM,telegram,2,credited-by-mirror
greece,2026-08-06,Telegram: OliaOlenkaRuGr,telegram,25,credited-by-mirror
greece,2026-08-06,Telegram: infodefGreece,telegram,4,credited-by-mirror
greece,2026-08-06,Telegram: koinos_nous,telegram,108,credited-by-mirror
greece,2026-08-06,Telegram: leblorikzov,telegram,37,credited-by-mirror
greece,2026-08-06,Telegram: skipaspakis,telegram,4,credited-by-mirror
greece,2026-08-06,Telegram: zz5MKb_dIoJmN2Vk,telegram,12,credited-by-mirror
greece,2026-08-07,Telegram: ClinkerCM,telegram,3,credited-by-mirror
greece,2026-08-07,Telegram: HellasGlobalNews,telegram,7,credited-by-mirror
greece,2026-08-07,Telegram: OliaOlenkaRuGr,telegram,14,credited-by-mirror
greece,2026-08-07,Telegram: infodefGreece,telegram,8,credited-by-mirror
greece,2026-08-07,Telegram: koinos_nous,telegram,112,credited-by-mirror
greece,2026-08-07,Telegram: leblorikzov,telegram,40,credited-by-mirror
greece,2026-08-07,Telegram: skipaspakis,telegram,2,credited-by-mirror
greece,2026-08-07,Telegram: zz5MKb_dIoJmN2Vk,telegram,4,credited-by-mirror
greece,2026-08-08,Telegram: ClinkerCM,telegram,10,credited-by-mirror
greece,2026-08-08,Telegram: HellasGlobalNews,telegram,3,credited-by-mirror
greece,2026-08-08,Telegram: OliaOlenkaRuGr,telegram,33,credited-by-mirror
greece,2026-08-08,Telegram: infodefGreece,telegram,8,credited-by-mirror
greece,2026-08-08,Telegram: koinos_nous,telegram,78,credited-by-mirror
greece,2026-08-08,Telegram: leblorikzov,telegram,37,credited-by-mirror
greece,2026-08-08,Telegram: skipaspakis,telegram,4,credited-by-mirror
greece,2026-08-08,Telegram: zz5MKb_dIoJmN2Vk,telegram,10,credited-by-mirror
greece,2026-08-09,Telegram: ClinkerCM,telegram,3,credited-by-mirror
greece,2026-08-09,Telegram: HellasGlobalNews,telegram,14,credited-by-mirror
greece,2026-08-09,Telegram: infodefGreece,telegram,6,credited-by-mirror
greece,2026-08-09,Telegram: koinos_nous,telegram,102,credited-by-mirror
greece,2026-08-09,Telegram: leblorikzov,telegram,48,credited-by-mirror
greece,2026-08-09,Telegram: skipaspakis,telegram,7,credited-by-mirror
greece,2026-08-09,Telegram: zz5MKb_dIoJmN2Vk,telegram,14,credited-by-mirror
greece,2026-08-10,Telegram: ClinkerCM,telegram,2,credited-by-mirror
greece,2026-08-10,Telegram: HellasGlobalNews,telegram,5,credited-by-mirror
greece,2026-08-10,Telegram: OliaOlenkaRuGr,telegram,44,credited-by-mirror
greece,2026-08-10,Telegram: infodefGreece,telegram,5,credited-by-mirror
greece,2026-08-10,Telegram: koinos_nous,telegram,126,credited-by-mirror
greece,2026-08-10,Telegram: leblorikzov,telegram,40,credited-by-mirror
greece,2026-08-10,Telegram: skipaspakis,telegram,1,credited-by-mirror
greece,2026-08-10,Telegram: thersitisnew,telegram,1,credited-by-mirror
greece,2026-08-10,Telegram: zz5MKb_dIoJmN2Vk,telegram,3,credited-by-mirror
greece,2026-08-11,Telegram: ClinkerCM,telegram,6,credited-by-mirror
greece,2026-08-11,Telegram: HellasGlobalNews,telegram,8,credited-by-mirror
greece,2026-08-11,Telegram: OliaOlenkaRuGr,telegram,20,credited-by-mirror
greece,2026-08-11,Telegram: infodefGreece,telegram,15,credited-by-mirror
greece,2026-08-11,Telegram: koinos_nous,telegram,126,credited-by-mirror
greece,2026-08-11,Telegram: leblorikzov,telegram,29,credited-by-mirror
greece,2026-08-11,Telegram: skipaspakis,telegram,12,credited-by-mirror
greece,2026-08-11,Telegram: zz5MKb_dIoJmN2Vk,telegram,9,credited-by-mirror
greece,2026-08-12,Telegram: infodefGreece,telegram,1,credited-by-mirror
greece,2026-08-12,Telegram: koinos_nous,telegram,20,credited-by-mirror
greece,2026-08-12,Telegram: leblorikzov,telegram,5,credited-by-mirror
greece,2026-08-12,Telegram: skipaspakis,telegram,1,credited-by-mirror
guinea,2026-08-01,Telegram: africaninitiative,telegram,1,credited-by-mirror
guinea,2026-08-01,Telegram: rybar_africa,telegram,1,credited-by-mirror
guinea,2026-08-03,Telegram: RTenfrancais,telegram,1,credited-by-mirror
guinea,2026-08-03,Telegram: africaninitiative,telegram,3,credited-by-mirror
guinea,2026-08-03,Telegram: africaninitiativefr,telegram,1,credited-by-mirror
guinea,2026-08-03,Telegram: rybar_africa,telegram,1,credited-by-mirror
guinea,2026-08-03,Telegram: westernafrica,telegram,1,credited-by-mirror
guinea,2026-08-04,Telegram: RTenfrancais,telegram,1,credited-by-mirror
guinea,2026-08-04,Telegram: UNION_LIBERTE_AFRICAINE_TV,telegram,2,credited-by-mirror
guinea,2026-08-04,Telegram: africaninitiativefr,telegram,1,credited-by-mirror
guinea,2026-08-05,Telegram: RTenfrancais,telegram,1,credited-by-mirror
guinea,2026-08-05,Telegram: africaninitiativefr,telegram,1,credited-by-mirror
guinea,2026-08-05,Telegram: ambrusguinee,telegram,1,credited-by-mirror
guinea,2026-08-05,Telegram: rybar_africa,telegram,1,credited-by-mirror
guinea,2026-08-06,Telegram: TASS_monde,telegram,1,credited-by-mirror
guinea,2026-08-06,Telegram: UNION_LIBERTE_AFRICAINE_TV,telegram,1,credited-by-mirror
guinea,2026-08-06,Telegram: africaninitiativefr,telegram,1,credited-by-mirror
guinea,2026-08-06,Telegram: grand_reequilibrage,telegram,2,credited-by-mirror
guinea,2026-08-07,Telegram: RTenfrancais,telegram,2,credited-by-mirror
guinea,2026-08-07,Telegram: africaninitiative,telegram,1,credited-by-mirror
guinea,2026-08-07,Telegram: africaninitiativefr,telegram,1,credited-by-mirror
guinea,2026-08-07,Telegram: grand_reequilibrage,telegram,1,credited-by-mirror
guinea,2026-08-07,Telegram: rybar_africa,telegram,1,credited-by-mirror
guinea,2026-08-08,Telegram: rybar_africa,telegram,1,credited-by-mirror
guinea,2026-08-10,Telegram: africaninitiativefr,telegram,1,credited-by-mirror
guinea,2026-08-10,Telegram: rybar_africa,telegram,1,credited-by-mirror
guinea,2026-08-10,Telegram: westernafrica,telegram,1,credited-by-mirror
guinea,2026-08-11,Telegram: westernafrica,telegram,1,credited-by-mirror
guinea-bissau,2026-08-01,Telegram: africaninitiative,telegram,1,credited-by-mirror
guinea-bissau,2026-08-03,Telegram: AfroPouchkine,telegram,1,credited-by-mirror
guinea-bissau,2026-08-03,Telegram: africaninitiative,telegram,1,credited-by-mirror
guinea-bissau,2026-08-03,Telegram: rybar_africa,telegram,1,credited-by-mirror
guinea-bissau,2026-08-03,Telegram: westernafrica,telegram,1,credited-by-mirror
guinea-bissau,2026-08-04,Telegram: rybar_africa,telegram,1,credited-by-mirror
guinea-bissau,2026-08-05,Telegram: rybar_africa,telegram,1,credited-by-mirror
guinea-bissau,2026-08-07,Telegram: rybar_africa,telegram,1,credited-by-mirror
guinea-bissau,2026-08-07,Telegram: suverensouth,telegram,1,credited-by-mirror
guinea-bissau,2026-08-10,Telegram: rybar_africa,telegram,1,credited-by-mirror
guinea-bissau,2026-08-11,Telegram: rybar_africa,telegram,1,credited-by-mirror
guinea-bissau,2026-08-11,Telegram: westernafrica,telegram,1,credited-by-mirror
hu-hu,2026-08-01,Telegram: InfoDefMagyarok,telegram,7,credited-by-mirror
hu-hu,2026-08-01,Telegram: VilagHelyzeteBlog,telegram,9,credited-by-mirror
hu-hu,2026-08-01,Telegram: ebredes2017,telegram,38,credited-by-mirror
hu-hu,2026-08-01,Telegram: greatawakeningmagyarok,telegram,75,credited-by-mirror
hu-hu,2026-08-01,Telegram: oroszokazigazsagoldalan,telegram,54,credited-by-mirror
hu-hu,2026-08-01,Telegram: oroszspecialiskatonaihadmuvelet,telegram,11,credited-by-mirror
hu-hu,2026-08-02,Telegram: InfoDefMagyarok,telegram,8,credited-by-mirror
hu-hu,2026-08-02,Telegram: Rybar_HU,telegram,1,credited-by-mirror
hu-hu,2026-08-02,Telegram: VilagHelyzeteBlog,telegram,10,credited-by-mirror
hu-hu,2026-08-02,Telegram: ebredes2017,telegram,51,credited-by-mirror
hu-hu,2026-08-02,Telegram: greatawakeningmagyarok,telegram,54,credited-by-mirror
hu-hu,2026-08-02,Telegram: oroszokazigazsagoldalan,telegram,49,credited-by-mirror
hu-hu,2026-08-02,Telegram: oroszspecialiskatonaihadmuvelet,telegram,13,credited-by-mirror
hu-hu,2026-08-03,Telegram: InfoDefMagyarok,telegram,9,credited-by-mirror
hu-hu,2026-08-03,Telegram: VilagHelyzeteBlog,telegram,4,credited-by-mirror
hu-hu,2026-08-03,Telegram: ebredes2017,telegram,41,credited-by-mirror
hu-hu,2026-08-03,Telegram: greatawakeningmagyarok,telegram,73,credited-by-mirror
hu-hu,2026-08-03,Telegram: oroszokazigazsagoldalan,telegram,50,credited-by-mirror
hu-hu,2026-08-03,Telegram: oroszspecialiskatonaihadmuvelet,telegram,9,credited-by-mirror
hu-hu,2026-08-03,hu.news-front.su,domain,12,credited-by-mirror
hu-hu,2026-08-04,Telegram: InfoDefMagyarok,telegram,9,credited-by-mirror
hu-hu,2026-08-04,Telegram: VilagHelyzeteBlog,telegram,8,credited-by-mirror
hu-hu,2026-08-04,Telegram: ebredes2017,telegram,48,credited-by-mirror
hu-hu,2026-08-04,Telegram: greatawakeningmagyarok,telegram,36,credited-by-mirror
hu-hu,2026-08-04,Telegram: oroszokazigazsagoldalan,telegram,35,credited-by-mirror
hu-hu,2026-08-04,Telegram: oroszspecialiskatonaihadmuvelet,telegram,5,credited-by-mirror
hu-hu,2026-08-04,hu.news-front.su,domain,11,credited-by-mirror
hu-hu,2026-08-05,Telegram: InfoDefMagyarok,telegram,7,credited-by-mirror
hu-hu,2026-08-05,Telegram: VilagHelyzeteBlog,telegram,3,credited-by-mirror
hu-hu,2026-08-05,Telegram: ebredes2017,telegram,9,credited-by-mirror
hu-hu,2026-08-05,Telegram: greatawakeningmagyarok,telegram,39,credited-by-mirror
hu-hu,2026-08-05,Telegram: oroszokazigazsagoldalan,telegram,49,credited-by-mirror
hu-hu,2026-08-05,Telegram: oroszspecialiskatonaihadmuvelet,telegram,14,credited-by-mirror
hu-hu,2026-08-05,hu.news-front.su,domain,10,credited-by-mirror
hu-hu,2026-08-06,Telegram: InfoDefMagyarok,telegram,7,credited-by-mirror
hu-hu,2026-08-06,Telegram: Rybar_HU,telegram,3,credited-by-mirror
hu-hu,2026-08-06,Telegram: VilagHelyzeteBlog,telegram,4,credited-by-mirror
hu-hu,2026-08-06,Telegram: ebredes2017,telegram,19,credited-by-mirror
hu-hu,2026-08-06,Telegram: greatawakeningmagyarok,telegram,40,credited-by-mirror
hu-hu,2026-08-06,Telegram: oroszokazigazsagoldalan,telegram,38,credited-by-mirror
hu-hu,2026-08-06,Telegram: oroszspecialiskatonaihadmuvelet,telegram,8,credited-by-mirror
hu-hu,2026-08-06,hu.news-front.su,domain,14,credited-by-mirror
hu-hu,2026-08-07,Telegram: InfoDefMagyarok,telegram,7,credited-by-mirror
hu-hu,2026-08-07,Telegram: Rybar_HU,telegram,9,credited-by-mirror
hu-hu,2026-08-07,Telegram: VilagHelyzeteBlog,telegram,4,credited-by-mirror
hu-hu,2026-08-07,Telegram: ebredes2017,telegram,16,credited-by-mirror
hu-hu,2026-08-07,Telegram: greatawakeningmagyarok,telegram,21,credited-by-mirror
hu-hu,2026-08-07,Telegram: oroszokazigazsagoldalan,telegram,49,credited-by-mirror
hu-hu,2026-08-07,Telegram: oroszspecialiskatonaihadmuvelet,telegram,4,credited-by-mirror
hu-hu,2026-08-07,hu.news-front.su,domain,11,credited-by-mirror
hu-hu,2026-08-08,Telegram: InfoDefMagyarok,telegram,8,credited-by-mirror
hu-hu,2026-08-08,Telegram: Rybar_HU,telegram,5,credited-by-mirror
hu-hu,2026-08-08,Telegram: VilagHelyzeteBlog,telegram,4,credited-by-mirror
hu-hu,2026-08-08,Telegram: ebredes2017,telegram,25,credited-by-mirror
hu-hu,2026-08-08,Telegram: greatawakeningmagyarok,telegram,20,credited-by-mirror
hu-hu,2026-08-08,Telegram: oroszokazigazsagoldalan,telegram,60,credited-by-mirror
hu-hu,2026-08-08,Telegram: oroszspecialiskatonaihadmuvelet,telegram,11,credited-by-mirror
hu-hu,2026-08-09,Telegram: InfoDefMagyarok,telegram,8,credited-by-mirror
hu-hu,2026-08-09,Telegram: Rybar_HU,telegram,4,credited-by-mirror
hu-hu,2026-08-09,Telegram: VilagHelyzeteBlog,telegram,4,credited-by-mirror
hu-hu,2026-08-09,Telegram: ebredes2017,telegram,48,credited-by-mirror
hu-hu,2026-08-09,Telegram: greatawakeningmagyarok,telegram,42,credited-by-mirror
hu-hu,2026-08-09,Telegram: oroszokazigazsagoldalan,telegram,95,credited-by-mirror
hu-hu,2026-08-09,Telegram: oroszspecialiskatonaihadmuvelet,telegram,5,credited-by-mirror
hu-hu,2026-08-10,Telegram: InfoDefMagyarok,telegram,9,credited-by-mirror
hu-hu,2026-08-10,Telegram: VilagHelyzeteBlog,telegram,8,credited-by-mirror
hu-hu,2026-08-10,Telegram: ebredes2017,telegram,56,credited-by-mirror
hu-hu,2026-08-10,Telegram: greatawakeningmagyarok,telegram,16,credited-by-mirror
hu-hu,2026-08-10,Telegram: oroszokazigazsagoldalan,telegram,60,credited-by-mirror
hu-hu,2026-08-10,Telegram: oroszspecialiskatonaihadmuvelet,telegram,4,credited-by-mirror
hu-hu,2026-08-10,hu.news-front.su,domain,12,credited-by-mirror
hu-hu,2026-08-11,Telegram: InfoDefMagyarok,telegram,7,credited-by-mirror
hu-hu,2026-08-11,Telegram: Rybar_HU,telegram,6,credited-by-mirror
hu-hu,2026-08-11,Telegram: VilagHelyzeteBlog,telegram,7,credited-by-mirror
hu-hu,2026-08-11,Telegram: ebredes2017,telegram,44,credited-by-mirror
hu-hu,2026-08-11,Telegram: greatawakeningmagyarok,telegram,24,credited-by-mirror
hu-hu,2026-08-11,Telegram: oroszokazigazsagoldalan,telegram,56,credited-by-mirror
hu-hu,2026-08-11,Telegram: oroszspecialiskatonaihadmuvelet,telegram,10,credited-by-mirror
hu-hu,2026-08-11,hu.news-front.su,domain,12,credited-by-mirror
hu-hu,2026-08-12,Telegram: InfoDefMagyarok,telegram,2,credited-by-mirror
hu-hu,2026-08-12,Telegram: Rybar_HU,telegram,2,credited-by-mirror
hu-hu,2026-08-12,Telegram: oroszokazigazsagoldalan,telegram,14,credited-by-mirror
hu-hu,2026-08-12,Telegram: oroszspecialiskatonaihadmuvelet,telegram,1,credited-by-mirror
hungary,2026-08-01,Telegram: InfoDefMagyarok,telegram,7,credited-by-mirror
hungary,2026-08-01,Telegram: VilagHelyzeteBlog,telegram,10,credited-by-mirror
hungary,2026-08-01,Telegram: ebredes2017,telegram,42,credited-by-mirror
hungary,2026-08-01,Telegram: greatawakeningmagyarok,telegram,84,credited-by-mirror
hungary,2026-08-01,Telegram: oroszokazigazsagoldalan,telegram,55,credited-by-mirror
hungary,2026-08-01,Telegram: oroszspecialiskatonaihadmuvelet,telegram,11,credited-by-mirror
hungary,2026-08-02,Telegram: InfoDefMagyarok,telegram,8,credited-by-mirror
hungary,2026-08-02,Telegram: Rybar_HU,telegram,1,credited-by-mirror
hungary,2026-08-02,Telegram: VilagHelyzeteBlog,telegram,10,credited-by-mirror
hungary,2026-08-02,Telegram: ebredes2017,telegram,51,credited-by-mirror
hungary,2026-08-02,Telegram: greatawakeningmagyarok,telegram,54,credited-by-mirror
hungary,2026-08-02,Telegram: oroszokazigazsagoldalan,telegram,49,credited-by-mirror
hungary,2026-08-02,Telegram: oroszspecialiskatonaihadmuvelet,telegram,13,credited-by-mirror
hungary,2026-08-03,Telegram: InfoDefMagyarok,telegram,9,credited-by-mirror
hungary,2026-08-03,Telegram: VilagHelyzeteBlog,telegram,4,credited-by-mirror
hungary,2026-08-03,Telegram: ebredes2017,telegram,41,credited-by-mirror
hungary,2026-08-03,Telegram: greatawakeningmagyarok,telegram,73,credited-by-mirror
hungary,2026-08-03,Telegram: oroszokazigazsagoldalan,telegram,50,credited-by-mirror
hungary,2026-08-03,Telegram: oroszspecialiskatonaihadmuvelet,telegram,9,credited-by-mirror
hungary,2026-08-03,hu.news-front.su,domain,12,credited-by-mirror
hungary,2026-08-04,Telegram: InfoDefMagyarok,telegram,9,credited-by-mirror
hungary,2026-08-04,Telegram: VilagHelyzeteBlog,telegram,8,credited-by-mirror
hungary,2026-08-04,Telegram: ebredes2017,telegram,48,credited-by-mirror
hungary,2026-08-04,Telegram: greatawakeningmagyarok,telegram,36,credited-by-mirror
hungary,2026-08-04,Telegram: oroszokazigazsagoldalan,telegram,35,credited-by-mirror
hungary,2026-08-04,Telegram: oroszspecialiskatonaihadmuvelet,telegram,5,credited-by-mirror
hungary,2026-08-04,hu.news-front.su,domain,11,credited-by-mirror
hungary,2026-08-05,Telegram: InfoDefMagyarok,telegram,7,credited-by-mirror
hungary,2026-08-05,Telegram: VilagHelyzeteBlog,telegram,3,credited-by-mirror
hungary,2026-08-05,Telegram: ebredes2017,telegram,9,credited-by-mirror
hungary,2026-08-05,Telegram: greatawakeningmagyarok,telegram,40,credited-by-mirror
hungary,2026-08-05,Telegram: oroszokazigazsagoldalan,telegram,49,credited-by-mirror
hungary,2026-08-05,Telegram: oroszspecialiskatonaihadmuvelet,telegram,14,credited-by-mirror
hungary,2026-08-05,hu.news-front.su,domain,10,credited-by-mirror
hungary,2026-08-06,Telegram: InfoDefMagyarok,telegram,7,credited-by-mirror
hungary,2026-08-06,Telegram: Rybar_HU,telegram,3,credited-by-mirror
hungary,2026-08-06,Telegram: VilagHelyzeteBlog,telegram,4,credited-by-mirror
hungary,2026-08-06,Telegram: ebredes2017,telegram,19,credited-by-mirror
hungary,2026-08-06,Telegram: greatawakeningmagyarok,telegram,40,credited-by-mirror
hungary,2026-08-06,Telegram: oroszokazigazsagoldalan,telegram,38,credited-by-mirror
hungary,2026-08-06,Telegram: oroszspecialiskatonaihadmuvelet,telegram,8,credited-by-mirror
hungary,2026-08-06,hu.news-front.su,domain,14,credited-by-mirror
hungary,2026-08-07,Telegram: InfoDefMagyarok,telegram,7,credited-by-mirror
hungary,2026-08-07,Telegram: Rybar_HU,telegram,9,credited-by-mirror
hungary,2026-08-07,Telegram: VilagHelyzeteBlog,telegram,4,credited-by-mirror
hungary,2026-08-07,Telegram: ebredes2017,telegram,16,credited-by-mirror
hungary,2026-08-07,Telegram: greatawakeningmagyarok,telegram,21,credited-by-mirror
hungary,2026-08-07,Telegram: oroszokazigazsagoldalan,telegram,47,credited-by-mirror
hungary,2026-08-07,Telegram: oroszspecialiskatonaihadmuvelet,telegram,4,credited-by-mirror
hungary,2026-08-07,hu.news-front.su,domain,11,credited-by-mirror
hungary,2026-08-08,Telegram: InfoDefMagyarok,telegram,8,credited-by-mirror
hungary,2026-08-08,Telegram: Rybar_HU,telegram,5,credited-by-mirror
hungary,2026-08-08,Telegram: VilagHelyzeteBlog,telegram,4,credited-by-mirror
hungary,2026-08-08,Telegram: ebredes2017,telegram,25,credited-by-mirror
hungary,2026-08-08,Telegram: greatawakeningmagyarok,telegram,20,credited-by-mirror
hungary,2026-08-08,Telegram: oroszokazigazsagoldalan,telegram,60,credited-by-mirror
hungary,2026-08-08,Telegram: oroszspecialiskatonaihadmuvelet,telegram,11,credited-by-mirror
hungary,2026-08-09,Telegram: InfoDefMagyarok,telegram,8,credited-by-mirror
hungary,2026-08-09,Telegram: Rybar_HU,telegram,4,credited-by-mirror
hungary,2026-08-09,Telegram: VilagHelyzeteBlog,telegram,4,credited-by-mirror
hungary,2026-08-09,Telegram: ebredes2017,telegram,48,credited-by-mirror
hungary,2026-08-09,Telegram: greatawakeningmagyarok,telegram,42,credited-by-mirror
hungary,2026-08-09,Telegram: oroszokazigazsagoldalan,telegram,95,credited-by-mirror
hungary,2026-08-09,Telegram: oroszspecialiskatonaihadmuvelet,telegram,5,credited-by-mirror
hungary,2026-08-10,Telegram: InfoDefMagyarok,telegram,9,credited-by-mirror
hungary,2026-08-10,Telegram: VilagHelyzeteBlog,telegram,8,credited-by-mirror
hungary,2026-08-10,Telegram: ebredes2017,telegram,56,credited-by-mirror
hungary,2026-08-10,Telegram: greatawakeningmagyarok,telegram,16,credited-by-mirror
hungary,2026-08-10,Telegram: oroszokazigazsagoldalan,telegram,60,credited-by-mirror
hungary,2026-08-10,Telegram: oroszspecialiskatonaihadmuvelet,telegram,4,credited-by-mirror
hungary,2026-08-10,hu.news-front.su,domain,12,credited-by-mirror
hungary,2026-08-11,Telegram: InfoDefMagyarok,telegram,7,credited-by-mirror
hungary,2026-08-11,Telegram: Rybar_HU,telegram,6,credited-by-mirror
hungary,2026-08-11,Telegram: VilagHelyzeteBlog,telegram,7,credited-by-mirror
hungary,2026-08-11,Telegram: ebredes2017,telegram,44,credited-by-mirror
hungary,2026-08-11,Telegram: greatawakeningmagyarok,telegram,24,credited-by-mirror
hungary,2026-08-11,Telegram: oroszokazigazsagoldalan,telegram,56,credited-by-mirror
hungary,2026-08-11,Telegram: oroszspecialiskatonaihadmuvelet,telegram,10,credited-by-mirror
hungary,2026-08-11,hu.news-front.su,domain,12,credited-by-mirror
hungary,2026-08-12,Telegram: InfoDefMagyarok,telegram,2,credited-by-mirror
hungary,2026-08-12,Telegram: Rybar_HU,telegram,2,credited-by-mirror
hungary,2026-08-12,Telegram: oroszokazigazsagoldalan,telegram,14,credited-by-mirror
hungary,2026-08-12,Telegram: oroszspecialiskatonaihadmuvelet,telegram,1,credited-by-mirror
iceland,2026-08-07,Telegram: dimsmirnov175,telegram,1,credited-by-mirror
iceland,2026-08-07,Telegram: infantmilitario,telegram,1,credited-by-mirror
iceland,2026-08-11,Telegram: infantmilitario,telegram,1,credited-by-mirror
iceland,2026-08-11,Telegram: lomovkaa,telegram,1,credited-by-mirror
ireland,2026-08-02,Telegram: irishmaninrussia,telegram,15,credited-by-mirror
ireland,2026-08-03,Telegram: irishmaninrussia,telegram,19,credited-by-mirror
ireland,2026-08-04,Telegram: irishmaninrussia,telegram,22,credited-by-mirror
ireland,2026-08-05,Telegram: irishmaninrussia,telegram,11,credited-by-mirror
ireland,2026-08-07,Telegram: irishmaninrussia,telegram,4,credited-by-mirror
ireland,2026-08-08,Telegram: irishmaninrussia,telegram,3,credited-by-mirror
ireland,2026-08-09,Telegram: irishmaninrussia,telegram,10,credited-by-mirror
ireland,2026-08-10,Telegram: irishmaninrussia,telegram,12,credited-by-mirror
ireland,2026-08-11,Telegram: irishmaninrussia,telegram,10,credited-by-mirror
irish,2026-08-02,Telegram: irishmaninrussia,telegram,15,credited-by-mirror
irish,2026-08-03,Telegram: irishmaninrussia,telegram,19,credited-by-mirror
irish,2026-08-04,Telegram: irishmaninrussia,telegram,22,credited-by-mirror
irish,2026-08-05,Telegram: irishmaninrussia,telegram,11,credited-by-mirror
irish,2026-08-07,Telegram: irishmaninrussia,telegram,4,credited-by-mirror
irish,2026-08-08,Telegram: irishmaninrussia,telegram,3,credited-by-mirror
irish,2026-08-09,Telegram: irishmaninrussia,telegram,10,credited-by-mirror
irish,2026-08-10,Telegram: irishmaninrussia,telegram,13,credited-by-mirror
irish,2026-08-11,Telegram: irishmaninrussia,telegram,10,credited-by-mirror
italy,2026-08-01,Telegram: WarRealTime,telegram,4,credited-by-mirror
italy,2026-08-01,Telegram: giuseppemasala,telegram,38,credited-by-mirror
italy,2026-08-01,Telegram: infodefITALY,telegram,11,credited-by-mirror
italy,2026-08-01,Telegram: russiaedintorni,telegram,19,credited-by-mirror
italy,2026-08-01,Telegram: sadefenza,telegram,10,credited-by-mirror
italy,2026-08-01,Telegram: sakeritalianotizie,telegram,35,credited-by-mirror
italy,2026-08-01,Telegram: surf_noise_ita,telegram,5,credited-by-mirror
italy,2026-08-01,Telegram: wardigitalnews,telegram,32,credited-by-mirror
italy,2026-08-01,it.topwar.ru,domain,27,credited-by-mirror
italy,2026-08-02,Telegram: WarRealTime,telegram,8,credited-by-mirror
italy,2026-08-02,Telegram: giuseppemasala,telegram,48,credited-by-mirror
italy,2026-08-02,Telegram: infodefITALY,telegram,10,credited-by-mirror
italy,2026-08-02,Telegram: russiaedintorni,telegram,20,credited-by-mirror
italy,2026-08-02,Telegram: sadefenza,telegram,6,credited-by-mirror
italy,2026-08-02,Telegram: sakeritalianotizie,telegram,31,credited-by-mirror
italy,2026-08-02,Telegram: ukr_leaks_italia,telegram,8,credited-by-mirror
italy,2026-08-02,Telegram: wardigitalnews,telegram,29,credited-by-mirror
italy,2026-08-02,it.topwar.ru,domain,20,credited-by-mirror
italy,2026-08-03,Telegram: WarRealTime,telegram,11,credited-by-mirror
italy,2026-08-03,Telegram: giuseppemasala,telegram,80,credited-by-mirror
italy,2026-08-03,Telegram: infodefITALY,telegram,6,credited-by-mirror
italy,2026-08-03,Telegram: russiaedintorni,telegram,14,credited-by-mirror
italy,2026-08-03,Telegram: sadefenza,telegram,7,credited-by-mirror
italy,2026-08-03,Telegram: sakeritalianotizie,telegram,32,credited-by-mirror
italy,2026-08-03,Telegram: surf_noise_ita,telegram,3,credited-by-mirror
italy,2026-08-03,Telegram: ukr_leaks_italia,telegram,4,credited-by-mirror
italy,2026-08-03,Telegram: wardigitalnews,telegram,26,credited-by-mirror
italy,2026-08-03,it.topwar.ru,domain,28,credited-by-mirror
italy,2026-08-04,Telegram: WarRealTime,telegram,9,credited-by-mirror
italy,2026-08-04,Telegram: giuseppemasala,telegram,58,credited-by-mirror
italy,2026-08-04,Telegram: infodefITALY,telegram,6,credited-by-mirror
italy,2026-08-04,Telegram: russiaedintorni,telegram,13,credited-by-mirror
italy,2026-08-04,Telegram: sadefenza,telegram,4,credited-by-mirror
italy,2026-08-04,Telegram: sakeritalianotizie,telegram,29,credited-by-mirror
italy,2026-08-04,Telegram: surf_noise_ita,telegram,4,credited-by-mirror
italy,2026-08-04,Telegram: ukr_leaks_italia,telegram,6,credited-by-mirror
italy,2026-08-04,Telegram: wardigitalnews,telegram,30,credited-by-mirror
italy,2026-08-04,it.topwar.ru,domain,33,credited-by-mirror
italy,2026-08-05,Telegram: WarRealTime,telegram,9,credited-by-mirror
italy,2026-08-05,Telegram: giuseppemasala,telegram,65,credited-by-mirror
italy,2026-08-05,Telegram: infodefITALY,telegram,7,credited-by-mirror
italy,2026-08-05,Telegram: russiaedintorni,telegram,13,credited-by-mirror
italy,2026-08-05,Telegram: sadefenza,telegram,6,credited-by-mirror
italy,2026-08-05,Telegram: sakeritalianotizie,telegram,30,credited-by-mirror
italy,2026-08-05,Telegram: ukr_leaks_italia,telegram,3,credited-by-mirror
italy,2026-08-05,Telegram: wardigitalnews,telegram,28,credited-by-mirror
italy,2026-08-05,it.topwar.ru,domain,42,credited-by-mirror
italy,2026-08-06,Telegram: WarRealTime,telegram,10,credited-by-mirror
italy,2026-08-06,Telegram: giuseppemasala,telegram,80,credited-by-mirror
italy,2026-08-06,Telegram: infodefITALY,telegram,10,credited-by-mirror
italy,2026-08-06,Telegram: russiaedintorni,telegram,17,credited-by-mirror
italy,2026-08-06,Telegram: sadefenza,telegram,6,credited-by-mirror
italy,2026-08-06,Telegram: sakeritalianotizie,telegram,34,credited-by-mirror
italy,2026-08-06,Telegram: surf_noise_ita,telegram,2,credited-by-mirror
italy,2026-08-06,Telegram: wardigitalnews,telegram,27,credited-by-mirror
italy,2026-08-06,it.topwar.ru,domain,31,credited-by-mirror
italy,2026-08-07,Telegram: WarRealTime,telegram,10,credited-by-mirror
italy,2026-08-07,Telegram: giuseppemasala,telegram,65,credited-by-mirror
italy,2026-08-07,Telegram: infodefITALY,telegram,6,credited-by-mirror
italy,2026-08-07,Telegram: russiaedintorni,telegram,15,credited-by-mirror
italy,2026-08-07,Telegram: sadefenza,telegram,9,credited-by-mirror
italy,2026-08-07,Telegram: sakeritalianotizie,telegram,30,credited-by-mirror
italy,2026-08-07,Telegram: surf_noise_ita,telegram,1,credited-by-mirror
italy,2026-08-07,Telegram: ukr_leaks_italia,telegram,10,credited-by-mirror
italy,2026-08-07,Telegram: wardigitalnews,telegram,21,credited-by-mirror
italy,2026-08-07,it.topwar.ru,domain,38,credited-by-mirror
italy,2026-08-08,Telegram: WarRealTime,telegram,14,credited-by-mirror
italy,2026-08-08,Telegram: giuseppemasala,telegram,48,credited-by-mirror
italy,2026-08-08,Telegram: infodefITALY,telegram,9,credited-by-mirror
italy,2026-08-08,Telegram: russiaedintorni,telegram,19,credited-by-mirror
italy,2026-08-08,Telegram: sadefenza,telegram,8,credited-by-mirror
italy,2026-08-08,Telegram: sakeritalianotizie,telegram,41,credited-by-mirror
italy,2026-08-08,Telegram: surf_noise_ita,telegram,2,credited-by-mirror
italy,2026-08-08,Telegram: ukr_leaks_italia,telegram,1,credited-by-mirror
italy,2026-08-08,Telegram: wardigitalnews,telegram,29,credited-by-mirror
italy,2026-08-08,it.topwar.ru,domain,29,credited-by-mirror
italy,2026-08-09,Telegram: WarRealTime,telegram,11,credited-by-mirror
italy,2026-08-09,Telegram: giuseppemasala,telegram,67,credited-by-mirror
italy,2026-08-09,Telegram: infodefITALY,telegram,7,credited-by-mirror
italy,2026-08-09,Telegram: russiaedintorni,telegram,22,credited-by-mirror
italy,2026-08-09,Telegram: sadefenza,telegram,10,credited-by-mirror
italy,2026-08-09,Telegram: sakeritalianotizie,telegram,36,credited-by-mirror
italy,2026-08-09,Telegram: surf_noise_ita,telegram,1,credited-by-mirror
italy,2026-08-09,Telegram: ukr_leaks_italia,telegram,8,credited-by-mirror
italy,2026-08-09,Telegram: wardigitalnews,telegram,31,credited-by-mirror
italy,2026-08-09,it.topwar.ru,domain,23,credited-by-mirror
italy,2026-08-10,Telegram: WarRealTime,telegram,14,credited-by-mirror
italy,2026-08-10,Telegram: giuseppemasala,telegram,75,credited-by-mirror
italy,2026-08-10,Telegram: infodefITALY,telegram,11,credited-by-mirror
italy,2026-08-10,Telegram: russiaedintorni,telegram,21,credited-by-mirror
italy,2026-08-10,Telegram: sadefenza,telegram,9,credited-by-mirror
italy,2026-08-10,Telegram: sakeritalianotizie,telegram,24,credited-by-mirror
italy,2026-08-10,Telegram: surf_noise_ita,telegram,8,credited-by-mirror
italy,2026-08-10,Telegram: ukr_leaks_italia,telegram,4,credited-by-mirror
italy,2026-08-10,Telegram: wardigitalnews,telegram,28,credited-by-mirror
italy,2026-08-10,it.topwar.ru,domain,29,credited-by-mirror
italy,2026-08-11,Telegram: WarRealTime,telegram,14,credited-by-mirror
italy,2026-08-11,Telegram: giuseppemasala,telegram,67,credited-by-mirror
italy,2026-08-11,Telegram: infodefITALY,telegram,10,credited-by-mirror
italy,2026-08-11,Telegram: russiaedintorni,telegram,23,credited-by-mirror
italy,2026-08-11,Telegram: sadefenza,telegram,2,credited-by-mirror
italy,2026-08-11,Telegram: sakeritalianotizie,telegram,36,credited-by-mirror
italy,2026-08-11,Telegram: surf_noise_ita,telegram,6,credited-by-mirror
italy,2026-08-11,Telegram: ukr_leaks_italia,telegram,2,credited-by-mirror
italy,2026-08-11,Telegram: wardigitalnews,telegram,30,credited-by-mirror
italy,2026-08-11,it.topwar.ru,domain,39,credited-by-mirror
italy,2026-08-12,Telegram: WarRealTime,telegram,2,credited-by-mirror
italy,2026-08-12,Telegram: giuseppemasala,telegram,9,credited-by-mirror
italy,2026-08-12,Telegram: russiaedintorni,telegram,4,credited-by-mirror
italy,2026-08-12,Telegram: sadefenza,telegram,2,credited-by-mirror
italy,2026-08-12,Telegram: wardigitalnews,telegram,4,credited-by-mirror
italy,2026-08-12,it.topwar.ru,domain,12,credited-by-mirror
ja-jp,2026-08-01,Telegram: infodefensejpn,telegram,2,credited-by-mirror
ja-jp,2026-08-01,Telegram: rusembjp,telegram,1,credited-by-mirror
ja-jp,2026-08-01,ja.topwar.ru,domain,43,credited-by-mirror
ja-jp,2026-08-02,Telegram: infodefensejpn,telegram,8,credited-by-mirror
ja-jp,2026-08-02,ja.topwar.ru,domain,27,credited-by-mirror
ja-jp,2026-08-03,Telegram: infodefensejpn,telegram,11,credited-by-mirror
ja-jp,2026-08-03,ja.topwar.ru,domain,49,credited-by-mirror
ja-jp,2026-08-04,Telegram: infodefensejpn,telegram,4,credited-by-mirror
ja-jp,2026-08-04,ja.topwar.ru,domain,54,credited-by-mirror
ja-jp,2026-08-05,Telegram: infodefensejpn,telegram,5,credited-by-mirror
ja-jp,2026-08-05,Telegram: rusembjp,telegram,1,credited-by-mirror
ja-jp,2026-08-05,ja.topwar.ru,domain,54,credited-by-mirror
ja-jp,2026-08-06,Telegram: infodefensejpn,telegram,3,credited-by-mirror
ja-jp,2026-08-06,Telegram: rusembjp,telegram,1,credited-by-mirror
ja-jp,2026-08-06,ja.topwar.ru,domain,45,credited-by-mirror
ja-jp,2026-08-07,ja.topwar.ru,domain,42,credited-by-mirror
ja-jp,2026-08-08,Telegram: infodefensejpn,telegram,7,credited-by-mirror
ja-jp,2026-08-08,Telegram: rusembjp,telegram,1,credited-by-mirror
ja-jp,2026-08-08,ja.topwar.ru,domain,37,credited-by-mirror
ja-jp,2026-08-09,Telegram: infodefensejpn,telegram,3,credited-by-mirror
ja-jp,2026-08-09,ja.topwar.ru,domain,34,credited-by-mirror
ja-jp,2026-08-09,sputniknews.jp,domain,3,credited-by-mirror
ja-jp,2026-08-10,ja.topwar.ru,domain,47,credited-by-mirror
ja-jp,2026-08-10,sputniknews.jp,domain,5,credited-by-mirror
ja-jp,2026-08-11,Telegram: rusembjp,telegram,1,credited-by-mirror
ja-jp,2026-08-11,ja.topwar.ru,domain,59,credited-by-mirror
ja-jp,2026-08-12,Telegram: rusembjp,telegram,1,credited-by-mirror
ja-jp,2026-08-12,ja.topwar.ru,domain,14,credited-by-mirror
japan,2026-08-01,Telegram: infodefensejpn,telegram,2,credited-by-mirror
japan,2026-08-01,Telegram: rusembjp,telegram,1,credited-by-mirror
japan,2026-08-01,ja.topwar.ru,domain,43,credited-by-mirror
japan,2026-08-02,Telegram: infodefensejpn,telegram,8,credited-by-mirror
japan,2026-08-02,ja.topwar.ru,domain,27,credited-by-mirror
japan,2026-08-03,Telegram: infodefensejpn,telegram,11,credited-by-mirror
japan,2026-08-03,ja.topwar.ru,domain,49,credited-by-mirror
japan,2026-08-04,Telegram: infodefensejpn,telegram,4,credited-by-mirror
japan,2026-08-04,ja.topwar.ru,domain,54,credited-by-mirror
japan,2026-08-05,Telegram: infodefensejpn,telegram,5,credited-by-mirror
japan,2026-08-05,Telegram: rusembjp,telegram,1,credited-by-mirror
japan,2026-08-05,ja.topwar.ru,domain,55,credited-by-mirror
japan,2026-08-06,Telegram: infodefensejpn,telegram,3,credited-by-mirror
japan,2026-08-06,Telegram: rusembjp,telegram,1,credited-by-mirror
japan,2026-08-06,ja.topwar.ru,domain,48,credited-by-mirror
japan,2026-08-07,ja.topwar.ru,domain,42,credited-by-mirror
japan,2026-08-08,Telegram: infodefensejpn,telegram,7,credited-by-mirror
japan,2026-08-08,Telegram: rusembjp,telegram,1,credited-by-mirror
japan,2026-08-08,ja.topwar.ru,domain,37,credited-by-mirror
japan,2026-08-09,Telegram: infodefensejpn,telegram,3,credited-by-mirror
japan,2026-08-09,ja.topwar.ru,domain,34,credited-by-mirror
japan,2026-08-09,sputniknews.jp,domain,3,credited-by-mirror
japan,2026-08-10,ja.topwar.ru,domain,47,credited-by-mirror
japan,2026-08-10,sputniknews.jp,domain,5,credited-by-mirror
japan,2026-08-11,Telegram: rusembjp,telegram,1,credited-by-mirror
japan,2026-08-11,ja.topwar.ru,domain,59,credited-by-mirror
japan,2026-08-12,Telegram: rusembjp,telegram,1,credited-by-mirror
japan,2026-08-12,ja.topwar.ru,domain,14,credited-by-mirror
korea,2026-08-01,Telegram: news_of_nutcracker,telegram,1,credited-by-mirror
korea,2026-08-01,Telegram: nucdprk,telegram,3,credited-by-mirror
korea,2026-08-01,ko.topwar.ru,domain,38,credited-by-mirror
korea,2026-08-02,Telegram: news_of_nutcracker,telegram,5,credited-by-mirror
korea,2026-08-02,Telegram: nucdprk,telegram,4,credited-by-mirror
korea,2026-08-02,ko.topwar.ru,domain,28,credited-by-mirror
korea,2026-08-03,Telegram: newstapa,telegram,1,credited-by-mirror
korea,2026-08-03,Telegram: nucdprk,telegram,6,credited-by-mirror
korea,2026-08-03,ko.topwar.ru,domain,44,credited-by-mirror
korea,2026-08-04,Telegram: newstapa,telegram,4,credited-by-mirror
korea,2026-08-04,Telegram: nucdprk,telegram,2,credited-by-mirror
korea,2026-08-04,ko.topwar.ru,domain,51,credited-by-mirror
korea,2026-08-05,Telegram: news_of_nutcracker,telegram,2,credited-by-mirror
korea,2026-08-05,Telegram: newstapa,telegram,2,credited-by-mirror
korea,2026-08-05,Telegram: nucdprk,telegram,7,credited-by-mirror
korea,2026-08-05,ko.topwar.ru,domain,49,credited-by-mirror
korea,2026-08-06,Telegram: newstapa,telegram,2,credited-by-mirror
korea,2026-08-06,Telegram: nucdprk,telegram,9,credited-by-mirror
korea,2026-08-06,ko.topwar.ru,domain,46,credited-by-mirror
korea,2026-08-07,Telegram: newstapa,telegram,3,credited-by-mirror
korea,2026-08-07,Telegram: nucdprk,telegram,1,credited-by-mirror
korea,2026-08-07,ko.topwar.ru,domain,42,credited-by-mirror
korea,2026-08-08,Telegram: nucdprk,telegram,2,credited-by-mirror
korea,2026-08-08,ko.topwar.ru,domain,36,credited-by-mirror
korea,2026-08-09,ko.topwar.ru,domain,33,credited-by-mirror
korea,2026-08-10,Telegram: newstapa,telegram,1,credited-by-mirror
korea,2026-08-10,Telegram: nucdprk,telegram,6,credited-by-mirror
korea,2026-08-10,ko.topwar.ru,domain,42,credited-by-mirror
korea,2026-08-11,Telegram: newstapa,telegram,1,credited-by-mirror
korea,2026-08-11,Telegram: nucdprk,telegram,3,credited-by-mirror
korea,2026-08-11,ko.topwar.ru,domain,51,credited-by-mirror
korea,2026-08-12,Telegram: newstapa,telegram,1,credited-by-mirror
korea,2026-08-12,ko.topwar.ru,domain,13,credited-by-mirror
latvia,2026-08-01,Telegram: InfodefenseLVA,telegram,8,credited-by-mirror
latvia,2026-08-01,Telegram: LaimesLaacis,telegram,7,credited-by-mirror
latvia,2026-08-01,Telegram: antifalivland,telegram,2,credited-by-mirror
latvia,2026-08-01,Telegram: sputniklive,telegram,1,credited-by-mirror
latvia,2026-08-01,Telegram: tenipribaltiki,telegram,3,credited-by-mirror
latvia,2026-08-02,Telegram: InfodefenseLVA,telegram,7,credited-by-mirror
latvia,2026-08-02,Telegram: LaimesLaacis,telegram,8,credited-by-mirror
latvia,2026-08-02,Telegram: antifalivland,telegram,5,credited-by-mirror
latvia,2026-08-02,Telegram: baltnews,telegram,6,credited-by-mirror
latvia,2026-08-02,Telegram: pretcheck,telegram,1,credited-by-mirror
latvia,2026-08-02,Telegram: sputniklive,telegram,1,credited-by-mirror
latvia,2026-08-02,Telegram: tenipribaltiki,telegram,6,credited-by-mirror
latvia,2026-08-03,MAX lv_sputniknews_ru,max,33,credited-by-mirror
latvia,2026-08-03,Telegram: InfodefenseLVA,telegram,6,credited-by-mirror
latvia,2026-08-03,Telegram: LaimesLaacis,telegram,11,credited-by-mirror
latvia,2026-08-03,Telegram: antifalivland,telegram,5,credited-by-mirror
latvia,2026-08-03,Telegram: baltnews,telegram,9,credited-by-mirror
latvia,2026-08-03,Telegram: pretcheck,telegram,3,credited-by-mirror
latvia,2026-08-03,Telegram: sputniklive,telegram,2,credited-by-mirror
latvia,2026-08-03,Telegram: tenipribaltiki,telegram,6,credited-by-mirror
latvia,2026-08-04,MAX lv_sputniknews_ru,max,22,credited-by-mirror
latvia,2026-08-04,Telegram: InfodefenseLVA,telegram,4,credited-by-mirror
latvia,2026-08-04,Telegram: LaimesLaacis,telegram,10,credited-by-mirror
latvia,2026-08-04,Telegram: antifalivland,telegram,2,credited-by-mirror
latvia,2026-08-04,Telegram: baltnews,telegram,7,credited-by-mirror
latvia,2026-08-04,Telegram: pretcheck,telegram,2,credited-by-mirror
latvia,2026-08-04,Telegram: sputniklive,telegram,2,credited-by-mirror
latvia,2026-08-04,Telegram: tenipribaltiki,telegram,4,credited-by-mirror
latvia,2026-08-05,MAX lv_sputniknews_ru,max,32,credited-by-mirror
latvia,2026-08-05,Telegram: InfodefenseLVA,telegram,7,credited-by-mirror
latvia,2026-08-05,Telegram: LaimesLaacis,telegram,10,credited-by-mirror
latvia,2026-08-05,Telegram: antifalivland,telegram,1,credited-by-mirror
latvia,2026-08-05,Telegram: baltnews,telegram,5,credited-by-mirror
latvia,2026-08-05,Telegram: pretcheck,telegram,3,credited-by-mirror
latvia,2026-08-05,Telegram: tenipribaltiki,telegram,3,credited-by-mirror
latvia,2026-08-06,MAX lv_sputniknews_ru,max,30,credited-by-mirror
latvia,2026-08-06,Telegram: InfodefenseLVA,telegram,6,credited-by-mirror
latvia,2026-08-06,Telegram: LaimesLaacis,telegram,8,credited-by-mirror
latvia,2026-08-06,Telegram: baltnews,telegram,8,credited-by-mirror
latvia,2026-08-06,Telegram: pretcheck,telegram,1,credited-by-mirror
latvia,2026-08-06,Telegram: tenipribaltiki,telegram,3,credited-by-mirror
latvia,2026-08-07,MAX lv_sputniknews_ru,max,27,credited-by-mirror
latvia,2026-08-07,Telegram: InfodefenseLVA,telegram,4,credited-by-mirror
latvia,2026-08-07,Telegram: LaimesLaacis,telegram,10,credited-by-mirror
latvia,2026-08-07,Telegram: antifalivland,telegram,3,credited-by-mirror
latvia,2026-08-07,Telegram: baltnews,telegram,3,credited-by-mirror
latvia,2026-08-07,Telegram: pretcheck,telegram,1,credited-by-mirror
latvia,2026-08-07,Telegram: sputniklive,telegram,1,credited-by-mirror
latvia,2026-08-07,Telegram: tenipribaltiki,telegram,4,credited-by-mirror
latvia,2026-08-08,Telegram: InfodefenseLVA,telegram,3,credited-by-mirror
latvia,2026-08-08,Telegram: LaimesLaacis,telegram,5,credited-by-mirror
latvia,2026-08-08,Telegram: pretcheck,telegram,1,credited-by-mirror
latvia,2026-08-08,Telegram: tenipribaltiki,telegram,4,credited-by-mirror
latvia,2026-08-09,Telegram: InfodefenseLVA,telegram,5,credited-by-mirror
latvia,2026-08-09,Telegram: LaimesLaacis,telegram,8,credited-by-mirror
latvia,2026-08-09,Telegram: antifalivland,telegram,2,credited-by-mirror
latvia,2026-08-09,Telegram: baltnews,telegram,2,credited-by-mirror
latvia,2026-08-09,Telegram: tenipribaltiki,telegram,2,credited-by-mirror
latvia,2026-08-10,MAX lv_sputniknews_ru,max,40,credited-by-mirror
latvia,2026-08-10,Telegram: InfodefenseLVA,telegram,3,credited-by-mirror
latvia,2026-08-10,Telegram: LaimesLaacis,telegram,10,credited-by-mirror
latvia,2026-08-10,Telegram: antifalivland,telegram,4,credited-by-mirror
latvia,2026-08-10,Telegram: baltnews,telegram,7,credited-by-mirror
latvia,2026-08-10,Telegram: sputniklive,telegram,2,credited-by-mirror
latvia,2026-08-10,Telegram: tenipribaltiki,telegram,5,credited-by-mirror
latvia,2026-08-11,MAX lv_sputniknews_ru,max,30,credited-by-mirror
latvia,2026-08-11,Telegram: InfodefenseLVA,telegram,6,credited-by-mirror
latvia,2026-08-11,Telegram: LaimesLaacis,telegram,10,credited-by-mirror
latvia,2026-08-11,Telegram: antifalivland,telegram,2,credited-by-mirror
latvia,2026-08-11,Telegram: baltnews,telegram,4,credited-by-mirror
latvia,2026-08-11,Telegram: pretcheck,telegram,1,credited-by-mirror
latvia,2026-08-11,Telegram: tenipribaltiki,telegram,5,credited-by-mirror
latvia,2026-08-12,MAX lv_sputniknews_ru,max,1,credited-by-mirror
latvia,2026-08-12,Telegram: InfodefenseLVA,telegram,2,credited-by-mirror
latvia,2026-08-12,Telegram: LaimesLaacis,telegram,2,credited-by-mirror
latvia,2026-08-12,Telegram: antifalivland,telegram,1,credited-by-mirror
latvia,2026-08-12,Telegram: baltnews,telegram,1,credited-by-mirror
latvia,2026-08-12,Telegram: sputniklive,telegram,1,credited-by-mirror
latvia,2026-08-12,Telegram: tenipribaltiki,telegram,1,credited-by-mirror
lithuania,2026-08-01,Telegram: sputniknews_lt,telegram,11,credited-by-mirror
lithuania,2026-08-01,Telegram: tenipribaltiki,telegram,2,credited-by-mirror
lithuania,2026-08-01,Telegram: vardantosLietuvos,telegram,6,credited-by-mirror
lithuania,2026-08-02,Telegram: baltnews,telegram,4,credited-by-mirror
lithuania,2026-08-02,Telegram: sputniknews_lt,telegram,10,credited-by-mirror
lithuania,2026-08-02,Telegram: tenipribaltiki,telegram,2,credited-by-mirror
lithuania,2026-08-02,Telegram: vardantosLietuvos,telegram,5,credited-by-mirror
lithuania,2026-08-03,Telegram: baltnews,telegram,4,credited-by-mirror
lithuania,2026-08-03,Telegram: sputniklive,telegram,2,credited-by-mirror
lithuania,2026-08-03,Telegram: sputniknews_lt,telegram,10,credited-by-mirror
lithuania,2026-08-03,Telegram: tenipribaltiki,telegram,5,credited-by-mirror
lithuania,2026-08-03,Telegram: vardantosLietuvos,telegram,5,credited-by-mirror
lithuania,2026-08-04,Telegram: InfoDefenseLIT,telegram,1,credited-by-mirror
lithuania,2026-08-04,Telegram: baltnews,telegram,4,credited-by-mirror
lithuania,2026-08-04,Telegram: sputniklive,telegram,3,credited-by-mirror
lithuania,2026-08-04,Telegram: sputniknews_lt,telegram,13,credited-by-mirror
lithuania,2026-08-04,Telegram: tenipribaltiki,telegram,3,credited-by-mirror
lithuania,2026-08-04,Telegram: vardantosLietuvos,telegram,5,credited-by-mirror
lithuania,2026-08-05,Telegram: baltnews,telegram,6,credited-by-mirror
lithuania,2026-08-05,Telegram: sputniknews_lt,telegram,9,credited-by-mirror
lithuania,2026-08-05,Telegram: tenipribaltiki,telegram,5,credited-by-mirror
lithuania,2026-08-05,Telegram: vardantosLietuvos,telegram,5,credited-by-mirror
lithuania,2026-08-06,Telegram: InfoDefenseLIT,telegram,2,credited-by-mirror
lithuania,2026-08-06,Telegram: baltnews,telegram,5,credited-by-mirror
lithuania,2026-08-06,Telegram: sputniklive,telegram,2,credited-by-mirror
lithuania,2026-08-06,Telegram: sputniknews_lt,telegram,14,credited-by-mirror
lithuania,2026-08-06,Telegram: tenipribaltiki,telegram,2,credited-by-mirror
lithuania,2026-08-06,Telegram: vardantosLietuvos,telegram,5,credited-by-mirror
lithuania,2026-08-07,Telegram: InfoDefenseLIT,telegram,1,credited-by-mirror
lithuania,2026-08-07,Telegram: baltnews,telegram,5,credited-by-mirror
lithuania,2026-08-07,Telegram: sputniklive,telegram,1,credited-by-mirror
lithuania,2026-08-07,Telegram: sputniknews_lt,telegram,10,credited-by-mirror
lithuania,2026-08-07,Telegram: tenipribaltiki,telegram,3,credited-by-mirror
lithuania,2026-08-07,Telegram: vardantosLietuvos,telegram,3,credited-by-mirror
lithuania,2026-08-08,Telegram: InfoDefenseLIT,telegram,3,credited-by-mirror
lithuania,2026-08-08,Telegram: sputniknews_lt,telegram,9,credited-by-mirror
lithuania,2026-08-08,Telegram: tenipribaltiki,telegram,5,credited-by-mirror
lithuania,2026-08-08,Telegram: vardantosLietuvos,telegram,4,credited-by-mirror
lithuania,2026-08-09,Telegram: baltnews,telegram,3,credited-by-mirror
lithuania,2026-08-09,Telegram: sputniklive,telegram,1,credited-by-mirror
lithuania,2026-08-09,Telegram: sputniknews_lt,telegram,12,credited-by-mirror
lithuania,2026-08-09,Telegram: tenipribaltiki,telegram,4,credited-by-mirror
lithuania,2026-08-09,Telegram: vardantosLietuvos,telegram,6,credited-by-mirror
lithuania,2026-08-10,Telegram: InfoDefenseLIT,telegram,1,credited-by-mirror
lithuania,2026-08-10,Telegram: baltnews,telegram,10,credited-by-mirror
lithuania,2026-08-10,Telegram: sputniklive,telegram,2,credited-by-mirror
lithuania,2026-08-10,Telegram: sputniknews_lt,telegram,10,credited-by-mirror
lithuania,2026-08-10,Telegram: tenipribaltiki,telegram,5,credited-by-mirror
lithuania,2026-08-10,Telegram: vardantosLietuvos,telegram,6,credited-by-mirror
lithuania,2026-08-11,Telegram: InfoDefenseLIT,telegram,1,credited-by-mirror
lithuania,2026-08-11,Telegram: baltnews,telegram,8,credited-by-mirror
lithuania,2026-08-11,Telegram: sputniklive,telegram,3,credited-by-mirror
lithuania,2026-08-11,Telegram: sputniknews_lt,telegram,12,credited-by-mirror
lithuania,2026-08-11,Telegram: tenipribaltiki,telegram,4,credited-by-mirror
lithuania,2026-08-11,Telegram: vardantosLietuvos,telegram,5,credited-by-mirror
lithuania,2026-08-12,Telegram: baltnews,telegram,1,credited-by-mirror
lithuania,2026-08-12,Telegram: sputniknews_lt,telegram,2,credited-by-mirror
lithuania,2026-08-12,Telegram: tenipribaltiki,telegram,1,credited-by-mirror
lithuania,2026-08-12,Telegram: vardantosLietuvos,telegram,1,credited-by-mirror
lt,2026-08-01,Telegram: sputniknews_lt,telegram,10,credited-by-mirror
lt,2026-08-01,Telegram: tenipribaltiki,telegram,2,credited-by-mirror
lt,2026-08-01,Telegram: vardantosLietuvos,telegram,6,credited-by-mirror
lt,2026-08-02,Telegram: baltnews,telegram,4,credited-by-mirror
lt,2026-08-02,Telegram: sputniknews_lt,telegram,10,credited-by-mirror
lt,2026-08-02,Telegram: tenipribaltiki,telegram,2,credited-by-mirror
lt,2026-08-02,Telegram: vardantosLietuvos,telegram,5,credited-by-mirror
lt,2026-08-03,Telegram: baltnews,telegram,3,credited-by-mirror
lt,2026-08-03,Telegram: sputniklive,telegram,2,credited-by-mirror
lt,2026-08-03,Telegram: sputniknews_lt,telegram,9,credited-by-mirror
lt,2026-08-03,Telegram: tenipribaltiki,telegram,5,credited-by-mirror
lt,2026-08-03,Telegram: vardantosLietuvos,telegram,4,credited-by-mirror
lt,2026-08-04,Telegram: baltnews,telegram,4,credited-by-mirror
lt,2026-08-04,Telegram: sputniklive,telegram,3,credited-by-mirror
lt,2026-08-04,Telegram: sputniknews_lt,telegram,13,credited-by-mirror
lt,2026-08-04,Telegram: tenipribaltiki,telegram,3,credited-by-mirror
lt,2026-08-04,Telegram: vardantosLietuvos,telegram,5,credited-by-mirror
lt,2026-08-05,Telegram: baltnews,telegram,5,credited-by-mirror
lt,2026-08-05,Telegram: sputniknews_lt,telegram,9,credited-by-mirror
lt,2026-08-05,Telegram: tenipribaltiki,telegram,5,credited-by-mirror
lt,2026-08-05,Telegram: vardantosLietuvos,telegram,5,credited-by-mirror
lt,2026-08-06,Telegram: InfoDefenseLIT,telegram,2,credited-by-mirror
lt,2026-08-06,Telegram: baltnews,telegram,5,credited-by-mirror
lt,2026-08-06,Telegram: sputniklive,telegram,2,credited-by-mirror
lt,2026-08-06,Telegram: sputniknews_lt,telegram,14,credited-by-mirror
lt,2026-08-06,Telegram: tenipribaltiki,telegram,2,credited-by-mirror
lt,2026-08-06,Telegram: vardantosLietuvos,telegram,5,credited-by-mirror
lt,2026-08-07,Telegram: InfoDefenseLIT,telegram,1,credited-by-mirror
lt,2026-08-07,Telegram: baltnews,telegram,4,credited-by-mirror
lt,2026-08-07,Telegram: sputniklive,telegram,1,credited-by-mirror
lt,2026-08-07,Telegram: sputniknews_lt,telegram,10,credited-by-mirror
lt,2026-08-07,Telegram: tenipribaltiki,telegram,3,credited-by-mirror
lt,2026-08-07,Telegram: vardantosLietuvos,telegram,3,credited-by-mirror
lt,2026-08-08,Telegram: InfoDefenseLIT,telegram,3,credited-by-mirror
lt,2026-08-08,Telegram: sputniknews_lt,telegram,9,credited-by-mirror
lt,2026-08-08,Telegram: tenipribaltiki,telegram,5,credited-by-mirror
lt,2026-08-08,Telegram: vardantosLietuvos,telegram,4,credited-by-mirror
lt,2026-08-09,Telegram: baltnews,telegram,3,credited-by-mirror
lt,2026-08-09,Telegram: sputniklive,telegram,1,credited-by-mirror
lt,2026-08-09,Telegram: sputniknews_lt,telegram,12,credited-by-mirror
lt,2026-08-09,Telegram: tenipribaltiki,telegram,4,credited-by-mirror
lt,2026-08-09,Telegram: vardantosLietuvos,telegram,5,credited-by-mirror
lt,2026-08-10,Telegram: InfoDefenseLIT,telegram,1,credited-by-mirror
lt,2026-08-10,Telegram: baltnews,telegram,10,credited-by-mirror
lt,2026-08-10,Telegram: sputniklive,telegram,2,credited-by-mirror
lt,2026-08-10,Telegram: sputniknews_lt,telegram,8,credited-by-mirror
lt,2026-08-10,Telegram: tenipribaltiki,telegram,5,credited-by-mirror
lt,2026-08-10,Telegram: vardantosLietuvos,telegram,6,credited-by-mirror
lt,2026-08-11,Telegram: InfoDefenseLIT,telegram,1,credited-by-mirror
lt,2026-08-11,Telegram: baltnews,telegram,8,credited-by-mirror
lt,2026-08-11,Telegram: sputniklive,telegram,3,credited-by-mirror
lt,2026-08-11,Telegram: sputniknews_lt,telegram,12,credited-by-mirror
lt,2026-08-11,Telegram: tenipribaltiki,telegram,4,credited-by-mirror
lt,2026-08-11,Telegram: vardantosLietuvos,telegram,5,credited-by-mirror
lt,2026-08-12,Telegram: baltnews,telegram,1,credited-by-mirror
lt,2026-08-12,Telegram: sputniknews_lt,telegram,2,credited-by-mirror
lt,2026-08-12,Telegram: tenipribaltiki,telegram,1,credited-by-mirror
lt,2026-08-12,Telegram: vardantosLietuvos,telegram,1,credited-by-mirror
luxembourg,2026-08-04,Telegram: ostashkonews,telegram,1,credited-by-mirror
luxembourg,2026-08-05,Telegram: ukr_2025_ru,telegram,1,credited-by-mirror
mali,2026-08-01,Telegram: InfosAes,telegram,1,credited-by-mirror
mali,2026-08-01,Telegram: UNION_LIBERTE_AFRICAINE_TV,telegram,1,credited-by-mirror
mali,2026-08-01,Telegram: africaninitiativefr,telegram,1,credited-by-mirror
mali,2026-08-01,Telegram: sputnik_afrique,telegram,2,credited-by-mirror
mali,2026-08-02,Telegram: InfosAes,telegram,2,credited-by-mirror
mali,2026-08-02,Telegram: UNION_LIBERTE_AFRICAINE_TV,telegram,2,credited-by-mirror
mali,2026-08-02,afrinz.ru,domain,1,credited-by-mirror
mali,2026-08-03,Telegram: InfosAes,telegram,3,credited-by-mirror
mali,2026-08-03,Telegram: RTenfrancais,telegram,2,credited-by-mirror
mali,2026-08-03,Telegram: UNION_LIBERTE_AFRICAINE_TV,telegram,3,credited-by-mirror
mali,2026-08-03,Telegram: africaninitiative,telegram,1,credited-by-mirror
mali,2026-08-03,Telegram: africaninitiativefr,telegram,1,credited-by-mirror
mali,2026-08-03,Telegram: grand_reequilibrage,telegram,1,credited-by-mirror
mali,2026-08-03,Telegram: westernafrica,telegram,3,credited-by-mirror
mali,2026-08-04,Telegram: InfosAes,telegram,2,credited-by-mirror
mali,2026-08-04,Telegram: UNION_LIBERTE_AFRICAINE_TV,telegram,4,credited-by-mirror
mali,2026-08-04,Telegram: sputnik_afrique,telegram,1,credited-by-mirror
mali,2026-08-05,Telegram: InfosAes,telegram,2,credited-by-mirror
mali,2026-08-05,Telegram: UNION_LIBERTE_AFRICAINE_TV,telegram,4,credited-by-mirror
mali,2026-08-05,Telegram: africaninitiativefr,telegram,1,credited-by-mirror
mali,2026-08-05,Telegram: sputnik_afrique,telegram,1,credited-by-mirror
mali,2026-08-05,Telegram: westernafrica,telegram,1,credited-by-mirror
mali,2026-08-06,Telegram: InfosAes,telegram,4,credited-by-mirror
mali,2026-08-06,Telegram: RTenfrancais,telegram,2,credited-by-mirror
mali,2026-08-06,Telegram: UNION_LIBERTE_AFRICAINE_TV,telegram,6,credited-by-mirror
mali,2026-08-06,Telegram: africaninitiativefr,telegram,2,credited-by-mirror
mali,2026-08-06,Telegram: grand_reequilibrage,telegram,1,credited-by-mirror
mali,2026-08-06,Telegram: westernafrica,telegram,1,credited-by-mirror
mali,2026-08-07,Telegram: InfosAes,telegram,1,credited-by-mirror
mali,2026-08-07,Telegram: RTenfrancais,telegram,1,credited-by-mirror
mali,2026-08-07,Telegram: UNION_LIBERTE_AFRICAINE_TV,telegram,1,credited-by-mirror
mali,2026-08-07,Telegram: africaninitiative,telegram,1,credited-by-mirror
mali,2026-08-07,Telegram: sputnik_afrique,telegram,1,credited-by-mirror
mali,2026-08-07,Telegram: westernafrica,telegram,1,credited-by-mirror
mali,2026-08-07,afrinz.ru,domain,1,credited-by-mirror
mali,2026-08-08,Telegram: InfosAes,telegram,3,credited-by-mirror
mali,2026-08-08,Telegram: RTenfrancais,telegram,4,credited-by-mirror
mali,2026-08-08,Telegram: UNION_LIBERTE_AFRICAINE_TV,telegram,4,credited-by-mirror
mali,2026-08-08,Telegram: africaninitiative,telegram,2,credited-by-mirror
mali,2026-08-08,Telegram: grand_reequilibrage,telegram,3,credited-by-mirror
mali,2026-08-08,Telegram: westernafrica,telegram,1,credited-by-mirror
mali,2026-08-09,Telegram: RTenfrancais,telegram,3,credited-by-mirror
mali,2026-08-09,Telegram: UNION_LIBERTE_AFRICAINE_TV,telegram,2,credited-by-mirror
mali,2026-08-09,Telegram: africaninitiative,telegram,2,credited-by-mirror
mali,2026-08-09,Telegram: africaninitiativefr,telegram,1,credited-by-mirror
mali,2026-08-09,Telegram: grand_reequilibrage,telegram,1,credited-by-mirror
mali,2026-08-10,Telegram: InfosAes,telegram,2,credited-by-mirror
mali,2026-08-10,Telegram: RTenfrancais,telegram,1,credited-by-mirror
mali,2026-08-10,Telegram: UNION_LIBERTE_AFRICAINE_TV,telegram,4,credited-by-mirror
mali,2026-08-10,Telegram: africaninitiative,telegram,4,credited-by-mirror
mali,2026-08-10,Telegram: africaninitiativefr,telegram,4,credited-by-mirror
mali,2026-08-10,Telegram: grand_reequilibrage,telegram,2,credited-by-mirror
mali,2026-08-10,Telegram: sputnik_afrique,telegram,2,credited-by-mirror
mali,2026-08-10,Telegram: westernafrica,telegram,2,credited-by-mirror
mali,2026-08-10,afrinz.ru,domain,2,credited-by-mirror
mali,2026-08-11,Telegram: InfosAes,telegram,5,credited-by-mirror
mali,2026-08-11,Telegram: africaninitiativefr,telegram,1,credited-by-mirror
mali,2026-08-11,Telegram: westernafrica,telegram,2,credited-by-mirror
mali,2026-08-11,afrinz.ru,domain,3,credited-by-mirror
malta,2026-08-02,Telegram: InfodefSpectrum,telegram,1,credited-by-mirror
malta,2026-08-06,Telegram: vestiru24,telegram,1,credited-by-mirror
malta,2026-08-11,Telegram: dimsmirnov175,telegram,1,credited-by-mirror
maori,2026-08-03,Telegram: rbc_sport,telegram,1,credited-by-mirror
maori,2026-08-04,Telegram: lomovkaa,telegram,2,credited-by-mirror
maori,2026-08-05,Telegram: lomovkaa,telegram,1,credited-by-mirror
maori,2026-08-05,Telegram: rbc_sport,telegram,1,credited-by-mirror
maori,2026-08-06,Telegram: izvestia,telegram,1,credited-by-mirror
maori,2026-08-06,Telegram: rybar_pacific,telegram,1,credited-by-mirror
maori,2026-08-08,Telegram: lomovkaa,telegram,1,credited-by-mirror
mauritania,2026-08-06,Telegram: westernafrica,telegram,1,credited-by-mirror
mauritania,2026-08-07,sarabic.ae,domain,1,credited-by-mirror
mauritania,2026-08-09,Telegram: westernafrica,telegram,1,credited-by-mirror
mauritania,2026-08-09,arabic.rt.com,domain,1,credited-by-mirror
md,2026-08-01,Telegram: md_krot,telegram,5,credited-by-mirror
md,2026-08-01,Telegram: mdsputnikmd,telegram,18,credited-by-mirror
md,2026-08-01,Telegram: rusputnikmd,telegram,26,credited-by-mirror
md,2026-08-01,Telegram: trech_kich,telegram,5,credited-by-mirror
md,2026-08-01,Telegram: ultimaoramd,telegram,5,credited-by-mirror
md,2026-08-01,md.sputniknews.com,domain,8,credited-by-mirror
md,2026-08-02,Telegram: md_krot,telegram,4,credited-by-mirror
md,2026-08-02,Telegram: mdsputnikmd,telegram,23,credited-by-mirror
md,2026-08-02,Telegram: rusputnikmd,telegram,19,credited-by-mirror
md,2026-08-02,Telegram: trech_kich,telegram,3,credited-by-mirror
md,2026-08-02,Telegram: ultimaoramd,telegram,5,credited-by-mirror
md,2026-08-02,md.sputniknews.com,domain,9,credited-by-mirror
md,2026-08-03,Telegram: md_krot,telegram,5,credited-by-mirror
md,2026-08-03,Telegram: mdsputnikmd,telegram,30,credited-by-mirror
md,2026-08-03,Telegram: rusputnikmd,telegram,46,credited-by-mirror
md,2026-08-03,Telegram: trech_kich,telegram,6,credited-by-mirror
md,2026-08-03,Telegram: ultimaoramd,telegram,12,credited-by-mirror
md,2026-08-03,md.sputniknews.com,domain,9,credited-by-mirror
md,2026-08-04,Telegram: md_krot,telegram,3,credited-by-mirror
md,2026-08-04,Telegram: mdsputnikmd,telegram,34,credited-by-mirror
md,2026-08-04,Telegram: rusputnikmd,telegram,46,credited-by-mirror
md,2026-08-04,Telegram: trech_kich,telegram,4,credited-by-mirror
md,2026-08-04,Telegram: ultimaoramd,telegram,9,credited-by-mirror
md,2026-08-04,md.sputniknews.com,domain,8,credited-by-mirror
md,2026-08-05,Telegram: md_krot,telegram,3,credited-by-mirror
md,2026-08-05,Telegram: mdsputnikmd,telegram,24,credited-by-mirror
md,2026-08-05,Telegram: rusputnikmd,telegram,45,credited-by-mirror
md,2026-08-05,Telegram: trech_kich,telegram,1,credited-by-mirror
md,2026-08-05,Telegram: ultimaoramd,telegram,7,credited-by-mirror
md,2026-08-05,md.sputniknews.com,domain,9,credited-by-mirror
md,2026-08-06,Telegram: md_krot,telegram,4,credited-by-mirror
md,2026-08-06,Telegram: mdsputnikmd,telegram,21,credited-by-mirror
md,2026-08-06,Telegram: rusputnikmd,telegram,46,credited-by-mirror
md,2026-08-06,Telegram: trech_kich,telegram,1,credited-by-mirror
md,2026-08-06,Telegram: ultimaoramd,telegram,8,credited-by-mirror
md,2026-08-06,md.sputniknews.com,domain,8,credited-by-mirror
md,2026-08-07,Telegram: md_krot,telegram,2,credited-by-mirror
md,2026-08-07,Telegram: mdsputnikmd,telegram,18,credited-by-mirror
md,2026-08-07,Telegram: rusputnikmd,telegram,33,credited-by-mirror
md,2026-08-07,Telegram: trech_kich,telegram,1,credited-by-mirror
md,2026-08-07,Telegram: ultimaoramd,telegram,10,credited-by-mirror
md,2026-08-07,md.sputniknews.com,domain,8,credited-by-mirror
md,2026-08-08,Telegram: md_krot,telegram,5,credited-by-mirror
md,2026-08-08,Telegram: mdsputnikmd,telegram,20,credited-by-mirror
md,2026-08-08,Telegram: rusputnikmd,telegram,25,credited-by-mirror
md,2026-08-08,Telegram: ultimaoramd,telegram,3,credited-by-mirror
md,2026-08-08,md.sputniknews.com,domain,9,credited-by-mirror
md,2026-08-09,Telegram: md_krot,telegram,5,credited-by-mirror
md,2026-08-09,Telegram: mdsputnikmd,telegram,17,credited-by-mirror
md,2026-08-09,Telegram: rusputnikmd,telegram,23,credited-by-mirror
md,2026-08-09,Telegram: trech_kich,telegram,3,credited-by-mirror
md,2026-08-09,Telegram: ultimaoramd,telegram,4,credited-by-mirror
md,2026-08-09,md.sputniknews.com,domain,9,credited-by-mirror
md,2026-08-10,Telegram: md_krot,telegram,5,credited-by-mirror
md,2026-08-10,Telegram: mdsputnikmd,telegram,36,credited-by-mirror
md,2026-08-10,Telegram: rusputnikmd,telegram,44,credited-by-mirror
md,2026-08-10,Telegram: trech_kich,telegram,4,credited-by-mirror
md,2026-08-10,Telegram: ultimaoramd,telegram,10,credited-by-mirror
md,2026-08-10,md.sputniknews.com,domain,8,credited-by-mirror
md,2026-08-11,Telegram: md_krot,telegram,5,credited-by-mirror
md,2026-08-11,Telegram: mdsputnikmd,telegram,37,credited-by-mirror
md,2026-08-11,Telegram: rusputnikmd,telegram,34,credited-by-mirror
md,2026-08-11,Telegram: trech_kich,telegram,2,credited-by-mirror
md,2026-08-11,Telegram: ultimaoramd,telegram,8,credited-by-mirror
md,2026-08-11,md.sputniknews.com,domain,9,credited-by-mirror
md,2026-08-12,Telegram: mdsputnikmd,telegram,9,credited-by-mirror
md,2026-08-12,Telegram: rusputnikmd,telegram,7,credited-by-mirror
md,2026-08-12,Telegram: ultimaoramd,telegram,1,credited-by-mirror
md,2026-08-12,md.sputniknews.com,domain,2,credited-by-mirror
moldova,2026-08-01,Telegram: md_krot,telegram,4,credited-by-mirror
moldova,2026-08-01,Telegram: mdsputnikmd,telegram,18,credited-by-mirror
moldova,2026-08-01,Telegram: rusputnikmd,telegram,26,credited-by-mirror
moldova,2026-08-01,Telegram: trech_kich,telegram,4,credited-by-mirror
moldova,2026-08-01,Telegram: ultimaoramd,telegram,5,credited-by-mirror
moldova,2026-08-01,md.sputniknews.com,domain,8,credited-by-mirror
moldova,2026-08-02,Telegram: md_krot,telegram,5,credited-by-mirror
moldova,2026-08-02,Telegram: mdsputnikmd,telegram,23,credited-by-mirror
moldova,2026-08-02,Telegram: rusputnikmd,telegram,20,credited-by-mirror
moldova,2026-08-02,Telegram: trech_kich,telegram,3,credited-by-mirror
moldova,2026-08-02,Telegram: ultimaoramd,telegram,5,credited-by-mirror
moldova,2026-08-02,md.sputniknews.com,domain,9,credited-by-mirror
moldova,2026-08-03,Telegram: md_krot,telegram,5,credited-by-mirror
moldova,2026-08-03,Telegram: mdsputnikmd,telegram,30,credited-by-mirror
moldova,2026-08-03,Telegram: rusputnikmd,telegram,47,credited-by-mirror
moldova,2026-08-03,Telegram: trech_kich,telegram,7,credited-by-mirror
moldova,2026-08-03,Telegram: ultimaoramd,telegram,13,credited-by-mirror
moldova,2026-08-03,md.sputniknews.com,domain,8,credited-by-mirror
moldova,2026-08-04,Telegram: md_krot,telegram,4,credited-by-mirror
moldova,2026-08-04,Telegram: mdsputnikmd,telegram,35,credited-by-mirror
moldova,2026-08-04,Telegram: rusputnikmd,telegram,52,credited-by-mirror
moldova,2026-08-04,Telegram: trech_kich,telegram,4,credited-by-mirror
moldova,2026-08-04,Telegram: ultimaoramd,telegram,11,credited-by-mirror
moldova,2026-08-04,md.sputniknews.com,domain,8,credited-by-mirror
moldova,2026-08-05,Telegram: md_krot,telegram,3,credited-by-mirror
moldova,2026-08-05,Telegram: mdsputnikmd,telegram,22,credited-by-mirror
moldova,2026-08-05,Telegram: rusputnikmd,telegram,45,credited-by-mirror
moldova,2026-08-05,Telegram: trech_kich,telegram,1,credited-by-mirror
moldova,2026-08-05,Telegram: ultimaoramd,telegram,7,credited-by-mirror
moldova,2026-08-05,md.sputniknews.com,domain,9,credited-by-mirror
moldova,2026-08-06,Telegram: md_krot,telegram,4,credited-by-mirror
moldova,2026-08-06,Telegram: mdsputnikmd,telegram,20,credited-by-mirror
moldova,2026-08-06,Telegram: rusputnikmd,telegram,45,credited-by-mirror
moldova,2026-08-06,Telegram: trech_kich,telegram,2,credited-by-mirror
moldova,2026-08-06,Telegram: ultimaoramd,telegram,7,credited-by-mirror
moldova,2026-08-06,md.sputniknews.com,domain,8,credited-by-mirror
moldova,2026-08-07,Telegram: md_krot,telegram,3,credited-by-mirror
moldova,2026-08-07,Telegram: mdsputnikmd,telegram,20,credited-by-mirror
moldova,2026-08-07,Telegram: rusputnikmd,telegram,37,credited-by-mirror
moldova,2026-08-07,Telegram: trech_kich,telegram,1,credited-by-mirror
moldova,2026-08-07,Telegram: ultimaoramd,telegram,9,credited-by-mirror
moldova,2026-08-07,md.sputniknews.com,domain,9,credited-by-mirror
moldova,2026-08-08,Telegram: md_krot,telegram,5,credited-by-mirror
moldova,2026-08-08,Telegram: mdsputnikmd,telegram,20,credited-by-mirror
moldova,2026-08-08,Telegram: rusputnikmd,telegram,25,credited-by-mirror
moldova,2026-08-08,Telegram: ultimaoramd,telegram,2,credited-by-mirror
moldova,2026-08-08,md.sputniknews.com,domain,9,credited-by-mirror
moldova,2026-08-09,Telegram: md_krot,telegram,5,credited-by-mirror
moldova,2026-08-09,Telegram: mdsputnikmd,telegram,17,credited-by-mirror
moldova,2026-08-09,Telegram: rusputnikmd,telegram,24,credited-by-mirror
moldova,2026-08-09,Telegram: trech_kich,telegram,3,credited-by-mirror
moldova,2026-08-09,Telegram: ultimaoramd,telegram,4,credited-by-mirror
moldova,2026-08-09,md.sputniknews.com,domain,9,credited-by-mirror
moldova,2026-08-10,Telegram: md_krot,telegram,5,credited-by-mirror
moldova,2026-08-10,Telegram: mdsputnikmd,telegram,39,credited-by-mirror
moldova,2026-08-10,Telegram: rusputnikmd,telegram,46,credited-by-mirror
moldova,2026-08-10,Telegram: trech_kich,telegram,4,credited-by-mirror
moldova,2026-08-10,Telegram: ultimaoramd,telegram,10,credited-by-mirror
moldova,2026-08-10,md.sputniknews.com,domain,8,credited-by-mirror
moldova,2026-08-11,Telegram: md_krot,telegram,4,credited-by-mirror
moldova,2026-08-11,Telegram: mdsputnikmd,telegram,39,credited-by-mirror
moldova,2026-08-11,Telegram: rusputnikmd,telegram,37,credited-by-mirror
moldova,2026-08-11,Telegram: trech_kich,telegram,2,credited-by-mirror
moldova,2026-08-11,Telegram: ultimaoramd,telegram,9,credited-by-mirror
moldova,2026-08-11,md.sputniknews.com,domain,11,credited-by-mirror
moldova,2026-08-12,Telegram: mdsputnikmd,telegram,9,credited-by-mirror
moldova,2026-08-12,Telegram: rusputnikmd,telegram,7,credited-by-mirror
moldova,2026-08-12,Telegram: ultimaoramd,telegram,1,credited-by-mirror
moldova,2026-08-12,md.sputniknews.com,domain,2,credited-by-mirror
montenegro,2026-08-01,Telegram: mntimes,telegram,3,credited-by-mirror
montenegro,2026-08-03,Telegram: balkanar,telegram,3,credited-by-mirror
montenegro,2026-08-03,Telegram: mntimes,telegram,10,credited-by-mirror
montenegro,2026-08-03,Telegram: sputniksrbija,telegram,2,credited-by-mirror
montenegro,2026-08-04,Telegram: RepublikaSrpska22,telegram,1,credited-by-mirror
montenegro,2026-08-04,Telegram: mntimes,telegram,9,credited-by-mirror
montenegro,2026-08-04,Telegram: sputniksrbija,telegram,3,credited-by-mirror
montenegro,2026-08-05,Telegram: balkanar,telegram,4,credited-by-mirror
montenegro,2026-08-05,Telegram: mntimes,telegram,12,credited-by-mirror
montenegro,2026-08-06,Telegram: istocni_front,telegram,2,credited-by-mirror
montenegro,2026-08-06,Telegram: mntimes,telegram,7,credited-by-mirror
montenegro,2026-08-07,Telegram: ambasadarusije,telegram,1,credited-by-mirror
montenegro,2026-08-07,Telegram: balkanar,telegram,1,credited-by-mirror
montenegro,2026-08-07,Telegram: istocni_front,telegram,2,credited-by-mirror
montenegro,2026-08-07,Telegram: mntimes,telegram,2,credited-by-mirror
montenegro,2026-08-08,Telegram: mntimes,telegram,5,credited-by-mirror
montenegro,2026-08-09,Telegram: mntimes,telegram,1,credited-by-mirror
montenegro,2026-08-10,Telegram: mntimes,telegram,11,credited-by-mirror
montenegro,2026-08-11,Telegram: balkanar,telegram,2,credited-by-mirror
montenegro,2026-08-11,Telegram: mntimes,telegram,9,credited-by-mirror
montenegro,2026-08-12,Telegram: mntimes,telegram,1,credited-by-mirror
nato,2026-08-01,Telegram: Slavyangrad,telegram,1,credited-by-mirror
nato,2026-08-01,Telegram: SolovievLive,telegram,1,credited-by-mirror
nato,2026-08-01,Telegram: llordofwar,telegram,3,credited-by-mirror
nato,2026-08-01,Telegram: lomovkaa,telegram,2,credited-by-mirror
nato,2026-08-01,en.topwar.ru,domain,2,credited-by-mirror
nato,2026-08-01,swentr.site,domain,3,credited-by-mirror
nato,2026-08-02,Telegram: Slavyangrad,telegram,1,credited-by-mirror
nato,2026-08-02,Telegram: llordofwar,telegram,3,credited-by-mirror
nato,2026-08-02,Telegram: lomovkaa,telegram,1,credited-by-mirror
nato,2026-08-02,Telegram: ostashkonews,telegram,1,credited-by-mirror
nato,2026-08-02,swentr.site,domain,1,credited-by-mirror
nato,2026-08-03,Telegram: Slavyangrad,telegram,2,credited-by-mirror
nato,2026-08-03,Telegram: SolovievLive,telegram,3,credited-by-mirror
nato,2026-08-03,Telegram: llordofwar,telegram,7,credited-by-mirror
nato,2026-08-03,Telegram: lomovkaa,telegram,1,credited-by-mirror
nato,2026-08-03,Telegram: ostashkonews,telegram,2,credited-by-mirror
nato,2026-08-03,en.topwar.ru,domain,3,credited-by-mirror
nato,2026-08-03,swentr.site,domain,2,credited-by-mirror
nato,2026-08-03,tass.com,domain,3,credited-by-mirror
nato,2026-08-04,Telegram: Slavyangrad,telegram,2,credited-by-mirror
nato,2026-08-04,Telegram: SolovievLive,telegram,1,credited-by-mirror
nato,2026-08-04,Telegram: llordofwar,telegram,2,credited-by-mirror
nato,2026-08-04,Telegram: lomovkaa,telegram,3,credited-by-mirror
nato,2026-08-04,Telegram: ostashkonews,telegram,1,credited-by-mirror
nato,2026-08-04,en.topwar.ru,domain,3,credited-by-mirror
nato,2026-08-04,swentr.site,domain,3,credited-by-mirror
nato,2026-08-04,tass.com,domain,1,credited-by-mirror
nato,2026-08-05,Telegram: Slavyangrad,telegram,1,credited-by-mirror
nato,2026-08-05,Telegram: llordofwar,telegram,4,credited-by-mirror
nato,2026-08-05,en.topwar.ru,domain,5,credited-by-mirror
nato,2026-08-05,swentr.site,domain,6,credited-by-mirror
nato,2026-08-05,tass.com,domain,2,credited-by-mirror
nato,2026-08-06,Telegram: SolovievLive,telegram,1,credited-by-mirror
nato,2026-08-06,Telegram: llordofwar,telegram,3,credited-by-mirror
nato,2026-08-06,Telegram: ostashkonews,telegram,1,credited-by-mirror
nato,2026-08-06,en.topwar.ru,domain,4,credited-by-mirror
nato,2026-08-06,swentr.site,domain,3,credited-by-mirror
nato,2026-08-06,tass.com,domain,3,credited-by-mirror
nato,2026-08-07,Telegram: Slavyangrad,telegram,3,credited-by-mirror
nato,2026-08-07,Telegram: SolovievLive,telegram,1,credited-by-mirror
nato,2026-08-07,Telegram: llordofwar,telegram,2,credited-by-mirror
nato,2026-08-07,Telegram: lomovkaa,telegram,2,credited-by-mirror
nato,2026-08-07,Telegram: ostashkonews,telegram,5,credited-by-mirror
nato,2026-08-07,en.topwar.ru,domain,2,credited-by-mirror
nato,2026-08-07,swentr.site,domain,2,credited-by-mirror
nato,2026-08-07,tass.com,domain,4,credited-by-mirror
nato,2026-08-08,Telegram: Slavyangrad,telegram,1,credited-by-mirror
nato,2026-08-08,Telegram: llordofwar,telegram,1,credited-by-mirror
nato,2026-08-08,en.topwar.ru,domain,7,credited-by-mirror
nato,2026-08-08,swentr.site,domain,3,credited-by-mirror
nato,2026-08-09,Telegram: Slavyangrad,telegram,2,credited-by-mirror
nato,2026-08-09,Telegram: SolovievLive,telegram,1,credited-by-mirror
nato,2026-08-09,Telegram: llordofwar,telegram,4,credited-by-mirror
nato,2026-08-09,en.topwar.ru,domain,1,credited-by-mirror
nato,2026-08-09,swentr.site,domain,2,credited-by-mirror
nato,2026-08-09,tass.com,domain,1,credited-by-mirror
nato,2026-08-10,Telegram: SolovievLive,telegram,1,credited-by-mirror
nato,2026-08-10,Telegram: llordofwar,telegram,2,credited-by-mirror
nato,2026-08-10,Telegram: lomovkaa,telegram,1,credited-by-mirror
nato,2026-08-10,en.topwar.ru,domain,3,credited-by-mirror
nato,2026-08-10,swentr.site,domain,4,credited-by-mirror
nato,2026-08-10,tass.com,domain,1,credited-by-mirror
nato,2026-08-11,Telegram: SolovievLive,telegram,1,credited-by-mirror
nato,2026-08-11,Telegram: llordofwar,telegram,4,credited-by-mirror
nato,2026-08-11,Telegram: lomovkaa,telegram,1,credited-by-mirror
nato,2026-08-11,Telegram: ostashkonews,telegram,1,credited-by-mirror
nato,2026-08-11,en.topwar.ru,domain,7,credited-by-mirror
nato,2026-08-11,swentr.site,domain,2,credited-by-mirror
nato,2026-08-11,tass.com,domain,1,credited-by-mirror
nato,2026-08-12,swentr.site,domain,1,credited-by-mirror
netherlands,2026-08-02,Telegram: FVDNL,telegram,1,credited-by-mirror
netherlands,2026-08-02,Telegram: ukrainenownetherlands,telegram,1,credited-by-mirror
netherlands,2026-08-03,Telegram: FVDNL,telegram,1,credited-by-mirror
netherlands,2026-08-03,Telegram: ukrainenownetherlands,telegram,1,credited-by-mirror
netherlands,2026-08-04,Telegram: ukrainenownetherlands,telegram,3,credited-by-mirror
netherlands,2026-08-05,Telegram: kornilov1968,telegram,1,credited-by-mirror
netherlands,2026-08-05,Telegram: ukrainenownetherlands,telegram,1,credited-by-mirror
netherlands,2026-08-06,Telegram: Mariba2puntnul,telegram,1,credited-by-mirror
netherlands,2026-08-06,Telegram: kornilov1968,telegram,1,credited-by-mirror
netherlands,2026-08-06,Telegram: lomovkaa,telegram,1,credited-by-mirror
netherlands,2026-08-07,Telegram: Mariba2puntnul,telegram,1,credited-by-mirror
netherlands,2026-08-07,Telegram: lomovkaa,telegram,1,credited-by-mirror
netherlands,2026-08-07,Telegram: ukrainenownetherlands,telegram,3,credited-by-mirror
netherlands,2026-08-08,Telegram: ukrainenownetherlands,telegram,2,credited-by-mirror
netherlands,2026-08-09,Telegram: Mariba2puntnul,telegram,1,credited-by-mirror
netherlands,2026-08-09,Telegram: lomovkaa,telegram,1,credited-by-mirror
netherlands,2026-08-09,Telegram: ukrainenownetherlands,telegram,4,credited-by-mirror
netherlands,2026-08-10,Telegram: FVDNL,telegram,1,credited-by-mirror
netherlands,2026-08-10,Telegram: Mariba2puntnul,telegram,1,credited-by-mirror
netherlands,2026-08-11,Telegram: Mariba2puntnul,telegram,1,credited-by-mirror
netherlands,2026-08-11,Telegram: ukrainenownetherlands,telegram,2,credited-by-mirror
netherlands,2026-08-12,Telegram: ukrainenownetherlands,telegram,1,credited-by-mirror
new-zealand,2026-08-01,Telegram: llordofwar,telegram,1,credited-by-mirror
new-zealand,2026-08-03,Telegram: rbc_sport,telegram,1,credited-by-mirror
new-zealand,2026-08-05,Telegram: rbc_sport,telegram,1,credited-by-mirror
new-zealand,2026-08-05,swentr.site,domain,1,credited-by-mirror
new-zealand,2026-08-06,swentr.site,domain,1,credited-by-mirror
new-zealand,2026-08-08,Telegram: llordofwar,telegram,1,credited-by-mirror
new-zealand,2026-08-08,en.topwar.ru,domain,1,credited-by-mirror
news-pravda,2026-08-01,Telegram: DDGeopolitics,telegram,7,credited-by-mirror
news-pravda,2026-08-01,Telegram: SGTnewsNetwork,telegram,18,credited-by-mirror
news-pravda,2026-08-01,Telegram: Slavyangrad,telegram,16,credited-by-mirror
news-pravda,2026-08-01,Telegram: i20028843,telegram,12,credited-by-mirror
news-pravda,2026-08-01,Telegram: llordofwar,telegram,44,credited-by-mirror
news-pravda,2026-08-01,Telegram: rtnews,telegram,1,credited-by-mirror
news-pravda,2026-08-01,Telegram: tassagency_en,telegram,12,credited-by-mirror
news-pravda,2026-08-02,Telegram: DDGeopolitics,telegram,6,credited-by-mirror
news-pravda,2026-08-02,Telegram: SGTnewsNetwork,telegram,21,credited-by-mirror
news-pravda,2026-08-02,Telegram: Slavyangrad,telegram,20,credited-by-mirror
news-pravda,2026-08-02,Telegram: i20028843,telegram,19,credited-by-mirror
news-pravda,2026-08-02,Telegram: llordofwar,telegram,36,credited-by-mirror
news-pravda,2026-08-02,Telegram: tassagency_en,telegram,16,credited-by-mirror
news-pravda,2026-08-03,Telegram: DDGeopolitics,telegram,5,credited-by-mirror
news-pravda,2026-08-03,Telegram: SGTnewsNetwork,telegram,21,credited-by-mirror
news-pravda,2026-08-03,Telegram: Slavyangrad,telegram,12,credited-by-mirror
news-pravda,2026-08-03,Telegram: i20028843,telegram,13,credited-by-mirror
news-pravda,2026-08-03,Telegram: llordofwar,telegram,30,credited-by-mirror
news-pravda,2026-08-03,Telegram: tassagency_en,telegram,14,credited-by-mirror
news-pravda,2026-08-04,Telegram: DDGeopolitics,telegram,6,credited-by-mirror
news-pravda,2026-08-04,Telegram: SGTnewsNetwork,telegram,17,credited-by-mirror
news-pravda,2026-08-04,Telegram: Slavyangrad,telegram,15,credited-by-mirror
news-pravda,2026-08-04,Telegram: i20028843,telegram,5,credited-by-mirror
news-pravda,2026-08-04,Telegram: llordofwar,telegram,27,credited-by-mirror
news-pravda,2026-08-04,Telegram: tassagency_en,telegram,16,credited-by-mirror
news-pravda,2026-08-05,Telegram: DDGeopolitics,telegram,4,credited-by-mirror
news-pravda,2026-08-05,Telegram: SGTnewsNetwork,telegram,11,credited-by-mirror
news-pravda,2026-08-05,Telegram: Slavyangrad,telegram,21,credited-by-mirror
news-pravda,2026-08-05,Telegram: i20028843,telegram,16,credited-by-mirror
news-pravda,2026-08-05,Telegram: llordofwar,telegram,35,credited-by-mirror
news-pravda,2026-08-05,Telegram: tassagency_en,telegram,12,credited-by-mirror
news-pravda,2026-08-06,Telegram: DDGeopolitics,telegram,1,credited-by-mirror
news-pravda,2026-08-06,Telegram: SGTnewsNetwork,telegram,2,credited-by-mirror
news-pravda,2026-08-06,Telegram: Slavyangrad,telegram,15,credited-by-mirror
news-pravda,2026-08-06,Telegram: i20028843,telegram,17,credited-by-mirror
news-pravda,2026-08-06,Telegram: llordofwar,telegram,20,credited-by-mirror
news-pravda,2026-08-06,Telegram: tassagency_en,telegram,13,credited-by-mirror
news-pravda,2026-08-07,Telegram: DDGeopolitics,telegram,6,credited-by-mirror
news-pravda,2026-08-07,Telegram: SGTnewsNetwork,telegram,5,credited-by-mirror
news-pravda,2026-08-07,Telegram: Slavyangrad,telegram,12,credited-by-mirror
news-pravda,2026-08-07,Telegram: i20028843,telegram,13,credited-by-mirror
news-pravda,2026-08-07,Telegram: llordofwar,telegram,22,credited-by-mirror
news-pravda,2026-08-07,Telegram: tassagency_en,telegram,18,credited-by-mirror
news-pravda,2026-08-08,Telegram: DDGeopolitics,telegram,5,credited-by-mirror
news-pravda,2026-08-08,Telegram: SGTnewsNetwork,telegram,11,credited-by-mirror
news-pravda,2026-08-08,Telegram: Slavyangrad,telegram,15,credited-by-mirror
news-pravda,2026-08-08,Telegram: i20028843,telegram,13,credited-by-mirror
news-pravda,2026-08-08,Telegram: llordofwar,telegram,24,credited-by-mirror
news-pravda,2026-08-08,Telegram: tassagency_en,telegram,17,credited-by-mirror
news-pravda,2026-08-09,Telegram: DDGeopolitics,telegram,4,credited-by-mirror
news-pravda,2026-08-09,Telegram: SGTnewsNetwork,telegram,20,credited-by-mirror
news-pravda,2026-08-09,Telegram: Slavyangrad,telegram,25,credited-by-mirror
news-pravda,2026-08-09,Telegram: i20028843,telegram,16,credited-by-mirror
news-pravda,2026-08-09,Telegram: llordofwar,telegram,26,credited-by-mirror
news-pravda,2026-08-09,Telegram: tassagency_en,telegram,7,credited-by-mirror
news-pravda,2026-08-10,Telegram: DDGeopolitics,telegram,5,credited-by-mirror
news-pravda,2026-08-10,Telegram: SGTnewsNetwork,telegram,18,credited-by-mirror
news-pravda,2026-08-10,Telegram: Slavyangrad,telegram,11,credited-by-mirror
news-pravda,2026-08-10,Telegram: i20028843,telegram,7,credited-by-mirror
news-pravda,2026-08-10,Telegram: llordofwar,telegram,28,credited-by-mirror
news-pravda,2026-08-10,Telegram: rtnews,telegram,1,credited-by-mirror
news-pravda,2026-08-10,Telegram: tassagency_en,telegram,11,credited-by-mirror
news-pravda,2026-08-11,Telegram: DDGeopolitics,telegram,2,credited-by-mirror
news-pravda,2026-08-11,Telegram: SGTnewsNetwork,telegram,11,credited-by-mirror
news-pravda,2026-08-11,Telegram: Slavyangrad,telegram,16,credited-by-mirror
news-pravda,2026-08-11,Telegram: i20028843,telegram,11,credited-by-mirror
news-pravda,2026-08-11,Telegram: llordofwar,telegram,42,credited-by-mirror
news-pravda,2026-08-11,Telegram: tassagency_en,telegram,13,credited-by-mirror
news-pravda,2026-08-12,Telegram: SGTnewsNetwork,telegram,15,credited-by-mirror
news-pravda,2026-08-12,Telegram: Slavyangrad,telegram,6,credited-by-mirror
news-pravda,2026-08-12,Telegram: i20028843,telegram,8,credited-by-mirror
news-pravda,2026-08-12,Telegram: llordofwar,telegram,8,credited-by-mirror
news-pravda,2026-08-12,Telegram: tassagency_en,telegram,6,credited-by-mirror
niger,2026-08-01,Telegram: InfosAes,telegram,1,credited-by-mirror
niger,2026-08-01,actuniger.com,domain,3,credited-by-mirror
niger,2026-08-01,airinfoagadez.com,domain,3,credited-by-mirror
niger,2026-08-02,Telegram: InfosAes,telegram,2,credited-by-mirror
niger,2026-08-02,Telegram: RTenfrancais,telegram,2,credited-by-mirror
niger,2026-08-02,Telegram: africaninitiative,telegram,1,credited-by-mirror
niger,2026-08-02,airinfoagadez.com,domain,2,credited-by-mirror
niger,2026-08-03,Telegram: InfosAes,telegram,2,credited-by-mirror
niger,2026-08-03,Telegram: RTenfrancais,telegram,1,credited-by-mirror
niger,2026-08-03,Telegram: sputnik_afrique,telegram,1,credited-by-mirror
niger,2026-08-03,Telegram: westernafrica,telegram,2,credited-by-mirror
niger,2026-08-03,actuniger.com,domain,4,credited-by-mirror
niger,2026-08-03,airinfoagadez.com,domain,2,credited-by-mirror
niger,2026-08-03,nigerinter.com,domain,1,credited-by-mirror
niger,2026-08-04,Telegram: InfosAes,telegram,2,credited-by-mirror
niger,2026-08-04,Telegram: sputnik_afrique,telegram,3,credited-by-mirror
niger,2026-08-04,Telegram: westernafrica,telegram,1,credited-by-mirror
niger,2026-08-04,actuniger.com,domain,1,credited-by-mirror
niger,2026-08-04,airinfoagadez.com,domain,1,credited-by-mirror
niger,2026-08-04,nigerinter.com,domain,1,credited-by-mirror
niger,2026-08-05,Telegram: InfosAes,telegram,2,credited-by-mirror
niger,2026-08-05,actuniger.com,domain,2,credited-by-mirror
niger,2026-08-05,airinfoagadez.com,domain,2,credited-by-mirror
niger,2026-08-06,Telegram: InfosAes,telegram,1,credited-by-mirror
niger,2026-08-06,Telegram: RTenfrancais,telegram,1,credited-by-mirror
niger,2026-08-06,Telegram: sputnik_afrique,telegram,2,credited-by-mirror
niger,2026-08-06,actuniger.com,domain,1,credited-by-mirror
niger,2026-08-07,Telegram: InfosAes,telegram,2,credited-by-mirror
niger,2026-08-07,Telegram: RTenfrancais,telegram,1,credited-by-mirror
niger,2026-08-07,Telegram: africaninitiativefr,telegram,1,credited-by-mirror
niger,2026-08-07,Telegram: sputnik_afrique,telegram,1,credited-by-mirror
niger,2026-08-07,actuniger.com,domain,1,credited-by-mirror
niger,2026-08-08,Telegram: InfosAes,telegram,3,credited-by-mirror
niger,2026-08-08,Telegram: RTenfrancais,telegram,2,credited-by-mirror
niger,2026-08-08,Telegram: africaninitiative,telegram,2,credited-by-mirror
niger,2026-08-08,Telegram: africaninitiativefr,telegram,1,credited-by-mirror
niger,2026-08-08,Telegram: sputnik_afrique,telegram,1,credited-by-mirror
niger,2026-08-08,airinfoagadez.com,domain,1,credited-by-mirror
niger,2026-08-09,Telegram: RTenfrancais,telegram,2,credited-by-mirror
niger,2026-08-09,actuniger.com,domain,2,credited-by-mirror
niger,2026-08-10,Telegram: InfosAes,telegram,3,credited-by-mirror
niger,2026-08-10,Telegram: RTenfrancais,telegram,1,credited-by-mirror
niger,2026-08-10,Telegram: africaninitiativefr,telegram,1,credited-by-mirror
niger,2026-08-10,Telegram: sputnik_afrique,telegram,1,credited-by-mirror
niger,2026-08-10,Telegram: westernafrica,telegram,2,credited-by-mirror
niger,2026-08-10,actuniger.com,domain,1,credited-by-mirror
niger,2026-08-11,Telegram: InfosAes,telegram,3,credited-by-mirror
niger,2026-08-11,Telegram: africaninitiativefr,telegram,2,credited-by-mirror
niger,2026-08-11,Telegram: westernafrica,telegram,1,credited-by-mirror
niger,2026-08-11,actuniger.com,domain,3,credited-by-mirror
niger,2026-08-12,actuniger.com,domain,1,credited-by-mirror
nigeria,2026-08-01,Telegram: africaintel,telegram,3,credited-by-mirror
nigeria,2026-08-01,Telegram: africamain,telegram,1,credited-by-mirror
nigeria,2026-08-01,Telegram: sputnik_africa,telegram,2,credited-by-mirror
nigeria,2026-08-01,en.sputniknews.africa,domain,1,credited-by-mirror
nigeria,2026-08-02,Telegram: africaintel,telegram,3,credited-by-mirror
nigeria,2026-08-02,Telegram: africaninitiative,telegram,2,credited-by-mirror
nigeria,2026-08-02,Telegram: rybar_africa,telegram,2,credited-by-mirror
nigeria,2026-08-02,Telegram: sputnik_africa,telegram,1,credited-by-mirror
nigeria,2026-08-03,Telegram: africaintel,telegram,4,credited-by-mirror
nigeria,2026-08-03,Telegram: africamain,telegram,1,credited-by-mirror
nigeria,2026-08-03,Telegram: africaninitiative,telegram,2,credited-by-mirror
nigeria,2026-08-03,Telegram: rybar_africa,telegram,2,credited-by-mirror
nigeria,2026-08-03,Telegram: sputnik_africa,telegram,1,credited-by-mirror
nigeria,2026-08-03,en.sputniknews.africa,domain,1,credited-by-mirror
nigeria,2026-08-04,Telegram: AfroPouchkine,telegram,1,credited-by-mirror
nigeria,2026-08-04,Telegram: africaintel,telegram,2,credited-by-mirror
nigeria,2026-08-04,Telegram: africamain,telegram,1,credited-by-mirror
nigeria,2026-08-04,Telegram: rybar_africa,telegram,4,credited-by-mirror
nigeria,2026-08-04,Telegram: sputnik_africa,telegram,3,credited-by-mirror
nigeria,2026-08-04,en.sputniknews.africa,domain,1,credited-by-mirror
nigeria,2026-08-05,Telegram: AfroPouchkine,telegram,2,credited-by-mirror
nigeria,2026-08-05,Telegram: africaintel,telegram,2,credited-by-mirror
nigeria,2026-08-05,Telegram: sputnik_africa,telegram,3,credited-by-mirror
nigeria,2026-08-05,en.sputniknews.africa,domain,2,credited-by-mirror
nigeria,2026-08-06,Telegram: AfroPouchkine,telegram,1,credited-by-mirror
nigeria,2026-08-06,Telegram: africaintel,telegram,2,credited-by-mirror
nigeria,2026-08-06,Telegram: rybar_africa,telegram,2,credited-by-mirror
nigeria,2026-08-06,Telegram: sputnik_africa,telegram,1,credited-by-mirror
nigeria,2026-08-06,en.sputniknews.africa,domain,3,credited-by-mirror
nigeria,2026-08-07,Telegram: RussEmbNigeria,telegram,2,credited-by-mirror
nigeria,2026-08-07,Telegram: africaintel,telegram,2,credited-by-mirror
nigeria,2026-08-07,Telegram: rybar_africa,telegram,1,credited-by-mirror
nigeria,2026-08-07,en.sputniknews.africa,domain,1,credited-by-mirror
nigeria,2026-08-08,Telegram: africaninitiative,telegram,1,credited-by-mirror
nigeria,2026-08-08,Telegram: rybar_africa,telegram,2,credited-by-mirror
nigeria,2026-08-08,Telegram: sputnik_africa,telegram,2,credited-by-mirror
nigeria,2026-08-08,en.sputniknews.africa,domain,1,credited-by-mirror
nigeria,2026-08-09,Telegram: AfroPouchkine,telegram,1,credited-by-mirror
nigeria,2026-08-09,Telegram: africaintel,telegram,1,credited-by-mirror
nigeria,2026-08-09,Telegram: sputnik_africa,telegram,4,credited-by-mirror
nigeria,2026-08-10,Telegram: AfroPouchkine,telegram,1,credited-by-mirror
nigeria,2026-08-10,Telegram: africaintel,telegram,1,credited-by-mirror
nigeria,2026-08-10,Telegram: rybar_africa,telegram,1,credited-by-mirror
nigeria,2026-08-10,Telegram: sputnik_africa,telegram,1,credited-by-mirror
nigeria,2026-08-11,Telegram: africaintel,telegram,2,credited-by-mirror
nigeria,2026-08-11,Telegram: africaninitiative,telegram,1,credited-by-mirror
nigeria,2026-08-11,Telegram: rybar_africa,telegram,1,credited-by-mirror
nigeria,2026-08-11,Telegram: sputnik_africa,telegram,2,credited-by-mirror
nigeria,2026-08-11,en.sputniknews.africa,domain,3,credited-by-mirror
north-macedonia,2026-08-01,Telegram: rus_mkd,telegram,1,credited-by-mirror
north-macedonia,2026-08-02,Telegram: rus_mkd,telegram,1,credited-by-mirror
north-macedonia,2026-08-04,Telegram: balkanar,telegram,1,credited-by-mirror
north-macedonia,2026-08-04,Telegram: rus_mkd,telegram,3,credited-by-mirror
north-macedonia,2026-08-05,Telegram: rus_mkd,telegram,1,credited-by-mirror
north-macedonia,2026-08-08,Telegram: balkanar,telegram,1,credited-by-mirror
north-macedonia,2026-08-10,Telegram: rus_mkd,telegram,1,credited-by-mirror
norway,2026-08-01,Telegram: InfodefSCANDINAVIA,telegram,15,credited-by-mirror
norway,2026-08-01,Telegram: norgerussisk,telegram,1,credited-by-mirror
norway,2026-08-02,Telegram: InfodefSCANDINAVIA,telegram,13,credited-by-mirror
norway,2026-08-02,Telegram: norgerussisk,telegram,1,credited-by-mirror
norway,2026-08-03,Telegram: InfodefSCANDINAVIA,telegram,13,credited-by-mirror
norway,2026-08-03,Telegram: norgerussisk,telegram,2,credited-by-mirror
norway,2026-08-04,Telegram: InfodefSCANDINAVIA,telegram,14,credited-by-mirror
norway,2026-08-05,Telegram: InfodefSCANDINAVIA,telegram,11,credited-by-mirror
norway,2026-08-05,Telegram: RusEmbNo,telegram,2,credited-by-mirror
norway,2026-08-05,Telegram: norgerussisk,telegram,1,credited-by-mirror
norway,2026-08-06,Telegram: InfodefSCANDINAVIA,telegram,11,credited-by-mirror
norway,2026-08-06,Telegram: norgerussisk,telegram,1,credited-by-mirror
norway,2026-08-06,Telegram: ostashkonews,telegram,1,credited-by-mirror
norway,2026-08-07,Telegram: InfodefSCANDINAVIA,telegram,10,credited-by-mirror
norway,2026-08-07,Telegram: norgerussisk,telegram,1,credited-by-mirror
norway,2026-08-08,Telegram: InfodefSCANDINAVIA,telegram,12,credited-by-mirror
norway,2026-08-08,Telegram: RusEmbNo,telegram,1,credited-by-mirror
norway,2026-08-08,Telegram: norgerussisk,telegram,1,credited-by-mirror
norway,2026-08-09,Telegram: InfodefSCANDINAVIA,telegram,15,credited-by-mirror
norway,2026-08-09,Telegram: norgerussisk,telegram,1,credited-by-mirror
norway,2026-08-10,Telegram: InfodefSCANDINAVIA,telegram,14,credited-by-mirror
norway,2026-08-10,Telegram: norgerussisk,telegram,1,credited-by-mirror
norway,2026-08-11,Telegram: InfodefSCANDINAVIA,telegram,13,credited-by-mirror
norway,2026-08-11,Telegram: norgerussisk,telegram,1,credited-by-mirror
norway,2026-08-12,Telegram: InfodefSCANDINAVIA,telegram,2,credited-by-mirror
ossetia,2026-08-01,MAX kavkaz_tass,max,2,credited-by-mirror
ossetia,2026-08-01,MAX sputnik-ossetia_ru,max,5,credited-by-mirror
ossetia,2026-08-01,Telegram: ia_res,telegram,15,credited-by-mirror
ossetia,2026-08-01,Telegram: mchsruo,telegram,1,credited-by-mirror
ossetia,2026-08-01,Telegram: mid_rso,telegram,1,credited-by-mirror
ossetia,2026-08-01,Telegram: sputnikossetia,telegram,14,credited-by-mirror
ossetia,2026-08-02,Telegram: ia_res,telegram,15,credited-by-mirror
ossetia,2026-08-02,Telegram: mchsruo,telegram,1,credited-by-mirror
ossetia,2026-08-02,Telegram: sputnikossetia,telegram,14,credited-by-mirror
ossetia,2026-08-03,MAX sputnik-ossetia_ru,max,3,credited-by-mirror
ossetia,2026-08-03,Telegram: ia_res,telegram,29,credited-by-mirror
ossetia,2026-08-03,Telegram: mchsruo,telegram,1,credited-by-mirror
ossetia,2026-08-03,Telegram: sputnikossetia,telegram,15,credited-by-mirror
ossetia,2026-08-04,Telegram: ia_res,telegram,23,credited-by-mirror
ossetia,2026-08-04,Telegram: mchsruo,telegram,1,credited-by-mirror
ossetia,2026-08-04,Telegram: mid_rso,telegram,1,credited-by-mirror
ossetia,2026-08-04,Telegram: sputnikossetia,telegram,14,credited-by-mirror
ossetia,2026-08-05,MAX sputnik-ossetia_ru,max,4,credited-by-mirror
ossetia,2026-08-05,Telegram: ia_res,telegram,21,credited-by-mirror
ossetia,2026-08-05,Telegram: mchsruo,telegram,2,credited-by-mirror
ossetia,2026-08-05,Telegram: sputnikossetia,telegram,25,credited-by-mirror
ossetia,2026-08-06,MAX kavkaz_tass,max,1,credited-by-mirror
ossetia,2026-08-06,MAX sputnik-ossetia_ru,max,3,credited-by-mirror
ossetia,2026-08-06,Telegram: ia_res,telegram,12,credited-by-mirror
ossetia,2026-08-06,Telegram: mchsruo,telegram,1,credited-by-mirror
ossetia,2026-08-06,Telegram: mid_rso,telegram,1,credited-by-mirror
ossetia,2026-08-06,Telegram: rusembrso,telegram,1,credited-by-mirror
ossetia,2026-08-06,Telegram: sputniklive,telegram,1,credited-by-mirror
ossetia,2026-08-06,Telegram: sputnikossetia,telegram,22,credited-by-mirror
ossetia,2026-08-07,MAX kavkaz_tass,max,3,credited-by-mirror
ossetia,2026-08-07,MAX sputnik-ossetia_ru,max,2,credited-by-mirror
ossetia,2026-08-07,Telegram: ia_res,telegram,12,credited-by-mirror
ossetia,2026-08-07,Telegram: mchsruo,telegram,1,credited-by-mirror
ossetia,2026-08-07,Telegram: mid_rso,telegram,2,credited-by-mirror
ossetia,2026-08-07,Telegram: rusembrso,telegram,1,credited-by-mirror
ossetia,2026-08-07,Telegram: sputnikossetia,telegram,28,credited-by-mirror
ossetia,2026-08-08,MAX kavkaz_tass,max,4,credited-by-mirror
ossetia,2026-08-08,Telegram: ia_res,telegram,14,credited-by-mirror
ossetia,2026-08-08,Telegram: mchsruo,telegram,1,credited-by-mirror
ossetia,2026-08-08,Telegram: mid_rso,telegram,5,credited-by-mirror
ossetia,2026-08-08,Telegram: rusembrso,telegram,1,credited-by-mirror
ossetia,2026-08-08,Telegram: sputniklive,telegram,2,credited-by-mirror
ossetia,2026-08-08,Telegram: sputnikossetia,telegram,7,credited-by-mirror
ossetia,2026-08-09,Telegram: ia_res,telegram,17,credited-by-mirror
ossetia,2026-08-09,Telegram: mchsruo,telegram,1,credited-by-mirror
ossetia,2026-08-09,Telegram: mid_rso,telegram,1,credited-by-mirror
ossetia,2026-08-09,Telegram: sputniklive,telegram,1,credited-by-mirror
ossetia,2026-08-09,Telegram: sputnikossetia,telegram,9,credited-by-mirror
ossetia,2026-08-10,MAX sputnik-ossetia_ru,max,6,credited-by-mirror
ossetia,2026-08-10,Telegram: ia_res,telegram,20,credited-by-mirror
ossetia,2026-08-10,Telegram: mchsruo,telegram,1,credited-by-mirror
ossetia,2026-08-10,Telegram: sputnikossetia,telegram,24,credited-by-mirror
ossetia,2026-08-11,MAX sputnik-ossetia_ru,max,4,credited-by-mirror
ossetia,2026-08-11,Telegram: ia_res,telegram,20,credited-by-mirror
ossetia,2026-08-11,Telegram: mchsruo,telegram,1,credited-by-mirror
ossetia,2026-08-11,Telegram: mid_rso,telegram,2,credited-by-mirror
ossetia,2026-08-11,Telegram: sputniklive,telegram,1,credited-by-mirror
ossetia,2026-08-11,Telegram: sputnikossetia,telegram,22,credited-by-mirror
ossetia,2026-08-12,MAX sputnik-ossetia_ru,max,1,credited-by-mirror
ossetia,2026-08-12,Telegram: ia_res,telegram,2,credited-by-mirror
ossetia,2026-08-12,Telegram: mchsruo,telegram,1,credited-by-mirror
ossetia,2026-08-12,Telegram: mid_rso,telegram,1,credited-by-mirror
ossetia,2026-08-12,Telegram: sputnikossetia,telegram,3,credited-by-mirror
poland,2026-08-01,Telegram: Olej_w_Glowie,telegram,80,credited-by-mirror
poland,2026-08-01,Telegram: RuskiStatek,telegram,5,credited-by-mirror
poland,2026-08-01,Telegram: bialywywiad,telegram,13,credited-by-mirror
poland,2026-08-01,Telegram: infokju,telegram,7,credited-by-mirror
poland,2026-08-01,Telegram: ndp_pl,telegram,30,credited-by-mirror
poland,2026-08-01,Telegram: newsfactory_pl,telegram,16,credited-by-mirror
poland,2026-08-01,pl.topwar.ru,domain,41,credited-by-mirror
poland,2026-08-02,Telegram: Olej_w_Glowie,telegram,62,credited-by-mirror
poland,2026-08-02,Telegram: bialywywiad,telegram,8,credited-by-mirror
poland,2026-08-02,Telegram: infokju,telegram,15,credited-by-mirror
poland,2026-08-02,Telegram: ndp_pl,telegram,34,credited-by-mirror
poland,2026-08-02,Telegram: newsfactory_pl,telegram,15,credited-by-mirror
poland,2026-08-02,pl.topwar.ru,domain,29,credited-by-mirror
poland,2026-08-03,Telegram: Olej_w_Glowie,telegram,94,credited-by-mirror
poland,2026-08-03,Telegram: bialywywiad,telegram,14,credited-by-mirror
poland,2026-08-03,Telegram: infokju,telegram,5,credited-by-mirror
poland,2026-08-03,Telegram: ndp_pl,telegram,29,credited-by-mirror
poland,2026-08-03,Telegram: newsfactory_pl,telegram,17,credited-by-mirror
poland,2026-08-03,Telegram: ukr_leaks_pl,telegram,1,credited-by-mirror
poland,2026-08-03,pl.topwar.ru,domain,36,credited-by-mirror
poland,2026-08-04,Telegram: Olej_w_Glowie,telegram,90,credited-by-mirror
poland,2026-08-04,Telegram: bialywywiad,telegram,3,credited-by-mirror
poland,2026-08-04,Telegram: infokju,telegram,11,credited-by-mirror
poland,2026-08-04,Telegram: ndp_pl,telegram,28,credited-by-mirror
poland,2026-08-04,Telegram: newsfactory_pl,telegram,18,credited-by-mirror
poland,2026-08-04,pl.topwar.ru,domain,50,credited-by-mirror
poland,2026-08-05,Telegram: Olej_w_Glowie,telegram,95,credited-by-mirror
poland,2026-08-05,Telegram: RuskiStatek,telegram,1,credited-by-mirror
poland,2026-08-05,Telegram: bialywywiad,telegram,9,credited-by-mirror
poland,2026-08-05,Telegram: infokju,telegram,18,credited-by-mirror
poland,2026-08-05,Telegram: ndp_pl,telegram,28,credited-by-mirror
poland,2026-08-05,Telegram: newsfactory_pl,telegram,10,credited-by-mirror
poland,2026-08-05,pl.topwar.ru,domain,59,credited-by-mirror
poland,2026-08-06,Telegram: Olej_w_Glowie,telegram,81,credited-by-mirror
poland,2026-08-06,Telegram: bialywywiad,telegram,15,credited-by-mirror
poland,2026-08-06,Telegram: infokju,telegram,5,credited-by-mirror
poland,2026-08-06,Telegram: ndp_pl,telegram,27,credited-by-mirror
poland,2026-08-06,Telegram: newsfactory_pl,telegram,8,credited-by-mirror
poland,2026-08-06,pl.topwar.ru,domain,42,credited-by-mirror
poland,2026-08-07,Telegram: Olej_w_Glowie,telegram,82,credited-by-mirror
poland,2026-08-07,Telegram: RuskiStatek,telegram,1,credited-by-mirror
poland,2026-08-07,Telegram: bialywywiad,telegram,7,credited-by-mirror
poland,2026-08-07,Telegram: infokju,telegram,8,credited-by-mirror
poland,2026-08-07,Telegram: ndp_pl,telegram,25,credited-by-mirror
poland,2026-08-07,Telegram: newsfactory_pl,telegram,6,credited-by-mirror
poland,2026-08-07,Telegram: ukr_leaks_pl,telegram,1,credited-by-mirror
poland,2026-08-07,pl.topwar.ru,domain,41,credited-by-mirror
poland,2026-08-08,Telegram: Olej_w_Glowie,telegram,74,credited-by-mirror
poland,2026-08-08,Telegram: RuskiStatek,telegram,1,credited-by-mirror
poland,2026-08-08,Telegram: bialywywiad,telegram,8,credited-by-mirror
poland,2026-08-08,Telegram: infokju,telegram,6,credited-by-mirror
poland,2026-08-08,Telegram: ndp_pl,telegram,40,credited-by-mirror
poland,2026-08-08,Telegram: newsfactory_pl,telegram,11,credited-by-mirror
poland,2026-08-08,pl.topwar.ru,domain,41,credited-by-mirror
poland,2026-08-09,Telegram: Olej_w_Glowie,telegram,102,credited-by-mirror
poland,2026-08-09,Telegram: RuskiStatek,telegram,1,credited-by-mirror
poland,2026-08-09,Telegram: infokju,telegram,10,credited-by-mirror
poland,2026-08-09,Telegram: ndp_pl,telegram,41,credited-by-mirror
poland,2026-08-09,Telegram: newsfactory_pl,telegram,21,credited-by-mirror
poland,2026-08-09,pl.topwar.ru,domain,33,credited-by-mirror
poland,2026-08-10,Telegram: Olej_w_Glowie,telegram,96,credited-by-mirror
poland,2026-08-10,Telegram: bialywywiad,telegram,10,credited-by-mirror
poland,2026-08-10,Telegram: infokju,telegram,9,credited-by-mirror
poland,2026-08-10,Telegram: ndp_pl,telegram,28,credited-by-mirror
poland,2026-08-10,Telegram: newsfactory_pl,telegram,15,credited-by-mirror
poland,2026-08-10,Telegram: ukr_leaks_pl,telegram,3,credited-by-mirror
poland,2026-08-10,pl.topwar.ru,domain,40,credited-by-mirror
poland,2026-08-11,Telegram: Olej_w_Glowie,telegram,94,credited-by-mirror
poland,2026-08-11,Telegram: bialywywiad,telegram,8,credited-by-mirror
poland,2026-08-11,Telegram: infokju,telegram,7,credited-by-mirror
poland,2026-08-11,Telegram: ndp_pl,telegram,31,credited-by-mirror
poland,2026-08-11,Telegram: newsfactory_pl,telegram,19,credited-by-mirror
poland,2026-08-11,pl.topwar.ru,domain,56,credited-by-mirror
poland,2026-08-12,Telegram: Olej_w_Glowie,telegram,14,credited-by-mirror
poland,2026-08-12,Telegram: bialywywiad,telegram,3,credited-by-mirror
poland,2026-08-12,Telegram: infokju,telegram,2,credited-by-mirror
poland,2026-08-12,Telegram: ndp_pl,telegram,1,credited-by-mirror
poland,2026-08-12,Telegram: newsfactory_pl,telegram,1,credited-by-mirror
poland,2026-08-12,pl.topwar.ru,domain,14,credited-by-mirror
portugal,2026-08-01,Telegram: lepta,telegram,3,credited-by-mirror
portugal,2026-08-01,Telegram: pcp_pt,telegram,3,credited-by-mirror
portugal,2026-08-01,Telegram: rt_brasil,telegram,1,credited-by-mirror
portugal,2026-08-01,Telegram: sputnikbrasil,telegram,1,credited-by-mirror
portugal,2026-08-01,pt.topwar.ru,domain,2,credited-by-mirror
portugal,2026-08-02,Telegram: InfoDefensePOR,telegram,4,credited-by-mirror
portugal,2026-08-02,Telegram: Op_Esp_Z,telegram,2,credited-by-mirror
portugal,2026-08-02,Telegram: lepta,telegram,4,credited-by-mirror
portugal,2026-08-02,Telegram: pcp_pt,telegram,1,credited-by-mirror
portugal,2026-08-02,Telegram: rt_brasil,telegram,1,credited-by-mirror
portugal,2026-08-02,Telegram: sputnikbrasil,telegram,1,credited-by-mirror
portugal,2026-08-02,pt.topwar.ru,domain,1,credited-by-mirror
portugal,2026-08-03,Telegram: Op_Esp_Z,telegram,4,credited-by-mirror
portugal,2026-08-03,Telegram: lepta,telegram,4,credited-by-mirror
portugal,2026-08-03,Telegram: rt_brasil,telegram,2,credited-by-mirror
portugal,2026-08-03,noticiabrasil.net.br,domain,2,credited-by-mirror
portugal,2026-08-03,pt.topwar.ru,domain,4,credited-by-mirror
portugal,2026-08-04,Telegram: Op_Esp_Z,telegram,1,credited-by-mirror
portugal,2026-08-04,Telegram: lepta,telegram,6,credited-by-mirror
portugal,2026-08-04,Telegram: rt_brasil,telegram,2,credited-by-mirror
portugal,2026-08-04,Telegram: sputnikbrasil,telegram,2,credited-by-mirror
portugal,2026-08-04,noticiabrasil.net.br,domain,6,credited-by-mirror
portugal,2026-08-04,pt.topwar.ru,domain,1,credited-by-mirror
portugal,2026-08-05,Telegram: Op_Esp_Z,telegram,2,credited-by-mirror
portugal,2026-08-05,Telegram: lepta,telegram,5,credited-by-mirror
portugal,2026-08-05,Telegram: pcp_pt,telegram,2,credited-by-mirror
portugal,2026-08-05,Telegram: sputnikbrasil,telegram,1,credited-by-mirror
portugal,2026-08-05,pt.topwar.ru,domain,5,credited-by-mirror
portugal,2026-08-06,Telegram: Op_Esp_Z,telegram,1,credited-by-mirror
portugal,2026-08-06,Telegram: lepta,telegram,3,credited-by-mirror
portugal,2026-08-06,Telegram: pcp_pt,telegram,2,credited-by-mirror
portugal,2026-08-06,pt.topwar.ru,domain,3,credited-by-mirror
portugal,2026-08-07,Telegram: lepta,telegram,4,credited-by-mirror
portugal,2026-08-07,Telegram: pcp_pt,telegram,2,credited-by-mirror
portugal,2026-08-07,Telegram: rt_brasil,telegram,1,credited-by-mirror
portugal,2026-08-07,Telegram: sputnikbrasil,telegram,1,credited-by-mirror
portugal,2026-08-07,pt.topwar.ru,domain,2,credited-by-mirror
portugal,2026-08-08,Telegram: InfoDefensePOR,telegram,2,credited-by-mirror
portugal,2026-08-08,Telegram: lepta,telegram,2,credited-by-mirror
portugal,2026-08-08,Telegram: pcp_pt,telegram,1,credited-by-mirror
portugal,2026-08-08,Telegram: rt_brasil,telegram,1,credited-by-mirror
portugal,2026-08-08,noticiabrasil.net.br,domain,1,credited-by-mirror
portugal,2026-08-08,pt.topwar.ru,domain,3,credited-by-mirror
portugal,2026-08-09,Telegram: InfoDefensePOR,telegram,2,credited-by-mirror
portugal,2026-08-09,Telegram: Op_Esp_Z,telegram,3,credited-by-mirror
portugal,2026-08-09,Telegram: lepta,telegram,4,credited-by-mirror
portugal,2026-08-09,Telegram: pcp_pt,telegram,1,credited-by-mirror
portugal,2026-08-09,Telegram: rt_brasil,telegram,2,credited-by-mirror
portugal,2026-08-09,pt.topwar.ru,domain,4,credited-by-mirror
portugal,2026-08-10,Telegram: InfoDefensePOR,telegram,2,credited-by-mirror
portugal,2026-08-10,Telegram: lepta,telegram,4,credited-by-mirror
portugal,2026-08-10,Telegram: pcp_pt,telegram,2,credited-by-mirror
portugal,2026-08-10,noticiabrasil.net.br,domain,1,credited-by-mirror
portugal,2026-08-10,pt.topwar.ru,domain,1,credited-by-mirror
portugal,2026-08-11,Telegram: InfoDefensePOR,telegram,1,credited-by-mirror
portugal,2026-08-11,Telegram: Op_Esp_Z,telegram,3,credited-by-mirror
portugal,2026-08-11,Telegram: lepta,telegram,3,credited-by-mirror
portugal,2026-08-11,Telegram: rt_brasil,telegram,1,credited-by-mirror
portugal,2026-08-11,noticiabrasil.net.br,domain,2,credited-by-mirror
portugal,2026-08-11,pt.topwar.ru,domain,8,credited-by-mirror
portugal,2026-08-12,pt.topwar.ru,domain,1,credited-by-mirror
portuguese,2026-08-01,Telegram: InfoDefensePOR,telegram,40,credited-by-mirror
portuguese,2026-08-01,Telegram: Op_Esp_Z,telegram,35,credited-by-mirror
portuguese,2026-08-01,Telegram: mundoemconflitooficial,telegram,10,credited-by-mirror
portuguese,2026-08-01,Telegram: olharglobal,telegram,11,credited-by-mirror
portuguese,2026-08-01,Telegram: rt_brasil,telegram,32,credited-by-mirror
portuguese,2026-08-01,Telegram: sofia_smirnov74,telegram,78,credited-by-mirror
portuguese,2026-08-01,Telegram: sputnikbrasil,telegram,23,credited-by-mirror
portuguese,2026-08-01,noticiabrasil.net.br,domain,17,credited-by-mirror
portuguese,2026-08-01,pt.topwar.ru,domain,33,credited-by-mirror
portuguese,2026-08-02,Telegram: InfoDefensePOR,telegram,26,credited-by-mirror
portuguese,2026-08-02,Telegram: Op_Esp_Z,telegram,27,credited-by-mirror
portuguese,2026-08-02,Telegram: mundoemconflitooficial,telegram,19,credited-by-mirror
portuguese,2026-08-02,Telegram: olharglobal,telegram,17,credited-by-mirror
portuguese,2026-08-02,Telegram: rt_brasil,telegram,31,credited-by-mirror
portuguese,2026-08-02,Telegram: sofia_smirnov74,telegram,79,credited-by-mirror
portuguese,2026-08-02,Telegram: sputnikbrasil,telegram,22,credited-by-mirror
portuguese,2026-08-02,noticiabrasil.net.br,domain,29,credited-by-mirror
portuguese,2026-08-02,pt.topwar.ru,domain,24,credited-by-mirror
portuguese,2026-08-03,Telegram: InfoDefensePOR,telegram,8,credited-by-mirror
portuguese,2026-08-03,Telegram: Op_Esp_Z,telegram,22,credited-by-mirror
portuguese,2026-08-03,Telegram: falandodeguerra1,telegram,13,credited-by-mirror
portuguese,2026-08-03,Telegram: mundoemconflitooficial,telegram,19,credited-by-mirror
portuguese,2026-08-03,Telegram: olharglobal,telegram,17,credited-by-mirror
portuguese,2026-08-03,Telegram: rt_brasil,telegram,55,credited-by-mirror
portuguese,2026-08-03,Telegram: sofia_smirnov74,telegram,99,credited-by-mirror
portuguese,2026-08-03,Telegram: sputnikbrasil,telegram,18,credited-by-mirror
portuguese,2026-08-03,noticiabrasil.net.br,domain,23,credited-by-mirror
portuguese,2026-08-03,pt.topwar.ru,domain,36,credited-by-mirror
portuguese,2026-08-04,Telegram: Op_Esp_Z,telegram,26,credited-by-mirror
portuguese,2026-08-04,Telegram: falandodeguerra1,telegram,7,credited-by-mirror
portuguese,2026-08-04,Telegram: mundoemconflitooficial,telegram,32,credited-by-mirror
portuguese,2026-08-04,Telegram: olharglobal,telegram,36,credited-by-mirror
portuguese,2026-08-04,Telegram: rt_brasil,telegram,59,credited-by-mirror
portuguese,2026-08-04,Telegram: sofia_smirnov74,telegram,87,credited-by-mirror
portuguese,2026-08-04,Telegram: sputnikbrasil,telegram,18,credited-by-mirror
portuguese,2026-08-04,noticiabrasil.net.br,domain,25,credited-by-mirror
portuguese,2026-08-04,pt.topwar.ru,domain,41,credited-by-mirror
portuguese,2026-08-05,Telegram: Op_Esp_Z,telegram,28,credited-by-mirror
portuguese,2026-08-05,Telegram: falandodeguerra1,telegram,3,credited-by-mirror
portuguese,2026-08-05,Telegram: mundoemconflitooficial,telegram,11,credited-by-mirror
portuguese,2026-08-05,Telegram: olharglobal,telegram,23,credited-by-mirror
portuguese,2026-08-05,Telegram: rt_brasil,telegram,54,credited-by-mirror
portuguese,2026-08-05,Telegram: sofia_smirnov74,telegram,53,credited-by-mirror
portuguese,2026-08-05,Telegram: sputnikbrasil,telegram,25,credited-by-mirror
portuguese,2026-08-05,noticiabrasil.net.br,domain,29,credited-by-mirror
portuguese,2026-08-05,pt.topwar.ru,domain,53,credited-by-mirror
portuguese,2026-08-06,Telegram: Op_Esp_Z,telegram,12,credited-by-mirror
portuguese,2026-08-06,Telegram: mundoemconflitooficial,telegram,13,credited-by-mirror
portuguese,2026-08-06,Telegram: olharglobal,telegram,18,credited-by-mirror
portuguese,2026-08-06,Telegram: rt_brasil,telegram,52,credited-by-mirror
portuguese,2026-08-06,Telegram: sofia_smirnov74,telegram,57,credited-by-mirror
portuguese,2026-08-06,Telegram: sputnikbrasil,telegram,20,credited-by-mirror
portuguese,2026-08-06,noticiabrasil.net.br,domain,24,credited-by-mirror
portuguese,2026-08-06,pt.topwar.ru,domain,41,credited-by-mirror
portuguese,2026-08-07,Telegram: Op_Esp_Z,telegram,15,credited-by-mirror
portuguese,2026-08-07,Telegram: falandodeguerra1,telegram,9,credited-by-mirror
portuguese,2026-08-07,Telegram: mundoemconflitooficial,telegram,1,credited-by-mirror
portuguese,2026-08-07,Telegram: olharglobal,telegram,18,credited-by-mirror
portuguese,2026-08-07,Telegram: rt_brasil,telegram,57,credited-by-mirror
portuguese,2026-08-07,Telegram: sofia_smirnov74,telegram,65,credited-by-mirror
portuguese,2026-08-07,Telegram: sputnikbrasil,telegram,16,credited-by-mirror
portuguese,2026-08-07,noticiabrasil.net.br,domain,29,credited-by-mirror
portuguese,2026-08-07,pt.topwar.ru,domain,40,credited-by-mirror
portuguese,2026-08-08,Telegram: InfoDefensePOR,telegram,25,credited-by-mirror
portuguese,2026-08-08,Telegram: Op_Esp_Z,telegram,22,credited-by-mirror
portuguese,2026-08-08,Telegram: mundoemconflitooficial,telegram,9,credited-by-mirror
portuguese,2026-08-08,Telegram: olharglobal,telegram,16,credited-by-mirror
portuguese,2026-08-08,Telegram: rt_brasil,telegram,38,credited-by-mirror
portuguese,2026-08-08,Telegram: sofia_smirnov74,telegram,66,credited-by-mirror
portuguese,2026-08-08,Telegram: sputnikbrasil,telegram,12,credited-by-mirror
portuguese,2026-08-08,noticiabrasil.net.br,domain,22,credited-by-mirror
portuguese,2026-08-08,pt.topwar.ru,domain,35,credited-by-mirror
portuguese,2026-08-09,Telegram: InfoDefensePOR,telegram,37,credited-by-mirror
portuguese,2026-08-09,Telegram: Op_Esp_Z,telegram,36,credited-by-mirror
portuguese,2026-08-09,Telegram: mundoemconflitooficial,telegram,8,credited-by-mirror
portuguese,2026-08-09,Telegram: olharglobal,telegram,17,credited-by-mirror
portuguese,2026-08-09,Telegram: rt_brasil,telegram,45,credited-by-mirror
portuguese,2026-08-09,Telegram: sofia_smirnov74,telegram,54,credited-by-mirror
portuguese,2026-08-09,Telegram: sputnikbrasil,telegram,18,credited-by-mirror
portuguese,2026-08-09,noticiabrasil.net.br,domain,23,credited-by-mirror
portuguese,2026-08-09,pt.topwar.ru,domain,36,credited-by-mirror
portuguese,2026-08-10,Telegram: InfoDefensePOR,telegram,29,credited-by-mirror
portuguese,2026-08-10,Telegram: Op_Esp_Z,telegram,23,credited-by-mirror
portuguese,2026-08-10,Telegram: falandodeguerra1,telegram,1,credited-by-mirror
portuguese,2026-08-10,Telegram: mundoemconflitooficial,telegram,5,credited-by-mirror
portuguese,2026-08-10,Telegram: olharglobal,telegram,19,credited-by-mirror
portuguese,2026-08-10,Telegram: rt_brasil,telegram,54,credited-by-mirror
portuguese,2026-08-10,Telegram: sofia_smirnov74,telegram,73,credited-by-mirror
portuguese,2026-08-10,Telegram: sputnikbrasil,telegram,26,credited-by-mirror
portuguese,2026-08-10,noticiabrasil.net.br,domain,25,credited-by-mirror
portuguese,2026-08-10,pt.topwar.ru,domain,42,credited-by-mirror
portuguese,2026-08-11,Telegram: InfoDefensePOR,telegram,35,credited-by-mirror
portuguese,2026-08-11,Telegram: Op_Esp_Z,telegram,32,credited-by-mirror
portuguese,2026-08-11,Telegram: falandodeguerra1,telegram,7,credited-by-mirror
portuguese,2026-08-11,Telegram: mundoemconflitooficial,telegram,4,credited-by-mirror
portuguese,2026-08-11,Telegram: olharglobal,telegram,24,credited-by-mirror
portuguese,2026-08-11,Telegram: rt_brasil,telegram,46,credited-by-mirror
portuguese,2026-08-11,Telegram: sofia_smirnov74,telegram,51,credited-by-mirror
portuguese,2026-08-11,Telegram: sputnikbrasil,telegram,20,credited-by-mirror
portuguese,2026-08-11,noticiabrasil.net.br,domain,23,credited-by-mirror
portuguese,2026-08-11,pt.topwar.ru,domain,53,credited-by-mirror
portuguese,2026-08-12,Telegram: Op_Esp_Z,telegram,9,credited-by-mirror
portuguese,2026-08-12,Telegram: mundoemconflitooficial,telegram,3,credited-by-mirror
portuguese,2026-08-12,Telegram: olharglobal,telegram,5,credited-by-mirror
portuguese,2026-08-12,Telegram: rt_brasil,telegram,17,credited-by-mirror
portuguese,2026-08-12,Telegram: sofia_smirnov74,telegram,18,credited-by-mirror
portuguese,2026-08-12,Telegram: sputnikbrasil,telegram,6,credited-by-mirror
portuguese,2026-08-12,noticiabrasil.net.br,domain,6,credited-by-mirror
portuguese,2026-08-12,pt.topwar.ru,domain,13,credited-by-mirror
rca,2026-08-01,Telegram: dnobangui,telegram,1,credited-by-mirror
rca,2026-08-01,oubanguimedias.com,domain,9,credited-by-mirror
rca,2026-08-01,radiondekeluka.org,domain,4,credited-by-mirror
rca,2026-08-02,radiondekeluka.org,domain,3,credited-by-mirror
rca,2026-08-03,Telegram: officersunion,telegram,2,credited-by-mirror
rca,2026-08-03,Telegram: rusbangui,telegram,1,credited-by-mirror
rca,2026-08-03,radiondekeluka.org,domain,7,credited-by-mirror
rca,2026-08-04,Telegram: dnobangui,telegram,1,credited-by-mirror
rca,2026-08-04,Telegram: officersunion,telegram,1,credited-by-mirror
rca,2026-08-04,radiondekeluka.org,domain,7,credited-by-mirror
rca,2026-08-05,Telegram: rusbangui,telegram,1,credited-by-mirror
rca,2026-08-05,radiondekeluka.org,domain,5,credited-by-mirror
rca,2026-08-06,radiondekeluka.org,domain,6,credited-by-mirror
rca,2026-08-07,Telegram: dnobangui,telegram,1,credited-by-mirror
rca,2026-08-07,Telegram: rusbangui,telegram,1,credited-by-mirror
rca,2026-08-07,radiondekeluka.org,domain,9,credited-by-mirror
rca,2026-08-08,radiondekeluka.org,domain,6,credited-by-mirror
rca,2026-08-10,Telegram: officersunion,telegram,1,credited-by-mirror
rca,2026-08-10,radiondekeluka.org,domain,7,credited-by-mirror
rca,2026-08-11,Telegram: rusbangui,telegram,3,credited-by-mirror
rca,2026-08-11,radiondekeluka.org,domain,7,credited-by-mirror
ro-ro,2026-08-01,Telegram: InfoDefenseRUM,telegram,6,credited-by-mirror
ro-ro,2026-08-01,Telegram: onciu,telegram,1,credited-by-mirror
ro-ro,2026-08-01,Telegram: sputnecenzurat,telegram,23,credited-by-mirror
ro-ro,2026-08-01,Telegram: triunghiulbasarabean,telegram,12,credited-by-mirror
ro-ro,2026-08-01,Telegram: ucrainaruseasca,telegram,4,credited-by-mirror
ro-ro,2026-08-01,ro.topwar.ru,domain,39,credited-by-mirror
ro-ro,2026-08-02,Telegram: InfoDefenseRUM,telegram,3,credited-by-mirror
ro-ro,2026-08-02,Telegram: sputnecenzurat,telegram,18,credited-by-mirror
ro-ro,2026-08-02,Telegram: triunghiulbasarabean,telegram,28,credited-by-mirror
ro-ro,2026-08-02,Telegram: ucrainaruseasca,telegram,4,credited-by-mirror
ro-ro,2026-08-02,ro.topwar.ru,domain,27,credited-by-mirror
ro-ro,2026-08-03,Telegram: InfoDefenseRUM,telegram,4,credited-by-mirror
ro-ro,2026-08-03,Telegram: onciu,telegram,1,credited-by-mirror
ro-ro,2026-08-03,Telegram: sputnecenzurat,telegram,25,credited-by-mirror
ro-ro,2026-08-03,Telegram: triunghiulbasarabean,telegram,31,credited-by-mirror
ro-ro,2026-08-03,Telegram: ucrainaruseasca,telegram,5,credited-by-mirror
ro-ro,2026-08-03,ro.topwar.ru,domain,45,credited-by-mirror
ro-ro,2026-08-04,Telegram: InfoDefenseRUM,telegram,1,credited-by-mirror
ro-ro,2026-08-04,Telegram: onciu,telegram,2,credited-by-mirror
ro-ro,2026-08-04,Telegram: sputnecenzurat,telegram,23,credited-by-mirror
ro-ro,2026-08-04,Telegram: triunghiulbasarabean,telegram,26,credited-by-mirror
ro-ro,2026-08-04,Telegram: ucrainaruseasca,telegram,3,credited-by-mirror
ro-ro,2026-08-04,ro.topwar.ru,domain,45,credited-by-mirror
ro-ro,2026-08-05,Telegram: InfoDefenseRUM,telegram,3,credited-by-mirror
ro-ro,2026-08-05,Telegram: onciu,telegram,2,credited-by-mirror
ro-ro,2026-08-05,Telegram: sputnecenzurat,telegram,12,credited-by-mirror
ro-ro,2026-08-05,Telegram: triunghiulbasarabean,telegram,20,credited-by-mirror
ro-ro,2026-08-05,Telegram: ucrainaruseasca,telegram,4,credited-by-mirror
ro-ro,2026-08-05,ro.topwar.ru,domain,58,credited-by-mirror
ro-ro,2026-08-06,Telegram: InfoDefenseRUM,telegram,2,credited-by-mirror
ro-ro,2026-08-06,Telegram: onciu,telegram,1,credited-by-mirror
ro-ro,2026-08-06,Telegram: sputnecenzurat,telegram,13,credited-by-mirror
ro-ro,2026-08-06,Telegram: triunghiulbasarabean,telegram,23,credited-by-mirror
ro-ro,2026-08-06,Telegram: ucrainaruseasca,telegram,5,credited-by-mirror
ro-ro,2026-08-06,ro.topwar.ru,domain,51,credited-by-mirror
ro-ro,2026-08-07,Telegram: ambasadarusiei,telegram,1,credited-by-mirror
ro-ro,2026-08-07,Telegram: onciu,telegram,2,credited-by-mirror
ro-ro,2026-08-07,Telegram: sputnecenzurat,telegram,18,credited-by-mirror
ro-ro,2026-08-07,Telegram: triunghiulbasarabean,telegram,19,credited-by-mirror
ro-ro,2026-08-07,ro.topwar.ru,domain,43,credited-by-mirror
ro-ro,2026-08-08,Telegram: InfoDefenseRUM,telegram,1,credited-by-mirror
ro-ro,2026-08-08,Telegram: sputnecenzurat,telegram,24,credited-by-mirror
ro-ro,2026-08-08,Telegram: triunghiulbasarabean,telegram,14,credited-by-mirror
ro-ro,2026-08-08,Telegram: ucrainaruseasca,telegram,1,credited-by-mirror
ro-ro,2026-08-08,ro.topwar.ru,domain,39,credited-by-mirror
ro-ro,2026-08-09,Telegram: InfoDefenseRUM,telegram,5,credited-by-mirror
ro-ro,2026-08-09,Telegram: sputnecenzurat,telegram,23,credited-by-mirror
ro-ro,2026-08-09,Telegram: triunghiulbasarabean,telegram,12,credited-by-mirror
ro-ro,2026-08-09,Telegram: ucrainaruseasca,telegram,3,credited-by-mirror
ro-ro,2026-08-09,ro.topwar.ru,domain,35,credited-by-mirror
ro-ro,2026-08-10,Telegram: InfoDefenseRUM,telegram,8,credited-by-mirror
ro-ro,2026-08-10,Telegram: ambasadarusiei,telegram,2,credited-by-mirror
ro-ro,2026-08-10,Telegram: onciu,telegram,3,credited-by-mirror
ro-ro,2026-08-10,Telegram: sputnecenzurat,telegram,19,credited-by-mirror
ro-ro,2026-08-10,Telegram: triunghiulbasarabean,telegram,35,credited-by-mirror
ro-ro,2026-08-10,Telegram: ucrainaruseasca,telegram,2,credited-by-mirror
ro-ro,2026-08-10,ro.topwar.ru,domain,48,credited-by-mirror
ro-ro,2026-08-11,Telegram: InfoDefenseRUM,telegram,4,credited-by-mirror
ro-ro,2026-08-11,Telegram: ambasadarusiei,telegram,1,credited-by-mirror
ro-ro,2026-08-11,Telegram: onciu,telegram,2,credited-by-mirror
ro-ro,2026-08-11,Telegram: sputnecenzurat,telegram,10,credited-by-mirror
ro-ro,2026-08-11,Telegram: triunghiulbasarabean,telegram,29,credited-by-mirror
ro-ro,2026-08-11,Telegram: ucrainaruseasca,telegram,6,credited-by-mirror
ro-ro,2026-08-11,ro.topwar.ru,domain,60,credited-by-mirror
ro-ro,2026-08-12,Telegram: InfoDefenseRUM,telegram,1,credited-by-mirror
ro-ro,2026-08-12,Telegram: sputnecenzurat,telegram,6,credited-by-mirror
ro-ro,2026-08-12,Telegram: triunghiulbasarabean,telegram,10,credited-by-mirror
ro-ro,2026-08-12,ro.topwar.ru,domain,14,credited-by-mirror
romania,2026-08-01,Telegram: InfoDefenseRUM,telegram,6,credited-by-mirror
romania,2026-08-01,Telegram: onciu,telegram,1,credited-by-mirror
romania,2026-08-01,Telegram: sputnecenzurat,telegram,24,credited-by-mirror
romania,2026-08-01,Telegram: triunghiulbasarabean,telegram,12,credited-by-mirror
romania,2026-08-01,Telegram: ucrainaruseasca,telegram,4,credited-by-mirror
romania,2026-08-01,ro.topwar.ru,domain,39,credited-by-mirror
romania,2026-08-02,Telegram: InfoDefenseRUM,telegram,3,credited-by-mirror
romania,2026-08-02,Telegram: sputnecenzurat,telegram,19,credited-by-mirror
romania,2026-08-02,Telegram: triunghiulbasarabean,telegram,30,credited-by-mirror
romania,2026-08-02,Telegram: ucrainaruseasca,telegram,4,credited-by-mirror
romania,2026-08-02,ro.topwar.ru,domain,30,credited-by-mirror
romania,2026-08-03,Telegram: InfoDefenseRUM,telegram,4,credited-by-mirror
romania,2026-08-03,Telegram: onciu,telegram,1,credited-by-mirror
romania,2026-08-03,Telegram: sputnecenzurat,telegram,26,credited-by-mirror
romania,2026-08-03,Telegram: triunghiulbasarabean,telegram,31,credited-by-mirror
romania,2026-08-03,Telegram: ucrainaruseasca,telegram,5,credited-by-mirror
romania,2026-08-03,ro.topwar.ru,domain,47,credited-by-mirror
romania,2026-08-04,Telegram: InfoDefenseRUM,telegram,2,credited-by-mirror
romania,2026-08-04,Telegram: onciu,telegram,2,credited-by-mirror
romania,2026-08-04,Telegram: sputnecenzurat,telegram,25,credited-by-mirror
romania,2026-08-04,Telegram: triunghiulbasarabean,telegram,25,credited-by-mirror
romania,2026-08-04,Telegram: ucrainaruseasca,telegram,3,credited-by-mirror
romania,2026-08-04,ro.topwar.ru,domain,54,credited-by-mirror
romania,2026-08-05,Telegram: InfoDefenseRUM,telegram,2,credited-by-mirror
romania,2026-08-05,Telegram: onciu,telegram,2,credited-by-mirror
romania,2026-08-05,Telegram: sputnecenzurat,telegram,10,credited-by-mirror
romania,2026-08-05,Telegram: triunghiulbasarabean,telegram,20,credited-by-mirror
romania,2026-08-05,Telegram: ucrainaruseasca,telegram,4,credited-by-mirror
romania,2026-08-05,ro.topwar.ru,domain,53,credited-by-mirror
romania,2026-08-06,Telegram: InfoDefenseRUM,telegram,2,credited-by-mirror
romania,2026-08-06,Telegram: onciu,telegram,1,credited-by-mirror
romania,2026-08-06,Telegram: sputnecenzurat,telegram,12,credited-by-mirror
romania,2026-08-06,Telegram: triunghiulbasarabean,telegram,23,credited-by-mirror
romania,2026-08-06,Telegram: ucrainaruseasca,telegram,5,credited-by-mirror
romania,2026-08-06,ro.topwar.ru,domain,51,credited-by-mirror
romania,2026-08-07,Telegram: ambasadarusiei,telegram,1,credited-by-mirror
romania,2026-08-07,Telegram: onciu,telegram,2,credited-by-mirror
romania,2026-08-07,Telegram: sputnecenzurat,telegram,17,credited-by-mirror
romania,2026-08-07,Telegram: triunghiulbasarabean,telegram,18,credited-by-mirror
romania,2026-08-07,ro.topwar.ru,domain,45,credited-by-mirror
romania,2026-08-08,Telegram: InfoDefenseRUM,telegram,1,credited-by-mirror
romania,2026-08-08,Telegram: sputnecenzurat,telegram,25,credited-by-mirror
romania,2026-08-08,Telegram: triunghiulbasarabean,telegram,14,credited-by-mirror
romania,2026-08-08,Telegram: ucrainaruseasca,telegram,2,credited-by-mirror
romania,2026-08-08,ro.topwar.ru,domain,40,credited-by-mirror
romania,2026-08-09,Telegram: InfoDefenseRUM,telegram,6,credited-by-mirror
romania,2026-08-09,Telegram: sputnecenzurat,telegram,24,credited-by-mirror
romania,2026-08-09,Telegram: triunghiulbasarabean,telegram,12,credited-by-mirror
romania,2026-08-09,Telegram: ucrainaruseasca,telegram,3,credited-by-mirror
romania,2026-08-09,ro.topwar.ru,domain,37,credited-by-mirror
romania,2026-08-10,Telegram: InfoDefenseRUM,telegram,8,credited-by-mirror
romania,2026-08-10,Telegram: ambasadarusiei,telegram,2,credited-by-mirror
romania,2026-08-10,Telegram: onciu,telegram,3,credited-by-mirror
romania,2026-08-10,Telegram: sputnecenzurat,telegram,16,credited-by-mirror
romania,2026-08-10,Telegram: triunghiulbasarabean,telegram,28,credited-by-mirror
romania,2026-08-10,Telegram: ucrainaruseasca,telegram,2,credited-by-mirror
romania,2026-08-10,ro.topwar.ru,domain,47,credited-by-mirror
romania,2026-08-11,Telegram: InfoDefenseRUM,telegram,5,credited-by-mirror
romania,2026-08-11,Telegram: ambasadarusiei,telegram,1,credited-by-mirror
romania,2026-08-11,Telegram: onciu,telegram,2,credited-by-mirror
romania,2026-08-11,Telegram: sputnecenzurat,telegram,11,credited-by-mirror
romania,2026-08-11,Telegram: triunghiulbasarabean,telegram,29,credited-by-mirror
romania,2026-08-11,Telegram: ucrainaruseasca,telegram,6,credited-by-mirror
romania,2026-08-11,ro.topwar.ru,domain,59,credited-by-mirror
romania,2026-08-12,Telegram: InfoDefenseRUM,telegram,2,credited-by-mirror
romania,2026-08-12,Telegram: sputnecenzurat,telegram,6,credited-by-mirror
romania,2026-08-12,Telegram: triunghiulbasarabean,telegram,10,credited-by-mirror
romania,2026-08-12,ro.topwar.ru,domain,14,credited-by-mirror
scotland,2026-08-09,Telegram: kornilov1968,telegram,1,credited-by-mirror
scotland,2026-08-09,Telegram: lomovkaa,telegram,1,credited-by-mirror
senegal,2026-08-01,Telegram: Senegal24,telegram,3,credited-by-mirror
senegal,2026-08-01,Telegram: ousmanesonko,telegram,3,credited-by-mirror
senegal,2026-08-01,Telegram: westernafrica,telegram,1,credited-by-mirror
senegal,2026-08-02,Telegram: RTenfrancais,telegram,2,credited-by-mirror
senegal,2026-08-02,Telegram: Senegal24,telegram,1,credited-by-mirror
senegal,2026-08-02,Telegram: ousmanesonko,telegram,3,credited-by-mirror
senegal,2026-08-02,Telegram: westernafrica,telegram,1,credited-by-mirror
senegal,2026-08-02,francais.rt.com,domain,1,credited-by-mirror
senegal,2026-08-03,Telegram: Senegal24,telegram,1,credited-by-mirror
senegal,2026-08-03,Telegram: ousmanesonko,telegram,4,credited-by-mirror
senegal,2026-08-03,Telegram: westernafrica,telegram,2,credited-by-mirror
senegal,2026-08-04,Telegram: RTenfrancais,telegram,1,credited-by-mirror
senegal,2026-08-04,Telegram: Senegal24,telegram,2,credited-by-mirror
senegal,2026-08-04,Telegram: ousmanesonko,telegram,4,credited-by-mirror
senegal,2026-08-04,Telegram: westernafrica,telegram,2,credited-by-mirror
senegal,2026-08-04,francais.rt.com,domain,1,credited-by-mirror
senegal,2026-08-05,Telegram: RTenfrancais,telegram,1,credited-by-mirror
senegal,2026-08-05,Telegram: Senegal24,telegram,2,credited-by-mirror
senegal,2026-08-05,Telegram: westernafrica,telegram,1,credited-by-mirror
senegal,2026-08-05,francais.rt.com,domain,1,credited-by-mirror
senegal,2026-08-06,Telegram: RTenfrancais,telegram,1,credited-by-mirror
senegal,2026-08-06,Telegram: Senegal24,telegram,2,credited-by-mirror
senegal,2026-08-06,Telegram: westernafrica,telegram,1,credited-by-mirror
senegal,2026-08-06,francais.rt.com,domain,2,credited-by-mirror
senegal,2026-08-07,Telegram: RTenfrancais,telegram,1,credited-by-mirror
senegal,2026-08-07,Telegram: Senegal24,telegram,2,credited-by-mirror
senegal,2026-08-07,Telegram: westernafrica,telegram,1,credited-by-mirror
senegal,2026-08-07,francais.rt.com,domain,1,credited-by-mirror
senegal,2026-08-08,Telegram: ousmanesonko,telegram,9,credited-by-mirror
senegal,2026-08-09,Telegram: Senegal24,telegram,3,credited-by-mirror
senegal,2026-08-09,Telegram: westernafrica,telegram,1,credited-by-mirror
senegal,2026-08-10,Telegram: RTenfrancais,telegram,1,credited-by-mirror
senegal,2026-08-10,Telegram: Senegal24,telegram,4,credited-by-mirror
senegal,2026-08-10,Telegram: ousmanesonko,telegram,1,credited-by-mirror
senegal,2026-08-10,Telegram: westernafrica,telegram,2,credited-by-mirror
senegal,2026-08-10,francais.rt.com,domain,1,credited-by-mirror
senegal,2026-08-11,Telegram: Senegal24,telegram,3,credited-by-mirror
senegal,2026-08-11,Telegram: ousmanesonko,telegram,2,credited-by-mirror
senegal,2026-08-11,Telegram: westernafrica,telegram,1,credited-by-mirror
serbia,2026-08-01,Telegram: RepublikaSrpska22,telegram,16,credited-by-mirror
serbia,2026-08-01,Telegram: SrbijaRusija,telegram,28,credited-by-mirror
serbia,2026-08-01,Telegram: istocni_front,telegram,42,credited-by-mirror
serbia,2026-08-01,Telegram: rtbalkan,telegram,30,credited-by-mirror
serbia,2026-08-01,Telegram: sputniksrbija,telegram,33,credited-by-mirror
serbia,2026-08-01,Telegram: srpski_vitezovi,telegram,19,credited-by-mirror
serbia,2026-08-01,Telegram: ukr_leaks_srb,telegram,10,credited-by-mirror
serbia,2026-08-01,rt.rs,domain,44,credited-by-mirror
serbia,2026-08-01,sputnikportal.rs,domain,37,credited-by-mirror
serbia,2026-08-01,srb.news-front.su,domain,17,credited-by-mirror
serbia,2026-08-02,Telegram: RepublikaSrpska22,telegram,5,credited-by-mirror
serbia,2026-08-02,Telegram: SrbijaRusija,telegram,24,credited-by-mirror
serbia,2026-08-02,Telegram: istocni_front,telegram,44,credited-by-mirror
serbia,2026-08-02,Telegram: rtbalkan,telegram,30,credited-by-mirror
serbia,2026-08-02,Telegram: sputniksrbija,telegram,28,credited-by-mirror
serbia,2026-08-02,Telegram: srpski_vitezovi,telegram,33,credited-by-mirror
serbia,2026-08-02,Telegram: ukr_leaks_srb,telegram,11,credited-by-mirror
serbia,2026-08-02,rt.rs,domain,39,credited-by-mirror
serbia,2026-08-02,sputnikportal.rs,domain,31,credited-by-mirror
serbia,2026-08-02,srb.news-front.su,domain,14,credited-by-mirror
serbia,2026-08-03,Telegram: RepublikaSrpska22,telegram,5,credited-by-mirror
serbia,2026-08-03,Telegram: SrbijaRusija,telegram,36,credited-by-mirror
serbia,2026-08-03,Telegram: istocni_front,telegram,37,credited-by-mirror
serbia,2026-08-03,Telegram: rtbalkan,telegram,31,credited-by-mirror
serbia,2026-08-03,Telegram: sputniksrbija,telegram,29,credited-by-mirror
serbia,2026-08-03,Telegram: srpski_vitezovi,telegram,19,credited-by-mirror
serbia,2026-08-03,Telegram: ukr_leaks_srb,telegram,8,credited-by-mirror
serbia,2026-08-03,rt.rs,domain,55,credited-by-mirror
serbia,2026-08-03,sputnikportal.rs,domain,32,credited-by-mirror
serbia,2026-08-03,srb.news-front.su,domain,25,credited-by-mirror
serbia,2026-08-04,Telegram: RepublikaSrpska22,telegram,7,credited-by-mirror
serbia,2026-08-04,Telegram: SrbijaRusija,telegram,26,credited-by-mirror
serbia,2026-08-04,Telegram: istocni_front,telegram,29,credited-by-mirror
serbia,2026-08-04,Telegram: rtbalkan,telegram,31,credited-by-mirror
serbia,2026-08-04,Telegram: sputniksrbija,telegram,32,credited-by-mirror
serbia,2026-08-04,Telegram: srpski_vitezovi,telegram,20,credited-by-mirror
serbia,2026-08-04,Telegram: ukr_leaks_srb,telegram,16,credited-by-mirror
serbia,2026-08-04,rt.rs,domain,61,credited-by-mirror
serbia,2026-08-04,sputnikportal.rs,domain,36,credited-by-mirror
serbia,2026-08-04,srb.news-front.su,domain,18,credited-by-mirror
serbia,2026-08-05,Telegram: RepublikaSrpska22,telegram,4,credited-by-mirror
serbia,2026-08-05,Telegram: SrbijaRusija,telegram,31,credited-by-mirror
serbia,2026-08-05,Telegram: istocni_front,telegram,30,credited-by-mirror
serbia,2026-08-05,Telegram: rtbalkan,telegram,33,credited-by-mirror
serbia,2026-08-05,Telegram: sputniksrbija,telegram,26,credited-by-mirror
serbia,2026-08-05,Telegram: srpski_vitezovi,telegram,24,credited-by-mirror
serbia,2026-08-05,Telegram: ukr_leaks_srb,telegram,6,credited-by-mirror
serbia,2026-08-05,rt.rs,domain,61,credited-by-mirror
serbia,2026-08-05,sputnikportal.rs,domain,40,credited-by-mirror
serbia,2026-08-05,srb.news-front.su,domain,23,credited-by-mirror
serbia,2026-08-06,Telegram: RepublikaSrpska22,telegram,1,credited-by-mirror
serbia,2026-08-06,Telegram: SrbijaRusija,telegram,19,credited-by-mirror
serbia,2026-08-06,Telegram: istocni_front,telegram,29,credited-by-mirror
serbia,2026-08-06,Telegram: rtbalkan,telegram,28,credited-by-mirror
serbia,2026-08-06,Telegram: sputniksrbija,telegram,23,credited-by-mirror
serbia,2026-08-06,Telegram: srpski_vitezovi,telegram,15,credited-by-mirror
serbia,2026-08-06,Telegram: ukr_leaks_srb,telegram,9,credited-by-mirror
serbia,2026-08-06,rt.rs,domain,61,credited-by-mirror
serbia,2026-08-06,sputnikportal.rs,domain,46,credited-by-mirror
serbia,2026-08-06,srb.news-front.su,domain,19,credited-by-mirror
serbia,2026-08-07,Telegram: RepublikaSrpska22,telegram,2,credited-by-mirror
serbia,2026-08-07,Telegram: SrbijaRusija,telegram,17,credited-by-mirror
serbia,2026-08-07,Telegram: istocni_front,telegram,30,credited-by-mirror
serbia,2026-08-07,Telegram: rtbalkan,telegram,21,credited-by-mirror
serbia,2026-08-07,Telegram: sputniksrbija,telegram,17,credited-by-mirror
serbia,2026-08-07,Telegram: srpski_vitezovi,telegram,18,credited-by-mirror
serbia,2026-08-07,Telegram: ukr_leaks_srb,telegram,8,credited-by-mirror
serbia,2026-08-07,rt.rs,domain,51,credited-by-mirror
serbia,2026-08-07,sputnikportal.rs,domain,25,credited-by-mirror
serbia,2026-08-07,srb.news-front.su,domain,21,credited-by-mirror
serbia,2026-08-08,Telegram: RepublikaSrpska22,telegram,10,credited-by-mirror
serbia,2026-08-08,Telegram: SrbijaRusija,telegram,22,credited-by-mirror
serbia,2026-08-08,Telegram: istocni_front,telegram,29,credited-by-mirror
serbia,2026-08-08,Telegram: rtbalkan,telegram,17,credited-by-mirror
serbia,2026-08-08,Telegram: sputniksrbija,telegram,20,credited-by-mirror
serbia,2026-08-08,Telegram: srpski_vitezovi,telegram,23,credited-by-mirror
serbia,2026-08-08,Telegram: ukr_leaks_srb,telegram,11,credited-by-mirror
serbia,2026-08-08,rt.rs,domain,22,credited-by-mirror
serbia,2026-08-08,sputnikportal.rs,domain,31,credited-by-mirror
serbia,2026-08-08,srb.news-front.su,domain,3,credited-by-mirror
serbia,2026-08-09,Telegram: RepublikaSrpska22,telegram,7,credited-by-mirror
serbia,2026-08-09,Telegram: SrbijaRusija,telegram,31,credited-by-mirror
serbia,2026-08-09,Telegram: istocni_front,telegram,42,credited-by-mirror
serbia,2026-08-09,Telegram: rtbalkan,telegram,29,credited-by-mirror
serbia,2026-08-09,Telegram: sputniksrbija,telegram,24,credited-by-mirror
serbia,2026-08-09,Telegram: srpski_vitezovi,telegram,20,credited-by-mirror
serbia,2026-08-09,Telegram: ukr_leaks_srb,telegram,9,credited-by-mirror
serbia,2026-08-09,rt.rs,domain,32,credited-by-mirror
serbia,2026-08-09,sputnikportal.rs,domain,32,credited-by-mirror
serbia,2026-08-09,srb.news-front.su,domain,7,credited-by-mirror
serbia,2026-08-10,Telegram: RepublikaSrpska22,telegram,2,credited-by-mirror
serbia,2026-08-10,Telegram: SrbijaRusija,telegram,23,credited-by-mirror
serbia,2026-08-10,Telegram: istocni_front,telegram,31,credited-by-mirror
serbia,2026-08-10,Telegram: rtbalkan,telegram,19,credited-by-mirror
serbia,2026-08-10,Telegram: sputniksrbija,telegram,28,credited-by-mirror
serbia,2026-08-10,Telegram: srpski_vitezovi,telegram,29,credited-by-mirror
serbia,2026-08-10,Telegram: ukr_leaks_srb,telegram,9,credited-by-mirror
serbia,2026-08-10,rt.rs,domain,46,credited-by-mirror
serbia,2026-08-10,sputnikportal.rs,domain,31,credited-by-mirror
serbia,2026-08-10,srb.news-front.su,domain,12,credited-by-mirror
serbia,2026-08-11,Telegram: RepublikaSrpska22,telegram,4,credited-by-mirror
serbia,2026-08-11,Telegram: SrbijaRusija,telegram,18,credited-by-mirror
serbia,2026-08-11,Telegram: istocni_front,telegram,34,credited-by-mirror
serbia,2026-08-11,Telegram: rtbalkan,telegram,22,credited-by-mirror
serbia,2026-08-11,Telegram: sputniksrbija,telegram,27,credited-by-mirror
serbia,2026-08-11,Telegram: srpski_vitezovi,telegram,18,credited-by-mirror
serbia,2026-08-11,Telegram: ukr_leaks_srb,telegram,14,credited-by-mirror
serbia,2026-08-11,rt.rs,domain,44,credited-by-mirror
serbia,2026-08-11,sputnikportal.rs,domain,31,credited-by-mirror
serbia,2026-08-11,srb.news-front.su,domain,17,credited-by-mirror
serbia,2026-08-12,Telegram: SrbijaRusija,telegram,12,credited-by-mirror
serbia,2026-08-12,Telegram: istocni_front,telegram,14,credited-by-mirror
serbia,2026-08-12,Telegram: rtbalkan,telegram,4,credited-by-mirror
serbia,2026-08-12,Telegram: sputniksrbija,telegram,5,credited-by-mirror
serbia,2026-08-12,Telegram: srpski_vitezovi,telegram,6,credited-by-mirror
serbia,2026-08-12,rt.rs,domain,5,credited-by-mirror
serbia,2026-08-12,sputnikportal.rs,domain,5,credited-by-mirror
singapore,2026-08-03,Telegram: infantmilitario,telegram,1,credited-by-mirror
singapore,2026-08-03,en.topwar.ru,domain,1,credited-by-mirror
singapore,2026-08-08,tass.com,domain,1,credited-by-mirror
singapore,2026-08-09,Telegram: llordofwar,telegram,1,credited-by-mirror
singapore,2026-08-10,Telegram: rybar_pacific,telegram,1,credited-by-mirror
singapore,2026-08-11,en.topwar.ru,domain,1,credited-by-mirror
slovakia,2026-08-01,Telegram: casusbellilive,telegram,36,credited-by-mirror
slovakia,2026-08-01,Telegram: puchoviny,telegram,73,credited-by-mirror
slovakia,2026-08-01,Telegram: slovanskenoviny,telegram,19,credited-by-mirror
slovakia,2026-08-01,Telegram: slovenskymedved,telegram,13,credited-by-mirror
slovakia,2026-08-01,Telegram: smebratia,telegram,8,credited-by-mirror
slovakia,2026-08-01,Telegram: spravy_slovakia,telegram,9,credited-by-mirror
slovakia,2026-08-01,Telegram: spravydomozaiky,telegram,16,credited-by-mirror
slovakia,2026-08-01,Telegram: zemavek,telegram,37,credited-by-mirror
slovakia,2026-08-01,sk.news-front.su,domain,9,credited-by-mirror
slovakia,2026-08-02,Telegram: casusbellilive,telegram,37,credited-by-mirror
slovakia,2026-08-02,Telegram: puchoviny,telegram,59,credited-by-mirror
slovakia,2026-08-02,Telegram: slovanskenoviny,telegram,19,credited-by-mirror
slovakia,2026-08-02,Telegram: slovenskymedved,telegram,9,credited-by-mirror
slovakia,2026-08-02,Telegram: smebratia,telegram,11,credited-by-mirror
slovakia,2026-08-02,Telegram: spravy_slovakia,telegram,12,credited-by-mirror
slovakia,2026-08-02,Telegram: spravydomozaiky,telegram,4,credited-by-mirror
slovakia,2026-08-02,Telegram: zemavek,telegram,36,credited-by-mirror
slovakia,2026-08-02,sk.news-front.su,domain,9,credited-by-mirror
slovakia,2026-08-03,Telegram: casusbellilive,telegram,36,credited-by-mirror
slovakia,2026-08-03,Telegram: puchoviny,telegram,85,credited-by-mirror
slovakia,2026-08-03,Telegram: slovanskenoviny,telegram,19,credited-by-mirror
slovakia,2026-08-03,Telegram: slovenskymedved,telegram,3,credited-by-mirror
slovakia,2026-08-03,Telegram: smebratia,telegram,12,credited-by-mirror
slovakia,2026-08-03,Telegram: spravy_slovakia,telegram,9,credited-by-mirror
slovakia,2026-08-03,Telegram: spravydomozaiky,telegram,12,credited-by-mirror
slovakia,2026-08-03,Telegram: zemavek,telegram,55,credited-by-mirror
slovakia,2026-08-03,sk.news-front.su,domain,11,credited-by-mirror
slovakia,2026-08-04,Telegram: casusbellilive,telegram,51,credited-by-mirror
slovakia,2026-08-04,Telegram: puchoviny,telegram,81,credited-by-mirror
slovakia,2026-08-04,Telegram: slovanskenoviny,telegram,24,credited-by-mirror
slovakia,2026-08-04,Telegram: slovenskymedved,telegram,1,credited-by-mirror
slovakia,2026-08-04,Telegram: smebratia,telegram,20,credited-by-mirror
slovakia,2026-08-04,Telegram: spravy_slovakia,telegram,10,credited-by-mirror
slovakia,2026-08-04,Telegram: spravydomozaiky,telegram,14,credited-by-mirror
slovakia,2026-08-04,Telegram: zemavek,telegram,43,credited-by-mirror
slovakia,2026-08-04,sk.news-front.su,domain,10,credited-by-mirror
slovakia,2026-08-05,Telegram: casusbellilive,telegram,31,credited-by-mirror
slovakia,2026-08-05,Telegram: puchoviny,telegram,86,credited-by-mirror
slovakia,2026-08-05,Telegram: slovanskenoviny,telegram,14,credited-by-mirror
slovakia,2026-08-05,Telegram: slovenskymedved,telegram,4,credited-by-mirror
slovakia,2026-08-05,Telegram: smebratia,telegram,17,credited-by-mirror
slovakia,2026-08-05,Telegram: spravy_slovakia,telegram,14,credited-by-mirror
slovakia,2026-08-05,Telegram: spravydomozaiky,telegram,11,credited-by-mirror
slovakia,2026-08-05,Telegram: zemavek,telegram,40,credited-by-mirror
slovakia,2026-08-05,sk.news-front.su,domain,14,credited-by-mirror
slovakia,2026-08-06,Telegram: casusbellilive,telegram,34,credited-by-mirror
slovakia,2026-08-06,Telegram: puchoviny,telegram,72,credited-by-mirror
slovakia,2026-08-06,Telegram: slovanskenoviny,telegram,19,credited-by-mirror
slovakia,2026-08-06,Telegram: slovenskymedved,telegram,6,credited-by-mirror
slovakia,2026-08-06,Telegram: smebratia,telegram,11,credited-by-mirror
slovakia,2026-08-06,Telegram: spravy_slovakia,telegram,11,credited-by-mirror
slovakia,2026-08-06,Telegram: spravydomozaiky,telegram,20,credited-by-mirror
slovakia,2026-08-06,Telegram: zemavek,telegram,42,credited-by-mirror
slovakia,2026-08-06,sk.news-front.su,domain,18,credited-by-mirror
slovakia,2026-08-07,Telegram: casusbellilive,telegram,27,credited-by-mirror
slovakia,2026-08-07,Telegram: puchoviny,telegram,84,credited-by-mirror
slovakia,2026-08-07,Telegram: slovanskenoviny,telegram,16,credited-by-mirror
slovakia,2026-08-07,Telegram: slovenskymedved,telegram,6,credited-by-mirror
slovakia,2026-08-07,Telegram: smebratia,telegram,16,credited-by-mirror
slovakia,2026-08-07,Telegram: spravy_slovakia,telegram,6,credited-by-mirror
slovakia,2026-08-07,Telegram: spravydomozaiky,telegram,25,credited-by-mirror
slovakia,2026-08-07,Telegram: zemavek,telegram,37,credited-by-mirror
slovakia,2026-08-07,sk.news-front.su,domain,10,credited-by-mirror
slovakia,2026-08-08,Telegram: casusbellilive,telegram,26,credited-by-mirror
slovakia,2026-08-08,Telegram: puchoviny,telegram,72,credited-by-mirror
slovakia,2026-08-08,Telegram: slovanskenoviny,telegram,12,credited-by-mirror
slovakia,2026-08-08,Telegram: slovenskymedved,telegram,6,credited-by-mirror
slovakia,2026-08-08,Telegram: smebratia,telegram,10,credited-by-mirror
slovakia,2026-08-08,Telegram: spravy_slovakia,telegram,13,credited-by-mirror
slovakia,2026-08-08,Telegram: spravydomozaiky,telegram,6,credited-by-mirror
slovakia,2026-08-08,Telegram: zemavek,telegram,26,credited-by-mirror
slovakia,2026-08-08,sk.news-front.su,domain,10,credited-by-mirror
slovakia,2026-08-09,Telegram: casusbellilive,telegram,40,credited-by-mirror
slovakia,2026-08-09,Telegram: puchoviny,telegram,85,credited-by-mirror
slovakia,2026-08-09,Telegram: slovanskenoviny,telegram,27,credited-by-mirror
slovakia,2026-08-09,Telegram: slovenskymedved,telegram,15,credited-by-mirror
slovakia,2026-08-09,Telegram: smebratia,telegram,10,credited-by-mirror
slovakia,2026-08-09,Telegram: spravy_slovakia,telegram,9,credited-by-mirror
slovakia,2026-08-09,Telegram: spravydomozaiky,telegram,14,credited-by-mirror
slovakia,2026-08-09,Telegram: zemavek,telegram,32,credited-by-mirror
slovakia,2026-08-09,sk.news-front.su,domain,7,credited-by-mirror
slovakia,2026-08-10,Telegram: casusbellilive,telegram,35,credited-by-mirror
slovakia,2026-08-10,Telegram: puchoviny,telegram,94,credited-by-mirror
slovakia,2026-08-10,Telegram: slovanskenoviny,telegram,16,credited-by-mirror
slovakia,2026-08-10,Telegram: slovenskymedved,telegram,10,credited-by-mirror
slovakia,2026-08-10,Telegram: smebratia,telegram,14,credited-by-mirror
slovakia,2026-08-10,Telegram: spravy_slovakia,telegram,9,credited-by-mirror
slovakia,2026-08-10,Telegram: spravydomozaiky,telegram,5,credited-by-mirror
slovakia,2026-08-10,Telegram: zemavek,telegram,40,credited-by-mirror
slovakia,2026-08-10,sk.news-front.su,domain,9,credited-by-mirror
slovakia,2026-08-11,Telegram: casusbellilive,telegram,39,credited-by-mirror
slovakia,2026-08-11,Telegram: puchoviny,telegram,81,credited-by-mirror
slovakia,2026-08-11,Telegram: slovanskenoviny,telegram,28,credited-by-mirror
slovakia,2026-08-11,Telegram: slovenskymedved,telegram,6,credited-by-mirror
slovakia,2026-08-11,Telegram: smebratia,telegram,24,credited-by-mirror
slovakia,2026-08-11,Telegram: spravy_slovakia,telegram,5,credited-by-mirror
slovakia,2026-08-11,Telegram: spravydomozaiky,telegram,6,credited-by-mirror
slovakia,2026-08-11,Telegram: zemavek,telegram,46,credited-by-mirror
slovakia,2026-08-11,sk.news-front.su,domain,13,credited-by-mirror
slovakia,2026-08-12,Telegram: casusbellilive,telegram,6,credited-by-mirror
slovakia,2026-08-12,Telegram: puchoviny,telegram,12,credited-by-mirror
slovakia,2026-08-12,Telegram: slovanskenoviny,telegram,9,credited-by-mirror
slovakia,2026-08-12,Telegram: slovenskymedved,telegram,2,credited-by-mirror
slovakia,2026-08-12,Telegram: smebratia,telegram,4,credited-by-mirror
slovakia,2026-08-12,Telegram: spravy_slovakia,telegram,1,credited-by-mirror
slovakia,2026-08-12,Telegram: spravydomozaiky,telegram,8,credited-by-mirror
slovakia,2026-08-12,Telegram: zemavek,telegram,5,credited-by-mirror
slovenia,2026-08-01,Telegram: InfoDefSLO,telegram,9,credited-by-mirror
slovenia,2026-08-02,Telegram: InfoDefSLO,telegram,9,credited-by-mirror
slovenia,2026-08-03,Telegram: InfoDefSLO,telegram,6,credited-by-mirror
slovenia,2026-08-04,Telegram: InfoDefSLO,telegram,6,credited-by-mirror
slovenia,2026-08-05,Telegram: InfoDefSLO,telegram,7,credited-by-mirror
slovenia,2026-08-06,Telegram: InfoDefSLO,telegram,3,credited-by-mirror
slovenia,2026-08-06,Telegram: ambrusslo,telegram,1,credited-by-mirror
slovenia,2026-08-07,Telegram: InfoDefSLO,telegram,4,credited-by-mirror
slovenia,2026-08-08,Telegram: InfoDefSLO,telegram,8,credited-by-mirror
slovenia,2026-08-08,Telegram: regnuminfosi,telegram,1,credited-by-mirror
slovenia,2026-08-09,Telegram: InfoDefSLO,telegram,7,credited-by-mirror
slovenia,2026-08-09,Telegram: regnuminfosi,telegram,21,credited-by-mirror
slovenia,2026-08-10,Telegram: InfoDefSLO,telegram,4,credited-by-mirror
slovenia,2026-08-10,Telegram: regnuminfosi,telegram,7,credited-by-mirror
slovenia,2026-08-11,Telegram: InfoDefSLO,telegram,1,credited-by-mirror
slovenia,2026-08-11,Telegram: regnuminfosi,telegram,16,credited-by-mirror
south-korea,2026-08-01,Telegram: rybar_pacific,telegram,1,credited-by-mirror
south-korea,2026-08-02,Telegram: rybar_pacific,telegram,1,credited-by-mirror
south-korea,2026-08-02,ko.topwar.ru,domain,1,credited-by-mirror
south-korea,2026-08-03,Telegram: izvestia,telegram,2,credited-by-mirror
south-korea,2026-08-03,Telegram: newstapa,telegram,1,credited-by-mirror
south-korea,2026-08-03,Telegram: rybar_pacific,telegram,1,credited-by-mirror
south-korea,2026-08-04,Telegram: newstapa,telegram,4,credited-by-mirror
south-korea,2026-08-04,Telegram: rybar_pacific,telegram,1,credited-by-mirror
south-korea,2026-08-04,ko.topwar.ru,domain,2,credited-by-mirror
south-korea,2026-08-05,Telegram: izvestia,telegram,1,credited-by-mirror
south-korea,2026-08-05,Telegram: newstapa,telegram,2,credited-by-mirror
south-korea,2026-08-05,Telegram: rybar_pacific,telegram,1,credited-by-mirror
south-korea,2026-08-05,Telegram: tass_world,telegram,1,credited-by-mirror
south-korea,2026-08-05,ko.topwar.ru,domain,3,credited-by-mirror
south-korea,2026-08-06,Telegram: izvestia,telegram,1,credited-by-mirror
south-korea,2026-08-06,Telegram: newstapa,telegram,2,credited-by-mirror
south-korea,2026-08-06,Telegram: rybar_pacific,telegram,2,credited-by-mirror
south-korea,2026-08-06,ko.topwar.ru,domain,1,credited-by-mirror
south-korea,2026-08-07,Telegram: newstapa,telegram,3,credited-by-mirror
south-korea,2026-08-07,ko.topwar.ru,domain,1,credited-by-mirror
south-korea,2026-08-08,Telegram: rybar_pacific,telegram,1,credited-by-mirror
south-korea,2026-08-08,Telegram: zvezdanews,telegram,1,credited-by-mirror
south-korea,2026-08-08,ko.topwar.ru,domain,1,credited-by-mirror
south-korea,2026-08-09,Telegram: rybar_pacific,telegram,1,credited-by-mirror
south-korea,2026-08-09,ko.topwar.ru,domain,3,credited-by-mirror
south-korea,2026-08-10,Telegram: izvestia,telegram,1,credited-by-mirror
south-korea,2026-08-10,Telegram: rybar_pacific,telegram,2,credited-by-mirror
south-korea,2026-08-10,ko.topwar.ru,domain,2,credited-by-mirror
south-korea,2026-08-11,Telegram: izvestia,telegram,1,credited-by-mirror
south-korea,2026-08-11,Telegram: newstapa,telegram,1,credited-by-mirror
south-korea,2026-08-11,Telegram: rybar_pacific,telegram,1,credited-by-mirror
south-korea,2026-08-11,ko.topwar.ru,domain,4,credited-by-mirror
south-korea,2026-08-12,Telegram: izvestia,telegram,1,credited-by-mirror
south-korea,2026-08-12,Telegram: newstapa,telegram,1,credited-by-mirror
south-sudan,2026-08-03,Telegram: rybar_africa,telegram,1,credited-by-mirror
south-sudan,2026-08-03,Telegram: sputnik_africa,telegram,1,credited-by-mirror
south-sudan,2026-08-05,Telegram: rybar_africa,telegram,1,credited-by-mirror
south-sudan,2026-08-06,Telegram: sputnik_africa,telegram,1,credited-by-mirror
south-sudan,2026-08-07,Telegram: africaninitiativeen,telegram,1,credited-by-mirror
south-sudan,2026-08-10,Telegram: africaninitiative,telegram,1,credited-by-mirror
south-sudan,2026-08-10,Telegram: rybar_africa,telegram,1,credited-by-mirror
spain,2026-08-01,Telegram: BalearesWWG1WGA,telegram,7,credited-by-mirror
spain,2026-08-01,Telegram: Laguaridadeldisidente,telegram,3,credited-by-mirror
spain,2026-08-01,Telegram: ViejosTerciosESP,telegram,21,credited-by-mirror
spain,2026-08-01,Telegram: elchicotriste,telegram,7,credited-by-mirror
spain,2026-08-01,Telegram: espana_eterna,telegram,6,credited-by-mirror
spain,2026-08-01,Telegram: rtnoticias,telegram,2,credited-by-mirror
spain,2026-08-01,Telegram: tass_es,telegram,6,credited-by-mirror
spain,2026-08-01,Telegram: tsanoticias,telegram,10,credited-by-mirror
spain,2026-08-01,actualidad.rt.com,domain,8,credited-by-mirror
spain,2026-08-02,Telegram: BalearesWWG1WGA,telegram,10,credited-by-mirror
spain,2026-08-02,Telegram: Laguaridadeldisidente,telegram,10,credited-by-mirror
spain,2026-08-02,Telegram: ViejosTerciosESP,telegram,12,credited-by-mirror
spain,2026-08-02,Telegram: elchicotriste,telegram,19,credited-by-mirror
spain,2026-08-02,Telegram: espana_eterna,telegram,6,credited-by-mirror
spain,2026-08-02,Telegram: rtnoticias,telegram,1,credited-by-mirror
spain,2026-08-02,Telegram: tass_es,telegram,6,credited-by-mirror
spain,2026-08-02,Telegram: tsanoticias,telegram,10,credited-by-mirror
spain,2026-08-02,actualidad.rt.com,domain,5,credited-by-mirror
spain,2026-08-03,Telegram: BalearesWWG1WGA,telegram,2,credited-by-mirror
spain,2026-08-03,Telegram: Laguaridadeldisidente,telegram,8,credited-by-mirror
spain,2026-08-03,Telegram: ViejosTerciosESP,telegram,36,credited-by-mirror
spain,2026-08-03,Telegram: elchicotriste,telegram,5,credited-by-mirror
spain,2026-08-03,Telegram: espana_eterna,telegram,10,credited-by-mirror
spain,2026-08-03,Telegram: tass_es,telegram,12,credited-by-mirror
spain,2026-08-03,Telegram: tsanoticias,telegram,11,credited-by-mirror
spain,2026-08-03,actualidad.rt.com,domain,4,credited-by-mirror
spain,2026-08-04,Telegram: BalearesWWG1WGA,telegram,6,credited-by-mirror
spain,2026-08-04,Telegram: Laguaridadeldisidente,telegram,5,credited-by-mirror
spain,2026-08-04,Telegram: ViejosTerciosESP,telegram,20,credited-by-mirror
spain,2026-08-04,Telegram: elchicotriste,telegram,4,credited-by-mirror
spain,2026-08-04,Telegram: espana_eterna,telegram,7,credited-by-mirror
spain,2026-08-04,Telegram: tass_es,telegram,13,credited-by-mirror
spain,2026-08-04,Telegram: tsanoticias,telegram,10,credited-by-mirror
spain,2026-08-04,actualidad.rt.com,domain,11,credited-by-mirror
spain,2026-08-05,Telegram: BalearesWWG1WGA,telegram,8,credited-by-mirror
spain,2026-08-05,Telegram: Laguaridadeldisidente,telegram,3,credited-by-mirror
spain,2026-08-05,Telegram: ViejosTerciosESP,telegram,7,credited-by-mirror
spain,2026-08-05,Telegram: elchicotriste,telegram,3,credited-by-mirror
spain,2026-08-05,Telegram: espana_eterna,telegram,8,credited-by-mirror
spain,2026-08-05,Telegram: tass_es,telegram,13,credited-by-mirror
spain,2026-08-05,Telegram: tsanoticias,telegram,17,credited-by-mirror
spain,2026-08-05,actualidad.rt.com,domain,6,credited-by-mirror
spain,2026-08-06,Telegram: BalearesWWG1WGA,telegram,5,credited-by-mirror
spain,2026-08-06,Telegram: Laguaridadeldisidente,telegram,3,credited-by-mirror
spain,2026-08-06,Telegram: ViejosTerciosESP,telegram,17,credited-by-mirror
spain,2026-08-06,Telegram: elchicotriste,telegram,2,credited-by-mirror
spain,2026-08-06,Telegram: espana_eterna,telegram,2,credited-by-mirror
spain,2026-08-06,Telegram: tass_es,telegram,12,credited-by-mirror
spain,2026-08-06,Telegram: tsanoticias,telegram,11,credited-by-mirror
spain,2026-08-06,actualidad.rt.com,domain,10,credited-by-mirror
spain,2026-08-07,Telegram: BalearesWWG1WGA,telegram,9,credited-by-mirror
spain,2026-08-07,Telegram: Laguaridadeldisidente,telegram,3,credited-by-mirror
spain,2026-08-07,Telegram: ViejosTerciosESP,telegram,10,credited-by-mirror
spain,2026-08-07,Telegram: elchicotriste,telegram,5,credited-by-mirror
spain,2026-08-07,Telegram: espana_eterna,telegram,11,credited-by-mirror
spain,2026-08-07,Telegram: rtnoticias,telegram,1,credited-by-mirror
spain,2026-08-07,Telegram: tass_es,telegram,15,credited-by-mirror
spain,2026-08-07,Telegram: tsanoticias,telegram,12,credited-by-mirror
spain,2026-08-07,actualidad.rt.com,domain,6,credited-by-mirror
spain,2026-08-08,Telegram: BalearesWWG1WGA,telegram,2,credited-by-mirror
spain,2026-08-08,Telegram: Laguaridadeldisidente,telegram,10,credited-by-mirror
spain,2026-08-08,Telegram: ViejosTerciosESP,telegram,30,credited-by-mirror
spain,2026-08-08,Telegram: elchicotriste,telegram,4,credited-by-mirror
spain,2026-08-08,Telegram: espana_eterna,telegram,7,credited-by-mirror
spain,2026-08-08,Telegram: tass_es,telegram,4,credited-by-mirror
spain,2026-08-08,Telegram: tsanoticias,telegram,2,credited-by-mirror
spain,2026-08-08,actualidad.rt.com,domain,4,credited-by-mirror
spain,2026-08-09,Telegram: BalearesWWG1WGA,telegram,11,credited-by-mirror
spain,2026-08-09,Telegram: Laguaridadeldisidente,telegram,9,credited-by-mirror
spain,2026-08-09,Telegram: ViejosTerciosESP,telegram,15,credited-by-mirror
spain,2026-08-09,Telegram: elchicotriste,telegram,4,credited-by-mirror
spain,2026-08-09,Telegram: espana_eterna,telegram,9,credited-by-mirror
spain,2026-08-09,Telegram: rtnoticias,telegram,2,credited-by-mirror
spain,2026-08-09,Telegram: tass_es,telegram,5,credited-by-mirror
spain,2026-08-09,Telegram: tsanoticias,telegram,6,credited-by-mirror
spain,2026-08-09,actualidad.rt.com,domain,5,credited-by-mirror
spain,2026-08-10,Telegram: BalearesWWG1WGA,telegram,6,credited-by-mirror
spain,2026-08-10,Telegram: Laguaridadeldisidente,telegram,2,credited-by-mirror
spain,2026-08-10,Telegram: ViejosTerciosESP,telegram,11,credited-by-mirror
spain,2026-08-10,Telegram: elchicotriste,telegram,4,credited-by-mirror
spain,2026-08-10,Telegram: espana_eterna,telegram,13,credited-by-mirror
spain,2026-08-10,Telegram: tass_es,telegram,12,credited-by-mirror
spain,2026-08-10,Telegram: tsanoticias,telegram,1,credited-by-mirror
spain,2026-08-10,actualidad.rt.com,domain,7,credited-by-mirror
spain,2026-08-11,Telegram: BalearesWWG1WGA,telegram,12,credited-by-mirror
spain,2026-08-11,Telegram: Laguaridadeldisidente,telegram,3,credited-by-mirror
spain,2026-08-11,Telegram: ViejosTerciosESP,telegram,20,credited-by-mirror
spain,2026-08-11,Telegram: elchicotriste,telegram,3,credited-by-mirror
spain,2026-08-11,Telegram: espana_eterna,telegram,9,credited-by-mirror
spain,2026-08-11,Telegram: rtnoticias,telegram,1,credited-by-mirror
spain,2026-08-11,Telegram: tass_es,telegram,12,credited-by-mirror
spain,2026-08-11,Telegram: tsanoticias,telegram,5,credited-by-mirror
spain,2026-08-11,actualidad.rt.com,domain,7,credited-by-mirror
spain,2026-08-12,Telegram: ViejosTerciosESP,telegram,1,credited-by-mirror
spain,2026-08-12,Telegram: rtnoticias,telegram,1,credited-by-mirror
spain,2026-08-12,Telegram: tass_es,telegram,1,credited-by-mirror
spanish,2026-08-01,Telegram: KaosCanal,telegram,9,credited-by-mirror
spanish,2026-08-01,Telegram: SputnikMundo,telegram,14,credited-by-mirror
spanish,2026-08-01,Telegram: guerrasygeo,telegram,17,credited-by-mirror
spanish,2026-08-01,Telegram: nuevo_orden_mundial_canal,telegram,3,credited-by-mirror
spanish,2026-08-01,Telegram: ophiucu,telegram,20,credited-by-mirror
spanish,2026-08-01,Telegram: rtnoticias,telegram,2,credited-by-mirror
spanish,2026-08-01,Telegram: tass_es,telegram,9,credited-by-mirror
spanish,2026-08-01,Telegram: wofnon,telegram,2,credited-by-mirror
spanish,2026-08-01,actualidad.rt.com,domain,30,credited-by-mirror
spanish,2026-08-02,Telegram: KaosCanal,telegram,5,credited-by-mirror
spanish,2026-08-02,Telegram: SputnikMundo,telegram,13,credited-by-mirror
spanish,2026-08-02,Telegram: guerrasygeo,telegram,14,credited-by-mirror
spanish,2026-08-02,Telegram: nuevo_orden_mundial_canal,telegram,7,credited-by-mirror
spanish,2026-08-02,Telegram: ophiucu,telegram,3,credited-by-mirror
spanish,2026-08-02,Telegram: rtnoticias,telegram,7,credited-by-mirror
spanish,2026-08-02,Telegram: tass_es,telegram,12,credited-by-mirror
spanish,2026-08-02,Telegram: wofnon,telegram,1,credited-by-mirror
spanish,2026-08-02,actualidad.rt.com,domain,32,credited-by-mirror
spanish,2026-08-03,Telegram: Eurekapress,telegram,4,credited-by-mirror
spanish,2026-08-03,Telegram: KaosCanal,telegram,1,credited-by-mirror
spanish,2026-08-03,Telegram: SputnikMundo,telegram,10,credited-by-mirror
spanish,2026-08-03,Telegram: guerrasygeo,telegram,5,credited-by-mirror
spanish,2026-08-03,Telegram: nuevo_orden_mundial_canal,telegram,10,credited-by-mirror
spanish,2026-08-03,Telegram: ophiucu,telegram,3,credited-by-mirror
spanish,2026-08-03,Telegram: rtnoticias,telegram,7,credited-by-mirror
spanish,2026-08-03,Telegram: tass_es,telegram,16,credited-by-mirror
spanish,2026-08-03,Telegram: wofnon,telegram,3,credited-by-mirror
spanish,2026-08-03,actualidad.rt.com,domain,29,credited-by-mirror
spanish,2026-08-04,Telegram: Eurekapress,telegram,4,credited-by-mirror
spanish,2026-08-04,Telegram: KaosCanal,telegram,6,credited-by-mirror
spanish,2026-08-04,Telegram: SputnikMundo,telegram,12,credited-by-mirror
spanish,2026-08-04,Telegram: guerrasygeo,telegram,15,credited-by-mirror
spanish,2026-08-04,Telegram: nuevo_orden_mundial_canal,telegram,4,credited-by-mirror
spanish,2026-08-04,Telegram: rtnoticias,telegram,5,credited-by-mirror
spanish,2026-08-04,Telegram: tass_es,telegram,18,credited-by-mirror
spanish,2026-08-04,Telegram: wofnon,telegram,3,credited-by-mirror
spanish,2026-08-04,actualidad.rt.com,domain,44,credited-by-mirror
spanish,2026-08-05,Telegram: Eurekapress,telegram,3,credited-by-mirror
spanish,2026-08-05,Telegram: KaosCanal,telegram,5,credited-by-mirror
spanish,2026-08-05,Telegram: SputnikMundo,telegram,12,credited-by-mirror
spanish,2026-08-05,Telegram: guerrasygeo,telegram,7,credited-by-mirror
spanish,2026-08-05,Telegram: ophiucu,telegram,4,credited-by-mirror
spanish,2026-08-05,Telegram: rtnoticias,telegram,5,credited-by-mirror
spanish,2026-08-05,Telegram: tass_es,telegram,19,credited-by-mirror
spanish,2026-08-05,Telegram: wofnon,telegram,2,credited-by-mirror
spanish,2026-08-05,actualidad.rt.com,domain,33,credited-by-mirror
spanish,2026-08-06,Telegram: KaosCanal,telegram,4,credited-by-mirror
spanish,2026-08-06,Telegram: SputnikMundo,telegram,12,credited-by-mirror
spanish,2026-08-06,Telegram: guerrasygeo,telegram,5,credited-by-mirror
spanish,2026-08-06,Telegram: nuevo_orden_mundial_canal,telegram,3,credited-by-mirror
spanish,2026-08-06,Telegram: rtnoticias,telegram,6,credited-by-mirror
spanish,2026-08-06,Telegram: tass_es,telegram,18,credited-by-mirror
spanish,2026-08-06,actualidad.rt.com,domain,37,credited-by-mirror
spanish,2026-08-07,Telegram: Eurekapress,telegram,5,credited-by-mirror
spanish,2026-08-07,Telegram: KaosCanal,telegram,8,credited-by-mirror
spanish,2026-08-07,Telegram: SputnikMundo,telegram,7,credited-by-mirror
spanish,2026-08-07,Telegram: guerrasygeo,telegram,10,credited-by-mirror
spanish,2026-08-07,Telegram: rtnoticias,telegram,2,credited-by-mirror
spanish,2026-08-07,Telegram: tass_es,telegram,17,credited-by-mirror
spanish,2026-08-07,actualidad.rt.com,domain,45,credited-by-mirror
spanish,2026-08-08,Telegram: Eurekapress,telegram,2,credited-by-mirror
spanish,2026-08-08,Telegram: KaosCanal,telegram,8,credited-by-mirror
spanish,2026-08-08,Telegram: SputnikMundo,telegram,10,credited-by-mirror
spanish,2026-08-08,Telegram: guerrasygeo,telegram,9,credited-by-mirror
spanish,2026-08-08,Telegram: nuevo_orden_mundial_canal,telegram,2,credited-by-mirror
spanish,2026-08-08,Telegram: rtnoticias,telegram,4,credited-by-mirror
spanish,2026-08-08,Telegram: tass_es,telegram,11,credited-by-mirror
spanish,2026-08-08,Telegram: wofnon,telegram,3,credited-by-mirror
spanish,2026-08-08,actualidad.rt.com,domain,31,credited-by-mirror
spanish,2026-08-09,Telegram: KaosCanal,telegram,2,credited-by-mirror
spanish,2026-08-09,Telegram: SputnikMundo,telegram,12,credited-by-mirror
spanish,2026-08-09,Telegram: guerrasygeo,telegram,7,credited-by-mirror
spanish,2026-08-09,Telegram: nuevo_orden_mundial_canal,telegram,2,credited-by-mirror
spanish,2026-08-09,Telegram: rtnoticias,telegram,8,credited-by-mirror
spanish,2026-08-09,Telegram: tass_es,telegram,13,credited-by-mirror
spanish,2026-08-09,Telegram: wofnon,telegram,3,credited-by-mirror
spanish,2026-08-09,actualidad.rt.com,domain,27,credited-by-mirror
spanish,2026-08-10,Telegram: Eurekapress,telegram,1,credited-by-mirror
spanish,2026-08-10,Telegram: KaosCanal,telegram,19,credited-by-mirror
spanish,2026-08-10,Telegram: SputnikMundo,telegram,6,credited-by-mirror
spanish,2026-08-10,Telegram: guerrasygeo,telegram,10,credited-by-mirror
spanish,2026-08-10,Telegram: nuevo_orden_mundial_canal,telegram,1,credited-by-mirror
spanish,2026-08-10,Telegram: rtnoticias,telegram,3,credited-by-mirror
spanish,2026-08-10,Telegram: tass_es,telegram,13,credited-by-mirror
spanish,2026-08-10,Telegram: wofnon,telegram,3,credited-by-mirror
spanish,2026-08-10,actualidad.rt.com,domain,42,credited-by-mirror
spanish,2026-08-11,Telegram: SputnikMundo,telegram,14,credited-by-mirror
spanish,2026-08-11,Telegram: guerrasygeo,telegram,8,credited-by-mirror
spanish,2026-08-11,Telegram: rtnoticias,telegram,5,credited-by-mirror
spanish,2026-08-11,Telegram: tass_es,telegram,14,credited-by-mirror
spanish,2026-08-11,Telegram: wofnon,telegram,1,credited-by-mirror
spanish,2026-08-11,actualidad.rt.com,domain,43,credited-by-mirror
spanish,2026-08-12,Telegram: KaosCanal,telegram,1,credited-by-mirror
spanish,2026-08-12,Telegram: SputnikMundo,telegram,8,credited-by-mirror
spanish,2026-08-12,Telegram: guerrasygeo,telegram,3,credited-by-mirror
spanish,2026-08-12,Telegram: nuevo_orden_mundial_canal,telegram,2,credited-by-mirror
spanish,2026-08-12,Telegram: ophiucu,telegram,1,credited-by-mirror
spanish,2026-08-12,Telegram: rtnoticias,telegram,4,credited-by-mirror
spanish,2026-08-12,Telegram: tass_es,telegram,5,credited-by-mirror
spanish,2026-08-12,actualidad.rt.com,domain,11,credited-by-mirror
srpska,2026-08-01,Telegram: RepublikaSrpska22,telegram,1,credited-by-mirror
srpska,2026-08-01,Telegram: faktorga,telegram,2,credited-by-mirror
srpska,2026-08-01,Telegram: istocni_front,telegram,1,credited-by-mirror
srpska,2026-08-02,Telegram: RepublikaSrpska22,telegram,1,credited-by-mirror
srpska,2026-08-02,Telegram: faktorga,telegram,5,credited-by-mirror
srpska,2026-08-02,Telegram: vestniksrb,telegram,1,credited-by-mirror
srpska,2026-08-03,Telegram: balkanar,telegram,2,credited-by-mirror
srpska,2026-08-03,Telegram: faktorga,telegram,1,credited-by-mirror
srpska,2026-08-04,Telegram: balkanar,telegram,1,credited-by-mirror
srpska,2026-08-04,Telegram: istocni_front,telegram,3,credited-by-mirror
srpska,2026-08-04,Telegram: rtbalkan,telegram,2,credited-by-mirror
srpska,2026-08-04,Telegram: vestniksrb,telegram,3,credited-by-mirror
srpska,2026-08-05,Telegram: RepublikaSrpska22,telegram,1,credited-by-mirror
srpska,2026-08-05,Telegram: balkanar,telegram,1,credited-by-mirror
srpska,2026-08-05,Telegram: faktorga,telegram,1,credited-by-mirror
srpska,2026-08-05,Telegram: istocni_front,telegram,2,credited-by-mirror
srpska,2026-08-06,Telegram: balkanar,telegram,2,credited-by-mirror
srpska,2026-08-06,Telegram: faktorga,telegram,1,credited-by-mirror
srpska,2026-08-06,Telegram: istocni_front,telegram,1,credited-by-mirror
srpska,2026-08-07,Telegram: SrbijaRusija,telegram,1,credited-by-mirror
srpska,2026-08-07,Telegram: faktorga,telegram,1,credited-by-mirror
srpska,2026-08-07,Telegram: vestniksrb,telegram,1,credited-by-mirror
srpska,2026-08-08,Telegram: RepublikaSrpska22,telegram,3,credited-by-mirror
srpska,2026-08-08,Telegram: istocni_front,telegram,1,credited-by-mirror
srpska,2026-08-09,Telegram: RepublikaSrpska22,telegram,1,credited-by-mirror
srpska,2026-08-09,Telegram: faktorga,telegram,2,credited-by-mirror
srpska,2026-08-10,Telegram: RepublikaSrpska22,telegram,1,credited-by-mirror
srpska,2026-08-11,Telegram: RepublikaSrpska22,telegram,2,credited-by-mirror
srpska,2026-08-11,Telegram: faktorga,telegram,1,credited-by-mirror
sudan,2026-08-01,Telegram: rtarabictelegram,telegram,3,credited-by-mirror
sudan,2026-08-01,Telegram: rybar_africa,telegram,1,credited-by-mirror
sudan,2026-08-01,ar.topwar.ru,domain,4,credited-by-mirror
sudan,2026-08-01,arabic.rt.com,domain,9,credited-by-mirror
sudan,2026-08-01,sarabic.ae,domain,2,credited-by-mirror
sudan,2026-08-02,Telegram: Sputnik_Arabic,telegram,1,credited-by-mirror
sudan,2026-08-02,Telegram: TSC_SUDAN,telegram,1,credited-by-mirror
sudan,2026-08-02,Telegram: rtarabictelegram,telegram,4,credited-by-mirror
sudan,2026-08-02,Telegram: rybar_africa,telegram,1,credited-by-mirror
sudan,2026-08-02,ar.topwar.ru,domain,1,credited-by-mirror
sudan,2026-08-02,arabic.rt.com,domain,4,credited-by-mirror
sudan,2026-08-02,sarabic.ae,domain,3,credited-by-mirror
sudan,2026-08-03,Telegram: rtarabictelegram,telegram,2,credited-by-mirror
sudan,2026-08-03,Telegram: rybar_africa,telegram,2,credited-by-mirror
sudan,2026-08-03,afrinz.ru,domain,2,credited-by-mirror
sudan,2026-08-03,ar.topwar.ru,domain,1,credited-by-mirror
sudan,2026-08-03,arabic.rt.com,domain,10,credited-by-mirror
sudan,2026-08-03,sarabic.ae,domain,3,credited-by-mirror
sudan,2026-08-04,Telegram: Sputnik_Arabic,telegram,1,credited-by-mirror
sudan,2026-08-04,Telegram: rtarabictelegram,telegram,2,credited-by-mirror
sudan,2026-08-04,Telegram: tass_ar,telegram,2,credited-by-mirror
sudan,2026-08-04,afrinz.ru,domain,4,credited-by-mirror
sudan,2026-08-04,ar.topwar.ru,domain,1,credited-by-mirror
sudan,2026-08-04,arabic.rt.com,domain,7,credited-by-mirror
sudan,2026-08-04,sarabic.ae,domain,3,credited-by-mirror
sudan,2026-08-05,Telegram: rtarabictelegram,telegram,3,credited-by-mirror
sudan,2026-08-05,Telegram: rybar_africa,telegram,1,credited-by-mirror
sudan,2026-08-05,afrinz.ru,domain,2,credited-by-mirror
sudan,2026-08-05,ar.topwar.ru,domain,3,credited-by-mirror
sudan,2026-08-05,arabic.rt.com,domain,12,credited-by-mirror
sudan,2026-08-06,Telegram: Sputnik_Arabic,telegram,1,credited-by-mirror
sudan,2026-08-06,Telegram: rtarabictelegram,telegram,5,credited-by-mirror
sudan,2026-08-06,Telegram: rybar_africa,telegram,1,credited-by-mirror
sudan,2026-08-06,Telegram: tass_ar,telegram,1,credited-by-mirror
sudan,2026-08-06,afrinz.ru,domain,3,credited-by-mirror
sudan,2026-08-06,ar.topwar.ru,domain,7,credited-by-mirror
sudan,2026-08-06,arabic.rt.com,domain,13,credited-by-mirror
sudan,2026-08-06,sarabic.ae,domain,6,credited-by-mirror
sudan,2026-08-07,Telegram: rtarabictelegram,telegram,6,credited-by-mirror
sudan,2026-08-07,Telegram: tass_ar,telegram,1,credited-by-mirror
sudan,2026-08-07,ar.topwar.ru,domain,2,credited-by-mirror
sudan,2026-08-07,arabic.rt.com,domain,15,credited-by-mirror
sudan,2026-08-07,sarabic.ae,domain,1,credited-by-mirror
sudan,2026-08-08,Telegram: rtarabictelegram,telegram,4,credited-by-mirror
sudan,2026-08-08,Telegram: rybar_africa,telegram,1,credited-by-mirror
sudan,2026-08-08,ar.topwar.ru,domain,5,credited-by-mirror
sudan,2026-08-08,arabic.rt.com,domain,10,credited-by-mirror
sudan,2026-08-08,sarabic.ae,domain,2,credited-by-mirror
sudan,2026-08-09,Telegram: rtarabictelegram,telegram,3,credited-by-mirror
sudan,2026-08-09,Telegram: rybar_africa,telegram,1,credited-by-mirror
sudan,2026-08-09,Telegram: tass_ar,telegram,1,credited-by-mirror
sudan,2026-08-09,ar.topwar.ru,domain,1,credited-by-mirror
sudan,2026-08-09,arabic.rt.com,domain,8,credited-by-mirror
sudan,2026-08-09,sarabic.ae,domain,1,credited-by-mirror
sudan,2026-08-10,Telegram: Sputnik_Arabic,telegram,3,credited-by-mirror
sudan,2026-08-10,Telegram: rtarabictelegram,telegram,3,credited-by-mirror
sudan,2026-08-10,Telegram: rybar_africa,telegram,4,credited-by-mirror
sudan,2026-08-10,Telegram: tass_ar,telegram,3,credited-by-mirror
sudan,2026-08-10,afrinz.ru,domain,2,credited-by-mirror
sudan,2026-08-10,ar.topwar.ru,domain,3,credited-by-mirror
sudan,2026-08-10,arabic.rt.com,domain,8,credited-by-mirror
sudan,2026-08-10,sarabic.ae,domain,4,credited-by-mirror
sudan,2026-08-11,Telegram: Sputnik_Arabic,telegram,1,credited-by-mirror
sudan,2026-08-11,Telegram: rtarabictelegram,telegram,1,credited-by-mirror
sudan,2026-08-11,Telegram: tass_ar,telegram,1,credited-by-mirror
sudan,2026-08-11,afrinz.ru,domain,3,credited-by-mirror
sudan,2026-08-11,ar.topwar.ru,domain,2,credited-by-mirror
sudan,2026-08-11,arabic.rt.com,domain,12,credited-by-mirror
sudan,2026-08-11,sarabic.ae,domain,2,credited-by-mirror
sudan,2026-08-12,Telegram: rtarabictelegram,telegram,2,credited-by-mirror
sudan,2026-08-12,ar.topwar.ru,domain,1,credited-by-mirror
sudan,2026-08-12,arabic.rt.com,domain,2,credited-by-mirror
sweden,2026-08-01,Telegram: InfodefSCANDINAVIA,telegram,15,credited-by-mirror
sweden,2026-08-02,Telegram: InfodefSCANDINAVIA,telegram,13,credited-by-mirror
sweden,2026-08-03,Telegram: InfodefSCANDINAVIA,telegram,13,credited-by-mirror
sweden,2026-08-03,Telegram: surf_noise_swe1,telegram,2,credited-by-mirror
sweden,2026-08-04,Telegram: InfodefSCANDINAVIA,telegram,14,credited-by-mirror
sweden,2026-08-04,Telegram: surf_noise_swe1,telegram,1,credited-by-mirror
sweden,2026-08-05,Telegram: InfodefSCANDINAVIA,telegram,11,credited-by-mirror
sweden,2026-08-05,Telegram: surf_noise_swe1,telegram,2,credited-by-mirror
sweden,2026-08-06,Telegram: InfodefSCANDINAVIA,telegram,11,credited-by-mirror
sweden,2026-08-06,Telegram: ostashkonews,telegram,1,credited-by-mirror
sweden,2026-08-06,Telegram: surf_noise_swe1,telegram,1,credited-by-mirror
sweden,2026-08-07,Telegram: InfodefSCANDINAVIA,telegram,10,credited-by-mirror
sweden,2026-08-07,Telegram: surf_noise_swe1,telegram,1,credited-by-mirror
sweden,2026-08-08,Telegram: InfodefSCANDINAVIA,telegram,12,credited-by-mirror
sweden,2026-08-08,Telegram: surf_noise_swe1,telegram,5,credited-by-mirror
sweden,2026-08-09,Telegram: InfodefSCANDINAVIA,telegram,15,credited-by-mirror
sweden,2026-08-09,Telegram: rusembswe,telegram,2,credited-by-mirror
sweden,2026-08-10,Telegram: InfodefSCANDINAVIA,telegram,14,credited-by-mirror
sweden,2026-08-10,Telegram: surf_noise_swe1,telegram,3,credited-by-mirror
sweden,2026-08-11,Telegram: InfodefSCANDINAVIA,telegram,13,credited-by-mirror
sweden,2026-08-11,Telegram: surf_noise_swe1,telegram,2,credited-by-mirror
sweden,2026-08-12,Telegram: InfodefSCANDINAVIA,telegram,2,credited-by-mirror
sweden,2026-08-12,Telegram: rusembswe,telegram,2,credited-by-mirror
switzerland,2026-08-01,Telegram: nowosti_CH,telegram,3,credited-by-mirror
switzerland,2026-08-01,Telegram: rt_de,telegram,2,credited-by-mirror
switzerland,2026-08-01,de.rt.com,domain,4,credited-by-mirror
switzerland,2026-08-01,de.topwar.ru,domain,2,credited-by-mirror
switzerland,2026-08-02,Telegram: nowosti_CH,telegram,2,credited-by-mirror
switzerland,2026-08-03,Telegram: nowosti_CH,telegram,3,credited-by-mirror
switzerland,2026-08-03,Telegram: rt_de,telegram,1,credited-by-mirror
switzerland,2026-08-03,Telegram: uncut_news,telegram,1,credited-by-mirror
switzerland,2026-08-03,de.rt.com,domain,2,credited-by-mirror
switzerland,2026-08-04,Telegram: nowosti_CH,telegram,4,credited-by-mirror
switzerland,2026-08-04,Telegram: rt_de,telegram,1,credited-by-mirror
switzerland,2026-08-04,de.rt.com,domain,1,credited-by-mirror
switzerland,2026-08-05,Telegram: RussiaGeneva,telegram,2,credited-by-mirror
switzerland,2026-08-05,Telegram: nowosti_CH,telegram,4,credited-by-mirror
switzerland,2026-08-05,Telegram: rt_de,telegram,1,credited-by-mirror
switzerland,2026-08-05,Telegram: uncut_news,telegram,2,credited-by-mirror
switzerland,2026-08-05,de.rt.com,domain,1,credited-by-mirror
switzerland,2026-08-05,de.topwar.ru,domain,2,credited-by-mirror
switzerland,2026-08-06,Telegram: nowosti_CH,telegram,3,credited-by-mirror
switzerland,2026-08-06,Telegram: rt_de,telegram,2,credited-by-mirror
switzerland,2026-08-06,de.rt.com,domain,2,credited-by-mirror
switzerland,2026-08-07,Telegram: RussiaGeneva,telegram,1,credited-by-mirror
switzerland,2026-08-07,Telegram: lomovkaa,telegram,1,credited-by-mirror
switzerland,2026-08-07,Telegram: nowosti_CH,telegram,4,credited-by-mirror
switzerland,2026-08-07,Telegram: rt_de,telegram,3,credited-by-mirror
switzerland,2026-08-07,de.rt.com,domain,3,credited-by-mirror
switzerland,2026-08-08,Telegram: nowosti_CH,telegram,1,credited-by-mirror
switzerland,2026-08-09,Telegram: nowosti_CH,telegram,3,credited-by-mirror
switzerland,2026-08-10,Telegram: RussiaGeneva,telegram,1,credited-by-mirror
switzerland,2026-08-10,Telegram: nowosti_CH,telegram,3,credited-by-mirror
switzerland,2026-08-10,de.topwar.ru,domain,1,credited-by-mirror
switzerland,2026-08-11,Telegram: nowosti_CH,telegram,2,credited-by-mirror
switzerland,2026-08-11,Telegram: rt_de,telegram,1,credited-by-mirror
switzerland,2026-08-11,de.rt.com,domain,2,credited-by-mirror
switzerland,2026-08-11,de.topwar.ru,domain,2,credited-by-mirror
switzerland,2026-08-12,Telegram: nowosti_CH,telegram,1,credited-by-mirror
syria,2026-08-01,Telegram: RiaArabic,telegram,13,credited-by-mirror
syria,2026-08-01,Telegram: Sputnik_Arabic,telegram,37,credited-by-mirror
syria,2026-08-01,Telegram: rtarabicalgeria,telegram,20,credited-by-mirror
syria,2026-08-01,Telegram: rtarabicnewsroom,telegram,36,credited-by-mirror
syria,2026-08-01,Telegram: rtarabictelegram,telegram,99,credited-by-mirror
syria,2026-08-01,Telegram: tass_ar,telegram,18,credited-by-mirror
syria,2026-08-01,Telegram: ukr_leaks_ara,telegram,9,credited-by-mirror
syria,2026-08-01,ar.topwar.ru,domain,40,credited-by-mirror
syria,2026-08-01,arabic.rt.com,domain,5,credited-by-mirror
syria,2026-08-01,sarabic.ae,domain,60,credited-by-mirror
syria,2026-08-02,Telegram: RiaArabic,telegram,11,credited-by-mirror
syria,2026-08-02,Telegram: Sputnik_Arabic,telegram,44,credited-by-mirror
syria,2026-08-02,Telegram: rtarabicalgeria,telegram,28,credited-by-mirror
syria,2026-08-02,Telegram: rtarabicnewsroom,telegram,35,credited-by-mirror
syria,2026-08-02,Telegram: rtarabictelegram,telegram,111,credited-by-mirror
syria,2026-08-02,Telegram: tass_ar,telegram,23,credited-by-mirror
syria,2026-08-02,Telegram: ukr_leaks_ara,telegram,20,credited-by-mirror
syria,2026-08-02,ar.topwar.ru,domain,23,credited-by-mirror
syria,2026-08-02,arabic.rt.com,domain,12,credited-by-mirror
syria,2026-08-02,sarabic.ae,domain,52,credited-by-mirror
syria,2026-08-03,Telegram: RiaArabic,telegram,17,credited-by-mirror
syria,2026-08-03,Telegram: Sputnik_Arabic,telegram,40,credited-by-mirror
syria,2026-08-03,Telegram: rtarabicalgeria,telegram,14,credited-by-mirror
syria,2026-08-03,Telegram: rtarabicnewsroom,telegram,24,credited-by-mirror
syria,2026-08-03,Telegram: rtarabictelegram,telegram,83,credited-by-mirror
syria,2026-08-03,Telegram: tass_ar,telegram,31,credited-by-mirror
syria,2026-08-03,Telegram: ukr_leaks_ara,telegram,11,credited-by-mirror
syria,2026-08-03,ar.topwar.ru,domain,23,credited-by-mirror
syria,2026-08-03,arabic.rt.com,domain,9,credited-by-mirror
syria,2026-08-03,sarabic.ae,domain,50,credited-by-mirror
syria,2026-08-04,Telegram: RiaArabic,telegram,14,credited-by-mirror
syria,2026-08-04,Telegram: Sputnik_Arabic,telegram,35,credited-by-mirror
syria,2026-08-04,Telegram: rtarabicalgeria,telegram,26,credited-by-mirror
syria,2026-08-04,Telegram: rtarabicnewsroom,telegram,23,credited-by-mirror
syria,2026-08-04,Telegram: rtarabictelegram,telegram,81,credited-by-mirror
syria,2026-08-04,Telegram: tass_ar,telegram,32,credited-by-mirror
syria,2026-08-04,Telegram: ukr_leaks_ara,telegram,12,credited-by-mirror
syria,2026-08-04,ar.topwar.ru,domain,38,credited-by-mirror
syria,2026-08-04,arabic.rt.com,domain,9,credited-by-mirror
syria,2026-08-04,sarabic.ae,domain,49,credited-by-mirror
syria,2026-08-05,Telegram: RiaArabic,telegram,24,credited-by-mirror
syria,2026-08-05,Telegram: Sputnik_Arabic,telegram,32,credited-by-mirror
syria,2026-08-05,Telegram: rtarabicalgeria,telegram,21,credited-by-mirror
syria,2026-08-05,Telegram: rtarabicnewsroom,telegram,17,credited-by-mirror
syria,2026-08-05,Telegram: rtarabictelegram,telegram,96,credited-by-mirror
syria,2026-08-05,Telegram: tass_ar,telegram,34,credited-by-mirror
syria,2026-08-05,Telegram: ukr_leaks_ara,telegram,15,credited-by-mirror
syria,2026-08-05,ar.topwar.ru,domain,40,credited-by-mirror
syria,2026-08-05,arabic.rt.com,domain,12,credited-by-mirror
syria,2026-08-05,sarabic.ae,domain,49,credited-by-mirror
syria,2026-08-06,Telegram: RiaArabic,telegram,14,credited-by-mirror
syria,2026-08-06,Telegram: Sputnik_Arabic,telegram,22,credited-by-mirror
syria,2026-08-06,Telegram: rtarabicalgeria,telegram,25,credited-by-mirror
syria,2026-08-06,Telegram: rtarabicnewsroom,telegram,13,credited-by-mirror
syria,2026-08-06,Telegram: rtarabictelegram,telegram,100,credited-by-mirror
syria,2026-08-06,Telegram: tass_ar,telegram,37,credited-by-mirror
syria,2026-08-06,Telegram: ukr_leaks_ara,telegram,15,credited-by-mirror
syria,2026-08-06,ar.topwar.ru,domain,34,credited-by-mirror
syria,2026-08-06,arabic.rt.com,domain,13,credited-by-mirror
syria,2026-08-06,sarabic.ae,domain,49,credited-by-mirror
syria,2026-08-07,Telegram: RiaArabic,telegram,15,credited-by-mirror
syria,2026-08-07,Telegram: Sputnik_Arabic,telegram,17,credited-by-mirror
syria,2026-08-07,Telegram: rtarabicalgeria,telegram,22,credited-by-mirror
syria,2026-08-07,Telegram: rtarabicnewsroom,telegram,5,credited-by-mirror
syria,2026-08-07,Telegram: rtarabictelegram,telegram,102,credited-by-mirror
syria,2026-08-07,Telegram: tass_ar,telegram,33,credited-by-mirror
syria,2026-08-07,Telegram: ukr_leaks_ara,telegram,13,credited-by-mirror
syria,2026-08-07,ar.topwar.ru,domain,40,credited-by-mirror
syria,2026-08-07,arabic.rt.com,domain,15,credited-by-mirror
syria,2026-08-07,sarabic.ae,domain,65,credited-by-mirror
syria,2026-08-08,Telegram: RiaArabic,telegram,18,credited-by-mirror
syria,2026-08-08,Telegram: Sputnik_Arabic,telegram,29,credited-by-mirror
syria,2026-08-08,Telegram: rtarabicalgeria,telegram,26,credited-by-mirror
syria,2026-08-08,Telegram: rtarabicnewsroom,telegram,17,credited-by-mirror
syria,2026-08-08,Telegram: rtarabictelegram,telegram,95,credited-by-mirror
syria,2026-08-08,Telegram: tass_ar,telegram,13,credited-by-mirror
syria,2026-08-08,Telegram: ukr_leaks_ara,telegram,14,credited-by-mirror
syria,2026-08-08,ar.topwar.ru,domain,40,credited-by-mirror
syria,2026-08-08,arabic.rt.com,domain,12,credited-by-mirror
syria,2026-08-08,sarabic.ae,domain,60,credited-by-mirror
syria,2026-08-09,Telegram: RiaArabic,telegram,10,credited-by-mirror
syria,2026-08-09,Telegram: Sputnik_Arabic,telegram,42,credited-by-mirror
syria,2026-08-09,Telegram: rtarabicalgeria,telegram,19,credited-by-mirror
syria,2026-08-09,Telegram: rtarabicnewsroom,telegram,29,credited-by-mirror
syria,2026-08-09,Telegram: rtarabictelegram,telegram,88,credited-by-mirror
syria,2026-08-09,Telegram: tass_ar,telegram,23,credited-by-mirror
syria,2026-08-09,Telegram: ukr_leaks_ara,telegram,11,credited-by-mirror
syria,2026-08-09,ar.topwar.ru,domain,25,credited-by-mirror
syria,2026-08-09,arabic.rt.com,domain,8,credited-by-mirror
syria,2026-08-09,sarabic.ae,domain,36,credited-by-mirror
syria,2026-08-10,Telegram: RiaArabic,telegram,16,credited-by-mirror
syria,2026-08-10,Telegram: Sputnik_Arabic,telegram,42,credited-by-mirror
syria,2026-08-10,Telegram: rtarabicalgeria,telegram,15,credited-by-mirror
syria,2026-08-10,Telegram: rtarabicnewsroom,telegram,25,credited-by-mirror
syria,2026-08-10,Telegram: rtarabictelegram,telegram,90,credited-by-mirror
syria,2026-08-10,Telegram: tass_ar,telegram,35,credited-by-mirror
syria,2026-08-10,Telegram: ukr_leaks_ara,telegram,13,credited-by-mirror
syria,2026-08-10,ar.topwar.ru,domain,32,credited-by-mirror
syria,2026-08-10,arabic.rt.com,domain,14,credited-by-mirror
syria,2026-08-10,sarabic.ae,domain,46,credited-by-mirror
syria,2026-08-11,Telegram: RiaArabic,telegram,13,credited-by-mirror
syria,2026-08-11,Telegram: Sputnik_Arabic,telegram,26,credited-by-mirror
syria,2026-08-11,Telegram: rtarabicalgeria,telegram,17,credited-by-mirror
syria,2026-08-11,Telegram: rtarabicnewsroom,telegram,28,credited-by-mirror
syria,2026-08-11,Telegram: rtarabictelegram,telegram,104,credited-by-mirror
syria,2026-08-11,Telegram: tass_ar,telegram,30,credited-by-mirror
syria,2026-08-11,Telegram: ukr_leaks_ara,telegram,13,credited-by-mirror
syria,2026-08-11,ar.topwar.ru,domain,42,credited-by-mirror
syria,2026-08-11,arabic.rt.com,domain,13,credited-by-mirror
syria,2026-08-11,sarabic.ae,domain,39,credited-by-mirror
syria,2026-08-12,Telegram: RiaArabic,telegram,1,credited-by-mirror
syria,2026-08-12,Telegram: Sputnik_Arabic,telegram,15,credited-by-mirror
syria,2026-08-12,Telegram: rtarabicnewsroom,telegram,1,credited-by-mirror
syria,2026-08-12,Telegram: rtarabictelegram,telegram,39,credited-by-mirror
syria,2026-08-12,Telegram: tass_ar,telegram,4,credited-by-mirror
syria,2026-08-12,Telegram: ukr_leaks_ara,telegram,4,credited-by-mirror
syria,2026-08-12,ar.topwar.ru,domain,14,credited-by-mirror
syria,2026-08-12,arabic.rt.com,domain,3,credited-by-mirror
syria,2026-08-12,sarabic.ae,domain,12,credited-by-mirror
taiwan,2026-08-01,Telegram: InfoDefCHINA,telegram,3,credited-by-mirror
taiwan,2026-08-01,Telegram: rybar_pacific,telegram,1,credited-by-mirror
taiwan,2026-08-01,zh-cn.topwar.ru,domain,33,credited-by-mirror
taiwan,2026-08-02,Telegram: rybar_pacific,telegram,2,credited-by-mirror
taiwan,2026-08-02,Telegram: ukr_leaks_cn,telegram,6,credited-by-mirror
taiwan,2026-08-02,zh-cn.topwar.ru,domain,29,credited-by-mirror
taiwan,2026-08-03,Telegram: rybar_pacific,telegram,1,credited-by-mirror
taiwan,2026-08-03,Telegram: ukr_leaks_cn,telegram,5,credited-by-mirror
taiwan,2026-08-03,sputniknews.cn,domain,1,credited-by-mirror
taiwan,2026-08-03,zh-cn.topwar.ru,domain,35,credited-by-mirror
taiwan,2026-08-04,Telegram: InfoDefCHINA,telegram,2,credited-by-mirror
taiwan,2026-08-04,Telegram: lomovkaa,telegram,1,credited-by-mirror
taiwan,2026-08-04,Telegram: rybar_pacific,telegram,2,credited-by-mirror
taiwan,2026-08-04,sputniknews.cn,domain,1,credited-by-mirror
taiwan,2026-08-04,zh-cn.topwar.ru,domain,53,credited-by-mirror
taiwan,2026-08-05,Telegram: rybar_pacific,telegram,1,credited-by-mirror
taiwan,2026-08-05,Telegram: ukr_leaks_cn,telegram,6,credited-by-mirror
taiwan,2026-08-05,sputniknews.cn,domain,1,credited-by-mirror
taiwan,2026-08-05,zh-cn.topwar.ru,domain,54,credited-by-mirror
taiwan,2026-08-06,Telegram: rybar_pacific,telegram,1,credited-by-mirror
taiwan,2026-08-06,sputniknews.cn,domain,1,credited-by-mirror
taiwan,2026-08-06,zh-cn.topwar.ru,domain,48,credited-by-mirror
taiwan,2026-08-07,Telegram: rybar_pacific,telegram,4,credited-by-mirror
taiwan,2026-08-07,Telegram: ukr_leaks_cn,telegram,3,credited-by-mirror
taiwan,2026-08-07,sputniknews.cn,domain,1,credited-by-mirror
taiwan,2026-08-07,zh-cn.topwar.ru,domain,43,credited-by-mirror
taiwan,2026-08-08,Telegram: rybar_pacific,telegram,1,credited-by-mirror
taiwan,2026-08-08,Telegram: ukr_leaks_cn,telegram,3,credited-by-mirror
taiwan,2026-08-08,zh-cn.topwar.ru,domain,39,credited-by-mirror
taiwan,2026-08-09,Telegram: rybar_pacific,telegram,1,credited-by-mirror
taiwan,2026-08-09,Telegram: ukr_leaks_cn,telegram,5,credited-by-mirror
taiwan,2026-08-09,zh-cn.topwar.ru,domain,34,credited-by-mirror
taiwan,2026-08-10,Telegram: InfoDefCHINA,telegram,1,credited-by-mirror
taiwan,2026-08-10,Telegram: rybar_pacific,telegram,1,credited-by-mirror
taiwan,2026-08-10,Telegram: ukr_leaks_cn,telegram,3,credited-by-mirror
taiwan,2026-08-10,sputniknews.cn,domain,1,credited-by-mirror
taiwan,2026-08-10,zh-cn.topwar.ru,domain,48,credited-by-mirror
taiwan,2026-08-11,Telegram: ukr_leaks_cn,telegram,3,credited-by-mirror
taiwan,2026-08-11,zh-cn.topwar.ru,domain,58,credited-by-mirror
taiwan,2026-08-12,zh-cn.topwar.ru,domain,14,credited-by-mirror
trump,2026-08-01,Telegram: SGTnewsNetwork,telegram,23,credited-by-mirror
trump,2026-08-01,Telegram: SolovievLive,telegram,3,credited-by-mirror
trump,2026-08-01,Telegram: llordofwar,telegram,9,credited-by-mirror
trump,2026-08-01,Telegram: lomovkaa,telegram,2,credited-by-mirror
trump,2026-08-01,Telegram: ostashkonews,telegram,1,credited-by-mirror
trump,2026-08-01,Telegram: rianovostiAmerica,telegram,1,credited-by-mirror
trump,2026-08-01,Telegram: rtnews,telegram,1,credited-by-mirror
trump,2026-08-01,Telegram: tassagency_en,telegram,4,credited-by-mirror
trump,2026-08-01,en.topwar.ru,domain,6,credited-by-mirror
trump,2026-08-01,swentr.site,domain,7,credited-by-mirror
trump,2026-08-02,Telegram: SGTnewsNetwork,telegram,14,credited-by-mirror
trump,2026-08-02,Telegram: SolovievLive,telegram,5,credited-by-mirror
trump,2026-08-02,Telegram: llordofwar,telegram,6,credited-by-mirror
trump,2026-08-02,Telegram: lomovkaa,telegram,5,credited-by-mirror
trump,2026-08-02,Telegram: ostashkonews,telegram,4,credited-by-mirror
trump,2026-08-02,Telegram: rianovostiAmerica,telegram,5,credited-by-mirror
trump,2026-08-02,Telegram: tassagency_en,telegram,1,credited-by-mirror
trump,2026-08-02,en.topwar.ru,domain,8,credited-by-mirror
trump,2026-08-02,swentr.site,domain,4,credited-by-mirror
trump,2026-08-03,Telegram: SGTnewsNetwork,telegram,42,credited-by-mirror
trump,2026-08-03,Telegram: SolovievLive,telegram,4,credited-by-mirror
trump,2026-08-03,Telegram: llordofwar,telegram,13,credited-by-mirror
trump,2026-08-03,Telegram: lomovkaa,telegram,2,credited-by-mirror
trump,2026-08-03,Telegram: ostashkonews,telegram,4,credited-by-mirror
trump,2026-08-03,Telegram: rianovostiAmerica,telegram,2,credited-by-mirror
trump,2026-08-03,Telegram: tassagency_en,telegram,8,credited-by-mirror
trump,2026-08-03,en.topwar.ru,domain,7,credited-by-mirror
trump,2026-08-03,swentr.site,domain,3,credited-by-mirror
trump,2026-08-04,Telegram: SGTnewsNetwork,telegram,23,credited-by-mirror
trump,2026-08-04,Telegram: SolovievLive,telegram,3,credited-by-mirror
trump,2026-08-04,Telegram: llordofwar,telegram,9,credited-by-mirror
trump,2026-08-04,Telegram: lomovkaa,telegram,4,credited-by-mirror
trump,2026-08-04,Telegram: rianovostiAmerica,telegram,3,credited-by-mirror
trump,2026-08-04,Telegram: tassagency_en,telegram,2,credited-by-mirror
trump,2026-08-04,en.topwar.ru,domain,2,credited-by-mirror
trump,2026-08-04,swentr.site,domain,3,credited-by-mirror
trump,2026-08-05,Telegram: SGTnewsNetwork,telegram,19,credited-by-mirror
trump,2026-08-05,Telegram: SolovievLive,telegram,3,credited-by-mirror
trump,2026-08-05,Telegram: llordofwar,telegram,6,credited-by-mirror
trump,2026-08-05,Telegram: lomovkaa,telegram,2,credited-by-mirror
trump,2026-08-05,Telegram: ostashkonews,telegram,3,credited-by-mirror
trump,2026-08-05,Telegram: rianovostiAmerica,telegram,5,credited-by-mirror
trump,2026-08-05,Telegram: tassagency_en,telegram,7,credited-by-mirror
trump,2026-08-05,en.topwar.ru,domain,10,credited-by-mirror
trump,2026-08-05,swentr.site,domain,10,credited-by-mirror
trump,2026-08-06,Telegram: SGTnewsNetwork,telegram,6,credited-by-mirror
trump,2026-08-06,Telegram: SolovievLive,telegram,5,credited-by-mirror
trump,2026-08-06,Telegram: llordofwar,telegram,7,credited-by-mirror
trump,2026-08-06,Telegram: lomovkaa,telegram,6,credited-by-mirror
trump,2026-08-06,Telegram: rianovostiAmerica,telegram,5,credited-by-mirror
trump,2026-08-06,Telegram: tassagency_en,telegram,7,credited-by-mirror
trump,2026-08-06,en.topwar.ru,domain,11,credited-by-mirror
trump,2026-08-06,swentr.site,domain,8,credited-by-mirror
trump,2026-08-07,Telegram: SGTnewsNetwork,telegram,8,credited-by-mirror
trump,2026-08-07,Telegram: SolovievLive,telegram,4,credited-by-mirror
trump,2026-08-07,Telegram: llordofwar,telegram,6,credited-by-mirror
trump,2026-08-07,Telegram: lomovkaa,telegram,4,credited-by-mirror
trump,2026-08-07,Telegram: ostashkonews,telegram,2,credited-by-mirror
trump,2026-08-07,Telegram: rianovostiAmerica,telegram,4,credited-by-mirror
trump,2026-08-07,Telegram: tassagency_en,telegram,9,credited-by-mirror
trump,2026-08-07,en.topwar.ru,domain,5,credited-by-mirror
trump,2026-08-07,swentr.site,domain,13,credited-by-mirror
trump,2026-08-08,Telegram: SGTnewsNetwork,telegram,15,credited-by-mirror
trump,2026-08-08,Telegram: SolovievLive,telegram,4,credited-by-mirror
trump,2026-08-08,Telegram: llordofwar,telegram,1,credited-by-mirror
trump,2026-08-08,Telegram: lomovkaa,telegram,2,credited-by-mirror
trump,2026-08-08,Telegram: tassagency_en,telegram,4,credited-by-mirror
trump,2026-08-08,en.topwar.ru,domain,8,credited-by-mirror
trump,2026-08-08,swentr.site,domain,6,credited-by-mirror
trump,2026-08-09,Telegram: SGTnewsNetwork,telegram,27,credited-by-mirror
trump,2026-08-09,Telegram: SolovievLive,telegram,1,credited-by-mirror
trump,2026-08-09,Telegram: llordofwar,telegram,7,credited-by-mirror
trump,2026-08-09,Telegram: lomovkaa,telegram,2,credited-by-mirror
trump,2026-08-09,Telegram: ostashkonews,telegram,1,credited-by-mirror
trump,2026-08-09,Telegram: tassagency_en,telegram,3,credited-by-mirror
trump,2026-08-09,en.topwar.ru,domain,7,credited-by-mirror
trump,2026-08-09,swentr.site,domain,3,credited-by-mirror
trump,2026-08-10,Telegram: SGTnewsNetwork,telegram,31,credited-by-mirror
trump,2026-08-10,Telegram: SolovievLive,telegram,2,credited-by-mirror
trump,2026-08-10,Telegram: llordofwar,telegram,12,credited-by-mirror
trump,2026-08-10,Telegram: lomovkaa,telegram,6,credited-by-mirror
trump,2026-08-10,Telegram: ostashkonews,telegram,1,credited-by-mirror
trump,2026-08-10,Telegram: rianovostiAmerica,telegram,3,credited-by-mirror
trump,2026-08-10,Telegram: tassagency_en,telegram,3,credited-by-mirror
trump,2026-08-10,en.topwar.ru,domain,11,credited-by-mirror
trump,2026-08-10,swentr.site,domain,4,credited-by-mirror
trump,2026-08-11,Telegram: SGTnewsNetwork,telegram,38,credited-by-mirror
trump,2026-08-11,Telegram: SolovievLive,telegram,6,credited-by-mirror
trump,2026-08-11,Telegram: llordofwar,telegram,9,credited-by-mirror
trump,2026-08-11,Telegram: lomovkaa,telegram,3,credited-by-mirror
trump,2026-08-11,Telegram: ostashkonews,telegram,5,credited-by-mirror
trump,2026-08-11,Telegram: rianovostiAmerica,telegram,5,credited-by-mirror
trump,2026-08-11,Telegram: tassagency_en,telegram,9,credited-by-mirror
trump,2026-08-11,en.topwar.ru,domain,8,credited-by-mirror
trump,2026-08-11,swentr.site,domain,3,credited-by-mirror
trump,2026-08-12,Telegram: SGTnewsNetwork,telegram,21,credited-by-mirror
trump,2026-08-12,Telegram: llordofwar,telegram,2,credited-by-mirror
trump,2026-08-12,Telegram: lomovkaa,telegram,1,credited-by-mirror
trump,2026-08-12,Telegram: rianovostiAmerica,telegram,1,credited-by-mirror
trump,2026-08-12,Telegram: tassagency_en,telegram,7,credited-by-mirror
trump,2026-08-12,en.topwar.ru,domain,2,credited-by-mirror
trump,2026-08-12,swentr.site,domain,2,credited-by-mirror
turkey,2026-08-01,Telegram: InfodefTURKEY,telegram,6,credited-by-mirror
turkey,2026-08-01,Telegram: erknoncn,telegram,6,credited-by-mirror
turkey,2026-08-01,Telegram: russian_turkiye,telegram,12,credited-by-mirror
turkey,2026-08-01,Telegram: tr_sputnik,telegram,30,credited-by-mirror
turkey,2026-08-01,Telegram: turkeyabout,telegram,5,credited-by-mirror
turkey,2026-08-01,anlatilaninotesi.com.tr,domain,21,credited-by-mirror
turkey,2026-08-01,tr.topwar.ru,domain,42,credited-by-mirror
turkey,2026-08-02,Telegram: InfodefTURKEY,telegram,4,credited-by-mirror
turkey,2026-08-02,Telegram: russian_turkiye,telegram,11,credited-by-mirror
turkey,2026-08-02,Telegram: tr_sputnik,telegram,30,credited-by-mirror
turkey,2026-08-02,Telegram: turkeyabout,telegram,2,credited-by-mirror
turkey,2026-08-02,anlatilaninotesi.com.tr,domain,14,credited-by-mirror
turkey,2026-08-02,tr.topwar.ru,domain,31,credited-by-mirror
turkey,2026-08-03,Telegram: InfodefTURKEY,telegram,8,credited-by-mirror
turkey,2026-08-03,Telegram: erknoncn,telegram,10,credited-by-mirror
turkey,2026-08-03,Telegram: russian_turkiye,telegram,10,credited-by-mirror
turkey,2026-08-03,Telegram: tr_sputnik,telegram,46,credited-by-mirror
turkey,2026-08-03,Telegram: turkeyabout,telegram,4,credited-by-mirror
turkey,2026-08-03,anlatilaninotesi.com.tr,domain,32,credited-by-mirror
turkey,2026-08-03,tr.topwar.ru,domain,53,credited-by-mirror
turkey,2026-08-04,Telegram: InfodefTURKEY,telegram,7,credited-by-mirror
turkey,2026-08-04,Telegram: erknoncn,telegram,1,credited-by-mirror
turkey,2026-08-04,Telegram: russian_turkiye,telegram,11,credited-by-mirror
turkey,2026-08-04,Telegram: tr_sputnik,telegram,56,credited-by-mirror
turkey,2026-08-04,Telegram: turkeyabout,telegram,2,credited-by-mirror
turkey,2026-08-04,anlatilaninotesi.com.tr,domain,39,credited-by-mirror
turkey,2026-08-04,tr.topwar.ru,domain,53,credited-by-mirror
turkey,2026-08-05,Telegram: InfodefTURKEY,telegram,5,credited-by-mirror
turkey,2026-08-05,Telegram: erknoncn,telegram,7,credited-by-mirror
turkey,2026-08-05,Telegram: russian_turkiye,telegram,5,credited-by-mirror
turkey,2026-08-05,Telegram: tr_sputnik,telegram,45,credited-by-mirror
turkey,2026-08-05,Telegram: turkeyabout,telegram,8,credited-by-mirror
turkey,2026-08-05,anlatilaninotesi.com.tr,domain,38,credited-by-mirror
turkey,2026-08-05,tr.topwar.ru,domain,59,credited-by-mirror
turkey,2026-08-06,Telegram: InfodefTURKEY,telegram,3,credited-by-mirror
turkey,2026-08-06,Telegram: erknoncn,telegram,3,credited-by-mirror
turkey,2026-08-06,Telegram: russian_turkiye,telegram,2,credited-by-mirror
turkey,2026-08-06,Telegram: tr_sputnik,telegram,39,credited-by-mirror
turkey,2026-08-06,Telegram: turkeyabout,telegram,3,credited-by-mirror
turkey,2026-08-06,anlatilaninotesi.com.tr,domain,36,credited-by-mirror
turkey,2026-08-06,tr.topwar.ru,domain,48,credited-by-mirror
turkey,2026-08-07,Telegram: InfodefTURKEY,telegram,4,credited-by-mirror
turkey,2026-08-07,Telegram: erknoncn,telegram,8,credited-by-mirror
turkey,2026-08-07,Telegram: russian_turkiye,telegram,12,credited-by-mirror
turkey,2026-08-07,Telegram: tr_sputnik,telegram,35,credited-by-mirror
turkey,2026-08-07,Telegram: turkeyabout,telegram,10,credited-by-mirror
turkey,2026-08-07,anlatilaninotesi.com.tr,domain,37,credited-by-mirror
turkey,2026-08-07,tr.topwar.ru,domain,44,credited-by-mirror
turkey,2026-08-08,Telegram: InfodefTURKEY,telegram,3,credited-by-mirror
turkey,2026-08-08,Telegram: russian_turkiye,telegram,14,credited-by-mirror
turkey,2026-08-08,Telegram: tr_sputnik,telegram,31,credited-by-mirror
turkey,2026-08-08,Telegram: turkeyabout,telegram,7,credited-by-mirror
turkey,2026-08-08,anlatilaninotesi.com.tr,domain,18,credited-by-mirror
turkey,2026-08-08,tr.topwar.ru,domain,38,credited-by-mirror
turkey,2026-08-09,Telegram: InfodefTURKEY,telegram,3,credited-by-mirror
turkey,2026-08-09,Telegram: erknoncn,telegram,1,credited-by-mirror
turkey,2026-08-09,Telegram: russian_turkiye,telegram,13,credited-by-mirror
turkey,2026-08-09,Telegram: tr_sputnik,telegram,20,credited-by-mirror
turkey,2026-08-09,Telegram: turkeyabout,telegram,2,credited-by-mirror
turkey,2026-08-09,anlatilaninotesi.com.tr,domain,25,credited-by-mirror
turkey,2026-08-09,tr.topwar.ru,domain,36,credited-by-mirror
turkey,2026-08-10,Telegram: InfodefTURKEY,telegram,6,credited-by-mirror
turkey,2026-08-10,Telegram: erknoncn,telegram,14,credited-by-mirror
turkey,2026-08-10,Telegram: russian_turkiye,telegram,15,credited-by-mirror
turkey,2026-08-10,Telegram: tr_sputnik,telegram,61,credited-by-mirror
turkey,2026-08-10,Telegram: turkeyabout,telegram,2,credited-by-mirror
turkey,2026-08-10,anlatilaninotesi.com.tr,domain,38,credited-by-mirror
turkey,2026-08-10,tr.topwar.ru,domain,46,credited-by-mirror
turkey,2026-08-11,Telegram: InfodefTURKEY,telegram,5,credited-by-mirror
turkey,2026-08-11,Telegram: russian_turkiye,telegram,8,credited-by-mirror
turkey,2026-08-11,Telegram: tr_sputnik,telegram,53,credited-by-mirror
turkey,2026-08-11,Telegram: turkeyabout,telegram,8,credited-by-mirror
turkey,2026-08-11,anlatilaninotesi.com.tr,domain,33,credited-by-mirror
turkey,2026-08-11,tr.topwar.ru,domain,53,credited-by-mirror
turkey,2026-08-12,Telegram: InfodefTURKEY,telegram,2,credited-by-mirror
turkey,2026-08-12,Telegram: russian_turkiye,telegram,3,credited-by-mirror
turkey,2026-08-12,Telegram: tr_sputnik,telegram,9,credited-by-mirror
turkey,2026-08-12,Telegram: turkeyabout,telegram,3,credited-by-mirror
turkey,2026-08-12,anlatilaninotesi.com.tr,domain,9,credited-by-mirror
turkey,2026-08-12,tr.topwar.ru,domain,14,credited-by-mirror
ua,2026-08-01,Telegram: RVvoenkor,telegram,4,credited-by-mirror
ua,2026-08-01,Telegram: dva_majors,telegram,3,credited-by-mirror
ua,2026-08-01,Telegram: mod_russia,telegram,1,credited-by-mirror
ua,2026-08-01,Telegram: ukr_leaks,telegram,1,credited-by-mirror
ua,2026-08-02,Telegram: RVvoenkor,telegram,2,credited-by-mirror
ua,2026-08-02,Telegram: denazi_UA,telegram,1,credited-by-mirror
ua,2026-08-02,Telegram: dva_majors,telegram,2,credited-by-mirror
ua,2026-08-02,Telegram: naspravdiinfo,telegram,1,credited-by-mirror
ua,2026-08-02,Telegram: rybar,telegram,5,credited-by-mirror
ua,2026-08-02,Telegram: ukr_leaks,telegram,7,credited-by-mirror
ua,2026-08-03,Telegram: RVvoenkor,telegram,2,credited-by-mirror
ua,2026-08-03,Telegram: dva_majors,telegram,2,credited-by-mirror
ua,2026-08-03,Telegram: mod_russia,telegram,1,credited-by-mirror
ua,2026-08-03,Telegram: naspravdiinfo,telegram,2,credited-by-mirror
ua,2026-08-03,Telegram: rybar,telegram,5,credited-by-mirror
ua,2026-08-03,Telegram: ukr_leaks,telegram,6,credited-by-mirror
ua,2026-08-04,Telegram: RVvoenkor,telegram,4,credited-by-mirror
ua,2026-08-04,Telegram: denazi_UA,telegram,1,credited-by-mirror
ua,2026-08-04,Telegram: dva_majors,telegram,1,credited-by-mirror
ua,2026-08-04,Telegram: mod_russia,telegram,1,credited-by-mirror
ua,2026-08-04,Telegram: naspravdiinfo,telegram,3,credited-by-mirror
ua,2026-08-04,Telegram: rybar,telegram,7,credited-by-mirror
ua,2026-08-04,Telegram: ukr_leaks,telegram,4,credited-by-mirror
ua,2026-08-05,Telegram: RVvoenkor,telegram,9,credited-by-mirror
ua,2026-08-05,Telegram: denazi_UA,telegram,1,credited-by-mirror
ua,2026-08-05,Telegram: dva_majors,telegram,1,credited-by-mirror
ua,2026-08-05,Telegram: mod_russia,telegram,1,credited-by-mirror
ua,2026-08-05,Telegram: naspravdiinfo,telegram,3,credited-by-mirror
ua,2026-08-05,Telegram: rybar,telegram,10,credited-by-mirror
ua,2026-08-05,Telegram: ukr_leaks,telegram,10,credited-by-mirror
ua,2026-08-06,Telegram: RVvoenkor,telegram,8,credited-by-mirror
ua,2026-08-06,Telegram: denazi_UA,telegram,3,credited-by-mirror
ua,2026-08-06,Telegram: dva_majors,telegram,2,credited-by-mirror
ua,2026-08-06,Telegram: naspravdiinfo,telegram,4,credited-by-mirror
ua,2026-08-06,Telegram: rybar,telegram,8,credited-by-mirror
ua,2026-08-06,Telegram: ukr_leaks,telegram,7,credited-by-mirror
ua,2026-08-07,Telegram: RVvoenkor,telegram,2,credited-by-mirror
ua,2026-08-07,Telegram: denazi_UA,telegram,1,credited-by-mirror
ua,2026-08-07,Telegram: dva_majors,telegram,3,credited-by-mirror
ua,2026-08-07,Telegram: rybar,telegram,6,credited-by-mirror
ua,2026-08-07,Telegram: ukr_leaks,telegram,10,credited-by-mirror
ua,2026-08-08,Telegram: RVvoenkor,telegram,5,credited-by-mirror
ua,2026-08-08,Telegram: dva_majors,telegram,3,credited-by-mirror
ua,2026-08-08,Telegram: mod_russia,telegram,1,credited-by-mirror
ua,2026-08-08,Telegram: rybar,telegram,1,credited-by-mirror
ua,2026-08-09,Telegram: RVvoenkor,telegram,5,credited-by-mirror
ua,2026-08-09,Telegram: denazi_UA,telegram,4,credited-by-mirror
ua,2026-08-09,Telegram: dva_majors,telegram,6,credited-by-mirror
ua,2026-08-09,Telegram: mod_russia,telegram,1,credited-by-mirror
ua,2026-08-09,Telegram: naspravdiinfo,telegram,1,credited-by-mirror
ua,2026-08-09,Telegram: rybar,telegram,7,credited-by-mirror
ua,2026-08-09,Telegram: ukr_leaks,telegram,6,credited-by-mirror
ua,2026-08-10,Telegram: RVvoenkor,telegram,4,credited-by-mirror
ua,2026-08-10,Telegram: denazi_UA,telegram,1,credited-by-mirror
ua,2026-08-10,Telegram: dva_majors,telegram,2,credited-by-mirror
ua,2026-08-10,Telegram: rybar,telegram,6,credited-by-mirror
ua,2026-08-10,Telegram: ukr_leaks,telegram,14,credited-by-mirror
ua,2026-08-11,Telegram: RVvoenkor,telegram,4,credited-by-mirror
ua,2026-08-11,Telegram: denazi_UA,telegram,4,credited-by-mirror
ua,2026-08-11,Telegram: dva_majors,telegram,2,credited-by-mirror
ua,2026-08-11,Telegram: naspravdiinfo,telegram,1,credited-by-mirror
ua,2026-08-11,Telegram: rybar,telegram,7,credited-by-mirror
ua,2026-08-11,Telegram: ukr_leaks,telegram,10,credited-by-mirror
ua,2026-08-12,Telegram: RVvoenkor,telegram,2,credited-by-mirror
ua,2026-08-12,Telegram: ukr_leaks,telegram,3,credited-by-mirror
uk,2026-08-01,Telegram: TommyRobinsonNews,telegram,8,credited-by-mirror
uk,2026-08-01,Telegram: kornilov1968,telegram,2,credited-by-mirror
uk,2026-08-01,Telegram: llordofwar,telegram,2,credited-by-mirror
uk,2026-08-01,Telegram: lomovkaa,telegram,2,credited-by-mirror
uk,2026-08-01,swentr.site,domain,2,credited-by-mirror
uk,2026-08-02,Telegram: TommyRobinsonNews,telegram,10,credited-by-mirror
uk,2026-08-02,Telegram: internationalreporters_eng,telegram,1,credited-by-mirror
uk,2026-08-02,Telegram: kornilov1968,telegram,1,credited-by-mirror
uk,2026-08-02,Telegram: llordofwar,telegram,4,credited-by-mirror
uk,2026-08-02,Telegram: lomovkaa,telegram,1,credited-by-mirror
uk,2026-08-02,Telegram: masnoschannel,telegram,2,credited-by-mirror
uk,2026-08-02,swentr.site,domain,3,credited-by-mirror
uk,2026-08-03,Telegram: TommyRobinsonNews,telegram,11,credited-by-mirror
uk,2026-08-03,Telegram: internationalreporters_eng,telegram,1,credited-by-mirror
uk,2026-08-03,Telegram: kornilov1968,telegram,2,credited-by-mirror
uk,2026-08-03,Telegram: llordofwar,telegram,4,credited-by-mirror
uk,2026-08-03,Telegram: lomovkaa,telegram,2,credited-by-mirror
uk,2026-08-03,swentr.site,domain,4,credited-by-mirror
uk,2026-08-04,Telegram: TommyRobinsonNews,telegram,10,credited-by-mirror
uk,2026-08-04,Telegram: llordofwar,telegram,5,credited-by-mirror
uk,2026-08-04,Telegram: lomovkaa,telegram,4,credited-by-mirror
uk,2026-08-04,Telegram: masnoschannel,telegram,8,credited-by-mirror
uk,2026-08-04,swentr.site,domain,5,credited-by-mirror
uk,2026-08-05,Telegram: TommyRobinsonNews,telegram,2,credited-by-mirror
uk,2026-08-05,Telegram: internationalreporters_eng,telegram,2,credited-by-mirror
uk,2026-08-05,Telegram: kornilov1968,telegram,4,credited-by-mirror
uk,2026-08-05,Telegram: llordofwar,telegram,8,credited-by-mirror
uk,2026-08-05,Telegram: lomovkaa,telegram,3,credited-by-mirror
uk,2026-08-05,Telegram: masnoschannel,telegram,3,credited-by-mirror
uk,2026-08-05,swentr.site,domain,6,credited-by-mirror
uk,2026-08-06,Telegram: TommyRobinsonNews,telegram,3,credited-by-mirror
uk,2026-08-06,Telegram: kornilov1968,telegram,2,credited-by-mirror
uk,2026-08-06,Telegram: llordofwar,telegram,5,credited-by-mirror
uk,2026-08-06,Telegram: lomovkaa,telegram,2,credited-by-mirror
uk,2026-08-06,swentr.site,domain,1,credited-by-mirror
uk,2026-08-07,Telegram: TommyRobinsonNews,telegram,2,credited-by-mirror
uk,2026-08-07,Telegram: kornilov1968,telegram,4,credited-by-mirror
uk,2026-08-07,Telegram: llordofwar,telegram,2,credited-by-mirror
uk,2026-08-07,Telegram: masnoschannel,telegram,1,credited-by-mirror
uk,2026-08-07,swentr.site,domain,4,credited-by-mirror
uk,2026-08-08,Telegram: TommyRobinsonNews,telegram,2,credited-by-mirror
uk,2026-08-08,Telegram: kornilov1968,telegram,1,credited-by-mirror
uk,2026-08-08,Telegram: llordofwar,telegram,4,credited-by-mirror
uk,2026-08-08,Telegram: lomovkaa,telegram,1,credited-by-mirror
uk,2026-08-08,swentr.site,domain,3,credited-by-mirror
uk,2026-08-09,Telegram: TommyRobinsonNews,telegram,5,credited-by-mirror
uk,2026-08-09,Telegram: internationalreporters_eng,telegram,1,credited-by-mirror
uk,2026-08-09,Telegram: kornilov1968,telegram,1,credited-by-mirror
uk,2026-08-09,Telegram: llordofwar,telegram,5,credited-by-mirror
uk,2026-08-09,Telegram: lomovkaa,telegram,1,credited-by-mirror
uk,2026-08-09,Telegram: masnoschannel,telegram,1,credited-by-mirror
uk,2026-08-09,swentr.site,domain,2,credited-by-mirror
uk,2026-08-10,Telegram: TommyRobinsonNews,telegram,8,credited-by-mirror
uk,2026-08-10,Telegram: kornilov1968,telegram,1,credited-by-mirror
uk,2026-08-10,Telegram: llordofwar,telegram,4,credited-by-mirror
uk,2026-08-10,Telegram: lomovkaa,telegram,1,credited-by-mirror
uk,2026-08-10,Telegram: masnoschannel,telegram,2,credited-by-mirror
uk,2026-08-10,swentr.site,domain,3,credited-by-mirror
uk,2026-08-11,Telegram: TommyRobinsonNews,telegram,9,credited-by-mirror
uk,2026-08-11,Telegram: internationalreporters_eng,telegram,2,credited-by-mirror
uk,2026-08-11,Telegram: kornilov1968,telegram,2,credited-by-mirror
uk,2026-08-11,Telegram: llordofwar,telegram,13,credited-by-mirror
uk,2026-08-11,Telegram: masnoschannel,telegram,3,credited-by-mirror
uk,2026-08-11,swentr.site,domain,3,credited-by-mirror
uk,2026-08-12,Telegram: llordofwar,telegram,4,credited-by-mirror
uk,2026-08-12,swentr.site,domain,1,credited-by-mirror
usa,2026-08-01,Telegram: SGTnewsNetwork,telegram,66,credited-by-mirror
usa,2026-08-01,Telegram: llordofwar,telegram,7,credited-by-mirror
usa,2026-08-01,Telegram: lomovkaa,telegram,5,credited-by-mirror
usa,2026-08-01,Telegram: myLordBebo,telegram,8,credited-by-mirror
usa,2026-08-01,Telegram: rtnews,telegram,1,credited-by-mirror
usa,2026-08-02,Telegram: SGTnewsNetwork,telegram,77,credited-by-mirror
usa,2026-08-02,Telegram: llordofwar,telegram,8,credited-by-mirror
usa,2026-08-02,Telegram: lomovkaa,telegram,5,credited-by-mirror
usa,2026-08-02,Telegram: myLordBebo,telegram,12,credited-by-mirror
usa,2026-08-03,Telegram: SGTnewsNetwork,telegram,76,credited-by-mirror
usa,2026-08-03,Telegram: llordofwar,telegram,14,credited-by-mirror
usa,2026-08-03,Telegram: lomovkaa,telegram,4,credited-by-mirror
usa,2026-08-03,Telegram: myLordBebo,telegram,4,credited-by-mirror
usa,2026-08-04,Telegram: SGTnewsNetwork,telegram,59,credited-by-mirror
usa,2026-08-04,Telegram: llordofwar,telegram,11,credited-by-mirror
usa,2026-08-04,Telegram: lomovkaa,telegram,5,credited-by-mirror
usa,2026-08-04,Telegram: myLordBebo,telegram,12,credited-by-mirror
usa,2026-08-05,Telegram: SGTnewsNetwork,telegram,29,credited-by-mirror
usa,2026-08-05,Telegram: llordofwar,telegram,7,credited-by-mirror
usa,2026-08-05,Telegram: lomovkaa,telegram,6,credited-by-mirror
usa,2026-08-05,Telegram: myLordBebo,telegram,13,credited-by-mirror
usa,2026-08-06,Telegram: SGTnewsNetwork,telegram,14,credited-by-mirror
usa,2026-08-06,Telegram: llordofwar,telegram,11,credited-by-mirror
usa,2026-08-06,Telegram: lomovkaa,telegram,6,credited-by-mirror
usa,2026-08-06,Telegram: myLordBebo,telegram,5,credited-by-mirror
usa,2026-08-07,Telegram: SGTnewsNetwork,telegram,6,credited-by-mirror
usa,2026-08-07,Telegram: llordofwar,telegram,8,credited-by-mirror
usa,2026-08-07,Telegram: lomovkaa,telegram,4,credited-by-mirror
usa,2026-08-07,Telegram: myLordBebo,telegram,3,credited-by-mirror
usa,2026-08-08,Telegram: SGTnewsNetwork,telegram,31,credited-by-mirror
usa,2026-08-08,Telegram: llordofwar,telegram,6,credited-by-mirror
usa,2026-08-08,Telegram: lomovkaa,telegram,10,credited-by-mirror
usa,2026-08-08,Telegram: myLordBebo,telegram,3,credited-by-mirror
usa,2026-08-09,Telegram: SGTnewsNetwork,telegram,79,credited-by-mirror
usa,2026-08-09,Telegram: llordofwar,telegram,18,credited-by-mirror
usa,2026-08-09,Telegram: lomovkaa,telegram,6,credited-by-mirror
usa,2026-08-09,Telegram: myLordBebo,telegram,7,credited-by-mirror
usa,2026-08-10,Telegram: SGTnewsNetwork,telegram,68,credited-by-mirror
usa,2026-08-10,Telegram: llordofwar,telegram,13,credited-by-mirror
usa,2026-08-10,Telegram: lomovkaa,telegram,4,credited-by-mirror
usa,2026-08-10,Telegram: myLordBebo,telegram,9,credited-by-mirror
usa,2026-08-10,Telegram: rtnews,telegram,1,credited-by-mirror
usa,2026-08-11,Telegram: SGTnewsNetwork,telegram,43,credited-by-mirror
usa,2026-08-11,Telegram: llordofwar,telegram,15,credited-by-mirror
usa,2026-08-11,Telegram: lomovkaa,telegram,2,credited-by-mirror
usa,2026-08-11,Telegram: myLordBebo,telegram,6,credited-by-mirror
usa,2026-08-12,Telegram: SGTnewsNetwork,telegram,22,credited-by-mirror
usa,2026-08-12,Telegram: llordofwar,telegram,7,credited-by-mirror
usa,2026-08-12,Telegram: lomovkaa,telegram,2,credited-by-mirror
usa,2026-08-12,Telegram: myLordBebo,telegram,2,credited-by-mirror
wales,2026-08-04,Telegram: lomovkaa,telegram,1,credited-by-mirror
wales,2026-08-09,Telegram: lomovkaa,telegram,1,credited-by-mirror
