mirror,date,source,source_type,credits,relationship
czechia,2026-06-01,Telegram: BN4JeyTQ6RVkMTNk,telegram,3,credited-by-mirror
czechia,2026-06-01,Telegram: Libertas_info_cz,telegram,26,credited-by-mirror
czechia,2026-06-01,Telegram: MGzpravy,telegram,30,credited-by-mirror
czechia,2026-06-01,Telegram: jarek53,telegram,29,credited-by-mirror
czechia,2026-06-01,Telegram: neCT24,telegram,2,credited-by-mirror
czechia,2026-06-01,Telegram: news_22_faraon,telegram,28,credited-by-mirror
czechia,2026-06-01,Telegram: selskyrozum,telegram,138,credited-by-mirror
czechia,2026-06-01,Telegram: to_je_nas_svet,telegram,6,credited-by-mirror
czechia,2026-06-01,Telegram: uk100a,telegram,19,credited-by-mirror
czechia,2026-06-02,Telegram: BN4JeyTQ6RVkMTNk,telegram,1,credited-by-mirror
czechia,2026-06-02,Telegram: Libertas_info_cz,telegram,27,credited-by-mirror
czechia,2026-06-02,Telegram: MGzpravy,telegram,30,credited-by-mirror
czechia,2026-06-02,Telegram: jarek53,telegram,28,credited-by-mirror
czechia,2026-06-02,Telegram: neCT24,telegram,4,credited-by-mirror
czechia,2026-06-02,Telegram: news_22_faraon,telegram,25,credited-by-mirror
czechia,2026-06-02,Telegram: selskyrozum,telegram,128,credited-by-mirror
czechia,2026-06-02,Telegram: to_je_nas_svet,telegram,8,credited-by-mirror
czechia,2026-06-02,Telegram: uk100a,telegram,33,credited-by-mirror
czechia,2026-06-03,Telegram: BN4JeyTQ6RVkMTNk,telegram,2,credited-by-mirror
czechia,2026-06-03,Telegram: Libertas_info_cz,telegram,32,credited-by-mirror
czechia,2026-06-03,Telegram: MGzpravy,telegram,46,credited-by-mirror
czechia,2026-06-03,Telegram: jarek53,telegram,10,credited-by-mirror
czechia,2026-06-03,Telegram: neCT24,telegram,3,credited-by-mirror
czechia,2026-06-03,Telegram: news_22_faraon,telegram,14,credited-by-mirror
czechia,2026-06-03,Telegram: selskyrozum,telegram,130,credited-by-mirror
czechia,2026-06-03,Telegram: to_je_nas_svet,telegram,10,credited-by-mirror
czechia,2026-06-03,Telegram: uk100a,telegram,24,credited-by-mirror
czechia,2026-06-04,Telegram: BN4JeyTQ6RVkMTNk,telegram,3,credited-by-mirror
czechia,2026-06-04,Telegram: Libertas_info_cz,telegram,21,credited-by-mirror
czechia,2026-06-04,Telegram: MGzpravy,telegram,29,credited-by-mirror
czechia,2026-06-04,Telegram: jarek53,telegram,8,credited-by-mirror
czechia,2026-06-04,Telegram: news_22_faraon,telegram,22,credited-by-mirror
czechia,2026-06-04,Telegram: selskyrozum,telegram,118,credited-by-mirror
czechia,2026-06-04,Telegram: to_je_nas_svet,telegram,8,credited-by-mirror
czechia,2026-06-04,Telegram: uk100a,telegram,32,credited-by-mirror
czechia,2026-06-05,Telegram: BN4JeyTQ6RVkMTNk,telegram,2,credited-by-mirror
czechia,2026-06-05,Telegram: InfodefenseCZE,telegram,1,credited-by-mirror
czechia,2026-06-05,Telegram: Libertas_info_cz,telegram,17,credited-by-mirror
czechia,2026-06-05,Telegram: MGzpravy,telegram,49,credited-by-mirror
czechia,2026-06-05,Telegram: jarek53,telegram,34,credited-by-mirror
czechia,2026-06-05,Telegram: neCT24,telegram,3,credited-by-mirror
czechia,2026-06-05,Telegram: news_22_faraon,telegram,29,credited-by-mirror
czechia,2026-06-05,Telegram: selskyrozum,telegram,123,credited-by-mirror
czechia,2026-06-05,Telegram: to_je_nas_svet,telegram,8,credited-by-mirror
czechia,2026-06-05,Telegram: uk100a,telegram,29,credited-by-mirror
czechia,2026-06-06,Telegram: BN4JeyTQ6RVkMTNk,telegram,3,credited-by-mirror
czechia,2026-06-06,Telegram: Libertas_info_cz,telegram,25,credited-by-mirror
czechia,2026-06-06,Telegram: MGzpravy,telegram,53,credited-by-mirror
czechia,2026-06-06,Telegram: jarek53,telegram,27,credited-by-mirror
czechia,2026-06-06,Telegram: news_22_faraon,telegram,29,credited-by-mirror
czechia,2026-06-06,Telegram: selskyrozum,telegram,113,credited-by-mirror
czechia,2026-06-06,Telegram: to_je_nas_svet,telegram,6,credited-by-mirror
czechia,2026-06-06,Telegram: uk100a,telegram,23,credited-by-mirror
czechia,2026-06-07,Telegram: BN4JeyTQ6RVkMTNk,telegram,2,credited-by-mirror
czechia,2026-06-07,Telegram: InfodefenseCZE,telegram,1,credited-by-mirror
czechia,2026-06-07,Telegram: Libertas_info_cz,telegram,48,credited-by-mirror
czechia,2026-06-07,Telegram: MGzpravy,telegram,11,credited-by-mirror
czechia,2026-06-07,Telegram: jarek53,telegram,13,credited-by-mirror
czechia,2026-06-07,Telegram: news_22_faraon,telegram,34,credited-by-mirror
czechia,2026-06-07,Telegram: selskyrozum,telegram,132,credited-by-mirror
czechia,2026-06-07,Telegram: to_je_nas_svet,telegram,3,credited-by-mirror
czechia,2026-06-07,Telegram: uk100a,telegram,29,credited-by-mirror
czechia,2026-06-08,Telegram: BN4JeyTQ6RVkMTNk,telegram,3,credited-by-mirror
czechia,2026-06-08,Telegram: Libertas_info_cz,telegram,21,credited-by-mirror
czechia,2026-06-08,Telegram: MGzpravy,telegram,55,credited-by-mirror
czechia,2026-06-08,Telegram: jarek53,telegram,17,credited-by-mirror
czechia,2026-06-08,Telegram: neCT24,telegram,1,credited-by-mirror
czechia,2026-06-08,Telegram: news_22_faraon,telegram,28,credited-by-mirror
czechia,2026-06-08,Telegram: selskyrozum,telegram,105,credited-by-mirror
czechia,2026-06-08,Telegram: to_je_nas_svet,telegram,6,credited-by-mirror
czechia,2026-06-08,Telegram: uk100a,telegram,24,credited-by-mirror
czechia,2026-06-09,Telegram: BN4JeyTQ6RVkMTNk,telegram,1,credited-by-mirror
czechia,2026-06-09,Telegram: Libertas_info_cz,telegram,38,credited-by-mirror
czechia,2026-06-09,Telegram: MGzpravy,telegram,13,credited-by-mirror
czechia,2026-06-09,Telegram: jarek53,telegram,32,credited-by-mirror
czechia,2026-06-09,Telegram: neCT24,telegram,3,credited-by-mirror
czechia,2026-06-09,Telegram: news_22_faraon,telegram,17,credited-by-mirror
czechia,2026-06-09,Telegram: selskyrozum,telegram,134,credited-by-mirror
czechia,2026-06-09,Telegram: to_je_nas_svet,telegram,6,credited-by-mirror
czechia,2026-06-09,Telegram: uk100a,telegram,36,credited-by-mirror
czechia,2026-06-10,Telegram: BN4JeyTQ6RVkMTNk,telegram,1,credited-by-mirror
czechia,2026-06-10,Telegram: Libertas_info_cz,telegram,27,credited-by-mirror
czechia,2026-06-10,Telegram: MGzpravy,telegram,35,credited-by-mirror
czechia,2026-06-10,Telegram: jarek53,telegram,43,credited-by-mirror
czechia,2026-06-10,Telegram: neCT24,telegram,1,credited-by-mirror
czechia,2026-06-10,Telegram: news_22_faraon,telegram,9,credited-by-mirror
czechia,2026-06-10,Telegram: selskyrozum,telegram,133,credited-by-mirror
czechia,2026-06-10,Telegram: to_je_nas_svet,telegram,7,credited-by-mirror
czechia,2026-06-10,Telegram: uk100a,telegram,31,credited-by-mirror
czechia,2026-06-11,Telegram: BN4JeyTQ6RVkMTNk,telegram,2,credited-by-mirror
czechia,2026-06-11,Telegram: Libertas_info_cz,telegram,24,credited-by-mirror
czechia,2026-06-11,Telegram: MGzpravy,telegram,16,credited-by-mirror
czechia,2026-06-11,Telegram: jarek53,telegram,14,credited-by-mirror
czechia,2026-06-11,Telegram: neCT24,telegram,2,credited-by-mirror
czechia,2026-06-11,Telegram: news_22_faraon,telegram,11,credited-by-mirror
czechia,2026-06-11,Telegram: selskyrozum,telegram,106,credited-by-mirror
czechia,2026-06-11,Telegram: to_je_nas_svet,telegram,6,credited-by-mirror
czechia,2026-06-11,Telegram: uk100a,telegram,32,credited-by-mirror
czechia,2026-06-12,Telegram: BN4JeyTQ6RVkMTNk,telegram,2,credited-by-mirror
czechia,2026-06-12,Telegram: InfodefenseCZE,telegram,1,credited-by-mirror
czechia,2026-06-12,Telegram: Libertas_info_cz,telegram,24,credited-by-mirror
czechia,2026-06-12,Telegram: MGzpravy,telegram,24,credited-by-mirror
czechia,2026-06-12,Telegram: jarek53,telegram,7,credited-by-mirror
czechia,2026-06-12,Telegram: neCT24,telegram,2,credited-by-mirror
czechia,2026-06-12,Telegram: news_22_faraon,telegram,22,credited-by-mirror
czechia,2026-06-12,Telegram: selskyrozum,telegram,97,credited-by-mirror
czechia,2026-06-12,Telegram: to_je_nas_svet,telegram,8,credited-by-mirror
czechia,2026-06-12,Telegram: uk100a,telegram,15,credited-by-mirror
czechia,2026-06-13,Telegram: BN4JeyTQ6RVkMTNk,telegram,2,credited-by-mirror
czechia,2026-06-13,Telegram: Libertas_info_cz,telegram,18,credited-by-mirror
czechia,2026-06-13,Telegram: MGzpravy,telegram,8,credited-by-mirror
czechia,2026-06-13,Telegram: jarek53,telegram,36,credited-by-mirror
czechia,2026-06-13,Telegram: neCT24,telegram,1,credited-by-mirror
czechia,2026-06-13,Telegram: news_22_faraon,telegram,11,credited-by-mirror
czechia,2026-06-13,Telegram: selskyrozum,telegram,100,credited-by-mirror
czechia,2026-06-13,Telegram: to_je_nas_svet,telegram,6,credited-by-mirror
czechia,2026-06-13,Telegram: uk100a,telegram,22,credited-by-mirror
czechia,2026-06-14,Telegram: BN4JeyTQ6RVkMTNk,telegram,2,credited-by-mirror
czechia,2026-06-14,Telegram: InfodefenseCZE,telegram,1,credited-by-mirror
czechia,2026-06-14,Telegram: Libertas_info_cz,telegram,35,credited-by-mirror
czechia,2026-06-14,Telegram: MGzpravy,telegram,27,credited-by-mirror
czechia,2026-06-14,Telegram: jarek53,telegram,42,credited-by-mirror
czechia,2026-06-14,Telegram: news_22_faraon,telegram,38,credited-by-mirror
czechia,2026-06-14,Telegram: selskyrozum,telegram,79,credited-by-mirror
czechia,2026-06-14,Telegram: to_je_nas_svet,telegram,9,credited-by-mirror
czechia,2026-06-14,Telegram: uk100a,telegram,25,credited-by-mirror
czechia,2026-06-15,Telegram: BN4JeyTQ6RVkMTNk,telegram,2,credited-by-mirror
czechia,2026-06-15,Telegram: InfodefenseCZE,telegram,2,credited-by-mirror
czechia,2026-06-15,Telegram: Libertas_info_cz,telegram,28,credited-by-mirror
czechia,2026-06-15,Telegram: MGzpravy,telegram,15,credited-by-mirror
czechia,2026-06-15,Telegram: jarek53,telegram,27,credited-by-mirror
czechia,2026-06-15,Telegram: neCT24,telegram,5,credited-by-mirror
czechia,2026-06-15,Telegram: news_22_faraon,telegram,26,credited-by-mirror
czechia,2026-06-15,Telegram: selskyrozum,telegram,110,credited-by-mirror
czechia,2026-06-15,Telegram: to_je_nas_svet,telegram,11,credited-by-mirror
czechia,2026-06-15,Telegram: uk100a,telegram,39,credited-by-mirror
czechia,2026-06-16,Telegram: BN4JeyTQ6RVkMTNk,telegram,6,credited-by-mirror
czechia,2026-06-16,Telegram: Libertas_info_cz,telegram,33,credited-by-mirror
czechia,2026-06-16,Telegram: MGzpravy,telegram,9,credited-by-mirror
czechia,2026-06-16,Telegram: jarek53,telegram,15,credited-by-mirror
czechia,2026-06-16,Telegram: neCT24,telegram,4,credited-by-mirror
czechia,2026-06-16,Telegram: news_22_faraon,telegram,17,credited-by-mirror
czechia,2026-06-16,Telegram: selskyrozum,telegram,110,credited-by-mirror
czechia,2026-06-16,Telegram: to_je_nas_svet,telegram,11,credited-by-mirror
czechia,2026-06-16,Telegram: uk100a,telegram,29,credited-by-mirror
czechia,2026-06-17,Telegram: BN4JeyTQ6RVkMTNk,telegram,1,credited-by-mirror
czechia,2026-06-17,Telegram: InfodefenseCZE,telegram,1,credited-by-mirror
czechia,2026-06-17,Telegram: Libertas_info_cz,telegram,29,credited-by-mirror
czechia,2026-06-17,Telegram: MGzpravy,telegram,22,credited-by-mirror
czechia,2026-06-17,Telegram: jarek53,telegram,25,credited-by-mirror
czechia,2026-06-17,Telegram: neCT24,telegram,1,credited-by-mirror
czechia,2026-06-17,Telegram: news_22_faraon,telegram,12,credited-by-mirror
czechia,2026-06-17,Telegram: selskyrozum,telegram,104,credited-by-mirror
czechia,2026-06-17,Telegram: to_je_nas_svet,telegram,5,credited-by-mirror
czechia,2026-06-17,Telegram: uk100a,telegram,23,credited-by-mirror
czechia,2026-06-18,Telegram: BN4JeyTQ6RVkMTNk,telegram,3,credited-by-mirror
czechia,2026-06-18,Telegram: Libertas_info_cz,telegram,37,credited-by-mirror
czechia,2026-06-18,Telegram: MGzpravy,telegram,20,credited-by-mirror
czechia,2026-06-18,Telegram: jarek53,telegram,19,credited-by-mirror
czechia,2026-06-18,Telegram: news_22_faraon,telegram,30,credited-by-mirror
czechia,2026-06-18,Telegram: selskyrozum,telegram,112,credited-by-mirror
czechia,2026-06-18,Telegram: to_je_nas_svet,telegram,10,credited-by-mirror
czechia,2026-06-18,Telegram: uk100a,telegram,37,credited-by-mirror
czechia,2026-06-19,Telegram: BN4JeyTQ6RVkMTNk,telegram,1,credited-by-mirror
czechia,2026-06-19,Telegram: Libertas_info_cz,telegram,24,credited-by-mirror
czechia,2026-06-19,Telegram: MGzpravy,telegram,39,credited-by-mirror
czechia,2026-06-19,Telegram: jarek53,telegram,30,credited-by-mirror
czechia,2026-06-19,Telegram: neCT24,telegram,6,credited-by-mirror
czechia,2026-06-19,Telegram: news_22_faraon,telegram,14,credited-by-mirror
czechia,2026-06-19,Telegram: selskyrozum,telegram,112,credited-by-mirror
czechia,2026-06-19,Telegram: to_je_nas_svet,telegram,14,credited-by-mirror
czechia,2026-06-19,Telegram: uk100a,telegram,38,credited-by-mirror
czechia,2026-06-20,Telegram: BN4JeyTQ6RVkMTNk,telegram,2,credited-by-mirror
czechia,2026-06-20,Telegram: InfodefenseCZE,telegram,3,credited-by-mirror
czechia,2026-06-20,Telegram: Libertas_info_cz,telegram,43,credited-by-mirror
czechia,2026-06-20,Telegram: jarek53,telegram,25,credited-by-mirror
czechia,2026-06-20,Telegram: news_22_faraon,telegram,27,credited-by-mirror
czechia,2026-06-20,Telegram: selskyrozum,telegram,96,credited-by-mirror
czechia,2026-06-20,Telegram: to_je_nas_svet,telegram,8,credited-by-mirror
czechia,2026-06-20,Telegram: uk100a,telegram,18,credited-by-mirror
czechia,2026-06-21,Telegram: BN4JeyTQ6RVkMTNk,telegram,6,credited-by-mirror
czechia,2026-06-21,Telegram: Libertas_info_cz,telegram,31,credited-by-mirror
czechia,2026-06-21,Telegram: MGzpravy,telegram,18,credited-by-mirror
czechia,2026-06-21,Telegram: jarek53,telegram,9,credited-by-mirror
czechia,2026-06-21,Telegram: neCT24,telegram,1,credited-by-mirror
czechia,2026-06-21,Telegram: news_22_faraon,telegram,11,credited-by-mirror
czechia,2026-06-21,Telegram: selskyrozum,telegram,104,credited-by-mirror
czechia,2026-06-21,Telegram: to_je_nas_svet,telegram,11,credited-by-mirror
czechia,2026-06-21,Telegram: uk100a,telegram,16,credited-by-mirror
czechia,2026-06-22,Telegram: BN4JeyTQ6RVkMTNk,telegram,4,credited-by-mirror
czechia,2026-06-22,Telegram: Libertas_info_cz,telegram,28,credited-by-mirror
czechia,2026-06-22,Telegram: MGzpravy,telegram,25,credited-by-mirror
czechia,2026-06-22,Telegram: jarek53,telegram,14,credited-by-mirror
czechia,2026-06-22,Telegram: news_22_faraon,telegram,13,credited-by-mirror
czechia,2026-06-22,Telegram: selskyrozum,telegram,84,credited-by-mirror
czechia,2026-06-22,Telegram: to_je_nas_svet,telegram,8,credited-by-mirror
czechia,2026-06-22,Telegram: uk100a,telegram,30,credited-by-mirror
czechia,2026-06-23,Telegram: BN4JeyTQ6RVkMTNk,telegram,4,credited-by-mirror
czechia,2026-06-23,Telegram: Libertas_info_cz,telegram,20,credited-by-mirror
czechia,2026-06-23,Telegram: MGzpravy,telegram,31,credited-by-mirror
czechia,2026-06-23,Telegram: jarek53,telegram,9,credited-by-mirror
czechia,2026-06-23,Telegram: neCT24,telegram,2,credited-by-mirror
czechia,2026-06-23,Telegram: news_22_faraon,telegram,5,credited-by-mirror
czechia,2026-06-23,Telegram: selskyrozum,telegram,92,credited-by-mirror
czechia,2026-06-23,Telegram: to_je_nas_svet,telegram,13,credited-by-mirror
czechia,2026-06-23,Telegram: uk100a,telegram,20,credited-by-mirror
czechia,2026-06-24,Telegram: BN4JeyTQ6RVkMTNk,telegram,3,credited-by-mirror
czechia,2026-06-24,Telegram: Libertas_info_cz,telegram,25,credited-by-mirror
czechia,2026-06-24,Telegram: MGzpravy,telegram,23,credited-by-mirror
czechia,2026-06-24,Telegram: jarek53,telegram,14,credited-by-mirror
czechia,2026-06-24,Telegram: neCT24,telegram,4,credited-by-mirror
czechia,2026-06-24,Telegram: news_22_faraon,telegram,18,credited-by-mirror
czechia,2026-06-24,Telegram: selskyrozum,telegram,99,credited-by-mirror
czechia,2026-06-24,Telegram: to_je_nas_svet,telegram,14,credited-by-mirror
czechia,2026-06-24,Telegram: uk100a,telegram,9,credited-by-mirror
czechia,2026-06-25,Telegram: BN4JeyTQ6RVkMTNk,telegram,3,credited-by-mirror
czechia,2026-06-25,Telegram: InfodefenseCZE,telegram,1,credited-by-mirror
czechia,2026-06-25,Telegram: Libertas_info_cz,telegram,20,credited-by-mirror
czechia,2026-06-25,Telegram: MGzpravy,telegram,34,credited-by-mirror
czechia,2026-06-25,Telegram: jarek53,telegram,20,credited-by-mirror
czechia,2026-06-25,Telegram: neCT24,telegram,1,credited-by-mirror
czechia,2026-06-25,Telegram: news_22_faraon,telegram,4,credited-by-mirror
czechia,2026-06-25,Telegram: selskyrozum,telegram,95,credited-by-mirror
czechia,2026-06-25,Telegram: to_je_nas_svet,telegram,6,credited-by-mirror
czechia,2026-06-25,Telegram: uk100a,telegram,23,credited-by-mirror
czechia,2026-06-26,Telegram: BN4JeyTQ6RVkMTNk,telegram,3,credited-by-mirror
czechia,2026-06-26,Telegram: Libertas_info_cz,telegram,16,credited-by-mirror
czechia,2026-06-26,Telegram: MGzpravy,telegram,29,credited-by-mirror
czechia,2026-06-26,Telegram: jarek53,telegram,6,credited-by-mirror
czechia,2026-06-26,Telegram: neCT24,telegram,4,credited-by-mirror
czechia,2026-06-26,Telegram: news_22_faraon,telegram,7,credited-by-mirror
czechia,2026-06-26,Telegram: selskyrozum,telegram,85,credited-by-mirror
czechia,2026-06-26,Telegram: to_je_nas_svet,telegram,4,credited-by-mirror
czechia,2026-06-26,Telegram: uk100a,telegram,29,credited-by-mirror
czechia,2026-06-27,Telegram: BN4JeyTQ6RVkMTNk,telegram,6,credited-by-mirror
czechia,2026-06-27,Telegram: InfodefenseCZE,telegram,1,credited-by-mirror
czechia,2026-06-27,Telegram: Libertas_info_cz,telegram,27,credited-by-mirror
czechia,2026-06-27,Telegram: MGzpravy,telegram,25,credited-by-mirror
czechia,2026-06-27,Telegram: jarek53,telegram,13,credited-by-mirror
czechia,2026-06-27,Telegram: news_22_faraon,telegram,8,credited-by-mirror
czechia,2026-06-27,Telegram: selskyrozum,telegram,66,credited-by-mirror
czechia,2026-06-27,Telegram: to_je_nas_svet,telegram,4,credited-by-mirror
czechia,2026-06-27,Telegram: uk100a,telegram,16,credited-by-mirror
czechia,2026-06-28,Telegram: BN4JeyTQ6RVkMTNk,telegram,4,credited-by-mirror
czechia,2026-06-28,Telegram: Libertas_info_cz,telegram,18,credited-by-mirror
czechia,2026-06-28,Telegram: MGzpravy,telegram,16,credited-by-mirror
czechia,2026-06-28,Telegram: jarek53,telegram,5,credited-by-mirror
czechia,2026-06-28,Telegram: neCT24,telegram,2,credited-by-mirror
czechia,2026-06-28,Telegram: news_22_faraon,telegram,9,credited-by-mirror
czechia,2026-06-28,Telegram: selskyrozum,telegram,41,credited-by-mirror
czechia,2026-06-28,Telegram: to_je_nas_svet,telegram,1,credited-by-mirror
czechia,2026-06-28,Telegram: uk100a,telegram,14,credited-by-mirror
czechia,2026-06-29,Telegram: BN4JeyTQ6RVkMTNk,telegram,3,credited-by-mirror
czechia,2026-06-29,Telegram: InfodefenseCZE,telegram,1,credited-by-mirror
czechia,2026-06-29,Telegram: Libertas_info_cz,telegram,23,credited-by-mirror
czechia,2026-06-29,Telegram: MGzpravy,telegram,18,credited-by-mirror
czechia,2026-06-29,Telegram: jarek53,telegram,19,credited-by-mirror
czechia,2026-06-29,Telegram: news_22_faraon,telegram,6,credited-by-mirror
czechia,2026-06-29,Telegram: selskyrozum,telegram,47,credited-by-mirror
czechia,2026-06-29,Telegram: to_je_nas_svet,telegram,7,credited-by-mirror
czechia,2026-06-29,Telegram: uk100a,telegram,15,credited-by-mirror
czechia,2026-06-30,Telegram: BN4JeyTQ6RVkMTNk,telegram,4,credited-by-mirror
czechia,2026-06-30,Telegram: Libertas_info_cz,telegram,31,credited-by-mirror
czechia,2026-06-30,Telegram: MGzpravy,telegram,20,credited-by-mirror
czechia,2026-06-30,Telegram: jarek53,telegram,10,credited-by-mirror
czechia,2026-06-30,Telegram: news_22_faraon,telegram,10,credited-by-mirror
czechia,2026-06-30,Telegram: selskyrozum,telegram,1,credited-by-mirror
czechia,2026-06-30,Telegram: to_je_nas_svet,telegram,14,credited-by-mirror
czechia,2026-06-30,Telegram: uk100a,telegram,30,credited-by-mirror
deutsch,2026-06-01,Telegram: DruschbaFM,telegram,8,credited-by-mirror
deutsch,2026-06-01,Telegram: RuAS_Org,telegram,11,credited-by-mirror
deutsch,2026-06-01,Telegram: RussiaDailyDE,telegram,12,credited-by-mirror
deutsch,2026-06-01,Telegram: craZybear2022,telegram,1,credited-by-mirror
deutsch,2026-06-01,Telegram: satellit_de,telegram,6,credited-by-mirror
deutsch,2026-06-01,de.rt.com,domain,17,credited-by-mirror
deutsch,2026-06-01,de.topwar.ru,domain,24,credited-by-mirror
deutsch,2026-06-02,Telegram: DruschbaFM,telegram,7,credited-by-mirror
deutsch,2026-06-02,Telegram: RuAS_Org,telegram,10,credited-by-mirror
deutsch,2026-06-02,Telegram: RussiaDailyDE,telegram,3,credited-by-mirror
deutsch,2026-06-02,Telegram: craZybear2022,telegram,1,credited-by-mirror
deutsch,2026-06-02,Telegram: satellit_de,telegram,6,credited-by-mirror
deutsch,2026-06-02,de.rt.com,domain,18,credited-by-mirror
deutsch,2026-06-02,de.topwar.ru,domain,26,credited-by-mirror
deutsch,2026-06-03,Telegram: DruschbaFM,telegram,12,credited-by-mirror
deutsch,2026-06-03,Telegram: RuAS_Org,telegram,13,credited-by-mirror
deutsch,2026-06-03,Telegram: RussiaDailyDE,telegram,9,credited-by-mirror
deutsch,2026-06-03,Telegram: craZybear2022,telegram,1,credited-by-mirror
deutsch,2026-06-03,Telegram: satellit_de,telegram,2,credited-by-mirror
deutsch,2026-06-03,de.rt.com,domain,10,credited-by-mirror
deutsch,2026-06-03,de.topwar.ru,domain,17,credited-by-mirror
deutsch,2026-06-04,Telegram: DruschbaFM,telegram,10,credited-by-mirror
deutsch,2026-06-04,Telegram: RuAS_Org,telegram,7,credited-by-mirror
deutsch,2026-06-04,Telegram: RussiaDailyDE,telegram,7,credited-by-mirror
deutsch,2026-06-04,Telegram: craZybear2022,telegram,1,credited-by-mirror
deutsch,2026-06-04,Telegram: satellit_de,telegram,5,credited-by-mirror
deutsch,2026-06-04,de.rt.com,domain,17,credited-by-mirror
deutsch,2026-06-04,de.topwar.ru,domain,18,credited-by-mirror
deutsch,2026-06-05,Telegram: DruschbaFM,telegram,11,credited-by-mirror
deutsch,2026-06-05,Telegram: RuAS_Org,telegram,9,credited-by-mirror
deutsch,2026-06-05,Telegram: RussiaDailyDE,telegram,9,credited-by-mirror
deutsch,2026-06-05,Telegram: satellit_de,telegram,5,credited-by-mirror
deutsch,2026-06-05,de.rt.com,domain,14,credited-by-mirror
deutsch,2026-06-05,de.topwar.ru,domain,10,credited-by-mirror
deutsch,2026-06-06,Telegram: DruschbaFM,telegram,12,credited-by-mirror
deutsch,2026-06-06,Telegram: RuAS_Org,telegram,11,credited-by-mirror
deutsch,2026-06-06,Telegram: RussiaDailyDE,telegram,20,credited-by-mirror
deutsch,2026-06-06,Telegram: craZybear2022,telegram,1,credited-by-mirror
deutsch,2026-06-06,Telegram: rt_de,telegram,1,credited-by-mirror
deutsch,2026-06-06,Telegram: satellit_de,telegram,11,credited-by-mirror
deutsch,2026-06-06,de.rt.com,domain,15,credited-by-mirror
deutsch,2026-06-06,de.topwar.ru,domain,20,credited-by-mirror
deutsch,2026-06-07,Telegram: DruschbaFM,telegram,12,credited-by-mirror
deutsch,2026-06-07,Telegram: RuAS_Org,telegram,13,credited-by-mirror
deutsch,2026-06-07,Telegram: RussiaDailyDE,telegram,13,credited-by-mirror
deutsch,2026-06-07,Telegram: craZybear2022,telegram,1,credited-by-mirror
deutsch,2026-06-07,Telegram: rt_de,telegram,4,credited-by-mirror
deutsch,2026-06-07,Telegram: satellit_de,telegram,7,credited-by-mirror
deutsch,2026-06-07,de.rt.com,domain,19,credited-by-mirror
deutsch,2026-06-07,de.topwar.ru,domain,10,credited-by-mirror
deutsch,2026-06-08,Telegram: DruschbaFM,telegram,8,credited-by-mirror
deutsch,2026-06-08,Telegram: RuAS_Org,telegram,8,credited-by-mirror
deutsch,2026-06-08,Telegram: RussiaDailyDE,telegram,12,credited-by-mirror
deutsch,2026-06-08,Telegram: craZybear2022,telegram,1,credited-by-mirror
deutsch,2026-06-08,Telegram: rt_de,telegram,2,credited-by-mirror
deutsch,2026-06-08,Telegram: satellit_de,telegram,3,credited-by-mirror
deutsch,2026-06-08,de.rt.com,domain,15,credited-by-mirror
deutsch,2026-06-08,de.topwar.ru,domain,19,credited-by-mirror
deutsch,2026-06-09,Telegram: DruschbaFM,telegram,11,credited-by-mirror
deutsch,2026-06-09,Telegram: RuAS_Org,telegram,7,credited-by-mirror
deutsch,2026-06-09,Telegram: RussiaDailyDE,telegram,11,credited-by-mirror
deutsch,2026-06-09,Telegram: craZybear2022,telegram,2,credited-by-mirror
deutsch,2026-06-09,Telegram: satellit_de,telegram,8,credited-by-mirror
deutsch,2026-06-09,de.rt.com,domain,15,credited-by-mirror
deutsch,2026-06-09,de.topwar.ru,domain,21,credited-by-mirror
deutsch,2026-06-10,Telegram: DruschbaFM,telegram,11,credited-by-mirror
deutsch,2026-06-10,Telegram: RuAS_Org,telegram,9,credited-by-mirror
deutsch,2026-06-10,Telegram: RussiaDailyDE,telegram,9,credited-by-mirror
deutsch,2026-06-10,Telegram: satellit_de,telegram,2,credited-by-mirror
deutsch,2026-06-10,de.rt.com,domain,16,credited-by-mirror
deutsch,2026-06-10,de.topwar.ru,domain,21,credited-by-mirror
deutsch,2026-06-11,Telegram: DruschbaFM,telegram,10,credited-by-mirror
deutsch,2026-06-11,Telegram: RuAS_Org,telegram,4,credited-by-mirror
deutsch,2026-06-11,Telegram: RussiaDailyDE,telegram,11,credited-by-mirror
deutsch,2026-06-11,Telegram: craZybear2022,telegram,1,credited-by-mirror
deutsch,2026-06-11,Telegram: rt_de,telegram,1,credited-by-mirror
deutsch,2026-06-11,de.rt.com,domain,16,credited-by-mirror
deutsch,2026-06-11,de.topwar.ru,domain,17,credited-by-mirror
deutsch,2026-06-12,Telegram: DruschbaFM,telegram,8,credited-by-mirror
deutsch,2026-06-12,Telegram: RuAS_Org,telegram,7,credited-by-mirror
deutsch,2026-06-12,Telegram: RussiaDailyDE,telegram,11,credited-by-mirror
deutsch,2026-06-12,Telegram: rt_de,telegram,2,credited-by-mirror
deutsch,2026-06-12,Telegram: satellit_de,telegram,4,credited-by-mirror
deutsch,2026-06-12,de.rt.com,domain,11,credited-by-mirror
deutsch,2026-06-12,de.topwar.ru,domain,22,credited-by-mirror
deutsch,2026-06-13,Telegram: DruschbaFM,telegram,8,credited-by-mirror
deutsch,2026-06-13,Telegram: RuAS_Org,telegram,6,credited-by-mirror
deutsch,2026-06-13,Telegram: RussiaDailyDE,telegram,14,credited-by-mirror
deutsch,2026-06-13,Telegram: craZybear2022,telegram,1,credited-by-mirror
deutsch,2026-06-13,Telegram: satellit_de,telegram,9,credited-by-mirror
deutsch,2026-06-13,de.rt.com,domain,15,credited-by-mirror
deutsch,2026-06-13,de.topwar.ru,domain,23,credited-by-mirror
deutsch,2026-06-14,Telegram: DruschbaFM,telegram,13,credited-by-mirror
deutsch,2026-06-14,Telegram: RuAS_Org,telegram,12,credited-by-mirror
deutsch,2026-06-14,Telegram: RussiaDailyDE,telegram,12,credited-by-mirror
deutsch,2026-06-14,Telegram: rt_de,telegram,3,credited-by-mirror
deutsch,2026-06-14,Telegram: satellit_de,telegram,3,credited-by-mirror
deutsch,2026-06-14,de.rt.com,domain,12,credited-by-mirror
deutsch,2026-06-14,de.topwar.ru,domain,14,credited-by-mirror
deutsch,2026-06-15,Telegram: DruschbaFM,telegram,10,credited-by-mirror
deutsch,2026-06-15,Telegram: RuAS_Org,telegram,12,credited-by-mirror
deutsch,2026-06-15,Telegram: RussiaDailyDE,telegram,9,credited-by-mirror
deutsch,2026-06-15,Telegram: craZybear2022,telegram,3,credited-by-mirror
deutsch,2026-06-15,Telegram: satellit_de,telegram,3,credited-by-mirror
deutsch,2026-06-15,de.rt.com,domain,6,credited-by-mirror
deutsch,2026-06-15,de.topwar.ru,domain,21,credited-by-mirror
deutsch,2026-06-16,Telegram: DruschbaFM,telegram,11,credited-by-mirror
deutsch,2026-06-16,Telegram: RuAS_Org,telegram,5,credited-by-mirror
deutsch,2026-06-16,Telegram: RussiaDailyDE,telegram,3,credited-by-mirror
deutsch,2026-06-16,Telegram: satellit_de,telegram,7,credited-by-mirror
deutsch,2026-06-16,de.rt.com,domain,14,credited-by-mirror
deutsch,2026-06-16,de.topwar.ru,domain,29,credited-by-mirror
deutsch,2026-06-17,Telegram: DruschbaFM,telegram,8,credited-by-mirror
deutsch,2026-06-17,Telegram: RuAS_Org,telegram,4,credited-by-mirror
deutsch,2026-06-17,Telegram: RussiaDailyDE,telegram,8,credited-by-mirror
deutsch,2026-06-17,de.rt.com,domain,15,credited-by-mirror
deutsch,2026-06-17,de.topwar.ru,domain,28,credited-by-mirror
deutsch,2026-06-18,Telegram: DruschbaFM,telegram,11,credited-by-mirror
deutsch,2026-06-18,Telegram: RuAS_Org,telegram,2,credited-by-mirror
deutsch,2026-06-18,Telegram: RussiaDailyDE,telegram,10,credited-by-mirror
deutsch,2026-06-18,Telegram: craZybear2022,telegram,1,credited-by-mirror
deutsch,2026-06-18,Telegram: rt_de,telegram,1,credited-by-mirror
deutsch,2026-06-18,Telegram: satellit_de,telegram,7,credited-by-mirror
deutsch,2026-06-18,de.rt.com,domain,15,credited-by-mirror
deutsch,2026-06-18,de.topwar.ru,domain,18,credited-by-mirror
deutsch,2026-06-19,Telegram: DruschbaFM,telegram,5,credited-by-mirror
deutsch,2026-06-19,Telegram: RuAS_Org,telegram,4,credited-by-mirror
deutsch,2026-06-19,Telegram: RussiaDailyDE,telegram,7,credited-by-mirror
deutsch,2026-06-19,Telegram: rt_de,telegram,1,credited-by-mirror
deutsch,2026-06-19,Telegram: satellit_de,telegram,4,credited-by-mirror
deutsch,2026-06-19,de.rt.com,domain,16,credited-by-mirror
deutsch,2026-06-19,de.topwar.ru,domain,13,credited-by-mirror
deutsch,2026-06-20,Telegram: DruschbaFM,telegram,11,credited-by-mirror
deutsch,2026-06-20,Telegram: RuAS_Org,telegram,5,credited-by-mirror
deutsch,2026-06-20,Telegram: RussiaDailyDE,telegram,16,credited-by-mirror
deutsch,2026-06-20,Telegram: craZybear2022,telegram,1,credited-by-mirror
deutsch,2026-06-20,Telegram: satellit_de,telegram,7,credited-by-mirror
deutsch,2026-06-20,de.rt.com,domain,15,credited-by-mirror
deutsch,2026-06-20,de.topwar.ru,domain,18,credited-by-mirror
deutsch,2026-06-21,Telegram: DruschbaFM,telegram,7,credited-by-mirror
deutsch,2026-06-21,Telegram: RuAS_Org,telegram,7,credited-by-mirror
deutsch,2026-06-21,Telegram: RussiaDailyDE,telegram,6,credited-by-mirror
deutsch,2026-06-21,de.rt.com,domain,14,credited-by-mirror
deutsch,2026-06-21,de.topwar.ru,domain,19,credited-by-mirror
deutsch,2026-06-22,Telegram: DruschbaFM,telegram,13,credited-by-mirror
deutsch,2026-06-22,Telegram: RuAS_Org,telegram,7,credited-by-mirror
deutsch,2026-06-22,Telegram: RussiaDailyDE,telegram,8,credited-by-mirror
deutsch,2026-06-22,Telegram: rt_de,telegram,1,credited-by-mirror
deutsch,2026-06-22,de.rt.com,domain,10,credited-by-mirror
deutsch,2026-06-22,de.topwar.ru,domain,13,credited-by-mirror
deutsch,2026-06-23,Telegram: DruschbaFM,telegram,5,credited-by-mirror
deutsch,2026-06-23,Telegram: RuAS_Org,telegram,5,credited-by-mirror
deutsch,2026-06-23,Telegram: RussiaDailyDE,telegram,9,credited-by-mirror
deutsch,2026-06-23,Telegram: satellit_de,telegram,2,credited-by-mirror
deutsch,2026-06-23,de.rt.com,domain,25,credited-by-mirror
deutsch,2026-06-23,de.topwar.ru,domain,18,credited-by-mirror
deutsch,2026-06-24,Telegram: DruschbaFM,telegram,6,credited-by-mirror
deutsch,2026-06-24,Telegram: RuAS_Org,telegram,6,credited-by-mirror
deutsch,2026-06-24,Telegram: RussiaDailyDE,telegram,9,credited-by-mirror
deutsch,2026-06-24,Telegram: satellit_de,telegram,3,credited-by-mirror
deutsch,2026-06-24,de.rt.com,domain,15,credited-by-mirror
deutsch,2026-06-24,de.topwar.ru,domain,26,credited-by-mirror
deutsch,2026-06-25,Telegram: DruschbaFM,telegram,4,credited-by-mirror
deutsch,2026-06-25,Telegram: RuAS_Org,telegram,4,credited-by-mirror
deutsch,2026-06-25,Telegram: RussiaDailyDE,telegram,6,credited-by-mirror
deutsch,2026-06-25,Telegram: satellit_de,telegram,1,credited-by-mirror
deutsch,2026-06-25,de.rt.com,domain,18,credited-by-mirror
deutsch,2026-06-25,de.topwar.ru,domain,17,credited-by-mirror
deutsch,2026-06-26,Telegram: DruschbaFM,telegram,5,credited-by-mirror
deutsch,2026-06-26,Telegram: RuAS_Org,telegram,4,credited-by-mirror
deutsch,2026-06-26,Telegram: RussiaDailyDE,telegram,10,credited-by-mirror
deutsch,2026-06-26,Telegram: rt_de,telegram,1,credited-by-mirror
deutsch,2026-06-26,Telegram: satellit_de,telegram,5,credited-by-mirror
deutsch,2026-06-26,de.rt.com,domain,19,credited-by-mirror
deutsch,2026-06-26,de.topwar.ru,domain,16,credited-by-mirror
deutsch,2026-06-27,Telegram: DruschbaFM,telegram,10,credited-by-mirror
deutsch,2026-06-27,Telegram: RuAS_Org,telegram,5,credited-by-mirror
deutsch,2026-06-27,Telegram: RussiaDailyDE,telegram,7,credited-by-mirror
deutsch,2026-06-27,Telegram: rt_de,telegram,1,credited-by-mirror
deutsch,2026-06-27,Telegram: satellit_de,telegram,5,credited-by-mirror
deutsch,2026-06-27,de.rt.com,domain,14,credited-by-mirror
deutsch,2026-06-27,de.topwar.ru,domain,10,credited-by-mirror
deutsch,2026-06-28,Telegram: DruschbaFM,telegram,11,credited-by-mirror
deutsch,2026-06-28,Telegram: RuAS_Org,telegram,6,credited-by-mirror
deutsch,2026-06-28,Telegram: RussiaDailyDE,telegram,9,credited-by-mirror
deutsch,2026-06-28,Telegram: craZybear2022,telegram,2,credited-by-mirror
deutsch,2026-06-28,Telegram: satellit_de,telegram,1,credited-by-mirror
deutsch,2026-06-28,de.rt.com,domain,11,credited-by-mirror
deutsch,2026-06-28,de.topwar.ru,domain,11,credited-by-mirror
deutsch,2026-06-29,Telegram: DruschbaFM,telegram,6,credited-by-mirror
deutsch,2026-06-29,Telegram: RuAS_Org,telegram,5,credited-by-mirror
deutsch,2026-06-29,Telegram: RussiaDailyDE,telegram,8,credited-by-mirror
deutsch,2026-06-29,Telegram: satellit_de,telegram,2,credited-by-mirror
deutsch,2026-06-29,de.rt.com,domain,14,credited-by-mirror
deutsch,2026-06-29,de.topwar.ru,domain,21,credited-by-mirror
deutsch,2026-06-30,Telegram: DruschbaFM,telegram,7,credited-by-mirror
deutsch,2026-06-30,Telegram: RuAS_Org,telegram,4,credited-by-mirror
deutsch,2026-06-30,Telegram: RussiaDailyDE,telegram,10,credited-by-mirror
deutsch,2026-06-30,Telegram: satellit_de,telegram,4,credited-by-mirror
deutsch,2026-06-30,de.rt.com,domain,11,credited-by-mirror
deutsch,2026-06-30,de.topwar.ru,domain,25,credited-by-mirror
hungary,2026-06-01,Telegram: InfoDefMagyarok,telegram,9,credited-by-mirror
hungary,2026-06-01,Telegram: Rybar_HU,telegram,2,credited-by-mirror
hungary,2026-06-01,Telegram: VilagHelyzeteBlog,telegram,10,credited-by-mirror
hungary,2026-06-01,Telegram: ebredes2017,telegram,9,credited-by-mirror
hungary,2026-06-01,Telegram: greatawakeningmagyarok,telegram,8,credited-by-mirror
hungary,2026-06-01,Telegram: oroszokazigazsagoldalan,telegram,14,credited-by-mirror
hungary,2026-06-01,Telegram: oroszspecialiskatonaihadmuvelet,telegram,6,credited-by-mirror
hungary,2026-06-01,hu.news-front.su,domain,11,credited-by-mirror
hungary,2026-06-02,Telegram: InfoDefMagyarok,telegram,9,credited-by-mirror
hungary,2026-06-02,Telegram: Rybar_HU,telegram,1,credited-by-mirror
hungary,2026-06-02,Telegram: VilagHelyzeteBlog,telegram,6,credited-by-mirror
hungary,2026-06-02,Telegram: ebredes2017,telegram,11,credited-by-mirror
hungary,2026-06-02,Telegram: greatawakeningmagyarok,telegram,5,credited-by-mirror
hungary,2026-06-02,Telegram: oroszokazigazsagoldalan,telegram,12,credited-by-mirror
hungary,2026-06-02,Telegram: oroszspecialiskatonaihadmuvelet,telegram,15,credited-by-mirror
hungary,2026-06-02,hu.news-front.su,domain,14,credited-by-mirror
hungary,2026-06-03,Telegram: InfoDefMagyarok,telegram,9,credited-by-mirror
hungary,2026-06-03,Telegram: Rybar_HU,telegram,3,credited-by-mirror
hungary,2026-06-03,Telegram: VilagHelyzeteBlog,telegram,6,credited-by-mirror
hungary,2026-06-03,Telegram: ebredes2017,telegram,6,credited-by-mirror
hungary,2026-06-03,Telegram: greatawakeningmagyarok,telegram,4,credited-by-mirror
hungary,2026-06-03,Telegram: oroszokazigazsagoldalan,telegram,19,credited-by-mirror
hungary,2026-06-03,Telegram: oroszspecialiskatonaihadmuvelet,telegram,13,credited-by-mirror
hungary,2026-06-03,hu.news-front.su,domain,11,credited-by-mirror
hungary,2026-06-04,Telegram: InfoDefMagyarok,telegram,9,credited-by-mirror
hungary,2026-06-04,Telegram: Rybar_HU,telegram,3,credited-by-mirror
hungary,2026-06-04,Telegram: VilagHelyzeteBlog,telegram,7,credited-by-mirror
hungary,2026-06-04,Telegram: ebredes2017,telegram,11,credited-by-mirror
hungary,2026-06-04,Telegram: greatawakeningmagyarok,telegram,2,credited-by-mirror
hungary,2026-06-04,Telegram: oroszokazigazsagoldalan,telegram,12,credited-by-mirror
hungary,2026-06-04,Telegram: oroszspecialiskatonaihadmuvelet,telegram,11,credited-by-mirror
hungary,2026-06-04,hu.news-front.su,domain,11,credited-by-mirror
hungary,2026-06-05,Telegram: InfoDefMagyarok,telegram,7,credited-by-mirror
hungary,2026-06-05,Telegram: Rybar_HU,telegram,4,credited-by-mirror
hungary,2026-06-05,Telegram: VilagHelyzeteBlog,telegram,7,credited-by-mirror
hungary,2026-06-05,Telegram: ebredes2017,telegram,9,credited-by-mirror
hungary,2026-06-05,Telegram: greatawakeningmagyarok,telegram,4,credited-by-mirror
hungary,2026-06-05,Telegram: oroszokazigazsagoldalan,telegram,14,credited-by-mirror
hungary,2026-06-05,Telegram: oroszspecialiskatonaihadmuvelet,telegram,8,credited-by-mirror
hungary,2026-06-05,hu.news-front.su,domain,15,credited-by-mirror
hungary,2026-06-06,Telegram: InfoDefMagyarok,telegram,9,credited-by-mirror
hungary,2026-06-06,Telegram: Rybar_HU,telegram,1,credited-by-mirror
hungary,2026-06-06,Telegram: VilagHelyzeteBlog,telegram,9,credited-by-mirror
hungary,2026-06-06,Telegram: ebredes2017,telegram,11,credited-by-mirror
hungary,2026-06-06,Telegram: oroszokazigazsagoldalan,telegram,16,credited-by-mirror
hungary,2026-06-06,Telegram: oroszspecialiskatonaihadmuvelet,telegram,12,credited-by-mirror
hungary,2026-06-07,Telegram: InfoDefMagyarok,telegram,9,credited-by-mirror
hungary,2026-06-07,Telegram: Rybar_HU,telegram,1,credited-by-mirror
hungary,2026-06-07,Telegram: VilagHelyzeteBlog,telegram,2,credited-by-mirror
hungary,2026-06-07,Telegram: ebredes2017,telegram,13,credited-by-mirror
hungary,2026-06-07,Telegram: oroszokazigazsagoldalan,telegram,31,credited-by-mirror
hungary,2026-06-07,Telegram: oroszspecialiskatonaihadmuvelet,telegram,8,credited-by-mirror
hungary,2026-06-08,Telegram: InfoDefMagyarok,telegram,9,credited-by-mirror
hungary,2026-06-08,Telegram: Rybar_HU,telegram,5,credited-by-mirror
hungary,2026-06-08,Telegram: VilagHelyzeteBlog,telegram,3,credited-by-mirror
hungary,2026-06-08,Telegram: ebredes2017,telegram,10,credited-by-mirror
hungary,2026-06-08,Telegram: greatawakeningmagyarok,telegram,8,credited-by-mirror
hungary,2026-06-08,Telegram: oroszokazigazsagoldalan,telegram,17,credited-by-mirror
hungary,2026-06-08,Telegram: oroszspecialiskatonaihadmuvelet,telegram,9,credited-by-mirror
hungary,2026-06-08,hu.news-front.su,domain,14,credited-by-mirror
hungary,2026-06-09,Telegram: InfoDefMagyarok,telegram,8,credited-by-mirror
hungary,2026-06-09,Telegram: Rybar_HU,telegram,5,credited-by-mirror
hungary,2026-06-09,Telegram: VilagHelyzeteBlog,telegram,3,credited-by-mirror
hungary,2026-06-09,Telegram: ebredes2017,telegram,5,credited-by-mirror
hungary,2026-06-09,Telegram: greatawakeningmagyarok,telegram,4,credited-by-mirror
hungary,2026-06-09,Telegram: oroszokazigazsagoldalan,telegram,20,credited-by-mirror
hungary,2026-06-09,Telegram: oroszspecialiskatonaihadmuvelet,telegram,6,credited-by-mirror
hungary,2026-06-09,hu.news-front.su,domain,9,credited-by-mirror
hungary,2026-06-10,Telegram: InfoDefMagyarok,telegram,8,credited-by-mirror
hungary,2026-06-10,Telegram: Rybar_HU,telegram,2,credited-by-mirror
hungary,2026-06-10,Telegram: VilagHelyzeteBlog,telegram,4,credited-by-mirror
hungary,2026-06-10,Telegram: ebredes2017,telegram,9,credited-by-mirror
hungary,2026-06-10,Telegram: greatawakeningmagyarok,telegram,3,credited-by-mirror
hungary,2026-06-10,Telegram: oroszokazigazsagoldalan,telegram,18,credited-by-mirror
hungary,2026-06-10,Telegram: oroszspecialiskatonaihadmuvelet,telegram,12,credited-by-mirror
hungary,2026-06-10,hu.news-front.su,domain,11,credited-by-mirror
hungary,2026-06-11,Telegram: InfoDefMagyarok,telegram,8,credited-by-mirror
hungary,2026-06-11,Telegram: VilagHelyzeteBlog,telegram,2,credited-by-mirror
hungary,2026-06-11,Telegram: ebredes2017,telegram,8,credited-by-mirror
hungary,2026-06-11,Telegram: greatawakeningmagyarok,telegram,5,credited-by-mirror
hungary,2026-06-11,Telegram: oroszokazigazsagoldalan,telegram,19,credited-by-mirror
hungary,2026-06-11,Telegram: oroszspecialiskatonaihadmuvelet,telegram,1,credited-by-mirror
hungary,2026-06-11,hu.news-front.su,domain,12,credited-by-mirror
hungary,2026-06-12,Telegram: InfoDefMagyarok,telegram,9,credited-by-mirror
hungary,2026-06-12,Telegram: Rybar_HU,telegram,1,credited-by-mirror
hungary,2026-06-12,Telegram: VilagHelyzeteBlog,telegram,6,credited-by-mirror
hungary,2026-06-12,Telegram: ebredes2017,telegram,10,credited-by-mirror
hungary,2026-06-12,Telegram: greatawakeningmagyarok,telegram,4,credited-by-mirror
hungary,2026-06-12,Telegram: oroszokazigazsagoldalan,telegram,13,credited-by-mirror
hungary,2026-06-12,Telegram: oroszspecialiskatonaihadmuvelet,telegram,13,credited-by-mirror
hungary,2026-06-12,hu.news-front.su,domain,13,credited-by-mirror
hungary,2026-06-13,Telegram: InfoDefMagyarok,telegram,9,credited-by-mirror
hungary,2026-06-13,Telegram: VilagHelyzeteBlog,telegram,7,credited-by-mirror
hungary,2026-06-13,Telegram: ebredes2017,telegram,4,credited-by-mirror
hungary,2026-06-13,Telegram: greatawakeningmagyarok,telegram,2,credited-by-mirror
hungary,2026-06-13,Telegram: oroszokazigazsagoldalan,telegram,5,credited-by-mirror
hungary,2026-06-13,Telegram: oroszspecialiskatonaihadmuvelet,telegram,7,credited-by-mirror
hungary,2026-06-14,Telegram: InfoDefMagyarok,telegram,9,credited-by-mirror
hungary,2026-06-14,Telegram: VilagHelyzeteBlog,telegram,3,credited-by-mirror
hungary,2026-06-14,Telegram: ebredes2017,telegram,9,credited-by-mirror
hungary,2026-06-14,Telegram: oroszokazigazsagoldalan,telegram,12,credited-by-mirror
hungary,2026-06-14,Telegram: oroszspecialiskatonaihadmuvelet,telegram,24,credited-by-mirror
hungary,2026-06-15,Telegram: InfoDefMagyarok,telegram,9,credited-by-mirror
hungary,2026-06-15,Telegram: Rybar_HU,telegram,2,credited-by-mirror
hungary,2026-06-15,Telegram: VilagHelyzeteBlog,telegram,8,credited-by-mirror
hungary,2026-06-15,Telegram: ebredes2017,telegram,9,credited-by-mirror
hungary,2026-06-15,Telegram: greatawakeningmagyarok,telegram,8,credited-by-mirror
hungary,2026-06-15,Telegram: oroszokazigazsagoldalan,telegram,26,credited-by-mirror
hungary,2026-06-15,Telegram: oroszspecialiskatonaihadmuvelet,telegram,5,credited-by-mirror
hungary,2026-06-15,hu.news-front.su,domain,15,credited-by-mirror
hungary,2026-06-16,Telegram: InfoDefMagyarok,telegram,8,credited-by-mirror
hungary,2026-06-16,Telegram: Rybar_HU,telegram,1,credited-by-mirror
hungary,2026-06-16,Telegram: VilagHelyzeteBlog,telegram,8,credited-by-mirror
hungary,2026-06-16,Telegram: ebredes2017,telegram,7,credited-by-mirror
hungary,2026-06-16,Telegram: greatawakeningmagyarok,telegram,6,credited-by-mirror
hungary,2026-06-16,Telegram: oroszokazigazsagoldalan,telegram,14,credited-by-mirror
hungary,2026-06-16,Telegram: oroszspecialiskatonaihadmuvelet,telegram,6,credited-by-mirror
hungary,2026-06-16,hu.news-front.su,domain,13,credited-by-mirror
hungary,2026-06-17,Telegram: InfoDefMagyarok,telegram,8,credited-by-mirror
hungary,2026-06-17,Telegram: Rybar_HU,telegram,2,credited-by-mirror
hungary,2026-06-17,Telegram: VilagHelyzeteBlog,telegram,11,credited-by-mirror
hungary,2026-06-17,Telegram: ebredes2017,telegram,10,credited-by-mirror
hungary,2026-06-17,Telegram: greatawakeningmagyarok,telegram,5,credited-by-mirror
hungary,2026-06-17,Telegram: oroszokazigazsagoldalan,telegram,18,credited-by-mirror
hungary,2026-06-17,Telegram: oroszspecialiskatonaihadmuvelet,telegram,4,credited-by-mirror
hungary,2026-06-17,hu.news-front.su,domain,12,credited-by-mirror
hungary,2026-06-18,Telegram: InfoDefMagyarok,telegram,7,credited-by-mirror
hungary,2026-06-18,Telegram: Rybar_HU,telegram,3,credited-by-mirror
hungary,2026-06-18,Telegram: VilagHelyzeteBlog,telegram,7,credited-by-mirror
hungary,2026-06-18,Telegram: ebredes2017,telegram,8,credited-by-mirror
hungary,2026-06-18,Telegram: greatawakeningmagyarok,telegram,8,credited-by-mirror
hungary,2026-06-18,Telegram: oroszokazigazsagoldalan,telegram,26,credited-by-mirror
hungary,2026-06-18,Telegram: oroszspecialiskatonaihadmuvelet,telegram,18,credited-by-mirror
hungary,2026-06-18,hu.news-front.su,domain,12,credited-by-mirror
hungary,2026-06-19,Telegram: InfoDefMagyarok,telegram,6,credited-by-mirror
hungary,2026-06-19,Telegram: Rybar_HU,telegram,7,credited-by-mirror
hungary,2026-06-19,Telegram: VilagHelyzeteBlog,telegram,3,credited-by-mirror
hungary,2026-06-19,Telegram: ebredes2017,telegram,7,credited-by-mirror
hungary,2026-06-19,Telegram: greatawakeningmagyarok,telegram,4,credited-by-mirror
hungary,2026-06-19,Telegram: oroszokazigazsagoldalan,telegram,28,credited-by-mirror
hungary,2026-06-19,Telegram: oroszspecialiskatonaihadmuvelet,telegram,7,credited-by-mirror
hungary,2026-06-19,hu.news-front.su,domain,11,credited-by-mirror
hungary,2026-06-20,Telegram: InfoDefMagyarok,telegram,9,credited-by-mirror
hungary,2026-06-20,Telegram: Rybar_HU,telegram,6,credited-by-mirror
hungary,2026-06-20,Telegram: VilagHelyzeteBlog,telegram,9,credited-by-mirror
hungary,2026-06-20,Telegram: ebredes2017,telegram,13,credited-by-mirror
hungary,2026-06-20,Telegram: greatawakeningmagyarok,telegram,8,credited-by-mirror
hungary,2026-06-20,Telegram: oroszokazigazsagoldalan,telegram,14,credited-by-mirror
hungary,2026-06-20,Telegram: oroszspecialiskatonaihadmuvelet,telegram,11,credited-by-mirror
hungary,2026-06-21,Telegram: InfoDefMagyarok,telegram,9,credited-by-mirror
hungary,2026-06-21,Telegram: Rybar_HU,telegram,7,credited-by-mirror
hungary,2026-06-21,Telegram: VilagHelyzeteBlog,telegram,1,credited-by-mirror
hungary,2026-06-21,Telegram: ebredes2017,telegram,2,credited-by-mirror
hungary,2026-06-21,Telegram: greatawakeningmagyarok,telegram,2,credited-by-mirror
hungary,2026-06-21,Telegram: oroszokazigazsagoldalan,telegram,26,credited-by-mirror
hungary,2026-06-21,Telegram: oroszspecialiskatonaihadmuvelet,telegram,3,credited-by-mirror
hungary,2026-06-22,Telegram: InfoDefMagyarok,telegram,9,credited-by-mirror
hungary,2026-06-22,Telegram: Rybar_HU,telegram,4,credited-by-mirror
hungary,2026-06-22,Telegram: VilagHelyzeteBlog,telegram,3,credited-by-mirror
hungary,2026-06-22,Telegram: ebredes2017,telegram,8,credited-by-mirror
hungary,2026-06-22,Telegram: greatawakeningmagyarok,telegram,9,credited-by-mirror
hungary,2026-06-22,Telegram: oroszokazigazsagoldalan,telegram,23,credited-by-mirror
hungary,2026-06-22,hu.news-front.su,domain,15,credited-by-mirror
hungary,2026-06-23,Telegram: InfoDefMagyarok,telegram,7,credited-by-mirror
hungary,2026-06-23,Telegram: Rybar_HU,telegram,1,credited-by-mirror
hungary,2026-06-23,Telegram: VilagHelyzeteBlog,telegram,3,credited-by-mirror
hungary,2026-06-23,Telegram: ebredes2017,telegram,14,credited-by-mirror
hungary,2026-06-23,Telegram: greatawakeningmagyarok,telegram,6,credited-by-mirror
hungary,2026-06-23,Telegram: oroszokazigazsagoldalan,telegram,8,credited-by-mirror
hungary,2026-06-23,Telegram: oroszspecialiskatonaihadmuvelet,telegram,5,credited-by-mirror
hungary,2026-06-23,hu.news-front.su,domain,10,credited-by-mirror
hungary,2026-06-24,Telegram: InfoDefMagyarok,telegram,9,credited-by-mirror
hungary,2026-06-24,Telegram: Rybar_HU,telegram,1,credited-by-mirror
hungary,2026-06-24,Telegram: VilagHelyzeteBlog,telegram,3,credited-by-mirror
hungary,2026-06-24,Telegram: ebredes2017,telegram,9,credited-by-mirror
hungary,2026-06-24,Telegram: greatawakeningmagyarok,telegram,14,credited-by-mirror
hungary,2026-06-24,Telegram: oroszokazigazsagoldalan,telegram,13,credited-by-mirror
hungary,2026-06-24,Telegram: oroszspecialiskatonaihadmuvelet,telegram,6,credited-by-mirror
hungary,2026-06-24,hu.news-front.su,domain,14,credited-by-mirror
hungary,2026-06-25,Telegram: InfoDefMagyarok,telegram,8,credited-by-mirror
hungary,2026-06-25,Telegram: Rybar_HU,telegram,3,credited-by-mirror
hungary,2026-06-25,Telegram: VilagHelyzeteBlog,telegram,4,credited-by-mirror
hungary,2026-06-25,Telegram: ebredes2017,telegram,7,credited-by-mirror
hungary,2026-06-25,Telegram: greatawakeningmagyarok,telegram,4,credited-by-mirror
hungary,2026-06-25,Telegram: oroszokazigazsagoldalan,telegram,20,credited-by-mirror
hungary,2026-06-25,Telegram: oroszspecialiskatonaihadmuvelet,telegram,8,credited-by-mirror
hungary,2026-06-25,hu.news-front.su,domain,9,credited-by-mirror
hungary,2026-06-26,Telegram: InfoDefMagyarok,telegram,8,credited-by-mirror
hungary,2026-06-26,Telegram: Rybar_HU,telegram,8,credited-by-mirror
hungary,2026-06-26,Telegram: VilagHelyzeteBlog,telegram,3,credited-by-mirror
hungary,2026-06-26,Telegram: ebredes2017,telegram,5,credited-by-mirror
hungary,2026-06-26,Telegram: greatawakeningmagyarok,telegram,2,credited-by-mirror
hungary,2026-06-26,Telegram: oroszokazigazsagoldalan,telegram,18,credited-by-mirror
hungary,2026-06-26,Telegram: oroszspecialiskatonaihadmuvelet,telegram,1,credited-by-mirror
hungary,2026-06-26,hu.news-front.su,domain,12,credited-by-mirror
hungary,2026-06-27,Telegram: InfoDefMagyarok,telegram,9,credited-by-mirror
hungary,2026-06-27,Telegram: Rybar_HU,telegram,5,credited-by-mirror
hungary,2026-06-27,Telegram: VilagHelyzeteBlog,telegram,5,credited-by-mirror
hungary,2026-06-27,Telegram: ebredes2017,telegram,7,credited-by-mirror
hungary,2026-06-27,Telegram: greatawakeningmagyarok,telegram,6,credited-by-mirror
hungary,2026-06-27,Telegram: oroszokazigazsagoldalan,telegram,18,credited-by-mirror
hungary,2026-06-27,Telegram: oroszspecialiskatonaihadmuvelet,telegram,6,credited-by-mirror
hungary,2026-06-28,Telegram: InfoDefMagyarok,telegram,4,credited-by-mirror
hungary,2026-06-28,Telegram: Rybar_HU,telegram,5,credited-by-mirror
hungary,2026-06-28,Telegram: VilagHelyzeteBlog,telegram,5,credited-by-mirror
hungary,2026-06-28,Telegram: ebredes2017,telegram,10,credited-by-mirror
hungary,2026-06-28,Telegram: greatawakeningmagyarok,telegram,5,credited-by-mirror
hungary,2026-06-28,Telegram: oroszokazigazsagoldalan,telegram,9,credited-by-mirror
hungary,2026-06-28,Telegram: oroszspecialiskatonaihadmuvelet,telegram,6,credited-by-mirror
hungary,2026-06-29,Telegram: InfoDefMagyarok,telegram,7,credited-by-mirror
hungary,2026-06-29,Telegram: Rybar_HU,telegram,2,credited-by-mirror
hungary,2026-06-29,Telegram: VilagHelyzeteBlog,telegram,7,credited-by-mirror
hungary,2026-06-29,Telegram: ebredes2017,telegram,5,credited-by-mirror
hungary,2026-06-29,Telegram: greatawakeningmagyarok,telegram,8,credited-by-mirror
hungary,2026-06-29,Telegram: oroszokazigazsagoldalan,telegram,14,credited-by-mirror
hungary,2026-06-29,Telegram: oroszspecialiskatonaihadmuvelet,telegram,4,credited-by-mirror
hungary,2026-06-29,hu.news-front.su,domain,15,credited-by-mirror
hungary,2026-06-30,Telegram: InfoDefMagyarok,telegram,7,credited-by-mirror
hungary,2026-06-30,Telegram: VilagHelyzeteBlog,telegram,3,credited-by-mirror
hungary,2026-06-30,Telegram: ebredes2017,telegram,13,credited-by-mirror
hungary,2026-06-30,Telegram: greatawakeningmagyarok,telegram,3,credited-by-mirror
hungary,2026-06-30,Telegram: oroszokazigazsagoldalan,telegram,11,credited-by-mirror
hungary,2026-06-30,Telegram: oroszspecialiskatonaihadmuvelet,telegram,5,credited-by-mirror
moldova,2026-06-01,Telegram: md_krot,telegram,4,credited-by-mirror
moldova,2026-06-01,Telegram: mdsputnikmd,telegram,16,credited-by-mirror
moldova,2026-06-01,Telegram: rusputnikmd,telegram,44,credited-by-mirror
moldova,2026-06-01,Telegram: trech_kich,telegram,4,credited-by-mirror
moldova,2026-06-01,Telegram: ultimaoramd,telegram,6,credited-by-mirror
moldova,2026-06-01,md.sputniknews.com,domain,9,credited-by-mirror
moldova,2026-06-02,Telegram: md_krot,telegram,4,credited-by-mirror
moldova,2026-06-02,Telegram: mdsputnikmd,telegram,20,credited-by-mirror
moldova,2026-06-02,Telegram: rusputnikmd,telegram,49,credited-by-mirror
moldova,2026-06-02,Telegram: trech_kich,telegram,5,credited-by-mirror
moldova,2026-06-02,Telegram: ultimaoramd,telegram,7,credited-by-mirror
moldova,2026-06-02,md.sputniknews.com,domain,7,credited-by-mirror
moldova,2026-06-03,Telegram: md_krot,telegram,4,credited-by-mirror
moldova,2026-06-03,Telegram: mdsputnikmd,telegram,18,credited-by-mirror
moldova,2026-06-03,Telegram: rusputnikmd,telegram,56,credited-by-mirror
moldova,2026-06-03,Telegram: trech_kich,telegram,4,credited-by-mirror
moldova,2026-06-03,Telegram: ultimaoramd,telegram,5,credited-by-mirror
moldova,2026-06-03,md.sputniknews.com,domain,9,credited-by-mirror
moldova,2026-06-04,Telegram: md_krot,telegram,4,credited-by-mirror
moldova,2026-06-04,Telegram: mdsputnikmd,telegram,20,credited-by-mirror
moldova,2026-06-04,Telegram: rusputnikmd,telegram,47,credited-by-mirror
moldova,2026-06-04,Telegram: trech_kich,telegram,5,credited-by-mirror
moldova,2026-06-04,Telegram: ultimaoramd,telegram,10,credited-by-mirror
moldova,2026-06-04,md.sputniknews.com,domain,9,credited-by-mirror
moldova,2026-06-05,Telegram: md_krot,telegram,4,credited-by-mirror
moldova,2026-06-05,Telegram: mdsputnikmd,telegram,14,credited-by-mirror
moldova,2026-06-05,Telegram: rusputnikmd,telegram,52,credited-by-mirror
moldova,2026-06-05,Telegram: trech_kich,telegram,5,credited-by-mirror
moldova,2026-06-05,Telegram: ultimaoramd,telegram,10,credited-by-mirror
moldova,2026-06-05,md.sputniknews.com,domain,9,credited-by-mirror
moldova,2026-06-06,Telegram: md_krot,telegram,4,credited-by-mirror
moldova,2026-06-06,Telegram: mdsputnikmd,telegram,7,credited-by-mirror
moldova,2026-06-06,Telegram: rusputnikmd,telegram,23,credited-by-mirror
moldova,2026-06-06,Telegram: trech_kich,telegram,1,credited-by-mirror
moldova,2026-06-06,Telegram: ultimaoramd,telegram,2,credited-by-mirror
moldova,2026-06-06,md.sputniknews.com,domain,8,credited-by-mirror
moldova,2026-06-07,Telegram: md_krot,telegram,4,credited-by-mirror
moldova,2026-06-07,Telegram: mdsputnikmd,telegram,9,credited-by-mirror
moldova,2026-06-07,Telegram: rusputnikmd,telegram,28,credited-by-mirror
moldova,2026-06-07,Telegram: trech_kich,telegram,2,credited-by-mirror
moldova,2026-06-07,Telegram: ultimaoramd,telegram,10,credited-by-mirror
moldova,2026-06-07,md.sputniknews.com,domain,8,credited-by-mirror
moldova,2026-06-08,Telegram: md_krot,telegram,4,credited-by-mirror
moldova,2026-06-08,Telegram: mdsputnikmd,telegram,19,credited-by-mirror
moldova,2026-06-08,Telegram: rusputnikmd,telegram,51,credited-by-mirror
moldova,2026-06-08,Telegram: trech_kich,telegram,9,credited-by-mirror
moldova,2026-06-08,Telegram: ultimaoramd,telegram,11,credited-by-mirror
moldova,2026-06-08,md.sputniknews.com,domain,7,credited-by-mirror
moldova,2026-06-09,Telegram: md_krot,telegram,4,credited-by-mirror
moldova,2026-06-09,Telegram: mdsputnikmd,telegram,20,credited-by-mirror
moldova,2026-06-09,Telegram: rusputnikmd,telegram,42,credited-by-mirror
moldova,2026-06-09,Telegram: trech_kich,telegram,6,credited-by-mirror
moldova,2026-06-09,Telegram: ultimaoramd,telegram,10,credited-by-mirror
moldova,2026-06-09,md.sputniknews.com,domain,9,credited-by-mirror
moldova,2026-06-10,Telegram: md_krot,telegram,2,credited-by-mirror
moldova,2026-06-10,Telegram: mdsputnikmd,telegram,17,credited-by-mirror
moldova,2026-06-10,Telegram: rusputnikmd,telegram,27,credited-by-mirror
moldova,2026-06-10,Telegram: trech_kich,telegram,7,credited-by-mirror
moldova,2026-06-10,Telegram: ultimaoramd,telegram,10,credited-by-mirror
moldova,2026-06-10,md.sputniknews.com,domain,7,credited-by-mirror
moldova,2026-06-11,Telegram: md_krot,telegram,3,credited-by-mirror
moldova,2026-06-11,Telegram: mdsputnikmd,telegram,11,credited-by-mirror
moldova,2026-06-11,Telegram: rusputnikmd,telegram,32,credited-by-mirror
moldova,2026-06-11,Telegram: trech_kich,telegram,2,credited-by-mirror
moldova,2026-06-11,Telegram: ultimaoramd,telegram,6,credited-by-mirror
moldova,2026-06-11,md.sputniknews.com,domain,9,credited-by-mirror
moldova,2026-06-12,Telegram: md_krot,telegram,3,credited-by-mirror
moldova,2026-06-12,Telegram: mdsputnikmd,telegram,12,credited-by-mirror
moldova,2026-06-12,Telegram: rusputnikmd,telegram,41,credited-by-mirror
moldova,2026-06-12,Telegram: trech_kich,telegram,3,credited-by-mirror
moldova,2026-06-12,Telegram: ultimaoramd,telegram,9,credited-by-mirror
moldova,2026-06-12,md.sputniknews.com,domain,9,credited-by-mirror
moldova,2026-06-13,Telegram: md_krot,telegram,4,credited-by-mirror
moldova,2026-06-13,Telegram: mdsputnikmd,telegram,9,credited-by-mirror
moldova,2026-06-13,Telegram: rusputnikmd,telegram,24,credited-by-mirror
moldova,2026-06-13,Telegram: trech_kich,telegram,6,credited-by-mirror
moldova,2026-06-13,Telegram: ultimaoramd,telegram,1,credited-by-mirror
moldova,2026-06-13,md.sputniknews.com,domain,9,credited-by-mirror
moldova,2026-06-14,Telegram: md_krot,telegram,5,credited-by-mirror
moldova,2026-06-14,Telegram: mdsputnikmd,telegram,15,credited-by-mirror
moldova,2026-06-14,Telegram: rusputnikmd,telegram,44,credited-by-mirror
moldova,2026-06-14,Telegram: trech_kich,telegram,2,credited-by-mirror
moldova,2026-06-14,Telegram: ultimaoramd,telegram,3,credited-by-mirror
moldova,2026-06-14,md.sputniknews.com,domain,9,credited-by-mirror
moldova,2026-06-15,Telegram: md_krot,telegram,3,credited-by-mirror
moldova,2026-06-15,Telegram: mdsputnikmd,telegram,22,credited-by-mirror
moldova,2026-06-15,Telegram: rusputnikmd,telegram,38,credited-by-mirror
moldova,2026-06-15,Telegram: trech_kich,telegram,6,credited-by-mirror
moldova,2026-06-15,Telegram: ultimaoramd,telegram,17,credited-by-mirror
moldova,2026-06-15,md.sputniknews.com,domain,10,credited-by-mirror
moldova,2026-06-16,Telegram: md_krot,telegram,4,credited-by-mirror
moldova,2026-06-16,Telegram: mdsputnikmd,telegram,22,credited-by-mirror
moldova,2026-06-16,Telegram: rusputnikmd,telegram,44,credited-by-mirror
moldova,2026-06-16,Telegram: trech_kich,telegram,7,credited-by-mirror
moldova,2026-06-16,Telegram: ultimaoramd,telegram,10,credited-by-mirror
moldova,2026-06-16,md.sputniknews.com,domain,9,credited-by-mirror
moldova,2026-06-17,Telegram: md_krot,telegram,4,credited-by-mirror
moldova,2026-06-17,Telegram: mdsputnikmd,telegram,18,credited-by-mirror
moldova,2026-06-17,Telegram: rusputnikmd,telegram,49,credited-by-mirror
moldova,2026-06-17,Telegram: trech_kich,telegram,6,credited-by-mirror
moldova,2026-06-17,Telegram: ultimaoramd,telegram,7,credited-by-mirror
moldova,2026-06-17,md.sputniknews.com,domain,9,credited-by-mirror
moldova,2026-06-18,Telegram: md_krot,telegram,4,credited-by-mirror
moldova,2026-06-18,Telegram: mdsputnikmd,telegram,11,credited-by-mirror
moldova,2026-06-18,Telegram: rusputnikmd,telegram,41,credited-by-mirror
moldova,2026-06-18,Telegram: trech_kich,telegram,9,credited-by-mirror
moldova,2026-06-18,Telegram: ultimaoramd,telegram,10,credited-by-mirror
moldova,2026-06-18,md.sputniknews.com,domain,9,credited-by-mirror
moldova,2026-06-19,Telegram: md_krot,telegram,4,credited-by-mirror
moldova,2026-06-19,Telegram: mdsputnikmd,telegram,10,credited-by-mirror
moldova,2026-06-19,Telegram: rusputnikmd,telegram,32,credited-by-mirror
moldova,2026-06-19,Telegram: trech_kich,telegram,4,credited-by-mirror
moldova,2026-06-19,Telegram: ultimaoramd,telegram,6,credited-by-mirror
moldova,2026-06-19,md.sputniknews.com,domain,9,credited-by-mirror
moldova,2026-06-20,Telegram: md_krot,telegram,4,credited-by-mirror
moldova,2026-06-20,Telegram: mdsputnikmd,telegram,12,credited-by-mirror
moldova,2026-06-20,Telegram: rusputnikmd,telegram,33,credited-by-mirror
moldova,2026-06-20,Telegram: trech_kich,telegram,3,credited-by-mirror
moldova,2026-06-20,Telegram: ultimaoramd,telegram,7,credited-by-mirror
moldova,2026-06-20,md.sputniknews.com,domain,9,credited-by-mirror
moldova,2026-06-21,Telegram: md_krot,telegram,3,credited-by-mirror
moldova,2026-06-21,Telegram: mdsputnikmd,telegram,13,credited-by-mirror
moldova,2026-06-21,Telegram: rusputnikmd,telegram,36,credited-by-mirror
moldova,2026-06-21,Telegram: ultimaoramd,telegram,3,credited-by-mirror
moldova,2026-06-21,md.sputniknews.com,domain,8,credited-by-mirror
moldova,2026-06-22,Telegram: md_krot,telegram,2,credited-by-mirror
moldova,2026-06-22,Telegram: mdsputnikmd,telegram,18,credited-by-mirror
moldova,2026-06-22,Telegram: rusputnikmd,telegram,55,credited-by-mirror
moldova,2026-06-22,Telegram: ultimaoramd,telegram,5,credited-by-mirror
moldova,2026-06-22,md.sputniknews.com,domain,9,credited-by-mirror
moldova,2026-06-23,Telegram: md_krot,telegram,4,credited-by-mirror
moldova,2026-06-23,Telegram: mdsputnikmd,telegram,15,credited-by-mirror
moldova,2026-06-23,Telegram: rusputnikmd,telegram,56,credited-by-mirror
moldova,2026-06-23,Telegram: trech_kich,telegram,1,credited-by-mirror
moldova,2026-06-23,Telegram: ultimaoramd,telegram,4,credited-by-mirror
moldova,2026-06-23,md.sputniknews.com,domain,8,credited-by-mirror
moldova,2026-06-24,Telegram: md_krot,telegram,1,credited-by-mirror
moldova,2026-06-24,Telegram: mdsputnikmd,telegram,18,credited-by-mirror
moldova,2026-06-24,Telegram: rusputnikmd,telegram,46,credited-by-mirror
moldova,2026-06-24,Telegram: trech_kich,telegram,3,credited-by-mirror
moldova,2026-06-24,Telegram: ultimaoramd,telegram,5,credited-by-mirror
moldova,2026-06-24,md.sputniknews.com,domain,9,credited-by-mirror
moldova,2026-06-25,Telegram: md_krot,telegram,4,credited-by-mirror
moldova,2026-06-25,Telegram: mdsputnikmd,telegram,14,credited-by-mirror
moldova,2026-06-25,Telegram: rusputnikmd,telegram,35,credited-by-mirror
moldova,2026-06-25,Telegram: trech_kich,telegram,3,credited-by-mirror
moldova,2026-06-25,Telegram: ultimaoramd,telegram,9,credited-by-mirror
moldova,2026-06-25,md.sputniknews.com,domain,9,credited-by-mirror
moldova,2026-06-26,Telegram: md_krot,telegram,4,credited-by-mirror
moldova,2026-06-26,Telegram: mdsputnikmd,telegram,13,credited-by-mirror
moldova,2026-06-26,Telegram: rusputnikmd,telegram,49,credited-by-mirror
moldova,2026-06-26,Telegram: trech_kich,telegram,3,credited-by-mirror
moldova,2026-06-26,Telegram: ultimaoramd,telegram,4,credited-by-mirror
moldova,2026-06-26,md.sputniknews.com,domain,6,credited-by-mirror
moldova,2026-06-27,Telegram: md_krot,telegram,4,credited-by-mirror
moldova,2026-06-27,Telegram: mdsputnikmd,telegram,11,credited-by-mirror
moldova,2026-06-27,Telegram: rusputnikmd,telegram,40,credited-by-mirror
moldova,2026-06-27,Telegram: trech_kich,telegram,1,credited-by-mirror
moldova,2026-06-27,Telegram: ultimaoramd,telegram,1,credited-by-mirror
moldova,2026-06-27,md.sputniknews.com,domain,9,credited-by-mirror
moldova,2026-06-28,Telegram: md_krot,telegram,3,credited-by-mirror
moldova,2026-06-28,Telegram: mdsputnikmd,telegram,11,credited-by-mirror
moldova,2026-06-28,Telegram: rusputnikmd,telegram,26,credited-by-mirror
moldova,2026-06-28,md.sputniknews.com,domain,9,credited-by-mirror
moldova,2026-06-29,Telegram: md_krot,telegram,4,credited-by-mirror
moldova,2026-06-29,Telegram: mdsputnikmd,telegram,27,credited-by-mirror
moldova,2026-06-29,Telegram: rusputnikmd,telegram,52,credited-by-mirror
moldova,2026-06-29,Telegram: ultimaoramd,telegram,8,credited-by-mirror
moldova,2026-06-29,md.sputniknews.com,domain,9,credited-by-mirror
moldova,2026-06-30,Telegram: md_krot,telegram,4,credited-by-mirror
moldova,2026-06-30,Telegram: mdsputnikmd,telegram,15,credited-by-mirror
moldova,2026-06-30,Telegram: rusputnikmd,telegram,61,credited-by-mirror
moldova,2026-06-30,Telegram: trech_kich,telegram,2,credited-by-mirror
moldova,2026-06-30,Telegram: ultimaoramd,telegram,10,credited-by-mirror
moldova,2026-06-30,md.sputniknews.com,domain,9,credited-by-mirror
poland,2026-06-01,Telegram: Olej_w_Glowie,telegram,131,credited-by-mirror
poland,2026-06-01,Telegram: bialywywiad,telegram,11,credited-by-mirror
poland,2026-06-01,Telegram: infokju,telegram,11,credited-by-mirror
poland,2026-06-01,Telegram: ndp_pl,telegram,30,credited-by-mirror
poland,2026-06-01,Telegram: newsfactory_pl,telegram,16,credited-by-mirror
poland,2026-06-01,pl.topwar.ru,domain,42,credited-by-mirror
poland,2026-06-02,Telegram: Olej_w_Glowie,telegram,122,credited-by-mirror
poland,2026-06-02,Telegram: RuskiStatek,telegram,1,credited-by-mirror
poland,2026-06-02,Telegram: bialywywiad,telegram,7,credited-by-mirror
poland,2026-06-02,Telegram: infokju,telegram,27,credited-by-mirror
poland,2026-06-02,Telegram: ndp_pl,telegram,28,credited-by-mirror
poland,2026-06-02,Telegram: newsfactory_pl,telegram,18,credited-by-mirror
poland,2026-06-02,pl.topwar.ru,domain,43,credited-by-mirror
poland,2026-06-03,Telegram: Olej_w_Glowie,telegram,125,credited-by-mirror
poland,2026-06-03,Telegram: bialywywiad,telegram,1,credited-by-mirror
poland,2026-06-03,Telegram: infokju,telegram,11,credited-by-mirror
poland,2026-06-03,Telegram: ndp_pl,telegram,26,credited-by-mirror
poland,2026-06-03,Telegram: newsfactory_pl,telegram,13,credited-by-mirror
poland,2026-06-03,pl.topwar.ru,domain,45,credited-by-mirror
poland,2026-06-04,Telegram: Olej_w_Glowie,telegram,117,credited-by-mirror
poland,2026-06-04,Telegram: RuskiStatek,telegram,1,credited-by-mirror
poland,2026-06-04,Telegram: bialywywiad,telegram,12,credited-by-mirror
poland,2026-06-04,Telegram: infokju,telegram,18,credited-by-mirror
poland,2026-06-04,Telegram: ndp_pl,telegram,27,credited-by-mirror
poland,2026-06-04,Telegram: newsfactory_pl,telegram,9,credited-by-mirror
poland,2026-06-04,pl.topwar.ru,domain,44,credited-by-mirror
poland,2026-06-05,Telegram: Olej_w_Glowie,telegram,131,credited-by-mirror
poland,2026-06-05,Telegram: bialywywiad,telegram,6,credited-by-mirror
poland,2026-06-05,Telegram: infokju,telegram,18,credited-by-mirror
poland,2026-06-05,Telegram: ndp_pl,telegram,32,credited-by-mirror
poland,2026-06-05,Telegram: newsfactory_pl,telegram,18,credited-by-mirror
poland,2026-06-05,Telegram: ukr_leaks_pl,telegram,1,credited-by-mirror
poland,2026-06-05,pl.topwar.ru,domain,44,credited-by-mirror
poland,2026-06-06,Telegram: Olej_w_Glowie,telegram,111,credited-by-mirror
poland,2026-06-06,Telegram: bialywywiad,telegram,9,credited-by-mirror
poland,2026-06-06,Telegram: infokju,telegram,17,credited-by-mirror
poland,2026-06-06,Telegram: ndp_pl,telegram,31,credited-by-mirror
poland,2026-06-06,Telegram: newsfactory_pl,telegram,15,credited-by-mirror
poland,2026-06-06,Telegram: ukr_leaks_pl,telegram,1,credited-by-mirror
poland,2026-06-06,pl.topwar.ru,domain,31,credited-by-mirror
poland,2026-06-07,Telegram: Olej_w_Glowie,telegram,131,credited-by-mirror
poland,2026-06-07,Telegram: bialywywiad,telegram,41,credited-by-mirror
poland,2026-06-07,Telegram: infokju,telegram,8,credited-by-mirror
poland,2026-06-07,Telegram: ndp_pl,telegram,25,credited-by-mirror
poland,2026-06-07,Telegram: newsfactory_pl,telegram,17,credited-by-mirror
poland,2026-06-07,pl.topwar.ru,domain,20,credited-by-mirror
poland,2026-06-08,Telegram: Olej_w_Glowie,telegram,109,credited-by-mirror
poland,2026-06-08,Telegram: bialywywiad,telegram,30,credited-by-mirror
poland,2026-06-08,Telegram: infokju,telegram,15,credited-by-mirror
poland,2026-06-08,Telegram: ndp_pl,telegram,21,credited-by-mirror
poland,2026-06-08,Telegram: newsfactory_pl,telegram,16,credited-by-mirror
poland,2026-06-08,pl.topwar.ru,domain,45,credited-by-mirror
poland,2026-06-09,Telegram: Olej_w_Glowie,telegram,142,credited-by-mirror
poland,2026-06-09,Telegram: bialywywiad,telegram,15,credited-by-mirror
poland,2026-06-09,Telegram: infokju,telegram,7,credited-by-mirror
poland,2026-06-09,Telegram: ndp_pl,telegram,34,credited-by-mirror
poland,2026-06-09,Telegram: newsfactory_pl,telegram,15,credited-by-mirror
poland,2026-06-09,Telegram: ukr_leaks_pl,telegram,1,credited-by-mirror
poland,2026-06-09,pl.topwar.ru,domain,34,credited-by-mirror
poland,2026-06-10,Telegram: Olej_w_Glowie,telegram,127,credited-by-mirror
poland,2026-06-10,Telegram: bialywywiad,telegram,9,credited-by-mirror
poland,2026-06-10,Telegram: infokju,telegram,35,credited-by-mirror
poland,2026-06-10,Telegram: ndp_pl,telegram,28,credited-by-mirror
poland,2026-06-10,Telegram: newsfactory_pl,telegram,16,credited-by-mirror
poland,2026-06-10,Telegram: ukr_leaks_pl,telegram,1,credited-by-mirror
poland,2026-06-10,pl.topwar.ru,domain,44,credited-by-mirror
poland,2026-06-11,Telegram: Olej_w_Glowie,telegram,80,credited-by-mirror
poland,2026-06-11,Telegram: RuskiStatek,telegram,1,credited-by-mirror
poland,2026-06-11,Telegram: bialywywiad,telegram,12,credited-by-mirror
poland,2026-06-11,Telegram: infokju,telegram,7,credited-by-mirror
poland,2026-06-11,Telegram: ndp_pl,telegram,30,credited-by-mirror
poland,2026-06-11,Telegram: newsfactory_pl,telegram,13,credited-by-mirror
poland,2026-06-11,Telegram: ukr_leaks_pl,telegram,1,credited-by-mirror
poland,2026-06-11,pl.topwar.ru,domain,47,credited-by-mirror
poland,2026-06-12,Telegram: Olej_w_Glowie,telegram,90,credited-by-mirror
poland,2026-06-12,Telegram: bialywywiad,telegram,13,credited-by-mirror
poland,2026-06-12,Telegram: infokju,telegram,10,credited-by-mirror
poland,2026-06-12,Telegram: ndp_pl,telegram,38,credited-by-mirror
poland,2026-06-12,Telegram: newsfactory_pl,telegram,11,credited-by-mirror
poland,2026-06-12,pl.topwar.ru,domain,51,credited-by-mirror
poland,2026-06-13,Telegram: Olej_w_Glowie,telegram,96,credited-by-mirror
poland,2026-06-13,Telegram: RuskiStatek,telegram,1,credited-by-mirror
poland,2026-06-13,Telegram: bialywywiad,telegram,25,credited-by-mirror
poland,2026-06-13,Telegram: infokju,telegram,27,credited-by-mirror
poland,2026-06-13,Telegram: ndp_pl,telegram,38,credited-by-mirror
poland,2026-06-13,Telegram: newsfactory_pl,telegram,17,credited-by-mirror
poland,2026-06-13,pl.topwar.ru,domain,46,credited-by-mirror
poland,2026-06-14,Telegram: Olej_w_Glowie,telegram,89,credited-by-mirror
poland,2026-06-14,Telegram: bialywywiad,telegram,16,credited-by-mirror
poland,2026-06-14,Telegram: infokju,telegram,6,credited-by-mirror
poland,2026-06-14,Telegram: ndp_pl,telegram,34,credited-by-mirror
poland,2026-06-14,Telegram: newsfactory_pl,telegram,20,credited-by-mirror
poland,2026-06-14,pl.topwar.ru,domain,28,credited-by-mirror
poland,2026-06-15,Telegram: Olej_w_Glowie,telegram,115,credited-by-mirror
poland,2026-06-15,Telegram: RuskiStatek,telegram,1,credited-by-mirror
poland,2026-06-15,Telegram: bialywywiad,telegram,11,credited-by-mirror
poland,2026-06-15,Telegram: infokju,telegram,17,credited-by-mirror
poland,2026-06-15,Telegram: ndp_pl,telegram,31,credited-by-mirror
poland,2026-06-15,Telegram: newsfactory_pl,telegram,16,credited-by-mirror
poland,2026-06-15,Telegram: ukr_leaks_pl,telegram,1,credited-by-mirror
poland,2026-06-15,pl.topwar.ru,domain,35,credited-by-mirror
poland,2026-06-16,Telegram: Olej_w_Glowie,telegram,106,credited-by-mirror
poland,2026-06-16,Telegram: bialywywiad,telegram,4,credited-by-mirror
poland,2026-06-16,Telegram: infokju,telegram,21,credited-by-mirror
poland,2026-06-16,Telegram: ndp_pl,telegram,35,credited-by-mirror
poland,2026-06-16,Telegram: newsfactory_pl,telegram,10,credited-by-mirror
poland,2026-06-16,pl.topwar.ru,domain,49,credited-by-mirror
poland,2026-06-17,Telegram: Olej_w_Glowie,telegram,98,credited-by-mirror
poland,2026-06-17,Telegram: bialywywiad,telegram,3,credited-by-mirror
poland,2026-06-17,Telegram: infokju,telegram,3,credited-by-mirror
poland,2026-06-17,Telegram: ndp_pl,telegram,33,credited-by-mirror
poland,2026-06-17,Telegram: newsfactory_pl,telegram,6,credited-by-mirror
poland,2026-06-17,pl.topwar.ru,domain,58,credited-by-mirror
poland,2026-06-18,Telegram: Olej_w_Glowie,telegram,114,credited-by-mirror
poland,2026-06-18,Telegram: bialywywiad,telegram,13,credited-by-mirror
poland,2026-06-18,Telegram: infokju,telegram,23,credited-by-mirror
poland,2026-06-18,Telegram: ndp_pl,telegram,28,credited-by-mirror
poland,2026-06-18,Telegram: newsfactory_pl,telegram,21,credited-by-mirror
poland,2026-06-18,pl.topwar.ru,domain,46,credited-by-mirror
poland,2026-06-19,Telegram: Olej_w_Glowie,telegram,107,credited-by-mirror
poland,2026-06-19,Telegram: RuskiStatek,telegram,1,credited-by-mirror
poland,2026-06-19,Telegram: bialywywiad,telegram,22,credited-by-mirror
poland,2026-06-19,Telegram: infokju,telegram,7,credited-by-mirror
poland,2026-06-19,Telegram: ndp_pl,telegram,30,credited-by-mirror
poland,2026-06-19,Telegram: newsfactory_pl,telegram,17,credited-by-mirror
poland,2026-06-19,pl.topwar.ru,domain,45,credited-by-mirror
poland,2026-06-20,Telegram: Olej_w_Glowie,telegram,81,credited-by-mirror
poland,2026-06-20,Telegram: RuskiStatek,telegram,2,credited-by-mirror
poland,2026-06-20,Telegram: bialywywiad,telegram,12,credited-by-mirror
poland,2026-06-20,Telegram: infokju,telegram,20,credited-by-mirror
poland,2026-06-20,Telegram: ndp_pl,telegram,27,credited-by-mirror
poland,2026-06-20,Telegram: newsfactory_pl,telegram,15,credited-by-mirror
poland,2026-06-20,Telegram: ukr_leaks_pl,telegram,1,credited-by-mirror
poland,2026-06-20,pl.topwar.ru,domain,23,credited-by-mirror
poland,2026-06-21,Telegram: Olej_w_Glowie,telegram,95,credited-by-mirror
poland,2026-06-21,Telegram: bialywywiad,telegram,12,credited-by-mirror
poland,2026-06-21,Telegram: infokju,telegram,7,credited-by-mirror
poland,2026-06-21,Telegram: ndp_pl,telegram,30,credited-by-mirror
poland,2026-06-21,Telegram: newsfactory_pl,telegram,6,credited-by-mirror
poland,2026-06-21,pl.topwar.ru,domain,36,credited-by-mirror
poland,2026-06-22,Telegram: Olej_w_Glowie,telegram,71,credited-by-mirror
poland,2026-06-22,Telegram: bialywywiad,telegram,2,credited-by-mirror
poland,2026-06-22,Telegram: infokju,telegram,22,credited-by-mirror
poland,2026-06-22,Telegram: ndp_pl,telegram,33,credited-by-mirror
poland,2026-06-22,Telegram: newsfactory_pl,telegram,6,credited-by-mirror
poland,2026-06-22,Telegram: ukr_leaks_pl,telegram,2,credited-by-mirror
poland,2026-06-22,pl.topwar.ru,domain,39,credited-by-mirror
poland,2026-06-23,Telegram: Olej_w_Glowie,telegram,81,credited-by-mirror
poland,2026-06-23,Telegram: bialywywiad,telegram,8,credited-by-mirror
poland,2026-06-23,Telegram: infokju,telegram,18,credited-by-mirror
poland,2026-06-23,Telegram: ndp_pl,telegram,28,credited-by-mirror
poland,2026-06-23,Telegram: newsfactory_pl,telegram,9,credited-by-mirror
poland,2026-06-23,Telegram: ukr_leaks_pl,telegram,1,credited-by-mirror
poland,2026-06-23,pl.topwar.ru,domain,46,credited-by-mirror
poland,2026-06-24,Telegram: Olej_w_Glowie,telegram,73,credited-by-mirror
poland,2026-06-24,Telegram: bialywywiad,telegram,4,credited-by-mirror
poland,2026-06-24,Telegram: infokju,telegram,6,credited-by-mirror
poland,2026-06-24,Telegram: ndp_pl,telegram,26,credited-by-mirror
poland,2026-06-24,Telegram: newsfactory_pl,telegram,2,credited-by-mirror
poland,2026-06-24,pl.topwar.ru,domain,47,credited-by-mirror
poland,2026-06-25,Telegram: Olej_w_Glowie,telegram,90,credited-by-mirror
poland,2026-06-25,Telegram: bialywywiad,telegram,3,credited-by-mirror
poland,2026-06-25,Telegram: infokju,telegram,9,credited-by-mirror
poland,2026-06-25,Telegram: ndp_pl,telegram,28,credited-by-mirror
poland,2026-06-25,Telegram: newsfactory_pl,telegram,9,credited-by-mirror
poland,2026-06-25,pl.topwar.ru,domain,36,credited-by-mirror
poland,2026-06-26,Telegram: Olej_w_Glowie,telegram,74,credited-by-mirror
poland,2026-06-26,Telegram: RuskiStatek,telegram,2,credited-by-mirror
poland,2026-06-26,Telegram: bialywywiad,telegram,22,credited-by-mirror
poland,2026-06-26,Telegram: infokju,telegram,11,credited-by-mirror
poland,2026-06-26,Telegram: ndp_pl,telegram,29,credited-by-mirror
poland,2026-06-26,Telegram: newsfactory_pl,telegram,10,credited-by-mirror
poland,2026-06-26,Telegram: ukr_leaks_pl,telegram,2,credited-by-mirror
poland,2026-06-26,pl.topwar.ru,domain,45,credited-by-mirror
poland,2026-06-27,Telegram: Olej_w_Glowie,telegram,61,credited-by-mirror
poland,2026-06-27,Telegram: bialywywiad,telegram,6,credited-by-mirror
poland,2026-06-27,Telegram: infokju,telegram,10,credited-by-mirror
poland,2026-06-27,Telegram: ndp_pl,telegram,32,credited-by-mirror
poland,2026-06-27,Telegram: newsfactory_pl,telegram,8,credited-by-mirror
poland,2026-06-27,Telegram: ukr_leaks_pl,telegram,1,credited-by-mirror
poland,2026-06-27,pl.topwar.ru,domain,35,credited-by-mirror
poland,2026-06-28,Telegram: Olej_w_Glowie,telegram,42,credited-by-mirror
poland,2026-06-28,Telegram: RuskiStatek,telegram,2,credited-by-mirror
poland,2026-06-28,Telegram: bialywywiad,telegram,7,credited-by-mirror
poland,2026-06-28,Telegram: infokju,telegram,4,credited-by-mirror
poland,2026-06-28,Telegram: ndp_pl,telegram,35,credited-by-mirror
poland,2026-06-28,Telegram: newsfactory_pl,telegram,11,credited-by-mirror
poland,2026-06-28,Telegram: ukr_leaks_pl,telegram,1,credited-by-mirror
poland,2026-06-28,pl.topwar.ru,domain,15,credited-by-mirror
poland,2026-06-29,Telegram: Olej_w_Glowie,telegram,40,credited-by-mirror
poland,2026-06-29,Telegram: RuskiStatek,telegram,1,credited-by-mirror
poland,2026-06-29,Telegram: bialywywiad,telegram,5,credited-by-mirror
poland,2026-06-29,Telegram: infokju,telegram,6,credited-by-mirror
poland,2026-06-29,Telegram: ndp_pl,telegram,29,credited-by-mirror
poland,2026-06-29,Telegram: newsfactory_pl,telegram,1,credited-by-mirror
poland,2026-06-29,pl.topwar.ru,domain,49,credited-by-mirror
poland,2026-06-30,Telegram: bialywywiad,telegram,2,credited-by-mirror
poland,2026-06-30,Telegram: infokju,telegram,10,credited-by-mirror
poland,2026-06-30,Telegram: ndp_pl,telegram,33,credited-by-mirror
poland,2026-06-30,Telegram: newsfactory_pl,telegram,9,credited-by-mirror
poland,2026-06-30,Telegram: ukr_leaks_pl,telegram,1,credited-by-mirror
poland,2026-06-30,pl.topwar.ru,domain,46,credited-by-mirror
romania,2026-06-01,Telegram: InfoDefenseRUM,telegram,11,credited-by-mirror
romania,2026-06-01,Telegram: ambasadarusiei,telegram,1,credited-by-mirror
romania,2026-06-01,Telegram: onciu,telegram,2,credited-by-mirror
romania,2026-06-01,Telegram: sputnecenzurat,telegram,24,credited-by-mirror
romania,2026-06-01,Telegram: triunghiulbasarabean,telegram,30,credited-by-mirror
romania,2026-06-01,ro.topwar.ru,domain,52,credited-by-mirror
romania,2026-06-02,Telegram: InfoDefenseRUM,telegram,18,credited-by-mirror
romania,2026-06-02,Telegram: ambasadarusiei,telegram,2,credited-by-mirror
romania,2026-06-02,Telegram: onciu,telegram,4,credited-by-mirror
romania,2026-06-02,Telegram: sputnecenzurat,telegram,27,credited-by-mirror
romania,2026-06-02,Telegram: triunghiulbasarabean,telegram,41,credited-by-mirror
romania,2026-06-02,ro.topwar.ru,domain,56,credited-by-mirror
romania,2026-06-03,Telegram: InfoDefenseRUM,telegram,11,credited-by-mirror
romania,2026-06-03,Telegram: onciu,telegram,2,credited-by-mirror
romania,2026-06-03,Telegram: sputnecenzurat,telegram,17,credited-by-mirror
romania,2026-06-03,Telegram: triunghiulbasarabean,telegram,61,credited-by-mirror
romania,2026-06-03,ro.topwar.ru,domain,52,credited-by-mirror
romania,2026-06-04,Telegram: InfoDefenseRUM,telegram,5,credited-by-mirror
romania,2026-06-04,Telegram: ambasadarusiei,telegram,1,credited-by-mirror
romania,2026-06-04,Telegram: onciu,telegram,3,credited-by-mirror
romania,2026-06-04,Telegram: sputnecenzurat,telegram,8,credited-by-mirror
romania,2026-06-04,Telegram: triunghiulbasarabean,telegram,52,credited-by-mirror
romania,2026-06-04,ro.topwar.ru,domain,52,credited-by-mirror
romania,2026-06-05,Telegram: InfoDefenseRUM,telegram,7,credited-by-mirror
romania,2026-06-05,Telegram: onciu,telegram,3,credited-by-mirror
romania,2026-06-05,Telegram: sputnecenzurat,telegram,16,credited-by-mirror
romania,2026-06-05,Telegram: triunghiulbasarabean,telegram,39,credited-by-mirror
romania,2026-06-05,Telegram: ucrainaruseasca,telegram,2,credited-by-mirror
romania,2026-06-05,ro.topwar.ru,domain,38,credited-by-mirror
romania,2026-06-06,Telegram: InfoDefenseRUM,telegram,1,credited-by-mirror
romania,2026-06-06,Telegram: ambasadarusiei,telegram,1,credited-by-mirror
romania,2026-06-06,Telegram: onciu,telegram,3,credited-by-mirror
romania,2026-06-06,Telegram: sputnecenzurat,telegram,19,credited-by-mirror
romania,2026-06-06,Telegram: triunghiulbasarabean,telegram,31,credited-by-mirror
romania,2026-06-06,ro.topwar.ru,domain,49,credited-by-mirror
romania,2026-06-07,Telegram: onciu,telegram,2,credited-by-mirror
romania,2026-06-07,Telegram: sputnecenzurat,telegram,16,credited-by-mirror
romania,2026-06-07,Telegram: triunghiulbasarabean,telegram,20,credited-by-mirror
romania,2026-06-07,ro.topwar.ru,domain,21,credited-by-mirror
romania,2026-06-08,Telegram: onciu,telegram,5,credited-by-mirror
romania,2026-06-08,Telegram: sputnecenzurat,telegram,16,credited-by-mirror
romania,2026-06-08,Telegram: triunghiulbasarabean,telegram,40,credited-by-mirror
romania,2026-06-08,ro.topwar.ru,domain,50,credited-by-mirror
romania,2026-06-09,Telegram: InfoDefenseRUM,telegram,1,credited-by-mirror
romania,2026-06-09,Telegram: ambasadarusiei,telegram,1,credited-by-mirror
romania,2026-06-09,Telegram: onciu,telegram,1,credited-by-mirror
romania,2026-06-09,Telegram: sputnecenzurat,telegram,28,credited-by-mirror
romania,2026-06-09,Telegram: triunghiulbasarabean,telegram,39,credited-by-mirror
romania,2026-06-09,ro.topwar.ru,domain,56,credited-by-mirror
romania,2026-06-10,Telegram: InfoDefenseRUM,telegram,6,credited-by-mirror
romania,2026-06-10,Telegram: onciu,telegram,3,credited-by-mirror
romania,2026-06-10,Telegram: sputnecenzurat,telegram,27,credited-by-mirror
romania,2026-06-10,Telegram: triunghiulbasarabean,telegram,32,credited-by-mirror
romania,2026-06-10,ro.topwar.ru,domain,48,credited-by-mirror
romania,2026-06-11,Telegram: InfoDefenseRUM,telegram,4,credited-by-mirror
romania,2026-06-11,Telegram: onciu,telegram,2,credited-by-mirror
romania,2026-06-11,Telegram: sputnecenzurat,telegram,17,credited-by-mirror
romania,2026-06-11,Telegram: triunghiulbasarabean,telegram,24,credited-by-mirror
romania,2026-06-11,ro.topwar.ru,domain,50,credited-by-mirror
romania,2026-06-12,Telegram: InfoDefenseRUM,telegram,11,credited-by-mirror
romania,2026-06-12,Telegram: onciu,telegram,3,credited-by-mirror
romania,2026-06-12,Telegram: sputnecenzurat,telegram,17,credited-by-mirror
romania,2026-06-12,Telegram: triunghiulbasarabean,telegram,25,credited-by-mirror
romania,2026-06-12,ro.topwar.ru,domain,56,credited-by-mirror
romania,2026-06-13,Telegram: InfoDefenseRUM,telegram,14,credited-by-mirror
romania,2026-06-13,Telegram: ambasadarusiei,telegram,2,credited-by-mirror
romania,2026-06-13,Telegram: onciu,telegram,2,credited-by-mirror
romania,2026-06-13,Telegram: sputnecenzurat,telegram,26,credited-by-mirror
romania,2026-06-13,Telegram: triunghiulbasarabean,telegram,18,credited-by-mirror
romania,2026-06-13,ro.topwar.ru,domain,47,credited-by-mirror
romania,2026-06-14,Telegram: InfoDefenseRUM,telegram,24,credited-by-mirror
romania,2026-06-14,Telegram: ambasadarusiei,telegram,2,credited-by-mirror
romania,2026-06-14,Telegram: onciu,telegram,3,credited-by-mirror
romania,2026-06-14,Telegram: sputnecenzurat,telegram,23,credited-by-mirror
romania,2026-06-14,Telegram: triunghiulbasarabean,telegram,33,credited-by-mirror
romania,2026-06-14,ro.topwar.ru,domain,30,credited-by-mirror
romania,2026-06-15,Telegram: InfoDefenseRUM,telegram,11,credited-by-mirror
romania,2026-06-15,Telegram: onciu,telegram,2,credited-by-mirror
romania,2026-06-15,Telegram: sputnecenzurat,telegram,22,credited-by-mirror
romania,2026-06-15,Telegram: triunghiulbasarabean,telegram,40,credited-by-mirror
romania,2026-06-15,ro.topwar.ru,domain,48,credited-by-mirror
romania,2026-06-16,Telegram: InfoDefenseRUM,telegram,5,credited-by-mirror
romania,2026-06-16,Telegram: onciu,telegram,4,credited-by-mirror
romania,2026-06-16,Telegram: sputnecenzurat,telegram,22,credited-by-mirror
romania,2026-06-16,Telegram: triunghiulbasarabean,telegram,27,credited-by-mirror
romania,2026-06-16,ro.topwar.ru,domain,55,credited-by-mirror
romania,2026-06-17,Telegram: InfoDefenseRUM,telegram,9,credited-by-mirror
romania,2026-06-17,Telegram: ambasadarusiei,telegram,2,credited-by-mirror
romania,2026-06-17,Telegram: onciu,telegram,2,credited-by-mirror
romania,2026-06-17,Telegram: sputnecenzurat,telegram,13,credited-by-mirror
romania,2026-06-17,Telegram: triunghiulbasarabean,telegram,35,credited-by-mirror
romania,2026-06-17,ro.topwar.ru,domain,63,credited-by-mirror
romania,2026-06-18,Telegram: InfoDefenseRUM,telegram,9,credited-by-mirror
romania,2026-06-18,Telegram: onciu,telegram,1,credited-by-mirror
romania,2026-06-18,Telegram: sputnecenzurat,telegram,26,credited-by-mirror
romania,2026-06-18,Telegram: triunghiulbasarabean,telegram,43,credited-by-mirror
romania,2026-06-18,ro.topwar.ru,domain,39,credited-by-mirror
romania,2026-06-19,Telegram: InfoDefenseRUM,telegram,6,credited-by-mirror
romania,2026-06-19,Telegram: onciu,telegram,5,credited-by-mirror
romania,2026-06-19,Telegram: sputnecenzurat,telegram,19,credited-by-mirror
romania,2026-06-19,Telegram: triunghiulbasarabean,telegram,26,credited-by-mirror
romania,2026-06-19,Telegram: ucrainaruseasca,telegram,3,credited-by-mirror
romania,2026-06-19,ro.topwar.ru,domain,48,credited-by-mirror
romania,2026-06-20,Telegram: InfoDefenseRUM,telegram,9,credited-by-mirror
romania,2026-06-20,Telegram: onciu,telegram,3,credited-by-mirror
romania,2026-06-20,Telegram: sputnecenzurat,telegram,23,credited-by-mirror
romania,2026-06-20,Telegram: triunghiulbasarabean,telegram,23,credited-by-mirror
romania,2026-06-20,ro.topwar.ru,domain,37,credited-by-mirror
romania,2026-06-21,Telegram: InfoDefenseRUM,telegram,5,credited-by-mirror
romania,2026-06-21,Telegram: ambasadarusiei,telegram,1,credited-by-mirror
romania,2026-06-21,Telegram: onciu,telegram,1,credited-by-mirror
romania,2026-06-21,Telegram: sputnecenzurat,telegram,16,credited-by-mirror
romania,2026-06-21,Telegram: triunghiulbasarabean,telegram,26,credited-by-mirror
romania,2026-06-21,ro.topwar.ru,domain,40,credited-by-mirror
romania,2026-06-22,Telegram: InfoDefenseRUM,telegram,3,credited-by-mirror
romania,2026-06-22,Telegram: onciu,telegram,2,credited-by-mirror
romania,2026-06-22,Telegram: sputnecenzurat,telegram,16,credited-by-mirror
romania,2026-06-22,Telegram: triunghiulbasarabean,telegram,31,credited-by-mirror
romania,2026-06-22,ro.topwar.ru,domain,43,credited-by-mirror
romania,2026-06-23,Telegram: InfoDefenseRUM,telegram,1,credited-by-mirror
romania,2026-06-23,Telegram: ambasadarusiei,telegram,2,credited-by-mirror
romania,2026-06-23,Telegram: onciu,telegram,3,credited-by-mirror
romania,2026-06-23,Telegram: sputnecenzurat,telegram,11,credited-by-mirror
romania,2026-06-23,Telegram: triunghiulbasarabean,telegram,29,credited-by-mirror
romania,2026-06-23,ro.topwar.ru,domain,55,credited-by-mirror
romania,2026-06-24,Telegram: onciu,telegram,1,credited-by-mirror
romania,2026-06-24,Telegram: sputnecenzurat,telegram,10,credited-by-mirror
romania,2026-06-24,Telegram: triunghiulbasarabean,telegram,43,credited-by-mirror
romania,2026-06-24,ro.topwar.ru,domain,59,credited-by-mirror
romania,2026-06-25,Telegram: InfoDefenseRUM,telegram,2,credited-by-mirror
romania,2026-06-25,Telegram: sputnecenzurat,telegram,20,credited-by-mirror
romania,2026-06-25,Telegram: triunghiulbasarabean,telegram,30,credited-by-mirror
romania,2026-06-25,ro.topwar.ru,domain,39,credited-by-mirror
romania,2026-06-26,Telegram: InfoDefenseRUM,telegram,5,credited-by-mirror
romania,2026-06-26,Telegram: ambasadarusiei,telegram,1,credited-by-mirror
romania,2026-06-26,Telegram: onciu,telegram,3,credited-by-mirror
romania,2026-06-26,Telegram: sputnecenzurat,telegram,20,credited-by-mirror
romania,2026-06-26,Telegram: triunghiulbasarabean,telegram,25,credited-by-mirror
romania,2026-06-26,ro.topwar.ru,domain,47,credited-by-mirror
romania,2026-06-27,Telegram: InfoDefenseRUM,telegram,3,credited-by-mirror
romania,2026-06-27,Telegram: ambasadarusiei,telegram,1,credited-by-mirror
romania,2026-06-27,Telegram: onciu,telegram,1,credited-by-mirror
romania,2026-06-27,Telegram: sputnecenzurat,telegram,11,credited-by-mirror
romania,2026-06-27,Telegram: triunghiulbasarabean,telegram,12,credited-by-mirror
romania,2026-06-27,ro.topwar.ru,domain,34,credited-by-mirror
romania,2026-06-28,Telegram: InfoDefenseRUM,telegram,2,credited-by-mirror
romania,2026-06-28,Telegram: onciu,telegram,1,credited-by-mirror
romania,2026-06-28,Telegram: sputnecenzurat,telegram,17,credited-by-mirror
romania,2026-06-28,Telegram: triunghiulbasarabean,telegram,18,credited-by-mirror
romania,2026-06-28,Telegram: ucrainaruseasca,telegram,1,credited-by-mirror
romania,2026-06-28,ro.topwar.ru,domain,24,credited-by-mirror
romania,2026-06-29,Telegram: InfoDefenseRUM,telegram,1,credited-by-mirror
romania,2026-06-29,Telegram: onciu,telegram,1,credited-by-mirror
romania,2026-06-29,Telegram: sputnecenzurat,telegram,21,credited-by-mirror
romania,2026-06-29,Telegram: triunghiulbasarabean,telegram,41,credited-by-mirror
romania,2026-06-29,ro.topwar.ru,domain,36,credited-by-mirror
romania,2026-06-30,Telegram: InfoDefenseRUM,telegram,4,credited-by-mirror
romania,2026-06-30,Telegram: ambasadarusiei,telegram,1,credited-by-mirror
romania,2026-06-30,Telegram: sputnecenzurat,telegram,18,credited-by-mirror
romania,2026-06-30,Telegram: triunghiulbasarabean,telegram,35,credited-by-mirror
romania,2026-06-30,ro.topwar.ru,domain,52,credited-by-mirror
slovakia,2026-06-01,Telegram: casusbellilive,telegram,41,credited-by-mirror
slovakia,2026-06-01,Telegram: puchoviny,telegram,98,credited-by-mirror
slovakia,2026-06-01,Telegram: slovanskenoviny,telegram,23,credited-by-mirror
slovakia,2026-06-01,Telegram: slovenskymedved,telegram,11,credited-by-mirror
slovakia,2026-06-01,Telegram: smebratia,telegram,13,credited-by-mirror
slovakia,2026-06-01,Telegram: spravy_slovakia,telegram,9,credited-by-mirror
slovakia,2026-06-01,Telegram: spravydomozaiky,telegram,17,credited-by-mirror
slovakia,2026-06-01,Telegram: zemavek,telegram,53,credited-by-mirror
slovakia,2026-06-01,sk.news-front.su,domain,8,credited-by-mirror
slovakia,2026-06-02,Telegram: casusbellilive,telegram,35,credited-by-mirror
slovakia,2026-06-02,Telegram: puchoviny,telegram,94,credited-by-mirror
slovakia,2026-06-02,Telegram: slovanskenoviny,telegram,34,credited-by-mirror
slovakia,2026-06-02,Telegram: slovenskymedved,telegram,11,credited-by-mirror
slovakia,2026-06-02,Telegram: smebratia,telegram,13,credited-by-mirror
slovakia,2026-06-02,Telegram: spravy_slovakia,telegram,9,credited-by-mirror
slovakia,2026-06-02,Telegram: spravydomozaiky,telegram,17,credited-by-mirror
slovakia,2026-06-02,Telegram: zemavek,telegram,44,credited-by-mirror
slovakia,2026-06-02,sk.news-front.su,domain,8,credited-by-mirror
slovakia,2026-06-03,Telegram: casusbellilive,telegram,36,credited-by-mirror
slovakia,2026-06-03,Telegram: puchoviny,telegram,118,credited-by-mirror
slovakia,2026-06-03,Telegram: slovanskenoviny,telegram,30,credited-by-mirror
slovakia,2026-06-03,Telegram: slovenskymedved,telegram,10,credited-by-mirror
slovakia,2026-06-03,Telegram: smebratia,telegram,17,credited-by-mirror
slovakia,2026-06-03,Telegram: spravy_slovakia,telegram,10,credited-by-mirror
slovakia,2026-06-03,Telegram: spravydomozaiky,telegram,7,credited-by-mirror
slovakia,2026-06-03,Telegram: zemavek,telegram,47,credited-by-mirror
slovakia,2026-06-03,sk.news-front.su,domain,10,credited-by-mirror
slovakia,2026-06-04,Telegram: casusbellilive,telegram,54,credited-by-mirror
slovakia,2026-06-04,Telegram: puchoviny,telegram,96,credited-by-mirror
slovakia,2026-06-04,Telegram: slovanskenoviny,telegram,20,credited-by-mirror
slovakia,2026-06-04,Telegram: slovenskymedved,telegram,12,credited-by-mirror
slovakia,2026-06-04,Telegram: smebratia,telegram,13,credited-by-mirror
slovakia,2026-06-04,Telegram: spravy_slovakia,telegram,14,credited-by-mirror
slovakia,2026-06-04,Telegram: spravydomozaiky,telegram,16,credited-by-mirror
slovakia,2026-06-04,Telegram: zemavek,telegram,40,credited-by-mirror
slovakia,2026-06-04,sk.news-front.su,domain,8,credited-by-mirror
slovakia,2026-06-05,Telegram: casusbellilive,telegram,33,credited-by-mirror
slovakia,2026-06-05,Telegram: puchoviny,telegram,108,credited-by-mirror
slovakia,2026-06-05,Telegram: slovanskenoviny,telegram,22,credited-by-mirror
slovakia,2026-06-05,Telegram: slovenskymedved,telegram,10,credited-by-mirror
slovakia,2026-06-05,Telegram: smebratia,telegram,25,credited-by-mirror
slovakia,2026-06-05,Telegram: spravy_slovakia,telegram,17,credited-by-mirror
slovakia,2026-06-05,Telegram: spravydomozaiky,telegram,19,credited-by-mirror
slovakia,2026-06-05,Telegram: zemavek,telegram,47,credited-by-mirror
slovakia,2026-06-05,sk.news-front.su,domain,6,credited-by-mirror
slovakia,2026-06-06,Telegram: casusbellilive,telegram,37,credited-by-mirror
slovakia,2026-06-06,Telegram: puchoviny,telegram,96,credited-by-mirror
slovakia,2026-06-06,Telegram: slovanskenoviny,telegram,13,credited-by-mirror
slovakia,2026-06-06,Telegram: slovenskymedved,telegram,15,credited-by-mirror
slovakia,2026-06-06,Telegram: smebratia,telegram,26,credited-by-mirror
slovakia,2026-06-06,Telegram: spravy_slovakia,telegram,7,credited-by-mirror
slovakia,2026-06-06,Telegram: spravydomozaiky,telegram,29,credited-by-mirror
slovakia,2026-06-06,Telegram: zemavek,telegram,41,credited-by-mirror
slovakia,2026-06-06,sk.news-front.su,domain,7,credited-by-mirror
slovakia,2026-06-07,Telegram: casusbellilive,telegram,37,credited-by-mirror
slovakia,2026-06-07,Telegram: puchoviny,telegram,113,credited-by-mirror
slovakia,2026-06-07,Telegram: slovanskenoviny,telegram,18,credited-by-mirror
slovakia,2026-06-07,Telegram: slovenskymedved,telegram,14,credited-by-mirror
slovakia,2026-06-07,Telegram: smebratia,telegram,10,credited-by-mirror
slovakia,2026-06-07,Telegram: spravy_slovakia,telegram,11,credited-by-mirror
slovakia,2026-06-07,Telegram: spravydomozaiky,telegram,16,credited-by-mirror
slovakia,2026-06-07,Telegram: zemavek,telegram,42,credited-by-mirror
slovakia,2026-06-07,sk.news-front.su,domain,7,credited-by-mirror
slovakia,2026-06-08,Telegram: casusbellilive,telegram,40,credited-by-mirror
slovakia,2026-06-08,Telegram: puchoviny,telegram,83,credited-by-mirror
slovakia,2026-06-08,Telegram: slovanskenoviny,telegram,19,credited-by-mirror
slovakia,2026-06-08,Telegram: slovenskymedved,telegram,8,credited-by-mirror
slovakia,2026-06-08,Telegram: smebratia,telegram,11,credited-by-mirror
slovakia,2026-06-08,Telegram: spravy_slovakia,telegram,13,credited-by-mirror
slovakia,2026-06-08,Telegram: spravydomozaiky,telegram,28,credited-by-mirror
slovakia,2026-06-08,Telegram: zemavek,telegram,49,credited-by-mirror
slovakia,2026-06-08,sk.news-front.su,domain,12,credited-by-mirror
slovakia,2026-06-09,Telegram: casusbellilive,telegram,31,credited-by-mirror
slovakia,2026-06-09,Telegram: puchoviny,telegram,118,credited-by-mirror
slovakia,2026-06-09,Telegram: slovanskenoviny,telegram,24,credited-by-mirror
slovakia,2026-06-09,Telegram: slovenskymedved,telegram,9,credited-by-mirror
slovakia,2026-06-09,Telegram: smebratia,telegram,10,credited-by-mirror
slovakia,2026-06-09,Telegram: spravy_slovakia,telegram,5,credited-by-mirror
slovakia,2026-06-09,Telegram: spravydomozaiky,telegram,9,credited-by-mirror
slovakia,2026-06-09,Telegram: zemavek,telegram,57,credited-by-mirror
slovakia,2026-06-09,sk.news-front.su,domain,7,credited-by-mirror
slovakia,2026-06-10,Telegram: casusbellilive,telegram,38,credited-by-mirror
slovakia,2026-06-10,Telegram: puchoviny,telegram,109,credited-by-mirror
slovakia,2026-06-10,Telegram: slovanskenoviny,telegram,27,credited-by-mirror
slovakia,2026-06-10,Telegram: slovenskymedved,telegram,15,credited-by-mirror
slovakia,2026-06-10,Telegram: smebratia,telegram,11,credited-by-mirror
slovakia,2026-06-10,Telegram: spravy_slovakia,telegram,5,credited-by-mirror
slovakia,2026-06-10,Telegram: spravydomozaiky,telegram,14,credited-by-mirror
slovakia,2026-06-10,Telegram: zemavek,telegram,53,credited-by-mirror
slovakia,2026-06-10,sk.news-front.su,domain,9,credited-by-mirror
slovakia,2026-06-11,Telegram: casusbellilive,telegram,14,credited-by-mirror
slovakia,2026-06-11,Telegram: puchoviny,telegram,96,credited-by-mirror
slovakia,2026-06-11,Telegram: slovanskenoviny,telegram,21,credited-by-mirror
slovakia,2026-06-11,Telegram: slovenskymedved,telegram,7,credited-by-mirror
slovakia,2026-06-11,Telegram: smebratia,telegram,2,credited-by-mirror
slovakia,2026-06-11,Telegram: spravy_slovakia,telegram,21,credited-by-mirror
slovakia,2026-06-11,Telegram: spravydomozaiky,telegram,18,credited-by-mirror
slovakia,2026-06-11,Telegram: zemavek,telegram,50,credited-by-mirror
slovakia,2026-06-11,sk.news-front.su,domain,16,credited-by-mirror
slovakia,2026-06-12,Telegram: casusbellilive,telegram,23,credited-by-mirror
slovakia,2026-06-12,Telegram: puchoviny,telegram,90,credited-by-mirror
slovakia,2026-06-12,Telegram: slovanskenoviny,telegram,22,credited-by-mirror
slovakia,2026-06-12,Telegram: slovenskymedved,telegram,6,credited-by-mirror
slovakia,2026-06-12,Telegram: smebratia,telegram,18,credited-by-mirror
slovakia,2026-06-12,Telegram: spravy_slovakia,telegram,14,credited-by-mirror
slovakia,2026-06-12,Telegram: spravydomozaiky,telegram,24,credited-by-mirror
slovakia,2026-06-12,Telegram: zemavek,telegram,57,credited-by-mirror
slovakia,2026-06-12,sk.news-front.su,domain,9,credited-by-mirror
slovakia,2026-06-13,Telegram: casusbellilive,telegram,25,credited-by-mirror
slovakia,2026-06-13,Telegram: puchoviny,telegram,85,credited-by-mirror
slovakia,2026-06-13,Telegram: slovanskenoviny,telegram,12,credited-by-mirror
slovakia,2026-06-13,Telegram: slovenskymedved,telegram,12,credited-by-mirror
slovakia,2026-06-13,Telegram: smebratia,telegram,9,credited-by-mirror
slovakia,2026-06-13,Telegram: spravy_slovakia,telegram,6,credited-by-mirror
slovakia,2026-06-13,Telegram: spravydomozaiky,telegram,29,credited-by-mirror
slovakia,2026-06-13,Telegram: zemavek,telegram,44,credited-by-mirror
slovakia,2026-06-13,sk.news-front.su,domain,9,credited-by-mirror
slovakia,2026-06-14,Telegram: casusbellilive,telegram,27,credited-by-mirror
slovakia,2026-06-14,Telegram: puchoviny,telegram,81,credited-by-mirror
slovakia,2026-06-14,Telegram: slovanskenoviny,telegram,15,credited-by-mirror
slovakia,2026-06-14,Telegram: slovenskymedved,telegram,12,credited-by-mirror
slovakia,2026-06-14,Telegram: smebratia,telegram,2,credited-by-mirror
slovakia,2026-06-14,Telegram: spravy_slovakia,telegram,16,credited-by-mirror
slovakia,2026-06-14,Telegram: spravydomozaiky,telegram,11,credited-by-mirror
slovakia,2026-06-14,Telegram: zemavek,telegram,40,credited-by-mirror
slovakia,2026-06-14,sk.news-front.su,domain,5,credited-by-mirror
slovakia,2026-06-15,Telegram: casusbellilive,telegram,43,credited-by-mirror
slovakia,2026-06-15,Telegram: puchoviny,telegram,92,credited-by-mirror
slovakia,2026-06-15,Telegram: slovanskenoviny,telegram,21,credited-by-mirror
slovakia,2026-06-15,Telegram: slovenskymedved,telegram,7,credited-by-mirror
slovakia,2026-06-15,Telegram: smebratia,telegram,3,credited-by-mirror
slovakia,2026-06-15,Telegram: spravy_slovakia,telegram,11,credited-by-mirror
slovakia,2026-06-15,Telegram: spravydomozaiky,telegram,10,credited-by-mirror
slovakia,2026-06-15,Telegram: zemavek,telegram,47,credited-by-mirror
slovakia,2026-06-15,sk.news-front.su,domain,8,credited-by-mirror
slovakia,2026-06-16,Telegram: casusbellilive,telegram,30,credited-by-mirror
slovakia,2026-06-16,Telegram: puchoviny,telegram,95,credited-by-mirror
slovakia,2026-06-16,Telegram: slovanskenoviny,telegram,20,credited-by-mirror
slovakia,2026-06-16,Telegram: slovenskymedved,telegram,8,credited-by-mirror
slovakia,2026-06-16,Telegram: smebratia,telegram,9,credited-by-mirror
slovakia,2026-06-16,Telegram: spravy_slovakia,telegram,14,credited-by-mirror
slovakia,2026-06-16,Telegram: spravydomozaiky,telegram,12,credited-by-mirror
slovakia,2026-06-16,Telegram: zemavek,telegram,49,credited-by-mirror
slovakia,2026-06-16,sk.news-front.su,domain,10,credited-by-mirror
slovakia,2026-06-17,Telegram: casusbellilive,telegram,35,credited-by-mirror
slovakia,2026-06-17,Telegram: puchoviny,telegram,80,credited-by-mirror
slovakia,2026-06-17,Telegram: slovanskenoviny,telegram,21,credited-by-mirror
slovakia,2026-06-17,Telegram: slovenskymedved,telegram,6,credited-by-mirror
slovakia,2026-06-17,Telegram: smebratia,telegram,23,credited-by-mirror
slovakia,2026-06-17,Telegram: spravy_slovakia,telegram,17,credited-by-mirror
slovakia,2026-06-17,Telegram: spravydomozaiky,telegram,24,credited-by-mirror
slovakia,2026-06-17,Telegram: zemavek,telegram,47,credited-by-mirror
slovakia,2026-06-17,sk.news-front.su,domain,14,credited-by-mirror
slovakia,2026-06-18,Telegram: casusbellilive,telegram,32,credited-by-mirror
slovakia,2026-06-18,Telegram: puchoviny,telegram,98,credited-by-mirror
slovakia,2026-06-18,Telegram: slovanskenoviny,telegram,30,credited-by-mirror
slovakia,2026-06-18,Telegram: slovenskymedved,telegram,13,credited-by-mirror
slovakia,2026-06-18,Telegram: smebratia,telegram,9,credited-by-mirror
slovakia,2026-06-18,Telegram: spravy_slovakia,telegram,13,credited-by-mirror
slovakia,2026-06-18,Telegram: spravydomozaiky,telegram,12,credited-by-mirror
slovakia,2026-06-18,Telegram: zemavek,telegram,55,credited-by-mirror
slovakia,2026-06-18,sk.news-front.su,domain,10,credited-by-mirror
slovakia,2026-06-19,Telegram: casusbellilive,telegram,33,credited-by-mirror
slovakia,2026-06-19,Telegram: puchoviny,telegram,95,credited-by-mirror
slovakia,2026-06-19,Telegram: slovanskenoviny,telegram,22,credited-by-mirror
slovakia,2026-06-19,Telegram: slovenskymedved,telegram,6,credited-by-mirror
slovakia,2026-06-19,Telegram: smebratia,telegram,18,credited-by-mirror
slovakia,2026-06-19,Telegram: spravy_slovakia,telegram,18,credited-by-mirror
slovakia,2026-06-19,Telegram: spravydomozaiky,telegram,20,credited-by-mirror
slovakia,2026-06-19,Telegram: zemavek,telegram,55,credited-by-mirror
slovakia,2026-06-19,sk.news-front.su,domain,9,credited-by-mirror
slovakia,2026-06-20,Telegram: casusbellilive,telegram,20,credited-by-mirror
slovakia,2026-06-20,Telegram: puchoviny,telegram,89,credited-by-mirror
slovakia,2026-06-20,Telegram: slovanskenoviny,telegram,8,credited-by-mirror
slovakia,2026-06-20,Telegram: slovenskymedved,telegram,7,credited-by-mirror
slovakia,2026-06-20,Telegram: smebratia,telegram,2,credited-by-mirror
slovakia,2026-06-20,Telegram: spravy_slovakia,telegram,21,credited-by-mirror
slovakia,2026-06-20,Telegram: spravydomozaiky,telegram,12,credited-by-mirror
slovakia,2026-06-20,Telegram: zemavek,telegram,47,credited-by-mirror
slovakia,2026-06-20,sk.news-front.su,domain,9,credited-by-mirror
slovakia,2026-06-21,Telegram: casusbellilive,telegram,24,credited-by-mirror
slovakia,2026-06-21,Telegram: puchoviny,telegram,105,credited-by-mirror
slovakia,2026-06-21,Telegram: slovanskenoviny,telegram,11,credited-by-mirror
slovakia,2026-06-21,Telegram: slovenskymedved,telegram,2,credited-by-mirror
slovakia,2026-06-21,Telegram: smebratia,telegram,1,credited-by-mirror
slovakia,2026-06-21,Telegram: spravy_slovakia,telegram,20,credited-by-mirror
slovakia,2026-06-21,Telegram: spravydomozaiky,telegram,4,credited-by-mirror
slovakia,2026-06-21,Telegram: zemavek,telegram,37,credited-by-mirror
slovakia,2026-06-21,sk.news-front.su,domain,3,credited-by-mirror
slovakia,2026-06-22,Telegram: casusbellilive,telegram,22,credited-by-mirror
slovakia,2026-06-22,Telegram: puchoviny,telegram,69,credited-by-mirror
slovakia,2026-06-22,Telegram: slovanskenoviny,telegram,18,credited-by-mirror
slovakia,2026-06-22,Telegram: slovenskymedved,telegram,1,credited-by-mirror
slovakia,2026-06-22,Telegram: smebratia,telegram,10,credited-by-mirror
slovakia,2026-06-22,Telegram: spravy_slovakia,telegram,7,credited-by-mirror
slovakia,2026-06-22,Telegram: spravydomozaiky,telegram,20,credited-by-mirror
slovakia,2026-06-22,Telegram: zemavek,telegram,58,credited-by-mirror
slovakia,2026-06-22,sk.news-front.su,domain,12,credited-by-mirror
slovakia,2026-06-23,Telegram: casusbellilive,telegram,27,credited-by-mirror
slovakia,2026-06-23,Telegram: puchoviny,telegram,90,credited-by-mirror
slovakia,2026-06-23,Telegram: slovanskenoviny,telegram,11,credited-by-mirror
slovakia,2026-06-23,Telegram: slovenskymedved,telegram,7,credited-by-mirror
slovakia,2026-06-23,Telegram: smebratia,telegram,7,credited-by-mirror
slovakia,2026-06-23,Telegram: spravy_slovakia,telegram,11,credited-by-mirror
slovakia,2026-06-23,Telegram: spravydomozaiky,telegram,18,credited-by-mirror
slovakia,2026-06-23,Telegram: zemavek,telegram,61,credited-by-mirror
slovakia,2026-06-23,sk.news-front.su,domain,15,credited-by-mirror
slovakia,2026-06-24,Telegram: casusbellilive,telegram,22,credited-by-mirror
slovakia,2026-06-24,Telegram: puchoviny,telegram,74,credited-by-mirror
slovakia,2026-06-24,Telegram: slovanskenoviny,telegram,28,credited-by-mirror
slovakia,2026-06-24,Telegram: slovenskymedved,telegram,5,credited-by-mirror
slovakia,2026-06-24,Telegram: smebratia,telegram,7,credited-by-mirror
slovakia,2026-06-24,Telegram: spravy_slovakia,telegram,10,credited-by-mirror
slovakia,2026-06-24,Telegram: spravydomozaiky,telegram,14,credited-by-mirror
slovakia,2026-06-24,Telegram: zemavek,telegram,47,credited-by-mirror
slovakia,2026-06-24,sk.news-front.su,domain,9,credited-by-mirror
slovakia,2026-06-25,Telegram: casusbellilive,telegram,36,credited-by-mirror
slovakia,2026-06-25,Telegram: puchoviny,telegram,81,credited-by-mirror
slovakia,2026-06-25,Telegram: slovanskenoviny,telegram,14,credited-by-mirror
slovakia,2026-06-25,Telegram: smebratia,telegram,11,credited-by-mirror
slovakia,2026-06-25,Telegram: spravy_slovakia,telegram,9,credited-by-mirror
slovakia,2026-06-25,Telegram: spravydomozaiky,telegram,15,credited-by-mirror
slovakia,2026-06-25,Telegram: zemavek,telegram,53,credited-by-mirror
slovakia,2026-06-25,sk.news-front.su,domain,10,credited-by-mirror
slovakia,2026-06-26,Telegram: casusbellilive,telegram,26,credited-by-mirror
slovakia,2026-06-26,Telegram: puchoviny,telegram,75,credited-by-mirror
slovakia,2026-06-26,Telegram: slovanskenoviny,telegram,15,credited-by-mirror
slovakia,2026-06-26,Telegram: slovenskymedved,telegram,4,credited-by-mirror
slovakia,2026-06-26,Telegram: smebratia,telegram,15,credited-by-mirror
slovakia,2026-06-26,Telegram: spravy_slovakia,telegram,13,credited-by-mirror
slovakia,2026-06-26,Telegram: spravydomozaiky,telegram,9,credited-by-mirror
slovakia,2026-06-26,Telegram: zemavek,telegram,55,credited-by-mirror
slovakia,2026-06-26,sk.news-front.su,domain,7,credited-by-mirror
slovakia,2026-06-27,Telegram: casusbellilive,telegram,33,credited-by-mirror
slovakia,2026-06-27,Telegram: puchoviny,telegram,58,credited-by-mirror
slovakia,2026-06-27,Telegram: slovanskenoviny,telegram,11,credited-by-mirror
slovakia,2026-06-27,Telegram: slovenskymedved,telegram,1,credited-by-mirror
slovakia,2026-06-27,Telegram: smebratia,telegram,12,credited-by-mirror
slovakia,2026-06-27,Telegram: spravy_slovakia,telegram,14,credited-by-mirror
slovakia,2026-06-27,Telegram: spravydomozaiky,telegram,28,credited-by-mirror
slovakia,2026-06-27,Telegram: zemavek,telegram,33,credited-by-mirror
slovakia,2026-06-27,sk.news-front.su,domain,11,credited-by-mirror
slovakia,2026-06-28,Telegram: casusbellilive,telegram,31,credited-by-mirror
slovakia,2026-06-28,Telegram: puchoviny,telegram,38,credited-by-mirror
slovakia,2026-06-28,Telegram: slovanskenoviny,telegram,2,credited-by-mirror
slovakia,2026-06-28,Telegram: slovenskymedved,telegram,3,credited-by-mirror
slovakia,2026-06-28,Telegram: smebratia,telegram,9,credited-by-mirror
slovakia,2026-06-28,Telegram: spravy_slovakia,telegram,9,credited-by-mirror
slovakia,2026-06-28,Telegram: spravydomozaiky,telegram,8,credited-by-mirror
slovakia,2026-06-28,Telegram: zemavek,telegram,35,credited-by-mirror
slovakia,2026-06-28,sk.news-front.su,domain,7,credited-by-mirror
slovakia,2026-06-29,Telegram: casusbellilive,telegram,27,credited-by-mirror
slovakia,2026-06-29,Telegram: puchoviny,telegram,36,credited-by-mirror
slovakia,2026-06-29,Telegram: slovanskenoviny,telegram,12,credited-by-mirror
slovakia,2026-06-29,Telegram: slovenskymedved,telegram,5,credited-by-mirror
slovakia,2026-06-29,Telegram: smebratia,telegram,23,credited-by-mirror
slovakia,2026-06-29,Telegram: spravy_slovakia,telegram,14,credited-by-mirror
slovakia,2026-06-29,Telegram: spravydomozaiky,telegram,24,credited-by-mirror
slovakia,2026-06-29,Telegram: zemavek,telegram,45,credited-by-mirror
slovakia,2026-06-29,sk.news-front.su,domain,14,credited-by-mirror
slovakia,2026-06-30,Telegram: casusbellilive,telegram,40,credited-by-mirror
slovakia,2026-06-30,Telegram: slovanskenoviny,telegram,18,credited-by-mirror
slovakia,2026-06-30,Telegram: slovenskymedved,telegram,3,credited-by-mirror
slovakia,2026-06-30,Telegram: smebratia,telegram,12,credited-by-mirror
slovakia,2026-06-30,Telegram: spravy_slovakia,telegram,19,credited-by-mirror
slovakia,2026-06-30,Telegram: spravydomozaiky,telegram,20,credited-by-mirror
slovakia,2026-06-30,Telegram: zemavek,telegram,54,credited-by-mirror
slovakia,2026-06-30,sk.news-front.su,domain,15,credited-by-mirror
